{
  "FlgMondi":0,"PD":"MAT"
,"DME":[
{
                  "DT":[


{"H":"cod.me10","Hid":10,"FN":5865,"FN80":1398,"FD":473,"FPz":13,"FVlm":11.75,"FConc":23.84,"MN":6709,"MN80":1380,"MD":455,"MPz":20,"MVlm":11.48,"MConc":20.56,"CN":5512,"CN80":1115,"CD":414,"CPz":16,"CVlm":11.75,"CConc":20.22},
{"H":"cod.me20","Hid":20,"FN":2224,"FN80": 491,"FD":190,"FPz":17,"FVlm":12.55,"FConc":22.08,"MN":2940,"MN80": 631,"MD":209,"MPz":29,"MVlm":11.81,"MConc":21.46,"CN":2661,"CN80": 564,"CD":203,"CPz":23,"CVlm":12.23,"CConc":21.19},
{"H":"cod.me60","Hid":60,"FN":3641,"FN80": 982,"FD":367,"FPz":11,"FVlm":10.98,"FConc":26.97,"MN":3769,"MN80": 912,"MD":335,"MPz":13,"MVlm":11.60,"MConc":24.20,"CN":2851,"CN80": 729,"CD":295,"CPz": 9,"CVlm":10.77,"CConc":25.56},
{"H":"cod.me100","Hid":100,"FN":1038,"FN80": 270,"FD":187,"FPz":14,"FVlm":12.36,"FConc":26.01,"MN":1001,"MN80": 275,"MD":172,"MPz":18,"MVlm":10.43,"MConc":27.49,"CN": 787,"CN80": 236,"CD":148,"CPz":13,"CVlm":10.30,"CConc":29.92},
{"H":"cod.me120","Hid":120,"FN": 101,"FN80":  40,"FD":  1,"FPz":30,"FVlm":13.08,"FConc":39.60,"MN":  95,"MN80":  35,"MD":  1,"MPz":29,"MVlm":12.54,"MConc":36.58,"CN":  93,"CN80":  35,"CD":  1,"CPz":20,"CVlm":12.71,"CConc":37.69},
{"H":"cod.me90","Hid":90,"FN": 360,"FN80":  94,"FD": 79,"FPz":19,"FVlm": 8.16,"FConc":26.11,"MN": 378,"MN80": 101,"MD": 77,"MPz":28,"MVlm": 7.85,"MConc":26.57,"CN": 325,"CN80":  92,"CD": 72,"CPz":18,"CVlm": 7.80,"CConc":28.34},
{"H":"cod.me110","Hid":110,"FN": 215,"FN80":  55,"FD": 78,"FPz": 7,"FVlm":15.25,"FConc":25.58,"MN": 190,"MN80":  58,"MD": 68,"MPz":10,"MVlm":11.58,"MConc":30.32,"CN": 133,"CN80":  46,"CD": 53,"CPz": 7,"CVlm":10.92,"CConc":34.61},
{"H":"cod.me140","Hid":140,"FN": 314,"FN80":  89,"FD":102,"FPz": 8,"FVlm":19.96,"FConc":28.34,"MN": 303,"MN80":  98,"MD": 98,"MPz": 9,"MVlm":17.30,"MConc":32.16,"CN": 215,"CN80":  77,"CD": 80,"CPz": 6,"CVlm":17.13,"CConc":35.90},
{"H":"cod.me220","Hid":220,"FN":  48,"FN80":  14,"FD":  5,"FPz": 8,"FVlm":17.16,"FConc":29.17,"MN":  33,"MN80":  10,"MD":  6,"MPz":11,"MVlm":11.91,"MConc":29.46,"CN":  20,"CN80":   8,"CD":  5,"CPz": 7,"CVlm":11.34,"CConc":37.68},
{"H":"cod.me170","Hid":170,"FN":  71,"FN80":  15,"FD": 17,"FPz":19,"FVlm": 6.59,"FConc":21.13,"MN": 132,"MN80":  26,"MD": 14,"MPz":18,"MVlm":12.45,"MConc":19.76,"CN":  87,"CN80":  17,"CD": 11,"CPz":11,"CVlm":12.12,"CConc":19.29},
{"H":"cod.me305","Hid":305,"FN": 730,"FN80": 213,"FD":115,"FPz": 6,"FVlm":19.09,"FConc":29.18,"MN": 691,"MN80": 208,"MD":102,"MPz": 8,"MVlm":14.81,"MConc":30.17,"CN": 483,"CN80": 163,"CD": 87,"CPz": 6,"CVlm":14.03,"CConc":33.84},
{"H":"cod.me320","Hid":320,"FN": 653,"FN80": 221,"FD":111,"FPz":10,"FVlm": 9.13,"FConc":33.84,"MN": 610,"MN80": 202,"MD": 91,"MPz":11,"MVlm": 8.40,"MConc":33.11,"CN": 473,"CN80": 165,"CD": 78,"CPz": 7,"CVlm": 8.25,"CConc":34.96},
{"H":"cod.me380","Hid":380,"FN": 580,"FN80": 166,"FD": 98,"FPz": 9,"FVlm": 8.38,"FConc":28.62,"MN": 733,"MN80": 149,"MD": 91,"MPz":12,"MVlm":11.71,"MConc":20.29,"CN": 582,"CN80": 107,"CD": 82,"CPz": 9,"CVlm":12.86,"CConc":18.33},
{"H":"cod.me500","Hid":500,"FN":  25,"FN80":  13,"FD": 16,"FPz": 4,"FVlm":19.00,"FConc":52.00,"MN":  34,"MN80":  13,"MD": 16,"MPz": 6,"MVlm":16.66,"MConc":37.17,"CN":  26,"CN80":  11,"CD": 14,"CPz": 4,"CVlm":15.59,"CConc":43.39},
{"H":"cod.me510","Hid":510,"FN": 544,"FN80": 145,"FD": 66,"FPz":12,"FVlm": 7.03,"FConc":26.65,"MN": 568,"MN80": 116,"MD": 67,"MPz":13,"MVlm": 9.14,"MConc":20.37,"CN": 414,"CN80":  95,"CD": 57,"CPz":10,"CVlm": 9.27,"CConc":22.87}
]
}]
,"DES":[
{
                  "DT":[


{"H":"cod.es0001","Hid":1,"FN":989,"FN80":246,"FD":172,"FPz":16,"FVlm":10.45,"FConc":24.87,"MN":987,"MN80":267,"MD":164,"MPz":19,"MVlm": 9.55,"MConc":27.02,"CN":788,"CN80":231,"CD":142,"CPz":14,"CVlm": 9.51,"CConc":29.28},
{"H":"cod.es2930","Hid":2930,"FN": 34,"FN80": 11,"FD": 16,"FPz":34,"FVlm": 7.98,"FConc":32.35,"MN": 31,"MN80":  9,"MD": 12,"MPz":17,"MVlm":16.68,"MConc":30.04,"CN": 23,"CN80":  7,"CD":  9,"CPz":15,"CVlm":16.53,"CConc":32.91},
{"H":"cod.es3090","Hid":3090,"FN": 35,"FN80":  8,"FD": 14,"FPz":17,"FVlm": 9.32,"FConc":22.86,"MN": 30,"MN80":  8,"MD": 13,"MPz":29,"MVlm": 8.35,"MConc":25.72,"CN": 25,"CN80":  7,"CD": 12,"CPz":19,"CVlm": 8.36,"CConc":27.18},
{"H":"cod.es3210","Hid":3210,"FN":  7,"FN80":  3,"FD":  6,"FPz": 4,"FVlm":41.13,"FConc":42.86,"MN":  9,"MN80":  4,"MD":  5,"MPz": 4,"MVlm":31.91,"MConc":46.46,"CN":  6,"CN80":  4,"CD":  4,"CPz": 3,"CVlm":29.02,"CConc":56.50},
{"H":"cod.es2970","Hid":2970,"FN": 15,"FN80":  6,"FD":  7,"FPz":17,"FVlm":15.83,"FConc":40.00,"MN": 20,"MN80":  8,"MD":  9,"MPz":18,"MVlm":10.66,"MConc":38.83,"CN": 17,"CN80":  7,"CD":  7,"CPz":12,"CVlm":10.39,"CConc":40.64},
{"H":"cod.es3250","Hid":3250,"FN": 13,"FN80":  4,"FD": 10,"FPz":11,"FVlm":11.82,"FConc":30.77,"MN": 15,"MN80":  6,"MD": 10,"MPz":14,"MVlm":11.04,"MConc":38.73,"CN": 13,"CN80":  5,"CD":  9,"CPz":10,"CVlm":11.14,"CConc":41.50},
{"H":"cod.es3330","Hid":3330,"FN":  4,"FN80":  3,"FD":  3,"FPz":12,"FVlm":12.13,"FConc":75.00,"MN":  2,"MN80":  1,"MD":  2,"MPz": 6,"MVlm":12.04,"MConc":64.25,"CN":  2,"CN80":  1,"CD":  2,"CPz": 5,"CVlm":11.36,"CConc":79.17},
{"H":"cod.es3410","Hid":3410,"FN": 65,"FN80": 15,"FD": 39,"FPz":15,"FVlm":10.24,"FConc":23.08,"MN": 84,"MN80": 23,"MD": 41,"MPz":21,"MVlm":10.46,"MConc":27.36,"CN": 66,"CN80": 21,"CD": 35,"CPz":15,"CVlm":10.64,"CConc":31.14},
{"H":"cod.es3370","Hid":3370,"FN": 52,"FN80": 13,"FD": 24,"FPz":36,"FVlm": 8.28,"FConc":25.00,"MN": 56,"MN80": 15,"MD": 22,"MPz":40,"MVlm": 7.50,"MConc":26.04,"CN": 48,"CN80": 13,"CD": 20,"CPz":26,"CVlm": 7.59,"CConc":26.90},
{"H":"cod.es2770","Hid":2770,"FN": 23,"FN80":  7,"FD": 16,"FPz": 9,"FVlm":12.97,"FConc":30.43,"MN": 16,"MN80":  5,"MD": 11,"MPz":24,"MVlm":11.21,"MConc":30.12,"CN": 13,"CN80":  4,"CD":  9,"CPz":21,"CVlm":11.35,"CConc":35.35},
{"H":"cod.es3570","Hid":3570,"FN":  0,"FN80":  0,"FD":  0,"FPz": 0,"FVlm": 0.00,"FConc":null,"MN":  0,"MN80":  0,"MD":  0,"MPz": 0,"MVlm": 0.00,"MConc":null,"CN":  0,"CN80":  0,"CD":  0,"CPz": 0,"CVlm": 0.00,"CConc":null},
{"H":"cod.es2850","Hid":2850,"FN": 52,"FN80": 10,"FD": 22,"FPz":24,"FVlm": 9.75,"FConc":19.23,"MN": 56,"MN80": 13,"MD": 21,"MPz":36,"MVlm": 9.17,"MConc":22.95,"CN": 49,"CN80": 12,"CD": 18,"CPz":26,"CVlm": 9.12,"CConc":24.79},
{"H":"cod.es3130","Hid":3130,"FN": 75,"FN80": 18,"FD": 28,"FPz":14,"FVlm":12.81,"FConc":24.00,"MN": 74,"MN80": 24,"MD": 26,"MPz":15,"MVlm":11.06,"MConc":31.98,"CN": 62,"CN80": 22,"CD": 23,"CPz":10,"CVlm":10.88,"CConc":35.87},
{"H":"cod.es3050","Hid":3050,"FN": 60,"FN80": 19,"FD": 32,"FPz":20,"FVlm": 8.25,"FConc":31.67,"MN": 60,"MN80": 19,"MD": 29,"MPz":28,"MVlm": 7.54,"MConc":32.29,"CN": 49,"CN80": 17,"CD": 25,"CPz":19,"CVlm": 7.40,"CConc":34.58},
{"H":"cod.es3170","Hid":3170,"FN": 28,"FN80": 12,"FD": 18,"FPz": 3,"FVlm":14.61,"FConc":42.86,"MN": 25,"MN80":  9,"MD": 15,"MPz": 8,"MVlm":12.23,"MConc":35.24,"CN": 18,"CN80":  7,"CD": 12,"CPz": 6,"CVlm":11.64,"CConc":40.02},
{"H":"cod.es3010","Hid":3010,"FN": 51,"FN80": 11,"FD": 25,"FPz":32,"FVlm": 5.81,"FConc":21.57,"MN": 47,"MN80": 14,"MD": 21,"MPz":34,"MVlm": 6.60,"MConc":29.72,"CN": 39,"CN80": 13,"CD": 18,"CPz":21,"CVlm": 6.60,"CConc":32.73},
{"H":"cod.es3450","Hid":3450,"FN": 63,"FN80": 18,"FD": 30,"FPz":14,"FVlm":17.49,"FConc":28.57,"MN": 62,"MN80": 18,"MD": 30,"MPz":13,"MVlm":15.05,"MConc":28.80,"CN": 45,"CN80": 15,"CD": 24,"CPz": 9,"CVlm":14.77,"CConc":32.98},
{"H":"cod.es3290","Hid":3290,"FN": 24,"FN80":  7,"FD": 18,"FPz": 7,"FVlm":24.67,"FConc":29.17,"MN": 14,"MN80":  5,"MD": 10,"MPz":11,"MVlm":23.39,"MConc":35.92,"CN":  9,"CN80":  4,"CD":  6,"CPz": 7,"CVlm":23.68,"CConc":44.53},
{"H":"cod.es3490","Hid":3490,"FN": 34,"FN80":  8,"FD": 19,"FPz":11,"FVlm":17.75,"FConc":23.53,"MN": 26,"MN80":  9,"MD": 14,"MPz": 9,"MVlm":17.29,"MConc":35.69,"CN": 18,"CN80":  7,"CD": 11,"CPz": 6,"CVlm":17.39,"CConc":40.84},
{"H":"cod.es2730","Hid":2730,"FN": 46,"FN80": 12,"FD": 23,"FPz":26,"FVlm": 8.05,"FConc":26.09,"MN": 53,"MN80": 16,"MD": 23,"MPz":23,"MVlm": 7.88,"MConc":30.86,"CN": 45,"CN80": 15,"CD": 20,"CPz":16,"CVlm": 7.86,"CConc":33.62},
{"H":"cod.es3530","Hid":3530,"FN":168,"FN80": 54,"FD": 30,"FPz":11,"FVlm": 9.03,"FConc":32.14,"MN":170,"MN80": 58,"MD": 30,"MPz":13,"MVlm": 8.14,"MConc":34.22,"CN":137,"CN80": 50,"CD": 26,"CPz": 8,"CVlm": 8.11,"CConc":36.34},
{"H":"cod.es2810","Hid":2810,"FN": 58,"FN80": 14,"FD": 28,"FPz":15,"FVlm":11.81,"FConc":24.14,"MN": 50,"MN80": 14,"MD": 25,"MPz":16,"MVlm":10.37,"MConc":28.76,"CN": 40,"CN80": 13,"CD": 21,"CPz":11,"CVlm":10.22,"CConc":32.98},
{"H":"cod.es2890","Hid":2890,"FN": 82,"FN80": 26,"FD": 42,"FPz": 7,"FVlm":20.88,"FConc":31.71,"MN": 89,"MN80": 31,"MD": 35,"MPz": 8,"MVlm":15.00,"MConc":34.84,"CN": 65,"CN80": 24,"CD": 28,"CPz": 6,"CVlm":14.78,"CConc":37.64}
]
}]

}