{
 "NAP":{"L":"5","MA":"5","ME":"3","G":"3","V":"3","S":"4","D":"0"}
,"DT":[ {"H":"08:00 - 09:00","LN": 0
,"LE": 0
,"MAN": 0
,"MAE": 0
,"MEN": 0
,"MEE": 0
,"GN": 0
,"GE": 0
,"VN": 0
,"VE": 0
,"SN": 0
,"SE": 0
,"DN": 0
,"DE": 0
,"TN": 0
,"TE": 0
,"LB": 0
,"MAB": 0
,"MEB": 0
,"GB": 0
,"VB": 0
,"SB": 0
,"DB": 0
,"TB": 0,
"G":[{"name":"L" ,"value":0}
 ,{"name":"Ma" ,"value":0}
 ,{"name":"Me" ,"value":0}
 ,{"name":"G" ,"value":0}
 ,{"name":"V" ,"value":0}
 ,{"name":"S" ,"value":0}
 ,{"name":"D" ,"value":0}
]}
,{"H":"09:00 - 10:00","LN": 7
,"LE": 25.9
,"MAN": 9
,"MAE": 14.86
,"MEN": 9
,"MEE": 13.23
,"GN": 10
,"GE": 18.8
,"VN": 10
,"VE": 17.21
,"SN": 0
,"SE": 0
,"DN": 0
,"DE": 0
,"TN": 170
,"TE": 17.8
,"LB": 31.82
,"MAB": 40.91
,"MEB": 40.91
,"GB": 45.45
,"VB": 45.45
,"SB": 0
,"DB": 0
,"TB": 43.66,
"G":[{"name":"L" ,"value":7}
 ,{"name":"Ma" ,"value":9}
 ,{"name":"Me" ,"value":9}
 ,{"name":"G" ,"value":10}
 ,{"name":"V" ,"value":10}
 ,{"name":"S" ,"value":0}
 ,{"name":"D" ,"value":0}
]}
,{"H":"10:00 - 11:00","LN": 13
,"LE": 18.02
,"MAN": 10
,"MAE": 22.63
,"MEN": 10
,"MEE": 9.16
,"GN": 11
,"GE": 32.9
,"VN": 9
,"VE": 11.08
,"SN": 10
,"SE": 15.13
,"DN": 0
,"DE": 0
,"TN": 246
,"TE": 18.26
,"LB": 59.09
,"MAB": 45.45
,"MEB": 45.45
,"GB": 50
,"VB": 40.91
,"SB": 45.45
,"DB": 0
,"TB": 63.17,
"G":[{"name":"L" ,"value":13}
 ,{"name":"Ma" ,"value":10}
 ,{"name":"Me" ,"value":10}
 ,{"name":"G" ,"value":11}
 ,{"name":"V" ,"value":9}
 ,{"name":"S" ,"value":10}
 ,{"name":"D" ,"value":0}
]}
,{"H":"11:00 - 12:00","LN": 16
,"LE": 19.46
,"MAN": 14
,"MAE": 20.99
,"MEN": 11
,"MEE": 13.7
,"GN": 13
,"GE": 20.97
,"VN": 16
,"VE": 25.19
,"SN": 15
,"SE": 19.19
,"DN": 0
,"DE": 0
,"TN": 333
,"TE": 20.08
,"LB": 72.73
,"MAB": 63.64
,"MEB": 50
,"GB": 59.09
,"VB": 72.73
,"SB": 68.18
,"DB": 0
,"TB": 85.52,
"G":[{"name":"L" ,"value":16}
 ,{"name":"Ma" ,"value":14}
 ,{"name":"Me" ,"value":11}
 ,{"name":"G" ,"value":13}
 ,{"name":"V" ,"value":16}
 ,{"name":"S" ,"value":15}
 ,{"name":"D" ,"value":0}
]}
,{"H":"12:00 - 13:00","LN": 15
,"LE": 21
,"MAN": 16
,"MAE": 15.95
,"MEN": 14
,"MEE": 15.7
,"GN": 14
,"GE": 14.46
,"VN": 18
,"VE": 22.75
,"SN": 16
,"SE": 20.81
,"DN": 0
,"DE": 0
,"TN": 354
,"TE": 18.83
,"LB": 68.18
,"MAB": 72.73
,"MEB": 63.64
,"GB": 63.64
,"VB": 81.82
,"SB": 72.73
,"DB": 0
,"TB": 90.91,
"G":[{"name":"L" ,"value":15}
 ,{"name":"Ma" ,"value":16}
 ,{"name":"Me" ,"value":14}
 ,{"name":"G" ,"value":14}
 ,{"name":"V" ,"value":18}
 ,{"name":"S" ,"value":16}
 ,{"name":"D" ,"value":0}
]}
,{"H":"13:00 - 14:00","LN": 12
,"LE": 15.52
,"MAN": 15
,"MAE": 18.03
,"MEN": 10
,"MEE": 15.2
,"GN": 9
,"GE": 15.65
,"VN": 9
,"VE": 23.64
,"SN": 17
,"SE": 13.82
,"DN": 0
,"DE": 0
,"TN": 285
,"TE": 16.61
,"LB": 54.55
,"MAB": 68.18
,"MEB": 45.45
,"GB": 40.91
,"VB": 40.91
,"SB": 77.27
,"DB": 0
,"TB": 73.19,
"G":[{"name":"L" ,"value":12}
 ,{"name":"Ma" ,"value":15}
 ,{"name":"Me" ,"value":10}
 ,{"name":"G" ,"value":9}
 ,{"name":"V" ,"value":9}
 ,{"name":"S" ,"value":17}
 ,{"name":"D" ,"value":0}
]}
,{"H":"14:00 - 15:00","LN": 13
,"LE": 13.93
,"MAN": 8
,"MAE": 14.45
,"MEN": 9
,"MEE": 15.27
,"GN": 0
,"GE": 0
,"VN": 9
,"VE": 25.72
,"SN": 0
,"SE": 0
,"DN": 0
,"DE": 0
,"TN": 157
,"TE": 16.44
,"LB": 59.09
,"MAB": 36.36
,"MEB": 40.91
,"GB": 0
,"VB": 40.91
,"SB": 0
,"DB": 0
,"TB": 40.32,
"G":[{"name":"L" ,"value":13}
 ,{"name":"Ma" ,"value":8}
 ,{"name":"Me" ,"value":9}
 ,{"name":"G" ,"value":0}
 ,{"name":"V" ,"value":9}
 ,{"name":"S" ,"value":0}
 ,{"name":"D" ,"value":0}
]}
,{"H":"15:00 - 16:00","LN": 7
,"LE": 20.71
,"MAN": 8
,"MAE": 16.31
,"MEN": 7
,"MEE": 16.11
,"GN": 10
,"GE": 15.76
,"VN": 8
,"VE": 21.29
,"SN": 0
,"SE": 0
,"DN": 0
,"DE": 0
,"TN": 151
,"TE": 18.02
,"LB": 31.82
,"MAB": 36.36
,"MEB": 31.82
,"GB": 45.45
,"VB": 36.36
,"SB": 0
,"DB": 0
,"TB": 38.78,
"G":[{"name":"L" ,"value":7}
 ,{"name":"Ma" ,"value":8}
 ,{"name":"Me" ,"value":7}
 ,{"name":"G" ,"value":10}
 ,{"name":"V" ,"value":8}
 ,{"name":"S" ,"value":0}
 ,{"name":"D" ,"value":0}
]}
,{"H":"16:00 - 17:00","LN": 8
,"LE": 14.51
,"MAN": 9
,"MAE": 21.29
,"MEN": 9
,"MEE": 9.69
,"GN": 9
,"GE": 15.08
,"VN": 7
,"VE": 10.1
,"SN": 0
,"SE": 0
,"DN": 0
,"DE": 0
,"TN": 162
,"TE": 15.05
,"LB": 36.36
,"MAB": 40.91
,"MEB": 40.91
,"GB": 40.91
,"VB": 31.82
,"SB": 0
,"DB": 0
,"TB": 41.6,
"G":[{"name":"L" ,"value":8}
 ,{"name":"Ma" ,"value":9}
 ,{"name":"Me" ,"value":9}
 ,{"name":"G" ,"value":9}
 ,{"name":"V" ,"value":7}
 ,{"name":"S" ,"value":0}
 ,{"name":"D" ,"value":0}
]}
,{"H":"17:00 - 18:00","LN": 14
,"LE": 19.4
,"MAN": 12
,"MAE": 13.5
,"MEN": 9
,"MEE": 14.97
,"GN": 10
,"GE": 11.28
,"VN": 10
,"VE": 14.4
,"SN": 0
,"SE": 0
,"DN": 0
,"DE": 0
,"TN": 219
,"TE": 15.24
,"LB": 63.64
,"MAB": 54.55
,"MEB": 40.91
,"GB": 45.45
,"VB": 45.45
,"SB": 0
,"DB": 0
,"TB": 56.24,
"G":[{"name":"L" ,"value":14}
 ,{"name":"Ma" ,"value":12}
 ,{"name":"Me" ,"value":9}
 ,{"name":"G" ,"value":10}
 ,{"name":"V" ,"value":10}
 ,{"name":"S" ,"value":0}
 ,{"name":"D" ,"value":0}
]}
,{"H":"18:00 - 19:00","LN": 13
,"LE": 15.44
,"MAN": 13
,"MAE": 15.21
,"MEN": 15
,"MEE": 12.74
,"GN": 20
,"GE": 17.89
,"VN": 14
,"VE": 15.95
,"SN": 0
,"SE": 0
,"DN": 0
,"DE": 0
,"TN": 281
,"TE": 15.61
,"LB": 59.09
,"MAB": 59.09
,"MEB": 68.18
,"GB": 90.91
,"VB": 63.64
,"SB": 0
,"DB": 0
,"TB": 72.16,
"G":[{"name":"L" ,"value":13}
 ,{"name":"Ma" ,"value":13}
 ,{"name":"Me" ,"value":15}
 ,{"name":"G" ,"value":20}
 ,{"name":"V" ,"value":14}
 ,{"name":"S" ,"value":0}
 ,{"name":"D" ,"value":0}
]}
,{"H":"19:00 - 20:00","LN": 15
,"LE": 21.16
,"MAN": 14
,"MAE": 17.58
,"MEN": 13
,"MEE": 15.21
,"GN": 15
,"GE": 19.69
,"VN": 11
,"VE": 10.86
,"SN": 0
,"SE": 0
,"DN": 0
,"DE": 0
,"TN": 257
,"TE": 17.62
,"LB": 68.18
,"MAB": 63.64
,"MEB": 59.09
,"GB": 68.18
,"VB": 50
,"SB": 0
,"DB": 0
,"TB": 66,
"G":[{"name":"L" ,"value":15}
 ,{"name":"Ma" ,"value":14}
 ,{"name":"Me" ,"value":13}
 ,{"name":"G" ,"value":15}
 ,{"name":"V" ,"value":11}
 ,{"name":"S" ,"value":0}
 ,{"name":"D" ,"value":0}
]}
,{"H":"20:00 - 21:00","LN": 13
,"LE": 15.77
,"MAN": 11
,"MAE": 15.49
,"MEN": 10
,"MEE": 17.65
,"GN": 14
,"GE": 15.17
,"VN": 8
,"VE": 14.04
,"SN": 0
,"SE": 0
,"DN": 0
,"DE": 0
,"TN": 212
,"TE": 15.65
,"LB": 59.09
,"MAB": 50
,"MEB": 45.45
,"GB": 63.64
,"VB": 36.36
,"SB": 0
,"DB": 0
,"TB": 54.44,
"G":[{"name":"L" ,"value":13}
 ,{"name":"Ma" ,"value":11}
 ,{"name":"Me" ,"value":10}
 ,{"name":"G" ,"value":14}
 ,{"name":"V" ,"value":8}
 ,{"name":"S" ,"value":0}
 ,{"name":"D" ,"value":0}
]}
,{"H":"21:00 - 22:00","LN": 0
,"LE": 0
,"MAN": 0
,"MAE": 0
,"MEN": 0
,"MEE": 0
,"GN": 0
,"GE": 0
,"VN": 0
,"VE": 0
,"SN": 0
,"SE": 0
,"DN": 0
,"DE": 0
,"TN": 0
,"TE": 0
,"LB": 0
,"MAB": 0
,"MEB": 0
,"GB": 0
,"VB": 0
,"SB": 0
,"DB": 0
,"TB": 0,
"G":[{"name":"L" ,"value":0}
 ,{"name":"Ma" ,"value":0}
 ,{"name":"Me" ,"value":0}
 ,{"name":"G" ,"value":0}
 ,{"name":"V" ,"value":0}
 ,{"name":"S" ,"value":0}
 ,{"name":"D" ,"value":0}
]}
,{"H":"22:00 - 08:00","LN": 0
,"LE": 0
,"MAN": 0
,"MAE": 0
,"MEN": 0
,"MEE": 0
,"GN": 0
,"GE": 0
,"VN": 0
,"VE": 0
,"SN": 0
,"SE": 0
,"DN": 0
,"DE": 0
,"TN": 0
,"TE": 0
,"LB": 0
,"MAB": 0
,"MEB": 0
,"GB": 0
,"VB": 0
,"SB": 0
,"DB": 0
,"TB": 0,
"G":[{"name":"L" ,"value":0}
 ,{"name":"Ma" ,"value":0}
 ,{"name":"Me" ,"value":0}
 ,{"name":"G" ,"value":0}
 ,{"name":"V" ,"value":0}
 ,{"name":"S" ,"value":0}
 ,{"name":"D" ,"value":0}
]}
,{"H":"Totale","LN": 145
,"LE": 18.15
,"MAN": 139
,"MAE": 17.16
,"MEN": 127
,"MEE": 14.16
,"GN": 135
,"GE": 17.81
,"VN": 129
,"VE": 18.53
,"SN": 58
,"SE": 17.54
,"DN": 0
,"DE": 0
,"TN": 2827
,"TE": 17.52
,"LB": 90.91
,"MAB": 87.15
,"MEB": 79.62
,"GB": 84.64
,"VB": 80.88
,"SB": 36.36
,"DB": 0
,"TB": 725.99,
"G":[{"name":"L" ,"value":145}
 ,{"name":"Ma" ,"value":139}
 ,{"name":"Me" ,"value":127}
 ,{"name":"G" ,"value":135}
 ,{"name":"V" ,"value":129}
 ,{"name":"S" ,"value":58}
 ,{"name":"D" ,"value":0}
]} ]
}
