
{ "DT":[
  {
   "IPD":"MAT"
   ,"PD":"txt.t0004"
   ,"RF":[{"H": "cod.es2730" ,"Hid":2730
                ,"F":21.29,"M":23.05 ,"C" :27.97 ,"T" :46.23
                ,"FPzComm":1174,"POF":0,"POC":0,"POT":0 ,"Min":0 ,"Max":50
                ,"G":[     {"name":"lb.l0006","value":21.29}
                          ,{"name":"lb.l0008" ,"value":27.97}
                          ,{"name":"lb.l0036"     ,"value":46.23}
                     ]},{"H": "cod.es2770" ,"Hid":2770
                ,"F":20.41,"M":15.72 ,"C" :19.17 ,"T" :35.24
                ,"FPzComm":196,"POF":0,"POC":0,"POT":0 ,"Min":0 ,"Max":40
                ,"G":[     {"name":"lb.l0006","value":20.41}
                          ,{"name":"lb.l0008" ,"value":19.17}
                          ,{"name":"lb.l0036"     ,"value":35.24}
                     ]},{"H": "cod.es2810" ,"Hid":2810
                ,"F":14.1,"M":16.91 ,"C" :22.2 ,"T" :36.98
                ,"FPzComm":851,"POF":0,"POC":0,"POT":0 ,"Min":0 ,"Max":40
                ,"G":[     {"name":"lb.l0006","value":14.1}
                          ,{"name":"lb.l0008" ,"value":22.2}
                          ,{"name":"lb.l0036"     ,"value":36.98}
                     ]},{"H": "cod.es2850" ,"Hid":2850
                ,"F":42.02,"M":29.29 ,"C" :32.64 ,"T" :50.96
                ,"FPzComm":1266,"POF":0,"POC":0,"POT":0 ,"Min":0 ,"Max":55
                ,"G":[     {"name":"lb.l0006","value":42.02}
                          ,{"name":"lb.l0008" ,"value":32.64}
                          ,{"name":"lb.l0036"     ,"value":50.96}
                     ]},{"H": "cod.es2890" ,"Hid":2890
                ,"F":16.72,"M":10.47 ,"C" :16.5 ,"T" :29.37
                ,"FPzComm":574,"POF":0,"POC":0,"POT":0 ,"Min":0 ,"Max":30
                ,"G":[     {"name":"lb.l0006","value":16.72}
                          ,{"name":"lb.l0008" ,"value":16.5}
                          ,{"name":"lb.l0036"     ,"value":29.37}
                     ]},{"H": "cod.es2930" ,"Hid":2930
                ,"F":7.41,"M":20.31 ,"C" :29.69 ,"T" :58.95
                ,"FPzComm":1160,"POF":0,"POC":0,"POT":0 ,"Min":0 ,"Max":60
                ,"G":[     {"name":"lb.l0006","value":7.41}
                          ,{"name":"lb.l0008" ,"value":29.69}
                          ,{"name":"lb.l0036"     ,"value":58.95}
                     ]},{"H": "cod.es2970" ,"Hid":2970
                ,"F":24,"M":29.13 ,"C" :32.55 ,"T" :55.75
                ,"FPzComm":250,"POF":0,"POC":0,"POT":0 ,"Min":0 ,"Max":60
                ,"G":[     {"name":"lb.l0006","value":24}
                          ,{"name":"lb.l0008" ,"value":32.55}
                          ,{"name":"lb.l0036"     ,"value":55.75}
                     ]},{"H": "cod.es3010" ,"Hid":3010
                ,"F":20.72,"M":17.89 ,"C" :23.04 ,"T" :41.1
                ,"FPzComm":1631,"POF":0,"POC":0,"POT":0 ,"Min":0 ,"Max":45
                ,"G":[     {"name":"lb.l0006","value":20.72}
                          ,{"name":"lb.l0008" ,"value":23.04}
                          ,{"name":"lb.l0036"     ,"value":41.1}
                     ]},{"H": "cod.es3050" ,"Hid":3050
                ,"F":20.55,"M":10.92 ,"C" :13.94 ,"T" :25.51
                ,"FPzComm":1173,"POF":0,"POC":0,"POT":0 ,"Min":0 ,"Max":30
                ,"G":[     {"name":"lb.l0006","value":20.55}
                          ,{"name":"lb.l0008" ,"value":13.94}
                          ,{"name":"lb.l0036"     ,"value":25.51}
                     ]},{"H": "cod.es3090" ,"Hid":3090
                ,"F":22.48,"M":19.16 ,"C" :23.86 ,"T" :39.01
                ,"FPzComm":605,"POF":0,"POC":0,"POT":0 ,"Min":0 ,"Max":40
                ,"G":[     {"name":"lb.l0006","value":22.48}
                          ,{"name":"lb.l0008" ,"value":23.86}
                          ,{"name":"lb.l0036"     ,"value":39.01}
                     ]},{"H": "cod.es3130" ,"Hid":3130
                ,"F":10.43,"M":4.52 ,"C" :4.97 ,"T" :15.08
                ,"FPzComm":1083,"POF":0,"POC":0,"POT":0 ,"Min":0 ,"Max":20
                ,"G":[     {"name":"lb.l0006","value":10.43}
                          ,{"name":"lb.l0008" ,"value":4.97}
                          ,{"name":"lb.l0036"     ,"value":15.08}
                     ]},{"H": "cod.es3170" ,"Hid":3170
                ,"F":35.05,"M":16.56 ,"C" :25.3 ,"T" :50.15
                ,"FPzComm":97,"POF":0,"POC":0,"POT":0 ,"Min":0 ,"Max":55
                ,"G":[     {"name":"lb.l0006","value":35.05}
                          ,{"name":"lb.l0008" ,"value":25.3}
                          ,{"name":"lb.l0036"     ,"value":50.15}
                     ]},{"H": "cod.es3210" ,"Hid":3210
                ,"F":0,"M":0.9 ,"C" :0.62 ,"T" :5.56
                ,"FPzComm":26,"POF":0,"POC":0,"POT":0 ,"Min":0 ,"Max":10
                ,"G":[     {"name":"lb.l0006","value":0}
                          ,{"name":"lb.l0008" ,"value":0.62}
                          ,{"name":"lb.l0036"     ,"value":5.56}
                     ]},{"H": "cod.es3250" ,"Hid":3250
                ,"F":47.14,"M":42.41 ,"C" :45.35 ,"T" :68.06
                ,"FPzComm":140,"POF":0,"POC":0,"POT":0 ,"Min":0 ,"Max":70
                ,"G":[     {"name":"lb.l0006","value":47.14}
                          ,{"name":"lb.l0008" ,"value":45.35}
                          ,{"name":"lb.l0036"     ,"value":68.06}
                     ]},{"H": "cod.es3290" ,"Hid":3290
                ,"F":34.88,"M":18.56 ,"C" :33.29 ,"T" :59.29
                ,"FPzComm":172,"POF":0,"POC":0,"POT":0 ,"Min":0 ,"Max":60
                ,"G":[     {"name":"lb.l0006","value":34.88}
                          ,{"name":"lb.l0008" ,"value":33.29}
                          ,{"name":"lb.l0036"     ,"value":59.29}
                     ]},{"H": "cod.es3330" ,"Hid":3330
                ,"F":28,"M":66.63 ,"C" :56.67 ,"T" :88.24
                ,"FPzComm":50,"POF":0,"POC":0,"POT":0 ,"Min":0 ,"Max":90
                ,"G":[     {"name":"lb.l0006","value":28}
                          ,{"name":"lb.l0008" ,"value":56.67}
                          ,{"name":"lb.l0036"     ,"value":88.24}
                     ]},{"H": "cod.es3370" ,"Hid":3370
                ,"F":19.9,"M":1.89 ,"C" :3.71 ,"T" :7.92
                ,"FPzComm":1879,"POF":0,"POC":0,"POT":0 ,"Min":0 ,"Max":20
                ,"G":[     {"name":"lb.l0006","value":19.9}
                          ,{"name":"lb.l0008" ,"value":3.71}
                          ,{"name":"lb.l0036"     ,"value":7.92}
                     ]},{"H": "cod.es3410" ,"Hid":3410
                ,"F":1.14,"M":0.75 ,"C" :1.28 ,"T" :3.39
                ,"FPzComm":969,"POF":0,"POC":0,"POT":0 ,"Min":0 ,"Max":5
                ,"G":[     {"name":"lb.l0006","value":1.14}
                          ,{"name":"lb.l0008" ,"value":1.28}
                          ,{"name":"lb.l0036"     ,"value":3.39}
                     ]},{"H": "cod.es3450" ,"Hid":3450
                ,"F":0,"M":15.71 ,"C" :19.39 ,"T" :50.3
                ,"FPzComm":854,"POF":0,"POC":0,"POT":0 ,"Min":0 ,"Max":55
                ,"G":[     {"name":"lb.l0006","value":0}
                          ,{"name":"lb.l0008" ,"value":19.39}
                          ,{"name":"lb.l0036"     ,"value":50.3}
                     ]},{"H": "cod.es3490" ,"Hid":3490
                ,"F":35.64,"M":19.79 ,"C" :35.84 ,"T" :57.96
                ,"FPzComm":376,"POF":0,"POC":0,"POT":0 ,"Min":0 ,"Max":60
                ,"G":[     {"name":"lb.l0006","value":35.64}
                          ,{"name":"lb.l0008" ,"value":35.84}
                          ,{"name":"lb.l0036"     ,"value":57.96}
                     ]},{"H": "cod.es3530" ,"Hid":3530
                ,"F":4.8,"M":2.93 ,"C" :4.1 ,"T" :8.83
                ,"FPzComm":1791,"POF":0,"POC":0,"POT":0 ,"Min":0 ,"Max":10
                ,"G":[     {"name":"lb.l0006","value":4.8}
                          ,{"name":"lb.l0008" ,"value":4.1}
                          ,{"name":"lb.l0036"     ,"value":8.83}
                     ]},{"H": "cod.es3570" ,"Hid":3570
                ,"F":0,"M":0 ,"C" :0 ,"T" :0
                ,"FPzComm":0,"POF":0,"POC":0,"POT":0 ,"Min":0 ,"Max":0
                ,"G":[     {"name":"lb.l0006","value":0}
                          ,{"name":"lb.l0008" ,"value":0}
                          ,{"name":"lb.l0036"     ,"value":0}
                     ]},{"H": "cod.es3600" ,"Hid":3600
                ,"F":0,"M":0 ,"C" :0 ,"T" :0
                ,"FPzComm":0,"POF":0,"POC":0,"POT":0 ,"Min":0 ,"Max":0
                ,"G":[     {"name":"lb.l0006","value":0}
                          ,{"name":"lb.l0008" ,"value":0}
                          ,{"name":"lb.l0036"     ,"value":0}
                     ]},{"H": "cod.es3640" ,"Hid":3640
                ,"F":0,"M":0 ,"C" :0 ,"T" :0
                ,"FPzComm":0,"POF":0,"POC":0,"POT":0 ,"Min":0 ,"Max":0
                ,"G":[     {"name":"lb.l0006","value":0}
                          ,{"name":"lb.l0008" ,"value":0}
                          ,{"name":"lb.l0036"     ,"value":0}
                     ]},{"H": "cod.es3680" ,"Hid":3680
                ,"F":0,"M":0 ,"C" :0 ,"T" :0
                ,"FPzComm":0,"POF":0,"POC":0,"POT":0 ,"Min":0 ,"Max":0
                ,"G":[     {"name":"lb.l0006","value":0}
                          ,{"name":"lb.l0008" ,"value":0}
                          ,{"name":"lb.l0036"     ,"value":0}
                     ]},{"H": "cod.es3720" ,"Hid":3720
                ,"F":0,"M":0 ,"C" :0 ,"T" :0
                ,"FPzComm":0,"POF":0,"POC":0,"POT":0 ,"Min":0 ,"Max":0
                ,"G":[     {"name":"lb.l0006","value":0}
                          ,{"name":"lb.l0008" ,"value":0}
                          ,{"name":"lb.l0036"     ,"value":0}
                     ]},{"H": "cod.es3760" ,"Hid":3760
                ,"F":0,"M":0 ,"C" :0 ,"T" :0
                ,"FPzComm":0,"POF":0,"POC":0,"POT":0 ,"Min":0 ,"Max":0
                ,"G":[     {"name":"lb.l0006","value":0}
                          ,{"name":"lb.l0008" ,"value":0}
                          ,{"name":"lb.l0036"     ,"value":0}
                     ]}]
  }
,{
   "IPD":"PROG"
  ,"PD":"txt.t0047"
  ,"RF":[{"H": "cod.es2730" ,"Hid":2730
                ,"F":21.29,"M":23.05 ,"C" :27.97 ,"T" :46.23
                ,"FPzComm":1174,"POF":0,"POC":0,"POT":0 ,"Min":0 ,"Max":50
                ,"G":[     {"name":"lb.l0006","value":21.29}
                          ,{"name":"lb.l0008" ,"value":27.97}
                          ,{"name":"lb.l0036"     ,"value":46.23}
                     ]},{"H": "cod.es2770" ,"Hid":2770
                ,"F":20.41,"M":15.72 ,"C" :19.17 ,"T" :35.24
                ,"FPzComm":196,"POF":0,"POC":0,"POT":0 ,"Min":0 ,"Max":40
                ,"G":[     {"name":"lb.l0006","value":20.41}
                          ,{"name":"lb.l0008" ,"value":19.17}
                          ,{"name":"lb.l0036"     ,"value":35.24}
                     ]},{"H": "cod.es2810" ,"Hid":2810
                ,"F":14.1,"M":16.91 ,"C" :22.2 ,"T" :36.98
                ,"FPzComm":851,"POF":0,"POC":0,"POT":0 ,"Min":0 ,"Max":40
                ,"G":[     {"name":"lb.l0006","value":14.1}
                          ,{"name":"lb.l0008" ,"value":22.2}
                          ,{"name":"lb.l0036"     ,"value":36.98}
                     ]},{"H": "cod.es2850" ,"Hid":2850
                ,"F":42.02,"M":29.29 ,"C" :32.64 ,"T" :50.96
                ,"FPzComm":1266,"POF":0,"POC":0,"POT":0 ,"Min":0 ,"Max":55
                ,"G":[     {"name":"lb.l0006","value":42.02}
                          ,{"name":"lb.l0008" ,"value":32.64}
                          ,{"name":"lb.l0036"     ,"value":50.96}
                     ]},{"H": "cod.es2890" ,"Hid":2890
                ,"F":16.72,"M":10.47 ,"C" :16.5 ,"T" :29.37
                ,"FPzComm":574,"POF":0,"POC":0,"POT":0 ,"Min":0 ,"Max":30
                ,"G":[     {"name":"lb.l0006","value":16.72}
                          ,{"name":"lb.l0008" ,"value":16.5}
                          ,{"name":"lb.l0036"     ,"value":29.37}
                     ]},{"H": "cod.es2930" ,"Hid":2930
                ,"F":7.41,"M":20.31 ,"C" :29.69 ,"T" :58.95
                ,"FPzComm":1160,"POF":0,"POC":0,"POT":0 ,"Min":0 ,"Max":60
                ,"G":[     {"name":"lb.l0006","value":7.41}
                          ,{"name":"lb.l0008" ,"value":29.69}
                          ,{"name":"lb.l0036"     ,"value":58.95}
                     ]},{"H": "cod.es2970" ,"Hid":2970
                ,"F":24,"M":29.13 ,"C" :32.55 ,"T" :55.75
                ,"FPzComm":250,"POF":0,"POC":0,"POT":0 ,"Min":0 ,"Max":60
                ,"G":[     {"name":"lb.l0006","value":24}
                          ,{"name":"lb.l0008" ,"value":32.55}
                          ,{"name":"lb.l0036"     ,"value":55.75}
                     ]},{"H": "cod.es3010" ,"Hid":3010
                ,"F":20.72,"M":17.89 ,"C" :23.04 ,"T" :41.1
                ,"FPzComm":1631,"POF":0,"POC":0,"POT":0 ,"Min":0 ,"Max":45
                ,"G":[     {"name":"lb.l0006","value":20.72}
                          ,{"name":"lb.l0008" ,"value":23.04}
                          ,{"name":"lb.l0036"     ,"value":41.1}
                     ]},{"H": "cod.es3050" ,"Hid":3050
                ,"F":20.55,"M":10.92 ,"C" :13.94 ,"T" :25.51
                ,"FPzComm":1173,"POF":0,"POC":0,"POT":0 ,"Min":0 ,"Max":30
                ,"G":[     {"name":"lb.l0006","value":20.55}
                          ,{"name":"lb.l0008" ,"value":13.94}
                          ,{"name":"lb.l0036"     ,"value":25.51}
                     ]},{"H": "cod.es3090" ,"Hid":3090
                ,"F":22.48,"M":19.16 ,"C" :23.86 ,"T" :39.01
                ,"FPzComm":605,"POF":0,"POC":0,"POT":0 ,"Min":0 ,"Max":40
                ,"G":[     {"name":"lb.l0006","value":22.48}
                          ,{"name":"lb.l0008" ,"value":23.86}
                          ,{"name":"lb.l0036"     ,"value":39.01}
                     ]},{"H": "cod.es3130" ,"Hid":3130
                ,"F":10.43,"M":4.52 ,"C" :4.97 ,"T" :15.08
                ,"FPzComm":1083,"POF":0,"POC":0,"POT":0 ,"Min":0 ,"Max":20
                ,"G":[     {"name":"lb.l0006","value":10.43}
                          ,{"name":"lb.l0008" ,"value":4.97}
                          ,{"name":"lb.l0036"     ,"value":15.08}
                     ]},{"H": "cod.es3170" ,"Hid":3170
                ,"F":35.05,"M":16.56 ,"C" :25.3 ,"T" :50.15
                ,"FPzComm":97,"POF":0,"POC":0,"POT":0 ,"Min":0 ,"Max":55
                ,"G":[     {"name":"lb.l0006","value":35.05}
                          ,{"name":"lb.l0008" ,"value":25.3}
                          ,{"name":"lb.l0036"     ,"value":50.15}
                     ]},{"H": "cod.es3210" ,"Hid":3210
                ,"F":0,"M":0.9 ,"C" :0.62 ,"T" :5.56
                ,"FPzComm":26,"POF":0,"POC":0,"POT":0 ,"Min":0 ,"Max":10
                ,"G":[     {"name":"lb.l0006","value":0}
                          ,{"name":"lb.l0008" ,"value":0.62}
                          ,{"name":"lb.l0036"     ,"value":5.56}
                     ]},{"H": "cod.es3250" ,"Hid":3250
                ,"F":47.14,"M":42.41 ,"C" :45.35 ,"T" :68.06
                ,"FPzComm":140,"POF":0,"POC":0,"POT":0 ,"Min":0 ,"Max":70
                ,"G":[     {"name":"lb.l0006","value":47.14}
                          ,{"name":"lb.l0008" ,"value":45.35}
                          ,{"name":"lb.l0036"     ,"value":68.06}
                     ]},{"H": "cod.es3290" ,"Hid":3290
                ,"F":34.88,"M":18.56 ,"C" :33.29 ,"T" :59.29
                ,"FPzComm":172,"POF":0,"POC":0,"POT":0 ,"Min":0 ,"Max":60
                ,"G":[     {"name":"lb.l0006","value":34.88}
                          ,{"name":"lb.l0008" ,"value":33.29}
                          ,{"name":"lb.l0036"     ,"value":59.29}
                     ]},{"H": "cod.es3330" ,"Hid":3330
                ,"F":28,"M":66.63 ,"C" :56.67 ,"T" :88.24
                ,"FPzComm":50,"POF":0,"POC":0,"POT":0 ,"Min":0 ,"Max":90
                ,"G":[     {"name":"lb.l0006","value":28}
                          ,{"name":"lb.l0008" ,"value":56.67}
                          ,{"name":"lb.l0036"     ,"value":88.24}
                     ]},{"H": "cod.es3370" ,"Hid":3370
                ,"F":19.9,"M":1.89 ,"C" :3.71 ,"T" :7.92
                ,"FPzComm":1879,"POF":0,"POC":0,"POT":0 ,"Min":0 ,"Max":20
                ,"G":[     {"name":"lb.l0006","value":19.9}
                          ,{"name":"lb.l0008" ,"value":3.71}
                          ,{"name":"lb.l0036"     ,"value":7.92}
                     ]},{"H": "cod.es3410" ,"Hid":3410
                ,"F":1.14,"M":0.75 ,"C" :1.28 ,"T" :3.39
                ,"FPzComm":969,"POF":0,"POC":0,"POT":0 ,"Min":0 ,"Max":5
                ,"G":[     {"name":"lb.l0006","value":1.14}
                          ,{"name":"lb.l0008" ,"value":1.28}
                          ,{"name":"lb.l0036"     ,"value":3.39}
                     ]},{"H": "cod.es3450" ,"Hid":3450
                ,"F":0,"M":15.71 ,"C" :19.39 ,"T" :50.3
                ,"FPzComm":854,"POF":0,"POC":0,"POT":0 ,"Min":0 ,"Max":55
                ,"G":[     {"name":"lb.l0006","value":0}
                          ,{"name":"lb.l0008" ,"value":19.39}
                          ,{"name":"lb.l0036"     ,"value":50.3}
                     ]},{"H": "cod.es3490" ,"Hid":3490
                ,"F":35.64,"M":19.79 ,"C" :35.84 ,"T" :57.96
                ,"FPzComm":376,"POF":0,"POC":0,"POT":0 ,"Min":0 ,"Max":60
                ,"G":[     {"name":"lb.l0006","value":35.64}
                          ,{"name":"lb.l0008" ,"value":35.84}
                          ,{"name":"lb.l0036"     ,"value":57.96}
                     ]},{"H": "cod.es3530" ,"Hid":3530
                ,"F":4.8,"M":2.93 ,"C" :4.1 ,"T" :8.83
                ,"FPzComm":1791,"POF":0,"POC":0,"POT":0 ,"Min":0 ,"Max":10
                ,"G":[     {"name":"lb.l0006","value":4.8}
                          ,{"name":"lb.l0008" ,"value":4.1}
                          ,{"name":"lb.l0036"     ,"value":8.83}
                     ]},{"H": "cod.es3570" ,"Hid":3570
                ,"F":0,"M":0 ,"C" :0 ,"T" :0
                ,"FPzComm":0,"POF":0,"POC":0,"POT":0 ,"Min":0 ,"Max":0
                ,"G":[     {"name":"lb.l0006","value":0}
                          ,{"name":"lb.l0008" ,"value":0}
                          ,{"name":"lb.l0036"     ,"value":0}
                     ]},{"H": "cod.es3600" ,"Hid":3600
                ,"F":0,"M":0 ,"C" :0 ,"T" :0
                ,"FPzComm":0,"POF":0,"POC":0,"POT":0 ,"Min":0 ,"Max":0
                ,"G":[     {"name":"lb.l0006","value":0}
                          ,{"name":"lb.l0008" ,"value":0}
                          ,{"name":"lb.l0036"     ,"value":0}
                     ]},{"H": "cod.es3640" ,"Hid":3640
                ,"F":0,"M":0 ,"C" :0 ,"T" :0
                ,"FPzComm":0,"POF":0,"POC":0,"POT":0 ,"Min":0 ,"Max":0
                ,"G":[     {"name":"lb.l0006","value":0}
                          ,{"name":"lb.l0008" ,"value":0}
                          ,{"name":"lb.l0036"     ,"value":0}
                     ]},{"H": "cod.es3680" ,"Hid":3680
                ,"F":0,"M":0 ,"C" :0 ,"T" :0
                ,"FPzComm":0,"POF":0,"POC":0,"POT":0 ,"Min":0 ,"Max":0
                ,"G":[     {"name":"lb.l0006","value":0}
                          ,{"name":"lb.l0008" ,"value":0}
                          ,{"name":"lb.l0036"     ,"value":0}
                     ]},{"H": "cod.es3720" ,"Hid":3720
                ,"F":0,"M":0 ,"C" :0 ,"T" :0
                ,"FPzComm":0,"POF":0,"POC":0,"POT":0 ,"Min":0 ,"Max":0
                ,"G":[     {"name":"lb.l0006","value":0}
                          ,{"name":"lb.l0008" ,"value":0}
                          ,{"name":"lb.l0036"     ,"value":0}
                     ]},{"H": "cod.es3760" ,"Hid":3760
                ,"F":0,"M":0 ,"C" :0 ,"T" :0
                ,"FPzComm":0,"POF":0,"POC":0,"POT":0 ,"Min":0 ,"Max":0
                ,"G":[     {"name":"lb.l0006","value":0}
                          ,{"name":"lb.l0008" ,"value":0}
                          ,{"name":"lb.l0036"     ,"value":0}
                     ]}]
 }
 ]
 }