{
  "DT": [
    {
      "IPD": "MAT",
      "DTP": [
        {
          "CSZ": "Globale",
          "TF": [
            {
              "name": "cod.es2810",
              "value": 11.95
            },
            {
              "name": "cod.es2850",
              "value": 6.51
            },
            {
              "name": "cod.es3130",
              "value": 6.95
            },
            {
              "name": "cod.es3290",
              "value": 5.45
            },
            {
              "name": "cod.es3330",
              "value": 13.89
            },
            {
              "name": "cod.es3370",
              "value": 11.45
            },
            {
              "name": "cod.es3410",
              "value": 10.41
            },
            {
              "name": "cod.es3530",
              "value": 5.22
            },
            {
              "name": "lb.l0077",
              "value": 28.17
            }
          ],
          "TFS": [
            {
              "name": "cod.es2730",
              "value": 4.14
            },
            {
              "name": "cod.es2770",
              "value": 0.8
            },
            {
              "name": "cod.es2890",
              "value": 1.78
            },
            {
              "name": "cod.es2930",
              "value": 3.39
            },
            {
              "name": "cod.es2970",
              "value": 1.08
            },
            {
              "name": "cod.es3010",
              "value": 4.71
            },
            {
              "name": "cod.es3050",
              "value": 4.08
            },
            {
              "name": "cod.es3090",
              "value": 3.67
            },
            {
              "name": "cod.es3170",
              "value": 0.37
            },
            {
              "name": "cod.es3210",
              "value": 0.08
            },
            {
              "name": "cod.es3250",
              "value": 0.52
            },
            {
              "name": "cod.es3450",
              "value": 2.47
            },
            {
              "name": "cod.es3490",
              "value": 1.09
            },
            {
              "name": "cod.es3570",
              "value": 0
            }
          ],
          "TM": [
            {
              "name": "cod.es2810",
              "value": 8.81
            },
            {
              "name": "cod.es2850",
              "value": 8.02
            },
            {
              "name": "cod.es3090",
              "value": 8.06
            },
            {
              "name": "cod.es3130",
              "value": 5.13
            },
            {
              "name": "cod.es3290",
              "value": 6.82
            },
            {
              "name": "cod.es3330",
              "value": 16.56
            },
            {
              "name": "cod.es3370",
              "value": 14.7
            },
            {
              "name": "cod.es3410",
              "value": 13.14
            },
            {
              "name": "lb.l0077",
              "value": 18.76
            }
          ],
          "TMS": [
            {
              "name": "cod.es2730",
              "value": 2.67
            },
            {
              "name": "cod.es2770",
              "value": 0.86
            },
            {
              "name": "cod.es2890",
              "value": 1.25
            },
            {
              "name": "cod.es2930",
              "value": 0.9
            },
            {
              "name": "cod.es2970",
              "value": 0.89
            },
            {
              "name": "cod.es3010",
              "value": 2.41
            },
            {
              "name": "cod.es3050",
              "value": 3.78
            },
            {
              "name": "cod.es3170",
              "value": 0.38
            },
            {
              "name": "cod.es3210",
              "value": 0.06
            },
            {
              "name": "cod.es3250",
              "value": 0.47
            },
            {
              "name": "cod.es3450",
              "value": 1.25
            },
            {
              "name": "cod.es3490",
              "value": 0.36
            },
            {
              "name": "cod.es3530",
              "value": 3.48
            },
            {
              "name": "cod.es3570",
              "value": 0
            }
          ],
          "TC": [
            {
              "name": "cod.es2810",
              "value": 9.52
            },
            {
              "name": "cod.es2850",
              "value": 7.88
            },
            {
              "name": "cod.es3090",
              "value": 8.82
            },
            {
              "name": "cod.es3290",
              "value": 8
            },
            {
              "name": "cod.es3330",
              "value": 18.76
            },
            {
              "name": "cod.es3370",
              "value": 14.77
            },
            {
              "name": "cod.es3410",
              "value": 11.7
            },
            {
              "name": "lb.l0077",
              "value": 20.55
            }
          ],
          "TCS": [
            {
              "name": "cod.es2730",
              "value": 2.29
            },
            {
              "name": "cod.es2770",
              "value": 0.94
            },
            {
              "name": "cod.es2890",
              "value": 1.08
            },
            {
              "name": "cod.es2930",
              "value": 0.86
            },
            {
              "name": "cod.es2970",
              "value": 0.84
            },
            {
              "name": "cod.es3010",
              "value": 1.89
            },
            {
              "name": "cod.es3050",
              "value": 3.14
            },
            {
              "name": "cod.es3130",
              "value": 4.79
            },
            {
              "name": "cod.es3170",
              "value": 0.33
            },
            {
              "name": "cod.es3210",
              "value": 0.05
            },
            {
              "name": "cod.es3250",
              "value": 0.43
            },
            {
              "name": "cod.es3450",
              "value": 0.99
            },
            {
              "name": "cod.es3490",
              "value": 0.25
            },
            {
              "name": "cod.es3530",
              "value": 2.68
            },
            {
              "name": "cod.es3570",
              "value": 0
            }
          ],
          "DTT": [
            {
              "H": "cod.es0",
              "Hid": 0,
              "FFt": 280735.68,
              "FFtD": -11.59,
              "FPz": 34599,
              "FPzD": -10.94,
              "FQt": 100,
              "MFt": 481177.306648649,
              "MFtD": -2.51,
              "MPz": 66224.3243243243,
              "MPzD": -1.63,
              "MQt": 100,
              "CFt": 318471.028181818,
              "CFtD": -4.62,
              "CPz": 43900.7454545455,
              "CPzD": -3.11,
              "CQt": 100
            },
            {
              "H": "cod.es2730",
              "Hid": 2730,
              "FFt": 13385.66,
              "FFtD": -15.98,
              "FPz": 1432,
              "FPzD": -15.96,
              "FQt": 4.14,
              "MFt": 15289.2988648649,
              "MFtD": -1.02,
              "MPz": 1766.33513513514,
              "MPzD": -2.58,
              "MQt": 2.67,
              "CFt": 8578.42545454546,
              "CFtD": -2.22,
              "CPz": 1003.29090909091,
              "CPzD": -3.82,
              "CQt": 2.29
            },
            {
              "H": "cod.es2770",
              "Hid": 2770,
              "FFt": 3676.11,
              "FFtD": -12.42,
              "FPz": 276,
              "FPzD": -4.5,
              "FQt": 0.8,
              "MFt": 7089.43324324324,
              "MFtD": 0.55,
              "MPz": 570.897297297297,
              "MPzD": -1.93,
              "MQt": 0.86,
              "CFt": 5249.15363636364,
              "CFtD": -0.55,
              "CPz": 413.709090909091,
              "CPzD": -3.09,
              "CQt": 0.94
            },
            {
              "H": "cod.es2810",
              "Hid": 2810,
              "FFt": 16663.73,
              "FFtD": -4.23,
              "FPz": 4133,
              "FPzD": -7.95,
              "FQt": 11.95,
              "MFt": 19272.2765405405,
              "MFtD": 3.05,
              "MPz": 5835.52432432432,
              "MPzD": 0.39,
              "MQt": 8.81,
              "CFt": 12591.9829090909,
              "CFtD": 0.07,
              "CPz": 4179.12727272727,
              "CPzD": -0.93,
              "CQt": 9.52
            },
            {
              "H": "cod.es2850",
              "Hid": 2850,
              "FFt": 30457.06,
              "FFtD": -22.18,
              "FPz": 2253,
              "FPzD": -11.92,
              "FQt": 6.51,
              "MFt": 75523.9875135135,
              "MFtD": -13.28,
              "MPz": 5309.22702702703,
              "MPzD": -7.87,
              "MQt": 8.02,
              "CFt": 52353.6863636364,
              "CFtD": -14.34,
              "CPz": 3459.18181818182,
              "CPzD": -9.14,
              "CQt": 7.88
            },
            {
              "H": "cod.es2890",
              "Hid": 2890,
              "FFt": 12228.5,
              "FFtD": -22.38,
              "FPz": 617,
              "FPzD": -20.28,
              "FQt": 1.78,
              "MFt": 11823.8361081081,
              "MFtD": 0.63,
              "MPz": 828.762162162162,
              "MPzD": -3.95,
              "MQt": 1.25,
              "CFt": 6504.03981818182,
              "CFtD": -2.01,
              "CPz": 474.709090909091,
              "CPzD": -7.23,
              "CQt": 1.08
            },
            {
              "H": "cod.es2930",
              "Hid": 2930,
              "FFt": 10401.5,
              "FFtD": -22.01,
              "FPz": 1173,
              "FPzD": -33.95,
              "FQt": 3.39,
              "MFt": 7836.4792972973,
              "MFtD": -9.52,
              "MPz": 597.783783783784,
              "MPzD": -14.59,
              "MQt": 0.9,
              "CFt": 5093.54454545455,
              "CFtD": -9.37,
              "CPz": 375.381818181818,
              "CPzD": -8.88,
              "CQt": 0.86
            },
            {
              "H": "cod.es2970",
              "Hid": 2970,
              "FFt": 4729.66,
              "FFtD": -12.24,
              "FPz": 372,
              "FPzD": -12.47,
              "FQt": 1.08,
              "MFt": 5121.04918918919,
              "MFtD": 4.06,
              "MPz": 586.821621621622,
              "MPzD": 0.54,
              "MQt": 0.89,
              "CFt": 3018.65781818182,
              "CFtD": 1.9,
              "CPz": 367.781818181818,
              "CPzD": -1.25,
              "CQt": 0.84
            },
            {
              "H": "cod.es3010",
              "Hid": 3010,
              "FFt": 9483.87,
              "FFtD": -14.96,
              "FPz": 1631,
              "FPzD": -23.36,
              "FQt": 4.71,
              "MFt": 10141.3421081081,
              "MFtD": -0.19,
              "MPz": 1599.13513513514,
              "MPzD": -3.83,
              "MQt": 2.41,
              "CFt": 5237.49454545455,
              "CFtD": -1.88,
              "CPz": 828.072727272727,
              "CPzD": -6.01,
              "CQt": 1.89
            },
            {
              "H": "cod.es3050",
              "Hid": 3050,
              "FFt": 12061.01,
              "FFtD": -7.43,
              "FPz": 1412,
              "FPzD": -13.05,
              "FQt": 4.08,
              "MFt": 19249.6401081081,
              "MFtD": 1.04,
              "MPz": 2500.07027027027,
              "MPzD": 1.33,
              "MQt": 3.78,
              "CFt": 10598.9310909091,
              "CFtD": -1.2,
              "CPz": 1378.10909090909,
              "CPzD": -0.85,
              "CQt": 3.14
            },
            {
              "H": "cod.es3090",
              "Hid": 3090,
              "FFt": 12207.12,
              "FFtD": -4.88,
              "FPz": 1271,
              "FPzD": -18.47,
              "FQt": 3.67,
              "MFt": 32456.9771891892,
              "MFtD": -1.47,
              "MPz": 5339.65945945946,
              "MPzD": -5.19,
              "MQt": 8.06,
              "CFt": 23048.95,
              "CFtD": -3.37,
              "CPz": 3871.94545454545,
              "CPzD": -6.42,
              "CQt": 8.82
            },
            {
              "H": "cod.es3130",
              "Hid": 3130,
              "FFt": 24707.9,
              "FFtD": 0.45,
              "FPz": 2406,
              "FPzD": -4.14,
              "FQt": 6.95,
              "MFt": 31528.6645945946,
              "MFtD": 3.21,
              "MPz": 3398.16216216216,
              "MPzD": -1.36,
              "MQt": 5.13,
              "CFt": 19818.9910909091,
              "CFtD": 1.18,
              "CPz": 2101.67272727273,
              "CPzD": -3.06,
              "CQt": 4.79
            },
            {
              "H": "cod.es3170",
              "Hid": 3170,
              "FFt": 1770.89,
              "FFtD": -37.43,
              "FPz": 128,
              "FPzD": -42.34,
              "FQt": 0.37,
              "MFt": 3702.18464864865,
              "MFtD": -0.1,
              "MPz": 253.308108108108,
              "MPzD": -6.67,
              "MQt": 0.38,
              "CFt": 2299.792,
              "CFtD": 0.38,
              "CPz": 145.127272727273,
              "CPzD": -7.95,
              "CQt": 0.33
            },
            {
              "H": "cod.es3210",
              "Hid": 3210,
              "FFt": 1069.41,
              "FFtD": -52.77,
              "FPz": 26,
              "FPzD": -44.68,
              "FQt": 0.08,
              "MFt": 1321.86037837838,
              "MFtD": -15.74,
              "MPz": 40.8810810810811,
              "MPzD": -17.88,
              "MQt": 0.06,
              "CFt": 582.370545454545,
              "CFtD": -18.85,
              "CPz": 20.6727272727273,
              "CPzD": -25.34,
              "CQt": 0.05
            },
            {
              "H": "cod.es3250",
              "Hid": 3250,
              "FFt": 2081.77,
              "FFtD": -0.65,
              "FPz": 179,
              "FPzD": -8.21,
              "FQt": 0.52,
              "MFt": 3639.57616216216,
              "MFtD": 4.96,
              "MPz": 310.978378378378,
              "MPzD": 1.82,
              "MQt": 0.47,
              "CFt": 2204.90454545455,
              "CFtD": 3.26,
              "CPz": 188.236363636364,
              "CPzD": 1.59,
              "CQt": 0.43
            },
            {
              "H": "cod.es3290",
              "Hid": 3290,
              "FFt": 17995.7,
              "FFtD": -6.97,
              "FPz": 1887,
              "FPzD": -5.03,
              "FQt": 5.45,
              "MFt": 44430.5825405405,
              "MFtD": -5.32,
              "MPz": 4515.6,
              "MPzD": -0.04,
              "MQt": 6.82,
              "CFt": 33304.1587272727,
              "CFtD": -7.71,
              "CPz": 3511.34545454545,
              "CPzD": 2.57,
              "CQt": 8
            },
            {
              "H": "cod.es3330",
              "Hid": 3330,
              "FFt": 26891.82,
              "FFtD": -3.59,
              "FPz": 4805,
              "FPzD": -6.5,
              "FQt": 13.89,
              "MFt": 72822.9675135135,
              "MFtD": 0.23,
              "MPz": 10968.2540540541,
              "MPzD": 1.5,
              "MQt": 16.56,
              "CFt": 58309.1092727273,
              "CFtD": -1.2,
              "CPz": 8236.96363636364,
              "CPzD": 0.1,
              "CQt": 18.76
            },
            {
              "H": "cod.es3370",
              "Hid": 3370,
              "FFt": 21201.62,
              "FFtD": -3.38,
              "FPz": 3962,
              "FPzD": -4.76,
              "FQt": 11.45,
              "MFt": 35580.5293513514,
              "MFtD": 0.77,
              "MPz": 9734.4,
              "MPzD": -2.02,
              "MQt": 14.7,
              "CFt": 22454.0652727273,
              "CFtD": -2.68,
              "CPz": 6482.96363636364,
              "CPzD": -6.04,
              "CQt": 14.77
            },
            {
              "H": "cod.es3410",
              "Hid": 3410,
              "FFt": 21634.18,
              "FFtD": -9.48,
              "FPz": 3601,
              "FPzD": -4.25,
              "FQt": 10.41,
              "MFt": 49451.0055135135,
              "MFtD": 0.31,
              "MPz": 8698.73513513514,
              "MPzD": -0.27,
              "MQt": 13.14,
              "CFt": 29450.6352727273,
              "CFtD": -2.8,
              "CPz": 5138.12727272727,
              "CPzD": -1.98,
              "CQt": 11.7
            },
            {
              "H": "cod.es3450",
              "Hid": 3450,
              "FFt": 14938.28,
              "FFtD": -23.73,
              "FPz": 854,
              "FPzD": -21.14,
              "FQt": 2.47,
              "MFt": 12418.308,
              "MFtD": 3.45,
              "MPz": 825.172972972973,
              "MPzD": 0.05,
              "MQt": 1.25,
              "CFt": 6343.14672727273,
              "CFtD": 3.06,
              "CPz": 435.454545454545,
              "CPzD": -0.73,
              "CQt": 0.99
            },
            {
              "H": "cod.es3490",
              "Hid": 3490,
              "FFt": 6672.53,
              "FFtD": -14.6,
              "FPz": 376,
              "FPzD": -17.54,
              "FQt": 1.09,
              "MFt": 4058.13567567568,
              "MFtD": -1.01,
              "MPz": 241.324324324324,
              "MPzD": -3.47,
              "MQt": 0.36,
              "CFt": 1882.17490909091,
              "CFtD": -4.82,
              "CPz": 110.690909090909,
              "CPzD": -6.9,
              "CQt": 0.25
            },
            {
              "H": "cod.es3530",
              "Hid": 3530,
              "FFt": 16477.36,
              "FFtD": -3.8,
              "FPz": 1805,
              "FPzD": -8,
              "FQt": 5.22,
              "MFt": 18419.1721081081,
              "MFtD": 1.19,
              "MPz": 2303.29189189189,
              "MPzD": -0.62,
              "MQt": 3.48,
              "CFt": 9546.81363636364,
              "CFtD": -1.09,
              "CPz": 1178.18181818182,
              "CPzD": -3.23,
              "CQt": 2.68
            },
            {
              "H": "cod.es3570",
              "Hid": 3570,
              "FFt": 0,
              "FFtD": null,
              "FPz": 0,
              "FPzD": null,
              "FQt": 0,
              "MFt": 0,
              "MFtD": null,
              "MPz": 0,
              "MPzD": null,
              "MQt": 0,
              "CFt": 0,
              "CFtD": null,
              "CPz": 0,
              "CPzD": null,
              "CQt": 0
            }
          ]
        },
        {
          "CSZ": "Commerciale",
          "TF": [
            {
              "name": "cod.es2730",
              "value": 7.19
            },
            {
              "name": "cod.es2810",
              "value": 5.22
            },
            {
              "name": "cod.es2850",
              "value": 7.76
            },
            {
              "name": "cod.es2930",
              "value": 7.11
            },
            {
              "name": "cod.es3010",
              "value": 10
            },
            {
              "name": "cod.es3050",
              "value": 7.19
            },
            {
              "name": "cod.es3130",
              "value": 6.64
            },
            {
              "name": "cod.es3370",
              "value": 11.52
            },
            {
              "name": "cod.es3410",
              "value": 5.94
            },
            {
              "name": "cod.es3450",
              "value": 5.23
            },
            {
              "name": "cod.es3530",
              "value": 10.98
            },
            {
              "name": "lb.l0077",
              "value": 15.22
            }
          ],
          "TFS": [
            {
              "name": "cod.es2770",
              "value": 1.2
            },
            {
              "name": "cod.es2890",
              "value": 3.52
            },
            {
              "name": "cod.es2970",
              "value": 1.53
            },
            {
              "name": "cod.es3090",
              "value": 3.71
            },
            {
              "name": "cod.es3170",
              "value": 0.59
            },
            {
              "name": "cod.es3210",
              "value": 0.16
            },
            {
              "name": "cod.es3250",
              "value": 0.86
            },
            {
              "name": "cod.es3290",
              "value": 1.05
            },
            {
              "name": "cod.es3330",
              "value": 0.31
            },
            {
              "name": "cod.es3490",
              "value": 2.3
            },
            {
              "name": "cod.es3570",
              "value": 0
            }
          ],
          "TM": [
            {
              "name": "cod.es2730",
              "value": 6.47
            },
            {
              "name": "cod.es2850",
              "value": 10.34
            },
            {
              "name": "cod.es3010",
              "value": 8.11
            },
            {
              "name": "cod.es3050",
              "value": 8.69
            },
            {
              "name": "cod.es3130",
              "value": 6.02
            },
            {
              "name": "cod.es3370",
              "value": 11.8
            },
            {
              "name": "cod.es3410",
              "value": 9.29
            },
            {
              "name": "cod.es3530",
              "value": 11.62
            },
            {
              "name": "lb.l0077",
              "value": 27.66
            }
          ],
          "TMS": [
            {
              "name": "cod.es2770",
              "value": 1.92
            },
            {
              "name": "cod.es2810",
              "value": 4.17
            },
            {
              "name": "cod.es2890",
              "value": 3.78
            },
            {
              "name": "cod.es2930",
              "value": 3.01
            },
            {
              "name": "cod.es2970",
              "value": 1.86
            },
            {
              "name": "cod.es3090",
              "value": 4.42
            },
            {
              "name": "cod.es3170",
              "value": 1.01
            },
            {
              "name": "cod.es3210",
              "value": 0.21
            },
            {
              "name": "cod.es3250",
              "value": 1.05
            },
            {
              "name": "cod.es3290",
              "value": 0.76
            },
            {
              "name": "cod.es3330",
              "value": 0.07
            },
            {
              "name": "cod.es3450",
              "value": 4.19
            },
            {
              "name": "cod.es3490",
              "value": 1.21
            },
            {
              "name": "cod.es3570",
              "value": 0
            }
          ],
          "TC": [
            {
              "name": "cod.es2730",
              "value": 6.65
            },
            {
              "name": "cod.es2850",
              "value": 11.5
            },
            {
              "name": "cod.es3010",
              "value": 7.71
            },
            {
              "name": "cod.es3050",
              "value": 8.62
            },
            {
              "name": "cod.es3130",
              "value": 5.99
            },
            {
              "name": "cod.es3370",
              "value": 11.47
            },
            {
              "name": "cod.es3410",
              "value": 8.85
            },
            {
              "name": "cod.es3530",
              "value": 10.9
            },
            {
              "name": "lb.l0077",
              "value": 28.31
            }
          ],
          "TCS": [
            {
              "name": "cod.es2770",
              "value": 2.43
            },
            {
              "name": "cod.es2810",
              "value": 4.1
            },
            {
              "name": "cod.es2890",
              "value": 3.84
            },
            {
              "name": "cod.es2930",
              "value": 3.47
            },
            {
              "name": "cod.es2970",
              "value": 1.88
            },
            {
              "name": "cod.es3090",
              "value": 4.44
            },
            {
              "name": "cod.es3170",
              "value": 1.01
            },
            {
              "name": "cod.es3210",
              "value": 0.19
            },
            {
              "name": "cod.es3250",
              "value": 1.18
            },
            {
              "name": "cod.es3290",
              "value": 0.62
            },
            {
              "name": "cod.es3330",
              "value": 0.08
            },
            {
              "name": "cod.es3450",
              "value": 4.05
            },
            {
              "name": "cod.es3490",
              "value": 1
            },
            {
              "name": "cod.es3570",
              "value": 0
            }
          ],
          "DTT": [
            {
              "H": "cod.es0",
              "Hid": 0,
              "FFt": 170504.38,
              "FFtD": -11.2,
              "FPz": 16317,
              "FPzD": -13.61,
              "FQt": 100,
              "MFt": 187065.106486486,
              "MFtD": 3.3,
              "MPz": 19706.4378378378,
              "MPzD": 0.42,
              "MQt": 100,
              "CFt": 101998.25,
              "CFtD": 1.49,
              "CPz": 10742.4181818182,
              "CPzD": -1.62,
              "CQt": 100
            },
            {
              "H": "cod.es2730",
              "Hid": 2730,
              "FFt": 9445.55,
              "FFtD": -17.23,
              "FPz": 1174,
              "FPzD": -16.86,
              "FQt": 7.19,
              "MFt": 9992.12697297297,
              "MFtD": 0.81,
              "MPz": 1275.88648648649,
              "MPzD": -3.1,
              "MQt": 6.47,
              "CFt": 5603.89454545455,
              "CFtD": 0.25,
              "CPz": 714.563636363636,
              "CPzD": -3.43,
              "CQt": 6.65
            },
            {
              "H": "cod.es2770",
              "Hid": 2770,
              "FFt": 2541.92,
              "FFtD": -9.94,
              "FPz": 196,
              "FPzD": -2.97,
              "FQt": 1.2,
              "MFt": 4225.16643243243,
              "MFtD": -2.5,
              "MPz": 378.637837837838,
              "MPzD": -0.06,
              "MQt": 1.92,
              "CFt": 2996.80581818182,
              "CFtD": -1.44,
              "CPz": 260.872727272727,
              "CPzD": 1.16,
              "CQt": 2.43
            },
            {
              "H": "cod.es2810",
              "Hid": 2810,
              "FFt": 10053.9,
              "FFtD": 1.73,
              "FPz": 851,
              "FPzD": 4.03,
              "FQt": 5.22,
              "MFt": 8455.4107027027,
              "MFtD": 7.1,
              "MPz": 822.410810810811,
              "MPzD": 3.24,
              "MQt": 4.17,
              "CFt": 4492.05672727273,
              "CFtD": 3.09,
              "CPz": 440.563636363636,
              "CPzD": -1.62,
              "CQt": 4.1
            },
            {
              "H": "cod.es2850",
              "Hid": 2850,
              "FFt": 12337.34,
              "FFtD": -1.37,
              "FPz": 1266,
              "FPzD": -7.66,
              "FQt": 7.76,
              "MFt": 18625.1134054054,
              "MFtD": -0.08,
              "MPz": 2036.76216216216,
              "MPzD": -4.51,
              "MQt": 10.34,
              "CFt": 11303.7174545455,
              "CFtD": -1.57,
              "CPz": 1235.76363636364,
              "CPzD": -6.09,
              "CQt": 11.5
            },
            {
              "H": "cod.es2890",
              "Hid": 2890,
              "FFt": 11983.25,
              "FFtD": -21.89,
              "FPz": 574,
              "FPzD": -19.38,
              "FQt": 3.52,
              "MFt": 10891.8422702703,
              "MFtD": 1.26,
              "MPz": 743.978378378378,
              "MPzD": -2.93,
              "MQt": 3.78,
              "CFt": 5786.08181818182,
              "CFtD": -1.09,
              "CPz": 412.127272727273,
              "CPzD": -5.64,
              "CQt": 3.84
            },
            {
              "H": "cod.es2930",
              "Hid": 2930,
              "FFt": 9257.35,
              "FFtD": -23.76,
              "FPz": 1160,
              "FPzD": -34.24,
              "FQt": 7.11,
              "MFt": 7478.47227027027,
              "MFtD": -8.77,
              "MPz": 593.918918918919,
              "MPzD": -14.53,
              "MQt": 3.01,
              "CFt": 4826.76963636364,
              "CFtD": -8.71,
              "CPz": 372.509090909091,
              "CPzD": -8.77,
              "CQt": 3.47
            },
            {
              "H": "cod.es2970",
              "Hid": 2970,
              "FFt": 3956.31,
              "FFtD": -15.71,
              "FPz": 250,
              "FPzD": -11.97,
              "FQt": 1.53,
              "MFt": 3835.45324324324,
              "MFtD": 5.78,
              "MPz": 366.562162162162,
              "MPzD": 1.17,
              "MQt": 1.86,
              "CFt": 2064.56163636364,
              "CFtD": 2.98,
              "CPz": 202.272727272727,
              "CPzD": -1.4,
              "CQt": 1.88
            },
            {
              "H": "cod.es3010",
              "Hid": 3010,
              "FFt": 9483.87,
              "FFtD": -14.96,
              "FPz": 1631,
              "FPzD": -23.36,
              "FQt": 10,
              "MFt": 10141.3421081081,
              "MFtD": -0.19,
              "MPz": 1599.13513513514,
              "MPzD": -3.83,
              "MQt": 8.11,
              "CFt": 5237.49454545455,
              "CFtD": -1.88,
              "CPz": 828.072727272727,
              "CPzD": -6.01,
              "CQt": 7.71
            },
            {
              "H": "cod.es3050",
              "Hid": 3050,
              "FFt": 9677.4,
              "FFtD": -4.88,
              "FPz": 1173,
              "FPzD": -7.35,
              "FQt": 7.19,
              "MFt": 12763.0685945946,
              "MFtD": 4.84,
              "MPz": 1711.94054054054,
              "MPzD": 1.16,
              "MQt": 8.69,
              "CFt": 6828.44109090909,
              "CFtD": 3.94,
              "CPz": 925.872727272727,
              "CPzD": 0.02,
              "CQt": 8.62
            },
            {
              "H": "cod.es3090",
              "Hid": 3090,
              "FFt": 5640.01,
              "FFtD": 2.22,
              "FPz": 605,
              "FPzD": -3.2,
              "FQt": 3.71,
              "MFt": 7242.32913513513,
              "MFtD": 9.61,
              "MPz": 871.167567567568,
              "MPzD": 4.2,
              "MQt": 4.42,
              "CFt": 3990.90745454545,
              "CFtD": 7.71,
              "CPz": 477.454545454545,
              "CPzD": 2.17,
              "CQt": 4.44
            },
            {
              "H": "cod.es3130",
              "Hid": 3130,
              "FFt": 13872.29,
              "FFtD": 2.79,
              "FPz": 1083,
              "FPzD": -1.9,
              "FQt": 6.64,
              "MFt": 13197.5130810811,
              "MFtD": 9.05,
              "MPz": 1185.56216216216,
              "MPzD": 3.11,
              "MQt": 6.02,
              "CFt": 7069.79981818182,
              "CFtD": 6.56,
              "CPz": 643.018181818182,
              "CPzD": 0.35,
              "CQt": 5.99
            },
            {
              "H": "cod.es3170",
              "Hid": 3170,
              "FFt": 1416.83,
              "FFtD": -46.16,
              "FPz": 97,
              "FPzD": -51.5,
              "FQt": 0.59,
              "MFt": 2311.1832972973,
              "MFtD": -6.16,
              "MPz": 198.086486486486,
              "MPzD": -8.52,
              "MQt": 1.01,
              "CFt": 1218.41690909091,
              "CFtD": -8.62,
              "CPz": 108.290909090909,
              "CPzD": -10.17,
              "CQt": 1.01
            },
            {
              "H": "cod.es3210",
              "Hid": 3210,
              "FFt": 1069.41,
              "FFtD": -52.77,
              "FPz": 26,
              "FPzD": -44.68,
              "FQt": 0.16,
              "MFt": 1321.86037837838,
              "MFtD": -15.74,
              "MPz": 40.8810810810811,
              "MPzD": -17.88,
              "MQt": 0.21,
              "CFt": 582.370545454545,
              "CFtD": -18.85,
              "CPz": 20.6727272727273,
              "CPzD": -25.34,
              "CQt": 0.19
            },
            {
              "H": "cod.es3250",
              "Hid": 3250,
              "FFt": 1654.71,
              "FFtD": -5.64,
              "FPz": 140,
              "FPzD": -9.68,
              "FQt": 0.86,
              "MFt": 2278.04718918919,
              "MFtD": 6.67,
              "MPz": 207.437837837838,
              "MPzD": 4.14,
              "MQt": 1.05,
              "CFt": 1414.43690909091,
              "CFtD": 9.08,
              "CPz": 126.945454545455,
              "CPzD": 6.16,
              "CQt": 1.18
            },
            {
              "H": "cod.es3290",
              "Hid": 3290,
              "FFt": 4243.96,
              "FFtD": 1.53,
              "FPz": 172,
              "FPzD": 4.24,
              "FQt": 1.05,
              "MFt": 3344.58221621622,
              "MFtD": 4.86,
              "MPz": 150.2,
              "MPzD": 0.62,
              "MQt": 0.76,
              "CFt": 1549.37981818182,
              "CFtD": 6.46,
              "CPz": 66.9090909090909,
              "CPzD": -2.65,
              "CQt": 0.62
            },
            {
              "H": "cod.es3330",
              "Hid": 3330,
              "FFt": 606.57,
              "FFtD": 19.74,
              "FPz": 50,
              "FPzD": 11.11,
              "FQt": 0.31,
              "MFt": 189.93572972973,
              "MFtD": 0.39,
              "MPz": 14.1081081081081,
              "MPzD": -4.43,
              "MQt": 0.07,
              "CFt": 94.9356363636364,
              "CFtD": 11.71,
              "CPz": 8.30909090909091,
              "CPzD": -0.44,
              "CQt": 0.08
            },
            {
              "H": "cod.es3370",
              "Hid": 3370,
              "FFt": 15562.78,
              "FFtD": 0.08,
              "FPz": 1879,
              "FPzD": -6.1,
              "FQt": 11.52,
              "MFt": 17294.1129189189,
              "MFtD": 9.97,
              "MPz": 2325.6,
              "MPzD": 5.78,
              "MQt": 11.8,
              "CFt": 9362.36727272727,
              "CFtD": 9.55,
              "CPz": 1232.41818181818,
              "CPzD": 4.41,
              "CQt": 11.47
            },
            {
              "H": "cod.es3410",
              "Hid": 3410,
              "FFt": 9917.86,
              "FFtD": -14.72,
              "FPz": 969,
              "FPzD": -11.59,
              "FQt": 5.94,
              "MFt": 18898.9652432432,
              "MFtD": 8.16,
              "MPz": 1831.04864864865,
              "MPzD": 12.1,
              "MQt": 9.29,
              "CFt": 9964.68654545455,
              "CFtD": 3.56,
              "CPz": 951.163636363636,
              "CPzD": 5.23,
              "CQt": 8.85
            },
            {
              "H": "cod.es3450",
              "Hid": 3450,
              "FFt": 14938.28,
              "FFtD": -23.73,
              "FPz": 854,
              "FPzD": -21.14,
              "FQt": 5.23,
              "MFt": 12418.308,
              "MFtD": 3.45,
              "MPz": 825.172972972973,
              "MPzD": 0.05,
              "MQt": 4.19,
              "CFt": 6343.14672727273,
              "CFtD": 3.06,
              "CPz": 435.454545454545,
              "CPzD": -0.73,
              "CQt": 4.05
            },
            {
              "H": "cod.es3490",
              "Hid": 3490,
              "FFt": 6672.53,
              "FFtD": -14.6,
              "FPz": 376,
              "FPzD": -17.54,
              "FQt": 2.3,
              "MFt": 4031.88037837838,
              "MFtD": -1.02,
              "MPz": 238.037837837838,
              "MPzD": -3.52,
              "MQt": 1.21,
              "CFt": 1861.97072727273,
              "CFtD": -4.86,
              "CPz": 107.909090909091,
              "CPzD": -7.4,
              "CQt": 1
            },
            {
              "H": "cod.es3530",
              "Hid": 3530,
              "FFt": 16172.26,
              "FFtD": -4.61,
              "FPz": 1791,
              "FPzD": -8.34,
              "FQt": 10.98,
              "MFt": 18128.3929189189,
              "MFtD": 1.46,
              "MPz": 2289.9027027027,
              "MPzD": -0.52,
              "MQt": 11.62,
              "CFt": 9406.00836363636,
              "CFtD": -0.71,
              "CPz": 1171.25454545455,
              "CPzD": -3.1,
              "CQt": 10.9
            },
            {
              "H": "cod.es3570",
              "Hid": 3570,
              "FFt": 0,
              "FFtD": null,
              "FPz": 0,
              "FPzD": null,
              "FQt": 0,
              "MFt": 0,
              "MFtD": null,
              "MPz": 0,
              "MPzD": null,
              "MQt": 0,
              "CFt": 0,
              "CFtD": null,
              "CPz": 0,
              "CPzD": null,
              "CQt": 0
            }
          ]
        }
      ]
    },
    {
      "IPD": "YTD",
      "DTP": [
        {
          "CSZ": "Globale",
          "TF": [
            {
              "name": "cod.es2810",
              "value": 11.95
            },
            {
              "name": "cod.es2850",
              "value": 6.51
            },
            {
              "name": "cod.es3130",
              "value": 6.95
            },
            {
              "name": "cod.es3290",
              "value": 5.45
            },
            {
              "name": "cod.es3330",
              "value": 13.89
            },
            {
              "name": "cod.es3370",
              "value": 11.45
            },
            {
              "name": "cod.es3410",
              "value": 10.41
            },
            {
              "name": "cod.es3530",
              "value": 5.22
            },
            {
              "name": "lb.l0077",
              "value": 28.17
            }
          ],
          "TFS": [
            {
              "name": "cod.es2730",
              "value": 4.14
            },
            {
              "name": "cod.es2770",
              "value": 0.8
            },
            {
              "name": "cod.es2890",
              "value": 1.78
            },
            {
              "name": "cod.es2930",
              "value": 3.39
            },
            {
              "name": "cod.es2970",
              "value": 1.08
            },
            {
              "name": "cod.es3010",
              "value": 4.71
            },
            {
              "name": "cod.es3050",
              "value": 4.08
            },
            {
              "name": "cod.es3090",
              "value": 3.67
            },
            {
              "name": "cod.es3170",
              "value": 0.37
            },
            {
              "name": "cod.es3210",
              "value": 0.08
            },
            {
              "name": "cod.es3250",
              "value": 0.52
            },
            {
              "name": "cod.es3450",
              "value": 2.47
            },
            {
              "name": "cod.es3490",
              "value": 1.09
            },
            {
              "name": "cod.es3570",
              "value": 0
            }
          ],
          "TM": [
            {
              "name": "cod.es2810",
              "value": 8.81
            },
            {
              "name": "cod.es2850",
              "value": 8.02
            },
            {
              "name": "cod.es3090",
              "value": 8.06
            },
            {
              "name": "cod.es3130",
              "value": 5.13
            },
            {
              "name": "cod.es3290",
              "value": 6.82
            },
            {
              "name": "cod.es3330",
              "value": 16.56
            },
            {
              "name": "cod.es3370",
              "value": 14.7
            },
            {
              "name": "cod.es3410",
              "value": 13.14
            },
            {
              "name": "lb.l0077",
              "value": 18.76
            }
          ],
          "TMS": [
            {
              "name": "cod.es2730",
              "value": 2.67
            },
            {
              "name": "cod.es2770",
              "value": 0.86
            },
            {
              "name": "cod.es2890",
              "value": 1.25
            },
            {
              "name": "cod.es2930",
              "value": 0.9
            },
            {
              "name": "cod.es2970",
              "value": 0.89
            },
            {
              "name": "cod.es3010",
              "value": 2.41
            },
            {
              "name": "cod.es3050",
              "value": 3.78
            },
            {
              "name": "cod.es3170",
              "value": 0.38
            },
            {
              "name": "cod.es3210",
              "value": 0.06
            },
            {
              "name": "cod.es3250",
              "value": 0.47
            },
            {
              "name": "cod.es3450",
              "value": 1.25
            },
            {
              "name": "cod.es3490",
              "value": 0.36
            },
            {
              "name": "cod.es3530",
              "value": 3.48
            },
            {
              "name": "cod.es3570",
              "value": 0
            }
          ],
          "TC": [
            {
              "name": "cod.es2810",
              "value": 9.52
            },
            {
              "name": "cod.es2850",
              "value": 7.88
            },
            {
              "name": "cod.es3090",
              "value": 8.82
            },
            {
              "name": "cod.es3290",
              "value": 8
            },
            {
              "name": "cod.es3330",
              "value": 18.76
            },
            {
              "name": "cod.es3370",
              "value": 14.77
            },
            {
              "name": "cod.es3410",
              "value": 11.7
            },
            {
              "name": "lb.l0077",
              "value": 20.55
            }
          ],
          "TCS": [
            {
              "name": "cod.es2730",
              "value": 2.29
            },
            {
              "name": "cod.es2770",
              "value": 0.94
            },
            {
              "name": "cod.es2890",
              "value": 1.08
            },
            {
              "name": "cod.es2930",
              "value": 0.86
            },
            {
              "name": "cod.es2970",
              "value": 0.84
            },
            {
              "name": "cod.es3010",
              "value": 1.89
            },
            {
              "name": "cod.es3050",
              "value": 3.14
            },
            {
              "name": "cod.es3130",
              "value": 4.79
            },
            {
              "name": "cod.es3170",
              "value": 0.33
            },
            {
              "name": "cod.es3210",
              "value": 0.05
            },
            {
              "name": "cod.es3250",
              "value": 0.43
            },
            {
              "name": "cod.es3450",
              "value": 0.99
            },
            {
              "name": "cod.es3490",
              "value": 0.25
            },
            {
              "name": "cod.es3530",
              "value": 2.68
            },
            {
              "name": "cod.es3570",
              "value": 0
            }
          ],
          "DTT": [
            {
              "H": "cod.es0",
              "Hid": 0,
              "FFt": 280735.68,
              "FFtD": -11.59,
              "FPz": 34599,
              "FPzD": -10.94,
              "FQt": 100,
              "MFt": 481177.306648649,
              "MFtD": -2.51,
              "MPz": 66224.3243243243,
              "MPzD": -1.63,
              "MQt": 100,
              "CFt": 318471.028181818,
              "CFtD": -4.62,
              "CPz": 43900.7454545455,
              "CPzD": -3.11,
              "CQt": 100
            },
            {
              "H": "cod.es2730",
              "Hid": 2730,
              "FFt": 13385.66,
              "FFtD": -15.98,
              "FPz": 1432,
              "FPzD": -15.96,
              "FQt": 4.14,
              "MFt": 15289.2988648649,
              "MFtD": -1.02,
              "MPz": 1766.33513513514,
              "MPzD": -2.58,
              "MQt": 2.67,
              "CFt": 8578.42545454546,
              "CFtD": -2.22,
              "CPz": 1003.29090909091,
              "CPzD": -3.82,
              "CQt": 2.29
            },
            {
              "H": "cod.es2770",
              "Hid": 2770,
              "FFt": 3676.11,
              "FFtD": -12.42,
              "FPz": 276,
              "FPzD": -4.5,
              "FQt": 0.8,
              "MFt": 7089.43324324324,
              "MFtD": 0.55,
              "MPz": 570.897297297297,
              "MPzD": -1.93,
              "MQt": 0.86,
              "CFt": 5249.15363636364,
              "CFtD": -0.55,
              "CPz": 413.709090909091,
              "CPzD": -3.09,
              "CQt": 0.94
            },
            {
              "H": "cod.es2810",
              "Hid": 2810,
              "FFt": 16663.73,
              "FFtD": -4.23,
              "FPz": 4133,
              "FPzD": -7.95,
              "FQt": 11.95,
              "MFt": 19272.2765405405,
              "MFtD": 3.05,
              "MPz": 5835.52432432432,
              "MPzD": 0.39,
              "MQt": 8.81,
              "CFt": 12591.9829090909,
              "CFtD": 0.07,
              "CPz": 4179.12727272727,
              "CPzD": -0.93,
              "CQt": 9.52
            },
            {
              "H": "cod.es2850",
              "Hid": 2850,
              "FFt": 30457.06,
              "FFtD": -22.18,
              "FPz": 2253,
              "FPzD": -11.92,
              "FQt": 6.51,
              "MFt": 75523.9875135135,
              "MFtD": -13.28,
              "MPz": 5309.22702702703,
              "MPzD": -7.87,
              "MQt": 8.02,
              "CFt": 52353.6863636364,
              "CFtD": -14.34,
              "CPz": 3459.18181818182,
              "CPzD": -9.14,
              "CQt": 7.88
            },
            {
              "H": "cod.es2890",
              "Hid": 2890,
              "FFt": 12228.5,
              "FFtD": -22.38,
              "FPz": 617,
              "FPzD": -20.28,
              "FQt": 1.78,
              "MFt": 11823.8361081081,
              "MFtD": 0.63,
              "MPz": 828.762162162162,
              "MPzD": -3.95,
              "MQt": 1.25,
              "CFt": 6504.03981818182,
              "CFtD": -2.01,
              "CPz": 474.709090909091,
              "CPzD": -7.23,
              "CQt": 1.08
            },
            {
              "H": "cod.es2930",
              "Hid": 2930,
              "FFt": 10401.5,
              "FFtD": -22.01,
              "FPz": 1173,
              "FPzD": -33.95,
              "FQt": 3.39,
              "MFt": 7836.4792972973,
              "MFtD": -9.52,
              "MPz": 597.783783783784,
              "MPzD": -14.59,
              "MQt": 0.9,
              "CFt": 5093.54454545455,
              "CFtD": -9.37,
              "CPz": 375.381818181818,
              "CPzD": -8.88,
              "CQt": 0.86
            },
            {
              "H": "cod.es2970",
              "Hid": 2970,
              "FFt": 4729.66,
              "FFtD": -12.24,
              "FPz": 372,
              "FPzD": -12.47,
              "FQt": 1.08,
              "MFt": 5121.04918918919,
              "MFtD": 4.06,
              "MPz": 586.821621621622,
              "MPzD": 0.54,
              "MQt": 0.89,
              "CFt": 3018.65781818182,
              "CFtD": 1.9,
              "CPz": 367.781818181818,
              "CPzD": -1.25,
              "CQt": 0.84
            },
            {
              "H": "cod.es3010",
              "Hid": 3010,
              "FFt": 9483.87,
              "FFtD": -14.96,
              "FPz": 1631,
              "FPzD": -23.36,
              "FQt": 4.71,
              "MFt": 10141.3421081081,
              "MFtD": -0.19,
              "MPz": 1599.13513513514,
              "MPzD": -3.83,
              "MQt": 2.41,
              "CFt": 5237.49454545455,
              "CFtD": -1.88,
              "CPz": 828.072727272727,
              "CPzD": -6.01,
              "CQt": 1.89
            },
            {
              "H": "cod.es3050",
              "Hid": 3050,
              "FFt": 12061.01,
              "FFtD": -7.43,
              "FPz": 1412,
              "FPzD": -13.05,
              "FQt": 4.08,
              "MFt": 19249.6401081081,
              "MFtD": 1.04,
              "MPz": 2500.07027027027,
              "MPzD": 1.33,
              "MQt": 3.78,
              "CFt": 10598.9310909091,
              "CFtD": -1.2,
              "CPz": 1378.10909090909,
              "CPzD": -0.85,
              "CQt": 3.14
            },
            {
              "H": "cod.es3090",
              "Hid": 3090,
              "FFt": 12207.12,
              "FFtD": -4.88,
              "FPz": 1271,
              "FPzD": -18.47,
              "FQt": 3.67,
              "MFt": 32456.9771891892,
              "MFtD": -1.47,
              "MPz": 5339.65945945946,
              "MPzD": -5.19,
              "MQt": 8.06,
              "CFt": 23048.95,
              "CFtD": -3.37,
              "CPz": 3871.94545454545,
              "CPzD": -6.42,
              "CQt": 8.82
            },
            {
              "H": "cod.es3130",
              "Hid": 3130,
              "FFt": 24707.9,
              "FFtD": 0.45,
              "FPz": 2406,
              "FPzD": -4.14,
              "FQt": 6.95,
              "MFt": 31528.6645945946,
              "MFtD": 3.21,
              "MPz": 3398.16216216216,
              "MPzD": -1.36,
              "MQt": 5.13,
              "CFt": 19818.9910909091,
              "CFtD": 1.18,
              "CPz": 2101.67272727273,
              "CPzD": -3.06,
              "CQt": 4.79
            },
            {
              "H": "cod.es3170",
              "Hid": 3170,
              "FFt": 1770.89,
              "FFtD": -37.43,
              "FPz": 128,
              "FPzD": -42.34,
              "FQt": 0.37,
              "MFt": 3702.18464864865,
              "MFtD": -0.1,
              "MPz": 253.308108108108,
              "MPzD": -6.67,
              "MQt": 0.38,
              "CFt": 2299.792,
              "CFtD": 0.38,
              "CPz": 145.127272727273,
              "CPzD": -7.95,
              "CQt": 0.33
            },
            {
              "H": "cod.es3210",
              "Hid": 3210,
              "FFt": 1069.41,
              "FFtD": -52.77,
              "FPz": 26,
              "FPzD": -44.68,
              "FQt": 0.08,
              "MFt": 1321.86037837838,
              "MFtD": -15.74,
              "MPz": 40.8810810810811,
              "MPzD": -17.88,
              "MQt": 0.06,
              "CFt": 582.370545454545,
              "CFtD": -18.85,
              "CPz": 20.6727272727273,
              "CPzD": -25.34,
              "CQt": 0.05
            },
            {
              "H": "cod.es3250",
              "Hid": 3250,
              "FFt": 2081.77,
              "FFtD": -0.65,
              "FPz": 179,
              "FPzD": -8.21,
              "FQt": 0.52,
              "MFt": 3639.57616216216,
              "MFtD": 4.96,
              "MPz": 310.978378378378,
              "MPzD": 1.82,
              "MQt": 0.47,
              "CFt": 2204.90454545455,
              "CFtD": 3.26,
              "CPz": 188.236363636364,
              "CPzD": 1.59,
              "CQt": 0.43
            },
            {
              "H": "cod.es3290",
              "Hid": 3290,
              "FFt": 17995.7,
              "FFtD": -6.97,
              "FPz": 1887,
              "FPzD": -5.03,
              "FQt": 5.45,
              "MFt": 44430.5825405405,
              "MFtD": -5.32,
              "MPz": 4515.6,
              "MPzD": -0.04,
              "MQt": 6.82,
              "CFt": 33304.1587272727,
              "CFtD": -7.71,
              "CPz": 3511.34545454545,
              "CPzD": 2.57,
              "CQt": 8
            },
            {
              "H": "cod.es3330",
              "Hid": 3330,
              "FFt": 26891.82,
              "FFtD": -3.59,
              "FPz": 4805,
              "FPzD": -6.5,
              "FQt": 13.89,
              "MFt": 72822.9675135135,
              "MFtD": 0.23,
              "MPz": 10968.2540540541,
              "MPzD": 1.5,
              "MQt": 16.56,
              "CFt": 58309.1092727273,
              "CFtD": -1.2,
              "CPz": 8236.96363636364,
              "CPzD": 0.1,
              "CQt": 18.76
            },
            {
              "H": "cod.es3370",
              "Hid": 3370,
              "FFt": 21201.62,
              "FFtD": -3.38,
              "FPz": 3962,
              "FPzD": -4.76,
              "FQt": 11.45,
              "MFt": 35580.5293513514,
              "MFtD": 0.77,
              "MPz": 9734.4,
              "MPzD": -2.02,
              "MQt": 14.7,
              "CFt": 22454.0652727273,
              "CFtD": -2.68,
              "CPz": 6482.96363636364,
              "CPzD": -6.04,
              "CQt": 14.77
            },
            {
              "H": "cod.es3410",
              "Hid": 3410,
              "FFt": 21634.18,
              "FFtD": -9.48,
              "FPz": 3601,
              "FPzD": -4.25,
              "FQt": 10.41,
              "MFt": 49451.0055135135,
              "MFtD": 0.31,
              "MPz": 8698.73513513514,
              "MPzD": -0.27,
              "MQt": 13.14,
              "CFt": 29450.6352727273,
              "CFtD": -2.8,
              "CPz": 5138.12727272727,
              "CPzD": -1.98,
              "CQt": 11.7
            },
            {
              "H": "cod.es3450",
              "Hid": 3450,
              "FFt": 14938.28,
              "FFtD": -23.73,
              "FPz": 854,
              "FPzD": -21.14,
              "FQt": 2.47,
              "MFt": 12418.308,
              "MFtD": 3.45,
              "MPz": 825.172972972973,
              "MPzD": 0.05,
              "MQt": 1.25,
              "CFt": 6343.14672727273,
              "CFtD": 3.06,
              "CPz": 435.454545454545,
              "CPzD": -0.73,
              "CQt": 0.99
            },
            {
              "H": "cod.es3490",
              "Hid": 3490,
              "FFt": 6672.53,
              "FFtD": -14.6,
              "FPz": 376,
              "FPzD": -17.54,
              "FQt": 1.09,
              "MFt": 4058.13567567568,
              "MFtD": -1.01,
              "MPz": 241.324324324324,
              "MPzD": -3.47,
              "MQt": 0.36,
              "CFt": 1882.17490909091,
              "CFtD": -4.82,
              "CPz": 110.690909090909,
              "CPzD": -6.9,
              "CQt": 0.25
            },
            {
              "H": "cod.es3530",
              "Hid": 3530,
              "FFt": 16477.36,
              "FFtD": -3.8,
              "FPz": 1805,
              "FPzD": -8,
              "FQt": 5.22,
              "MFt": 18419.1721081081,
              "MFtD": 1.19,
              "MPz": 2303.29189189189,
              "MPzD": -0.62,
              "MQt": 3.48,
              "CFt": 9546.81363636364,
              "CFtD": -1.09,
              "CPz": 1178.18181818182,
              "CPzD": -3.23,
              "CQt": 2.68
            },
            {
              "H": "cod.es3570",
              "Hid": 3570,
              "FFt": 0,
              "FFtD": null,
              "FPz": 0,
              "FPzD": null,
              "FQt": 0,
              "MFt": 0,
              "MFtD": null,
              "MPz": 0,
              "MPzD": null,
              "MQt": 0,
              "CFt": 0,
              "CFtD": null,
              "CPz": 0,
              "CPzD": null,
              "CQt": 0
            }
          ]
        },
        {
          "CSZ": "Commerciale",
          "TF": [
            {
              "name": "cod.es2730",
              "value": 7.19
            },
            {
              "name": "cod.es2810",
              "value": 5.22
            },
            {
              "name": "cod.es2850",
              "value": 7.76
            },
            {
              "name": "cod.es2930",
              "value": 7.11
            },
            {
              "name": "cod.es3010",
              "value": 10
            },
            {
              "name": "cod.es3050",
              "value": 7.19
            },
            {
              "name": "cod.es3130",
              "value": 6.64
            },
            {
              "name": "cod.es3370",
              "value": 11.52
            },
            {
              "name": "cod.es3410",
              "value": 5.94
            },
            {
              "name": "cod.es3450",
              "value": 5.23
            },
            {
              "name": "cod.es3530",
              "value": 10.98
            },
            {
              "name": "lb.l0077",
              "value": 15.22
            }
          ],
          "TFS": [
            {
              "name": "cod.es2770",
              "value": 1.2
            },
            {
              "name": "cod.es2890",
              "value": 3.52
            },
            {
              "name": "cod.es2970",
              "value": 1.53
            },
            {
              "name": "cod.es3090",
              "value": 3.71
            },
            {
              "name": "cod.es3170",
              "value": 0.59
            },
            {
              "name": "cod.es3210",
              "value": 0.16
            },
            {
              "name": "cod.es3250",
              "value": 0.86
            },
            {
              "name": "cod.es3290",
              "value": 1.05
            },
            {
              "name": "cod.es3330",
              "value": 0.31
            },
            {
              "name": "cod.es3490",
              "value": 2.3
            },
            {
              "name": "cod.es3570",
              "value": 0
            }
          ],
          "TM": [
            {
              "name": "cod.es2730",
              "value": 6.47
            },
            {
              "name": "cod.es2850",
              "value": 10.34
            },
            {
              "name": "cod.es3010",
              "value": 8.11
            },
            {
              "name": "cod.es3050",
              "value": 8.69
            },
            {
              "name": "cod.es3130",
              "value": 6.02
            },
            {
              "name": "cod.es3370",
              "value": 11.8
            },
            {
              "name": "cod.es3410",
              "value": 9.29
            },
            {
              "name": "cod.es3530",
              "value": 11.62
            },
            {
              "name": "lb.l0077",
              "value": 27.66
            }
          ],
          "TMS": [
            {
              "name": "cod.es2770",
              "value": 1.92
            },
            {
              "name": "cod.es2810",
              "value": 4.17
            },
            {
              "name": "cod.es2890",
              "value": 3.78
            },
            {
              "name": "cod.es2930",
              "value": 3.01
            },
            {
              "name": "cod.es2970",
              "value": 1.86
            },
            {
              "name": "cod.es3090",
              "value": 4.42
            },
            {
              "name": "cod.es3170",
              "value": 1.01
            },
            {
              "name": "cod.es3210",
              "value": 0.21
            },
            {
              "name": "cod.es3250",
              "value": 1.05
            },
            {
              "name": "cod.es3290",
              "value": 0.76
            },
            {
              "name": "cod.es3330",
              "value": 0.07
            },
            {
              "name": "cod.es3450",
              "value": 4.19
            },
            {
              "name": "cod.es3490",
              "value": 1.21
            },
            {
              "name": "cod.es3570",
              "value": 0
            }
          ],
          "TC": [
            {
              "name": "cod.es2730",
              "value": 6.65
            },
            {
              "name": "cod.es2850",
              "value": 11.5
            },
            {
              "name": "cod.es3010",
              "value": 7.71
            },
            {
              "name": "cod.es3050",
              "value": 8.62
            },
            {
              "name": "cod.es3130",
              "value": 5.99
            },
            {
              "name": "cod.es3370",
              "value": 11.47
            },
            {
              "name": "cod.es3410",
              "value": 8.85
            },
            {
              "name": "cod.es3530",
              "value": 10.9
            },
            {
              "name": "lb.l0077",
              "value": 28.31
            }
          ],
          "TCS": [
            {
              "name": "cod.es2770",
              "value": 2.43
            },
            {
              "name": "cod.es2810",
              "value": 4.1
            },
            {
              "name": "cod.es2890",
              "value": 3.84
            },
            {
              "name": "cod.es2930",
              "value": 3.47
            },
            {
              "name": "cod.es2970",
              "value": 1.88
            },
            {
              "name": "cod.es3090",
              "value": 4.44
            },
            {
              "name": "cod.es3170",
              "value": 1.01
            },
            {
              "name": "cod.es3210",
              "value": 0.19
            },
            {
              "name": "cod.es3250",
              "value": 1.18
            },
            {
              "name": "cod.es3290",
              "value": 0.62
            },
            {
              "name": "cod.es3330",
              "value": 0.08
            },
            {
              "name": "cod.es3450",
              "value": 4.05
            },
            {
              "name": "cod.es3490",
              "value": 1
            },
            {
              "name": "cod.es3570",
              "value": 0
            }
          ],
          "DTT": [
            {
              "H": "cod.es0",
              "Hid": 0,
              "FFt": 170504.38,
              "FFtD": -11.2,
              "FPz": 16317,
              "FPzD": -13.61,
              "FQt": 100,
              "MFt": 187065.106486486,
              "MFtD": 3.3,
              "MPz": 19706.4378378378,
              "MPzD": 0.42,
              "MQt": 100,
              "CFt": 101998.25,
              "CFtD": 1.49,
              "CPz": 10742.4181818182,
              "CPzD": -1.62,
              "CQt": 100
            },
            {
              "H": "cod.es2730",
              "Hid": 2730,
              "FFt": 9445.55,
              "FFtD": -17.23,
              "FPz": 1174,
              "FPzD": -16.86,
              "FQt": 7.19,
              "MFt": 9992.12697297297,
              "MFtD": 0.81,
              "MPz": 1275.88648648649,
              "MPzD": -3.1,
              "MQt": 6.47,
              "CFt": 5603.89454545455,
              "CFtD": 0.25,
              "CPz": 714.563636363636,
              "CPzD": -3.43,
              "CQt": 6.65
            },
            {
              "H": "cod.es2770",
              "Hid": 2770,
              "FFt": 2541.92,
              "FFtD": -9.94,
              "FPz": 196,
              "FPzD": -2.97,
              "FQt": 1.2,
              "MFt": 4225.16643243243,
              "MFtD": -2.5,
              "MPz": 378.637837837838,
              "MPzD": -0.06,
              "MQt": 1.92,
              "CFt": 2996.80581818182,
              "CFtD": -1.44,
              "CPz": 260.872727272727,
              "CPzD": 1.16,
              "CQt": 2.43
            },
            {
              "H": "cod.es2810",
              "Hid": 2810,
              "FFt": 10053.9,
              "FFtD": 1.73,
              "FPz": 851,
              "FPzD": 4.03,
              "FQt": 5.22,
              "MFt": 8455.4107027027,
              "MFtD": 7.1,
              "MPz": 822.410810810811,
              "MPzD": 3.24,
              "MQt": 4.17,
              "CFt": 4492.05672727273,
              "CFtD": 3.09,
              "CPz": 440.563636363636,
              "CPzD": -1.62,
              "CQt": 4.1
            },
            {
              "H": "cod.es2850",
              "Hid": 2850,
              "FFt": 12337.34,
              "FFtD": -1.37,
              "FPz": 1266,
              "FPzD": -7.66,
              "FQt": 7.76,
              "MFt": 18625.1134054054,
              "MFtD": -0.08,
              "MPz": 2036.76216216216,
              "MPzD": -4.51,
              "MQt": 10.34,
              "CFt": 11303.7174545455,
              "CFtD": -1.57,
              "CPz": 1235.76363636364,
              "CPzD": -6.09,
              "CQt": 11.5
            },
            {
              "H": "cod.es2890",
              "Hid": 2890,
              "FFt": 11983.25,
              "FFtD": -21.89,
              "FPz": 574,
              "FPzD": -19.38,
              "FQt": 3.52,
              "MFt": 10891.8422702703,
              "MFtD": 1.26,
              "MPz": 743.978378378378,
              "MPzD": -2.93,
              "MQt": 3.78,
              "CFt": 5786.08181818182,
              "CFtD": -1.09,
              "CPz": 412.127272727273,
              "CPzD": -5.64,
              "CQt": 3.84
            },
            {
              "H": "cod.es2930",
              "Hid": 2930,
              "FFt": 9257.35,
              "FFtD": -23.76,
              "FPz": 1160,
              "FPzD": -34.24,
              "FQt": 7.11,
              "MFt": 7478.47227027027,
              "MFtD": -8.77,
              "MPz": 593.918918918919,
              "MPzD": -14.53,
              "MQt": 3.01,
              "CFt": 4826.76963636364,
              "CFtD": -8.71,
              "CPz": 372.509090909091,
              "CPzD": -8.77,
              "CQt": 3.47
            },
            {
              "H": "cod.es2970",
              "Hid": 2970,
              "FFt": 3956.31,
              "FFtD": -15.71,
              "FPz": 250,
              "FPzD": -11.97,
              "FQt": 1.53,
              "MFt": 3835.45324324324,
              "MFtD": 5.78,
              "MPz": 366.562162162162,
              "MPzD": 1.17,
              "MQt": 1.86,
              "CFt": 2064.56163636364,
              "CFtD": 2.98,
              "CPz": 202.272727272727,
              "CPzD": -1.4,
              "CQt": 1.88
            },
            {
              "H": "cod.es3010",
              "Hid": 3010,
              "FFt": 9483.87,
              "FFtD": -14.96,
              "FPz": 1631,
              "FPzD": -23.36,
              "FQt": 10,
              "MFt": 10141.3421081081,
              "MFtD": -0.19,
              "MPz": 1599.13513513514,
              "MPzD": -3.83,
              "MQt": 8.11,
              "CFt": 5237.49454545455,
              "CFtD": -1.88,
              "CPz": 828.072727272727,
              "CPzD": -6.01,
              "CQt": 7.71
            },
            {
              "H": "cod.es3050",
              "Hid": 3050,
              "FFt": 9677.4,
              "FFtD": -4.88,
              "FPz": 1173,
              "FPzD": -7.35,
              "FQt": 7.19,
              "MFt": 12763.0685945946,
              "MFtD": 4.84,
              "MPz": 1711.94054054054,
              "MPzD": 1.16,
              "MQt": 8.69,
              "CFt": 6828.44109090909,
              "CFtD": 3.94,
              "CPz": 925.872727272727,
              "CPzD": 0.02,
              "CQt": 8.62
            },
            {
              "H": "cod.es3090",
              "Hid": 3090,
              "FFt": 5640.01,
              "FFtD": 2.22,
              "FPz": 605,
              "FPzD": -3.2,
              "FQt": 3.71,
              "MFt": 7242.32913513513,
              "MFtD": 9.61,
              "MPz": 871.167567567568,
              "MPzD": 4.2,
              "MQt": 4.42,
              "CFt": 3990.90745454545,
              "CFtD": 7.71,
              "CPz": 477.454545454545,
              "CPzD": 2.17,
              "CQt": 4.44
            },
            {
              "H": "cod.es3130",
              "Hid": 3130,
              "FFt": 13872.29,
              "FFtD": 2.79,
              "FPz": 1083,
              "FPzD": -1.9,
              "FQt": 6.64,
              "MFt": 13197.5130810811,
              "MFtD": 9.05,
              "MPz": 1185.56216216216,
              "MPzD": 3.11,
              "MQt": 6.02,
              "CFt": 7069.79981818182,
              "CFtD": 6.56,
              "CPz": 643.018181818182,
              "CPzD": 0.35,
              "CQt": 5.99
            },
            {
              "H": "cod.es3170",
              "Hid": 3170,
              "FFt": 1416.83,
              "FFtD": -46.16,
              "FPz": 97,
              "FPzD": -51.5,
              "FQt": 0.59,
              "MFt": 2311.1832972973,
              "MFtD": -6.16,
              "MPz": 198.086486486486,
              "MPzD": -8.52,
              "MQt": 1.01,
              "CFt": 1218.41690909091,
              "CFtD": -8.62,
              "CPz": 108.290909090909,
              "CPzD": -10.17,
              "CQt": 1.01
            },
            {
              "H": "cod.es3210",
              "Hid": 3210,
              "FFt": 1069.41,
              "FFtD": -52.77,
              "FPz": 26,
              "FPzD": -44.68,
              "FQt": 0.16,
              "MFt": 1321.86037837838,
              "MFtD": -15.74,
              "MPz": 40.8810810810811,
              "MPzD": -17.88,
              "MQt": 0.21,
              "CFt": 582.370545454545,
              "CFtD": -18.85,
              "CPz": 20.6727272727273,
              "CPzD": -25.34,
              "CQt": 0.19
            },
            {
              "H": "cod.es3250",
              "Hid": 3250,
              "FFt": 1654.71,
              "FFtD": -5.64,
              "FPz": 140,
              "FPzD": -9.68,
              "FQt": 0.86,
              "MFt": 2278.04718918919,
              "MFtD": 6.67,
              "MPz": 207.437837837838,
              "MPzD": 4.14,
              "MQt": 1.05,
              "CFt": 1414.43690909091,
              "CFtD": 9.08,
              "CPz": 126.945454545455,
              "CPzD": 6.16,
              "CQt": 1.18
            },
            {
              "H": "cod.es3290",
              "Hid": 3290,
              "FFt": 4243.96,
              "FFtD": 1.53,
              "FPz": 172,
              "FPzD": 4.24,
              "FQt": 1.05,
              "MFt": 3344.58221621622,
              "MFtD": 4.86,
              "MPz": 150.2,
              "MPzD": 0.62,
              "MQt": 0.76,
              "CFt": 1549.37981818182,
              "CFtD": 6.46,
              "CPz": 66.9090909090909,
              "CPzD": -2.65,
              "CQt": 0.62
            },
            {
              "H": "cod.es3330",
              "Hid": 3330,
              "FFt": 606.57,
              "FFtD": 19.74,
              "FPz": 50,
              "FPzD": 11.11,
              "FQt": 0.31,
              "MFt": 189.93572972973,
              "MFtD": 0.39,
              "MPz": 14.1081081081081,
              "MPzD": -4.43,
              "MQt": 0.07,
              "CFt": 94.9356363636364,
              "CFtD": 11.71,
              "CPz": 8.30909090909091,
              "CPzD": -0.44,
              "CQt": 0.08
            },
            {
              "H": "cod.es3370",
              "Hid": 3370,
              "FFt": 15562.78,
              "FFtD": 0.08,
              "FPz": 1879,
              "FPzD": -6.1,
              "FQt": 11.52,
              "MFt": 17294.1129189189,
              "MFtD": 9.97,
              "MPz": 2325.6,
              "MPzD": 5.78,
              "MQt": 11.8,
              "CFt": 9362.36727272727,
              "CFtD": 9.55,
              "CPz": 1232.41818181818,
              "CPzD": 4.41,
              "CQt": 11.47
            },
            {
              "H": "cod.es3410",
              "Hid": 3410,
              "FFt": 9917.86,
              "FFtD": -14.72,
              "FPz": 969,
              "FPzD": -11.59,
              "FQt": 5.94,
              "MFt": 18898.9652432432,
              "MFtD": 8.16,
              "MPz": 1831.04864864865,
              "MPzD": 12.1,
              "MQt": 9.29,
              "CFt": 9964.68654545455,
              "CFtD": 3.56,
              "CPz": 951.163636363636,
              "CPzD": 5.23,
              "CQt": 8.85
            },
            {
              "H": "cod.es3450",
              "Hid": 3450,
              "FFt": 14938.28,
              "FFtD": -23.73,
              "FPz": 854,
              "FPzD": -21.14,
              "FQt": 5.23,
              "MFt": 12418.308,
              "MFtD": 3.45,
              "MPz": 825.172972972973,
              "MPzD": 0.05,
              "MQt": 4.19,
              "CFt": 6343.14672727273,
              "CFtD": 3.06,
              "CPz": 435.454545454545,
              "CPzD": -0.73,
              "CQt": 4.05
            },
            {
              "H": "cod.es3490",
              "Hid": 3490,
              "FFt": 6672.53,
              "FFtD": -14.6,
              "FPz": 376,
              "FPzD": -17.54,
              "FQt": 2.3,
              "MFt": 4031.88037837838,
              "MFtD": -1.02,
              "MPz": 238.037837837838,
              "MPzD": -3.52,
              "MQt": 1.21,
              "CFt": 1861.97072727273,
              "CFtD": -4.86,
              "CPz": 107.909090909091,
              "CPzD": -7.4,
              "CQt": 1
            },
            {
              "H": "cod.es3530",
              "Hid": 3530,
              "FFt": 16172.26,
              "FFtD": -4.61,
              "FPz": 1791,
              "FPzD": -8.34,
              "FQt": 10.98,
              "MFt": 18128.3929189189,
              "MFtD": 1.46,
              "MPz": 2289.9027027027,
              "MPzD": -0.52,
              "MQt": 11.62,
              "CFt": 9406.00836363636,
              "CFtD": -0.71,
              "CPz": 1171.25454545455,
              "CPzD": -3.1,
              "CQt": 10.9
            },
            {
              "H": "cod.es3570",
              "Hid": 3570,
              "FFt": 0,
              "FFtD": null,
              "FPz": 0,
              "FPzD": null,
              "FQt": 0,
              "MFt": 0,
              "MFtD": null,
              "MPz": 0,
              "MPzD": null,
              "MQt": 0,
              "CFt": 0,
              "CFtD": null,
              "CPz": 0,
              "CPzD": null,
              "CQt": 0
            }
          ]
        }
      ]
    }
  ]
}
