{
 "TIT":"cod.me130","ISF2V":[{"min": 0, "max": 0}],"ISP2V":[{"min": 0, "max":0 }]   ,"ISF2":[{"name": "lb.l0006","series": [{ "name":"lb.l0052","value":0 },{ "name":"lb.l0053","value":0 },{ "name":"lb.l0054","value":0 },{ "name":"lb.l0055","value":0 },{ "name":"lb.l0056","value":0 },{ "name":"lb.l0057","value":0 },{ "name":"lb.l0058","value":0 },{ "name":"lb.l0059","value":0 },{ "name":"lb.l0060","value":0 },{ "name":"lb.l0061","value":0 },{ "name":"lb.l0062","value":0 },{ "name":"lb.l0063","value":0 }]},{"name": "lb.l0007","series": [{ "name":"lb.l0052","value":0 },{ "name":"lb.l0053","value":0 },{ "name":"lb.l0054","value":0 },{ "name":"lb.l0055","value":0 },{ "name":"lb.l0056","value":0 },{ "name":"lb.l0057","value":0 },{ "name":"lb.l0058","value":0 },{ "name":"lb.l0059","value":0 },{ "name":"lb.l0060","value":0 },{ "name":"lb.l0061","value":0 },{ "name":"lb.l0062","value":0 },{ "name":"lb.l0063","value":0 }]},{"name": "lb.l0008","series": [{ "name":"lb.l0052","value":0 },{ "name":"lb.l0053","value":0 },{ "name":"lb.l0054","value":0 },{ "name":"lb.l0055","value":0 },{ "name":"lb.l0056","value":0 },{ "name":"lb.l0057","value":0 },{ "name":"lb.l0058","value":0 },{ "name":"lb.l0059","value":0 },{ "name":"lb.l0060","value":0 },{ "name":"lb.l0061","value":0 },{ "name":"lb.l0062","value":0 },{ "name":"lb.l0063","value":0 }]}] ,"ISF1":[ {"name": "lb.l0040","series": [{"name":"2019","value":0},{"name":"2018","value":0}]},{"name": "lb.l0041","series": [{"name":"2019","value":0},{"name":"2018","value":0}]},{"name": "lb.l0042","series": [{"name":"2019","value":0},{"name":"2018","value":0}]},{"name": "lb.l0043","series": [{"name":"2019","value":0},{"name":"2018","value":0}]},{"name": "lb.l0044","series": [{"name":"2019","value":0},{"name":"2018","value":0}]},{"name": "lb.l0045","series": [{"name":"2019","value":0},{"name":"2018","value":0}]},{"name": "lb.l0046","series": [{"name":"2019","value":0},{"name":"2018","value":0}]},{"name": "lb.l0047","series": [{"name":"2019","value":0},{"name":"2018","value":0}]},{"name": "lb.l0048","series": [{"name":"2019","value":0},{"name":"2018","value":0}]},{"name": "lb.l0049","series": [{"name":"2019","value":0},{"name":"2018","value":0}]},{"name": "lb.l0050","series": [{"name":"2019","value":0},{"name":"2018","value":0}]},{"name": "lb.l0051","series": [{"name":"2019","value":0},{"name":"2018","value":0}]}],"DTP":[{"PD":"txt.tMAT","TF":[{"name": "cod.me130","value":0}],"TM":[{"name": "cod.me130","value":0}],"TC":[{"name": "cod.me130","value":0}],"DT":[{"H": "cod.me130","FFt":0,"FFtD":0,"FQt":null,"FPz":0,"FPzD":0,"FPr":null,"MFt":0,"MFtD":0,"MQt":null,"MPz":0,"MPzD":0,"MPr":null,"CFt":0,"CFtD":0,"CQt":null,"CPz":0,"CPzD":0,"CPr":null,"Hid":130}]},{"PD":"txt.tYTD","TF":[{"name": "cod.me130","value":0}],"TM":[{"name": "cod.me130","value":0}],"TC":[{"name": "cod.me130","value":0}],"DT":[{"H": "cod.me130","FFt":0,"FFtD":0,"FQt":null,"FPz":0,"FPzD":0,"FPr":null,"MFt":0,"MFtD":0,"MQt":null,"MPz":0,"MPzD":0,"MPr":null,"CFt":0,"CFtD":0,"CQt":null,"CPz":0,"CPzD":0,"CPr":null,"Hid":130}]},{"PD":"txt.tBIM","TF":[{"name": "cod.me130","value":0}],"TM":[{"name": "cod.me130","value":0}],"TC":[{"name": "cod.me130","value":0}],"DT":[{"H": "cod.me130","FFt":0,"FFtD":0,"FQt":null,"FPz":0,"FPzD":0,"FPr":null,"MFt":0,"MFtD":0,"MQt":null,"MPz":0,"MPzD":0,"MPr":null,"CFt":0,"CFtD":0,"CQt":null,"CPz":0,"CPzD":0,"CPr":null,"Hid":130}]},{"PD":"txt.t12/12/2019","TF":[{"name": "cod.me130","value":0}],"TM":[{"name": "cod.me130","value":0}],"TC":[{"name": "cod.me130","value":0}],"DT":[{"H": "cod.me130","FFt":0,"FFtD":0,"FQt":null,"FPz":0,"FPzD":0,"FPr":null,"MFt":0,"MFtD":0,"MQt":null,"MPz":0,"MPzD":0,"MPr":null,"CFt":0,"CFtD":0,"CQt":null,"CPz":0,"CPzD":0,"CPr":null,"Hid":130}]}]}