{
 "TIT":"cod.me140","ISF2V":[{"min": 1170, "max": 5650}],"ISP2V":[{"min": 1170, "max":5650 }]   ,"ISF2":[{"name": "lb.l0006","series": [{ "name":"lb.l0052","value":5647.67 },{ "name":"lb.l0053","value":4519.46 },{ "name":"lb.l0054","value":5545.8 },{ "name":"lb.l0055","value":4780.69 },{ "name":"lb.l0056","value":4488.92 },{ "name":"lb.l0057","value":4063.59 },{ "name":"lb.l0058","value":3588.92 },{ "name":"lb.l0059","value":3161.87 },{ "name":"lb.l0060","value":3860.63 },{ "name":"lb.l0061","value":5007.27 },{ "name":"lb.l0062","value":4155.96 },{ "name":"lb.l0063","value":4342.17 }]},{"name": "lb.l0007","series": [{ "name":"lb.l0052","value":4110.88362162162 },{ "name":"lb.l0053","value":3782.87745945946 },{ "name":"lb.l0054","value":4235.96675675676 },{ "name":"lb.l0055","value":4146.95232432432 },{ "name":"lb.l0056","value":4218.45994594595 },{ "name":"lb.l0057","value":3844.37681081081 },{ "name":"lb.l0058","value":4202.60335135135 },{ "name":"lb.l0059","value":3730.09875675676 },{ "name":"lb.l0060","value":4033.44578378378 },{ "name":"lb.l0061","value":4493.02713513513 },{ "name":"lb.l0062","value":4117.23545945946 },{ "name":"lb.l0063","value":3908.45210810811 }]},{"name": "lb.l0008","series": [{ "name":"lb.l0052","value":2045.24490909091 },{ "name":"lb.l0053","value":1838.49018181818 },{ "name":"lb.l0054","value":2098.74745454545 },{ "name":"lb.l0055","value":1994.85654545455 },{ "name":"lb.l0056","value":2099.00690909091 },{ "name":"lb.l0057","value":1921.84763636364 },{ "name":"lb.l0058","value":2046.48090909091 },{ "name":"lb.l0059","value":1680.84927272727 },{ "name":"lb.l0060","value":1904.48727272727 },{ "name":"lb.l0061","value":2188.38290909091 },{ "name":"lb.l0062","value":2062.64672727273 },{ "name":"lb.l0063","value":1816.844 }]}] ,"ISF1":[ {"name": "lb.l0040","series": [{"name":"2019","value":5647.67},{"name":"2018","value":4867.53}]},{"name": "lb.l0041","series": [{"name":"2019","value":10167.13},{"name":"2018","value":10425.68}]},{"name": "lb.l0042","series": [{"name":"2019","value":15712.93},{"name":"2018","value":16346.3}]},{"name": "lb.l0043","series": [{"name":"2019","value":20493.62},{"name":"2018","value":22299.57}]},{"name": "lb.l0044","series": [{"name":"2019","value":24982.54},{"name":"2018","value":27452.69}]},{"name": "lb.l0045","series": [{"name":"2019","value":29046.13},{"name":"2018","value":32399.39}]},{"name": "lb.l0046","series": [{"name":"2019","value":32635.05},{"name":"2018","value":38509.54}]},{"name": "lb.l0047","series": [{"name":"2019","value":35796.92},{"name":"2018","value":42902.45}]},{"name": "lb.l0048","series": [{"name":"2019","value":39657.55},{"name":"2018","value":47941.52}]},{"name": "lb.l0049","series": [{"name":"2019","value":44664.82},{"name":"2018","value":53916.84}]},{"name": "lb.l0050","series": [{"name":"2019","value":48820.78},{"name":"2018","value":59348.02}]},{"name": "lb.l0051","series": [{"name":"2019","value":53162.95},{"name":"2018","value":63745.47}]}],"DTP":[{"PD":"txt.tMAT","TF":[{"name": "cod.me140","value":53162.95}],"TM":[{"name": "cod.me140","value":48824.3795135135}],"TC":[{"name": "cod.me140","value":23697.8847272727}],"DT":[{"H": "cod.me140","FFt":53162.95,"FFtD":-16.6,"FQt":100,"FPz":2664,"FPzD":-13.9,"FPr":19.96,"MFt":48824.38,"MFtD":1.65,"MQt":100,"MPz":2837,"MPzD":-0.56,"MPr":17.21,"CFt":23697.88,"CFtD":-0.54,"CQt":100,"CPz":1417,"CPzD":-3.5,"CPr":16.72,"Hid":140}]},{"PD":"txt.tYTD","TF":[{"name": "cod.me140","value":53162.95}],"TM":[{"name": "cod.me140","value":48824.3795135135}],"TC":[{"name": "cod.me140","value":23697.8847272727}],"DT":[{"H": "cod.me140","FFt":53162.95,"FFtD":-16.6,"FQt":100,"FPz":2664,"FPzD":-13.9,"FPr":19.96,"MFt":48824.38,"MFtD":1.65,"MQt":100,"MPz":2837,"MPzD":-0.56,"MPr":17.21,"CFt":23697.88,"CFtD":-0.54,"CQt":100,"CPz":1417,"CPzD":-3.5,"CPr":16.72,"Hid":140}]},{"PD":"txt.tBIM","TF":[{"name": "cod.me140","value":8498.13}],"TM":[{"name": "cod.me140","value":8025.68756756757}],"TC":[{"name": "cod.me140","value":3879.49072727273}],"DT":[{"H": "cod.me140","FFt":8498.13,"FFtD":-13.54,"FQt":100,"FPz":426,"FPzD":-10.69,"FPr":19.95,"MFt":8025.688,"MFtD":1.12,"MQt":100,"MPz":463,"MPzD":-1.58,"MPr":17.34,"CFt":3879.491,"CFtD":-0.38,"CQt":100,"CPz":231,"CPzD":-2.32,"CPr":16.8,"Hid":140}]},{"PD":"txt.t12/12/2019","TF":[{"name": "cod.me140","value":4342.17}],"TM":[{"name": "cod.me140","value":3908.45210810811}],"TC":[{"name": "cod.me140","value":1816.844}],"DT":[{"H": "cod.me140","FFt":4342.17,"FFtD":-1.26,"FQt":100,"FPz":212,"FPzD":1.44,"FPr":20.48,"MFt":3908.452,"MFtD":1.83,"MQt":100,"MPz":227,"MPzD":-1.08,"MPr":17.22,"CFt":1816.844,"CFtD":-0.68,"CQt":100,"CPz":108,"CPzD":-4.46,"CPr":16.86,"Hid":140}]}]}