{
 "TIT":"cod.me210","ISF2V":[{"min": 220, "max": 840}],"ISP2V":[{"min": 220, "max":840 }]   ,"ISF2":[{"name": "lb.l0006","series": [{ "name":"lb.l0052","value":768.16 },{ "name":"lb.l0053","value":618.66 },{ "name":"lb.l0054","value":601.57 },{ "name":"lb.l0055","value":615.8 },{ "name":"lb.l0056","value":495.44 },{ "name":"lb.l0057","value":441.38 },{ "name":"lb.l0058","value":502.02 },{ "name":"lb.l0059","value":343.13 },{ "name":"lb.l0060","value":521.78 },{ "name":"lb.l0061","value":450.28 },{ "name":"lb.l0062","value":368.14 },{ "name":"lb.l0063","value":435.74 }]},{"name": "lb.l0007","series": [{ "name":"lb.l0052","value":753.064054054054 },{ "name":"lb.l0053","value":767.591135135135 },{ "name":"lb.l0054","value":817.735243243243 },{ "name":"lb.l0055","value":830.476108108108 },{ "name":"lb.l0056","value":839.978486486487 },{ "name":"lb.l0057","value":763.490756756757 },{ "name":"lb.l0058","value":816.604216216216 },{ "name":"lb.l0059","value":662.602594594595 },{ "name":"lb.l0060","value":715.978918918919 },{ "name":"lb.l0061","value":823.205297297297 },{ "name":"lb.l0062","value":704.219945945946 },{ "name":"lb.l0063","value":650.775783783784 }]},{"name": "lb.l0008","series": [{ "name":"lb.l0052","value":422.189818181818 },{ "name":"lb.l0053","value":359.558363636364 },{ "name":"lb.l0054","value":456.933818181818 },{ "name":"lb.l0055","value":423.632 },{ "name":"lb.l0056","value":454.758545454545 },{ "name":"lb.l0057","value":417.175636363636 },{ "name":"lb.l0058","value":394.349272727273 },{ "name":"lb.l0059","value":318.595636363636 },{ "name":"lb.l0060","value":360.650727272727 },{ "name":"lb.l0061","value":401.046181818182 },{ "name":"lb.l0062","value":355.324545454545 },{ "name":"lb.l0063","value":353.171636363636 }]}] ,"ISF1":[ {"name": "lb.l0040","series": [{"name":"2019","value":768.16},{"name":"2018","value":807.38}]},{"name": "lb.l0041","series": [{"name":"2019","value":1386.82},{"name":"2018","value":1865.36}]},{"name": "lb.l0042","series": [{"name":"2019","value":1988.39},{"name":"2018","value":2715.94}]},{"name": "lb.l0043","series": [{"name":"2019","value":2604.19},{"name":"2018","value":3458.3}]},{"name": "lb.l0044","series": [{"name":"2019","value":3099.63},{"name":"2018","value":4347.28}]},{"name": "lb.l0045","series": [{"name":"2019","value":3541.01},{"name":"2018","value":5289.74}]},{"name": "lb.l0046","series": [{"name":"2019","value":4043.03},{"name":"2018","value":6103.28}]},{"name": "lb.l0047","series": [{"name":"2019","value":4386.16},{"name":"2018","value":6451.64}]},{"name": "lb.l0048","series": [{"name":"2019","value":4907.94},{"name":"2018","value":7121.94}]},{"name": "lb.l0049","series": [{"name":"2019","value":5358.22},{"name":"2018","value":7779.65}]},{"name": "lb.l0050","series": [{"name":"2019","value":5726.36},{"name":"2018","value":8900.87}]},{"name": "lb.l0051","series": [{"name":"2019","value":6162.1},{"name":"2018","value":9440.62}]}],"DTP":[{"PD":"txt.tMAT","TF":[{"name": "cod.me210","value":6162.1}],"TM":[{"name": "cod.me210","value":9145.72254054054}],"TC":[{"name": "cod.me210","value":4717.38618181818}],"DT":[{"H": "cod.me210","FFt":6162.1,"FFtD":-34.73,"FQt":100,"FPz":1174,"FPzD":-33.75,"FPr":5.25,"MFt":9145.723,"MFtD":-6.52,"MQt":100,"MPz":788,"MPzD":-8.39,"MPr":11.6,"CFt":4717.386,"CFtD":-10.31,"CQt":100,"CPz":422,"CPzD":-9.46,"CPr":11.19,"Hid":210}]},{"PD":"txt.tYTD","TF":[{"name": "cod.me210","value":6162.1}],"TM":[{"name": "cod.me210","value":9145.72254054054}],"TC":[{"name": "cod.me210","value":4717.38618181818}],"DT":[{"H": "cod.me210","FFt":6162.1,"FFtD":-34.73,"FQt":100,"FPz":1174,"FPzD":-33.75,"FPr":5.25,"MFt":9145.723,"MFtD":-6.52,"MQt":100,"MPz":788,"MPzD":-8.39,"MPr":11.6,"CFt":4717.386,"CFtD":-10.31,"CQt":100,"CPz":422,"CPzD":-9.46,"CPr":11.19,"Hid":210}]},{"PD":"txt.tBIM","TF":[{"name": "cod.me210","value":803.88}],"TM":[{"name": "cod.me210","value":1354.99572972973}],"TC":[{"name": "cod.me210","value":708.496181818182}],"DT":[{"H": "cod.me210","FFt":803.88,"FFtD":-51.6,"FQt":100,"FPz":190,"FPzD":-24.9,"FPr":4.23,"MFt":1354.996,"MFtD":-10.78,"MQt":100,"MPz":110,"MPzD":-10.57,"MPr":12.36,"CFt":708.4962,"CFtD":-4.77,"CQt":100,"CPz":59,"CPzD":-2.87,"CPr":12,"Hid":210}]},{"PD":"txt.t12/12/2019","TF":[{"name": "cod.me210","value":435.74}],"TM":[{"name": "cod.me210","value":650.775783783784}],"TC":[{"name": "cod.me210","value":353.171636363636}],"DT":[{"H": "cod.me210","FFt":435.74,"FFtD":-19.27,"FQt":100,"FPz":94,"FPzD":-12.15,"FPr":4.64,"MFt":650.7758,"MFtD":-10.4,"MQt":100,"MPz":51,"MPzD":-11.78,"MPr":12.67,"CFt":353.1716,"CFtD":1.43,"CQt":100,"CPz":27,"CPzD":-8.05,"CPr":12.98,"Hid":210}]}]}