{
 "TIT":"cod.me250","ISF2V":[{"min": 160, "max": 900}],"ISP2V":[{"min": 160, "max":900 }]   ,"ISF2":[{"name": "lb.l0006","series": [{ "name":"lb.l0052","value":682.13 },{ "name":"lb.l0053","value":743.47 },{ "name":"lb.l0054","value":891.47 },{ "name":"lb.l0055","value":566.25 },{ "name":"lb.l0056","value":759.79 },{ "name":"lb.l0057","value":625.85 },{ "name":"lb.l0058","value":726.8 },{ "name":"lb.l0059","value":586.4 },{ "name":"lb.l0060","value":492.78 },{ "name":"lb.l0061","value":833.1 },{ "name":"lb.l0062","value":677.07 },{ "name":"lb.l0063","value":486.3 }]},{"name": "lb.l0007","series": [{ "name":"lb.l0052","value":558.656756756757 },{ "name":"lb.l0053","value":566.351891891892 },{ "name":"lb.l0054","value":626.489027027027 },{ "name":"lb.l0055","value":600.696216216216 },{ "name":"lb.l0056","value":614.526378378378 },{ "name":"lb.l0057","value":592.196756756757 },{ "name":"lb.l0058","value":652.824702702703 },{ "name":"lb.l0059","value":538.822162162162 },{ "name":"lb.l0060","value":544.773621621622 },{ "name":"lb.l0061","value":606.696108108108 },{ "name":"lb.l0062","value":605.053945945946 },{ "name":"lb.l0063","value":571.789405405405 }]},{"name": "lb.l0008","series": [{ "name":"lb.l0052","value":265.731454545455 },{ "name":"lb.l0053","value":270.510363636364 },{ "name":"lb.l0054","value":303.529454545455 },{ "name":"lb.l0055","value":267.567272727273 },{ "name":"lb.l0056","value":309.050727272727 },{ "name":"lb.l0057","value":281.999818181818 },{ "name":"lb.l0058","value":298.709818181818 },{ "name":"lb.l0059","value":234.811090909091 },{ "name":"lb.l0060","value":256.815090909091 },{ "name":"lb.l0061","value":285.39 },{ "name":"lb.l0062","value":303.503090909091 },{ "name":"lb.l0063","value":265.504545454545 }]}] ,"ISF1":[ {"name": "lb.l0040","series": [{"name":"2019","value":682.13},{"name":"2018","value":814.54}]},{"name": "lb.l0041","series": [{"name":"2019","value":1425.6},{"name":"2018","value":1528.26}]},{"name": "lb.l0042","series": [{"name":"2019","value":2317.07},{"name":"2018","value":2514.22}]},{"name": "lb.l0043","series": [{"name":"2019","value":2883.32},{"name":"2018","value":3222.92}]},{"name": "lb.l0044","series": [{"name":"2019","value":3643.11},{"name":"2018","value":4061.57}]},{"name": "lb.l0045","series": [{"name":"2019","value":4268.96},{"name":"2018","value":4769.57}]},{"name": "lb.l0046","series": [{"name":"2019","value":4995.76},{"name":"2018","value":5611.23}]},{"name": "lb.l0047","series": [{"name":"2019","value":5582.16},{"name":"2018","value":6404.55}]},{"name": "lb.l0048","series": [{"name":"2019","value":6074.94},{"name":"2018","value":7034.3}]},{"name": "lb.l0049","series": [{"name":"2019","value":6908.04},{"name":"2018","value":7881.68}]},{"name": "lb.l0050","series": [{"name":"2019","value":7585.11},{"name":"2018","value":8608.59}]},{"name": "lb.l0051","series": [{"name":"2019","value":8071.41},{"name":"2018","value":9136.27}]}],"DTP":[{"PD":"txt.tMAT","TF":[{"name": "cod.me250","value":8071.41}],"TM":[{"name": "cod.me250","value":7078.87697297297}],"TC":[{"name": "cod.me250","value":3343.12272727273}],"DT":[{"H": "cod.me250","FFt":8071.41,"FFtD":-11.66,"FQt":100,"FPz":556,"FPzD":-14.98,"FPr":14.52,"MFt":7078.877,"MFtD":3.78,"MQt":100,"MPz":569,"MPzD":1.55,"MPr":12.44,"CFt":3343.123,"CFtD":3.88,"CQt":100,"CPz":288,"CPzD":3.31,"CPr":11.6,"Hid":250}]},{"PD":"txt.tYTD","TF":[{"name": "cod.me250","value":8071.41}],"TM":[{"name": "cod.me250","value":7078.87697297297}],"TC":[{"name": "cod.me250","value":3343.12272727273}],"DT":[{"H": "cod.me250","FFt":8071.41,"FFtD":-11.66,"FQt":100,"FPz":556,"FPzD":-14.98,"FPr":14.52,"MFt":7078.877,"MFtD":3.78,"MQt":100,"MPz":569,"MPzD":1.55,"MPr":12.44,"CFt":3343.123,"CFtD":3.88,"CQt":100,"CPz":288,"CPzD":3.31,"CPr":11.6,"Hid":250}]},{"PD":"txt.tBIM","TF":[{"name": "cod.me250","value":1163.37}],"TM":[{"name": "cod.me250","value":1176.84335135135}],"TC":[{"name": "cod.me250","value":569.007636363636}],"DT":[{"H": "cod.me250","FFt":1163.37,"FFtD":-7.27,"FQt":100,"FPz":79,"FPzD":-11.24,"FPr":14.73,"MFt":1176.843,"MFtD":2.31,"MQt":100,"MPz":93,"MPzD":1.58,"MPr":12.65,"CFt":569.0076,"CFtD":5.17,"CQt":100,"CPz":49,"CPzD":6.63,"CPr":11.66,"Hid":250}]},{"PD":"txt.t12/12/2019","TF":[{"name": "cod.me250","value":486.3}],"TM":[{"name": "cod.me250","value":571.789405405405}],"TC":[{"name": "cod.me250","value":265.504545454545}],"DT":[{"H": "cod.me250","FFt":486.3,"FFtD":-7.84,"FQt":100,"FPz":31,"FPzD":-18.42,"FPr":15.69,"MFt":571.7894,"MFtD":-3.88,"MQt":100,"MPz":45,"MPzD":-5.36,"MPr":12.6,"CFt":265.5045,"CFtD":-3.33,"CQt":100,"CPz":23,"CPzD":-0.31,"CPr":11.43,"Hid":250}]}]}