{
 "TIT":"cod.me260","ISF2V":[{"min": 380, "max": 2140}],"ISP2V":[{"min": 380, "max":2140 }]   ,"ISF2":[{"name": "lb.l0006","series": [{ "name":"lb.l0052","value":1253.1 },{ "name":"lb.l0053","value":1558.97 },{ "name":"lb.l0054","value":1336.88 },{ "name":"lb.l0055","value":1313.05 },{ "name":"lb.l0056","value":1333.64 },{ "name":"lb.l0057","value":991.82 },{ "name":"lb.l0058","value":1442.76 },{ "name":"lb.l0059","value":1040.71 },{ "name":"lb.l0060","value":878.26 },{ "name":"lb.l0061","value":986.28 },{ "name":"lb.l0062","value":1089.42 },{ "name":"lb.l0063","value":604.51 }]},{"name": "lb.l0007","series": [{ "name":"lb.l0052","value":1248.73902702703 },{ "name":"lb.l0053","value":1153.02518918919 },{ "name":"lb.l0054","value":1327.36708108108 },{ "name":"lb.l0055","value":1380.57194594595 },{ "name":"lb.l0056","value":1595.83210810811 },{ "name":"lb.l0057","value":1841.29124324324 },{ "name":"lb.l0058","value":2135.85983783784 },{ "name":"lb.l0059","value":1721.29032432432 },{ "name":"lb.l0060","value":1299.96313513514 },{ "name":"lb.l0061","value":1230.15908108108 },{ "name":"lb.l0062","value":1153.92113513514 },{ "name":"lb.l0063","value":1106.77762162162 }]},{"name": "lb.l0008","series": [{ "name":"lb.l0052","value":620.308 },{ "name":"lb.l0053","value":602.456363636364 },{ "name":"lb.l0054","value":655.745272727273 },{ "name":"lb.l0055","value":649.524181818182 },{ "name":"lb.l0056","value":811.062545454545 },{ "name":"lb.l0057","value":895.524545454545 },{ "name":"lb.l0058","value":1030.33472727273 },{ "name":"lb.l0059","value":756.981636363636 },{ "name":"lb.l0060","value":665.332 },{ "name":"lb.l0061","value":632.732 },{ "name":"lb.l0062","value":564.486181818182 },{ "name":"lb.l0063","value":556.606545454545 }]}] ,"ISF1":[ {"name": "lb.l0040","series": [{"name":"2019","value":1253.1},{"name":"2018","value":944.98}]},{"name": "lb.l0041","series": [{"name":"2019","value":2812.07},{"name":"2018","value":1738.55}]},{"name": "lb.l0042","series": [{"name":"2019","value":4148.95},{"name":"2018","value":3211.12}]},{"name": "lb.l0043","series": [{"name":"2019","value":5462},{"name":"2018","value":4713.13}]},{"name": "lb.l0044","series": [{"name":"2019","value":6795.64},{"name":"2018","value":6201.9}]},{"name": "lb.l0045","series": [{"name":"2019","value":7787.46},{"name":"2018","value":8134.7}]},{"name": "lb.l0046","series": [{"name":"2019","value":9230.22},{"name":"2018","value":9747.19}]},{"name": "lb.l0047","series": [{"name":"2019","value":10270.93},{"name":"2018","value":11238.25}]},{"name": "lb.l0048","series": [{"name":"2019","value":11149.19},{"name":"2018","value":12402.85}]},{"name": "lb.l0049","series": [{"name":"2019","value":12135.47},{"name":"2018","value":13530.77}]},{"name": "lb.l0050","series": [{"name":"2019","value":13224.89},{"name":"2018","value":14728.54}]},{"name": "lb.l0051","series": [{"name":"2019","value":13829.4},{"name":"2018","value":15664.24}]}],"DTP":[{"PD":"txt.tMAT","TF":[{"name": "cod.me260","value":13829.4}],"TM":[{"name": "cod.me260","value":17194.7977297297}],"TC":[{"name": "cod.me260","value":8441.094}],"DT":[{"H": "cod.me260","FFt":13829.4,"FFtD":-11.71,"FQt":100,"FPz":765,"FPzD":-9.89,"FPr":18.08,"MFt":17194.8,"MFtD":-0.93,"MQt":100,"MPz":1357,"MPzD":0.65,"MPr":12.67,"CFt":8441.094,"CFtD":-2.52,"CQt":100,"CPz":676,"CPzD":-4.48,"CPr":12.49,"Hid":260}]},{"PD":"txt.tYTD","TF":[{"name": "cod.me260","value":13829.4}],"TM":[{"name": "cod.me260","value":17194.7977297297}],"TC":[{"name": "cod.me260","value":8441.094}],"DT":[{"H": "cod.me260","FFt":13829.4,"FFtD":-11.71,"FQt":100,"FPz":765,"FPzD":-9.89,"FPr":18.08,"MFt":17194.8,"MFtD":-0.93,"MQt":100,"MPz":1357,"MPzD":0.65,"MPr":12.67,"CFt":8441.094,"CFtD":-2.52,"CQt":100,"CPz":676,"CPzD":-4.48,"CPr":12.49,"Hid":260}]},{"PD":"txt.tBIM","TF":[{"name": "cod.me260","value":1693.93}],"TM":[{"name": "cod.me260","value":2260.69875675676}],"TC":[{"name": "cod.me260","value":1121.09272727273}],"DT":[{"H": "cod.me260","FFt":1693.93,"FFtD":-20.6,"FQt":100,"FPz":102,"FPzD":-17.07,"FPr":16.61,"MFt":2260.699,"MFtD":3.21,"MQt":100,"MPz":181,"MPzD":5.38,"MPr":12.49,"CFt":1121.093,"CFtD":4.59,"CQt":100,"CPz":89,"CPzD":5.12,"CPr":12.62,"Hid":260}]},{"PD":"txt.t12/12/2019","TF":[{"name": "cod.me260","value":604.51}],"TM":[{"name": "cod.me260","value":1106.77762162162}],"TC":[{"name": "cod.me260","value":556.606545454545}],"DT":[{"H": "cod.me260","FFt":604.51,"FFtD":-35.39,"FQt":100,"FPz":39,"FPzD":-23.53,"FPr":15.5,"MFt":1106.778,"MFtD":-2.55,"MQt":100,"MPz":89,"MPzD":0.85,"MPr":12.37,"CFt":556.6065,"CFtD":-0.65,"CQt":100,"CPz":44,"CPzD":0.7,"CPr":12.59,"Hid":260}]}]}