{
 "TIT":"cod.me300","ISF2V":[{"min": 50, "max": 450}],"ISP2V":[{"min": 50, "max":450 }]   ,"ISF2":[{"name": "lb.l0006","series": [{ "name":"lb.l0052","value":435.07 },{ "name":"lb.l0053","value":445.49 },{ "name":"lb.l0054","value":320.26 },{ "name":"lb.l0055","value":260.45 },{ "name":"lb.l0056","value":237.5 },{ "name":"lb.l0057","value":248.97 },{ "name":"lb.l0058","value":179.46 },{ "name":"lb.l0059","value":83.9 },{ "name":"lb.l0060","value":112.37 },{ "name":"lb.l0061","value":182.45 },{ "name":"lb.l0062","value":280.88 },{ "name":"lb.l0063","value":159.37 }]},{"name": "lb.l0007","series": [{ "name":"lb.l0052","value":446.732162162162 },{ "name":"lb.l0053","value":311.593351351351 },{ "name":"lb.l0054","value":313.338810810811 },{ "name":"lb.l0055","value":249.660594594595 },{ "name":"lb.l0056","value":233.52027027027 },{ "name":"lb.l0057","value":218.141351351351 },{ "name":"lb.l0058","value":204.72972972973 },{ "name":"lb.l0059","value":199.360756756757 },{ "name":"lb.l0060","value":187.986162162162 },{ "name":"lb.l0061","value":241.483513513514 },{ "name":"lb.l0062","value":404.544594594595 },{ "name":"lb.l0063","value":333.552702702703 }]},{"name": "lb.l0008","series": [{ "name":"lb.l0052","value":215.822727272727 },{ "name":"lb.l0053","value":151.648181818182 },{ "name":"lb.l0054","value":155.306 },{ "name":"lb.l0055","value":117.178 },{ "name":"lb.l0056","value":117.878545454545 },{ "name":"lb.l0057","value":92.0898181818182 },{ "name":"lb.l0058","value":95.6054545454545 },{ "name":"lb.l0059","value":87.1629090909091 },{ "name":"lb.l0060","value":90.2867272727273 },{ "name":"lb.l0061","value":125.308727272727 },{ "name":"lb.l0062","value":197.180909090909 },{ "name":"lb.l0063","value":169.163272727273 }]}] ,"ISF1":[ {"name": "lb.l0040","series": [{"name":"2019","value":435.07},{"name":"2018","value":482.75}]},{"name": "lb.l0041","series": [{"name":"2019","value":880.56},{"name":"2018","value":925.29}]},{"name": "lb.l0042","series": [{"name":"2019","value":1200.82},{"name":"2018","value":1339.42}]},{"name": "lb.l0043","series": [{"name":"2019","value":1461.27},{"name":"2018","value":1536.71}]},{"name": "lb.l0044","series": [{"name":"2019","value":1698.77},{"name":"2018","value":1856}]},{"name": "lb.l0045","series": [{"name":"2019","value":1947.74},{"name":"2018","value":2104.5}]},{"name": "lb.l0046","series": [{"name":"2019","value":2127.2},{"name":"2018","value":2364.25}]},{"name": "lb.l0047","series": [{"name":"2019","value":2211.1},{"name":"2018","value":2444}]},{"name": "lb.l0048","series": [{"name":"2019","value":2323.47},{"name":"2018","value":2659.6}]},{"name": "lb.l0049","series": [{"name":"2019","value":2505.92},{"name":"2018","value":3035.49}]},{"name": "lb.l0050","series": [{"name":"2019","value":2786.8},{"name":"2018","value":3370.64}]},{"name": "lb.l0051","series": [{"name":"2019","value":2946.17},{"name":"2018","value":3618.09}]}],"DTP":[{"PD":"txt.tMAT","TF":[{"name": "cod.me300","value":2946.17}],"TM":[{"name": "cod.me300","value":3344.644}],"TC":[{"name": "cod.me300","value":1614.63127272727}],"DT":[{"H": "cod.me300","FFt":2946.17,"FFtD":-18.57,"FQt":100,"FPz":442,"FPzD":-8.49,"FPr":6.67,"MFt":3344.644,"MFtD":8.97,"MQt":100,"MPz":633,"MPzD":6.98,"MPr":5.29,"CFt":1614.631,"CFtD":4.52,"CQt":100,"CPz":311,"CPzD":3.28,"CPr":5.2,"Hid":300}]},{"PD":"txt.tYTD","TF":[{"name": "cod.me300","value":2946.17}],"TM":[{"name": "cod.me300","value":3344.644}],"TC":[{"name": "cod.me300","value":1614.63127272727}],"DT":[{"H": "cod.me300","FFt":2946.17,"FFtD":-18.57,"FQt":100,"FPz":442,"FPzD":-8.49,"FPr":6.67,"MFt":3344.644,"MFtD":8.97,"MQt":100,"MPz":633,"MPzD":6.98,"MPr":5.29,"CFt":1614.631,"CFtD":4.52,"CQt":100,"CPz":311,"CPzD":3.28,"CPr":5.2,"Hid":300}]},{"PD":"txt.tBIM","TF":[{"name": "cod.me300","value":440.25}],"TM":[{"name": "cod.me300","value":738.097297297297}],"TC":[{"name": "cod.me300","value":366.344181818182}],"DT":[{"H": "cod.me300","FFt":440.25,"FFtD":-24.43,"FQt":100,"FPz":81,"FPzD":8,"FPr":5.44,"MFt":738.0973,"MFtD":12.51,"MQt":100,"MPz":139,"MPzD":9.33,"MPr":5.3,"CFt":366.3442,"CFtD":13.94,"CQt":100,"CPz":72,"CPzD":14.77,"CPr":5.1,"Hid":300}]},{"PD":"txt.t12/12/2019","TF":[{"name": "cod.me300","value":159.37}],"TM":[{"name": "cod.me300","value":333.552702702703}],"TC":[{"name": "cod.me300","value":169.163272727273}],"DT":[{"H": "cod.me300","FFt":159.37,"FFtD":-35.6,"FQt":100,"FPz":29,"FPzD":-14.71,"FPr":5.5,"MFt":333.5527,"MFtD":-4.94,"MQt":100,"MPz":61,"MPzD":-10.36,"MPr":5.5,"CFt":169.1633,"CFtD":-2.13,"CQt":100,"CPz":31,"CPzD":-5.92,"CPr":5.42,"Hid":300}]}]}