{
 "TIT":"cod.me340","ISF2V":[{"min": 210, "max": 1000}],"ISP2V":[{"min": 210, "max":1000 }]   ,"ISF2":[{"name": "lb.l0006","series": [{ "name":"lb.l0052","value":907.2 },{ "name":"lb.l0053","value":831.4 },{ "name":"lb.l0054","value":995.59 },{ "name":"lb.l0055","value":978.79 },{ "name":"lb.l0056","value":982.77 },{ "name":"lb.l0057","value":591.34 },{ "name":"lb.l0058","value":883.76 },{ "name":"lb.l0059","value":681.75 },{ "name":"lb.l0060","value":550.11 },{ "name":"lb.l0061","value":869.18 },{ "name":"lb.l0062","value":916 },{ "name":"lb.l0063","value":807.24 }]},{"name": "lb.l0007","series": [{ "name":"lb.l0052","value":663.847243243243 },{ "name":"lb.l0053","value":622.12027027027 },{ "name":"lb.l0054","value":719.488054054054 },{ "name":"lb.l0055","value":694.073783783784 },{ "name":"lb.l0056","value":695.857027027027 },{ "name":"lb.l0057","value":690.50627027027 },{ "name":"lb.l0058","value":809.963513513513 },{ "name":"lb.l0059","value":768.888324324324 },{ "name":"lb.l0060","value":673.817567567568 },{ "name":"lb.l0061","value":705.720648648649 },{ "name":"lb.l0062","value":646.987891891892 },{ "name":"lb.l0063","value":683.299351351351 }]},{"name": "lb.l0008","series": [{ "name":"lb.l0052","value":356.811090909091 },{ "name":"lb.l0053","value":312.446545454545 },{ "name":"lb.l0054","value":360.182 },{ "name":"lb.l0055","value":342.883272727273 },{ "name":"lb.l0056","value":361.433272727273 },{ "name":"lb.l0057","value":350.609272727273 },{ "name":"lb.l0058","value":392.476181818182 },{ "name":"lb.l0059","value":343.437090909091 },{ "name":"lb.l0060","value":340.615272727273 },{ "name":"lb.l0061","value":357.563454545455 },{ "name":"lb.l0062","value":330.676545454545 },{ "name":"lb.l0063","value":338.794181818182 }]}] ,"ISF1":[ {"name": "lb.l0040","series": [{"name":"2019","value":907.2},{"name":"2018","value":973.53}]},{"name": "lb.l0041","series": [{"name":"2019","value":1738.6},{"name":"2018","value":2026.83}]},{"name": "lb.l0042","series": [{"name":"2019","value":2734.19},{"name":"2018","value":3263.1}]},{"name": "lb.l0043","series": [{"name":"2019","value":3712.98},{"name":"2018","value":4438.62}]},{"name": "lb.l0044","series": [{"name":"2019","value":4695.75},{"name":"2018","value":5331.99}]},{"name": "lb.l0045","series": [{"name":"2019","value":5287.09},{"name":"2018","value":6410.73}]},{"name": "lb.l0046","series": [{"name":"2019","value":6170.85},{"name":"2018","value":7295.36}]},{"name": "lb.l0047","series": [{"name":"2019","value":6852.6},{"name":"2018","value":8112.22}]},{"name": "lb.l0048","series": [{"name":"2019","value":7402.71},{"name":"2018","value":8933.66}]},{"name": "lb.l0049","series": [{"name":"2019","value":8271.89},{"name":"2018","value":9804.25}]},{"name": "lb.l0050","series": [{"name":"2019","value":9187.89},{"name":"2018","value":10556.39}]},{"name": "lb.l0051","series": [{"name":"2019","value":9995.13},{"name":"2018","value":11319.22}]}],"DTP":[{"PD":"txt.tMAT","TF":[{"name": "cod.me340","value":9995.13}],"TM":[{"name": "cod.me340","value":8374.56994594595}],"TC":[{"name": "cod.me340","value":4187.92818181818}],"DT":[{"H": "cod.me340","FFt":9995.13,"FFtD":-11.7,"FQt":100,"FPz":1137,"FPzD":-9.19,"FPr":8.79,"MFt":8374.57,"MFtD":2.21,"MQt":100,"MPz":940,"MPzD":-1.17,"MPr":8.91,"CFt":4187.928,"CFtD":0.37,"CQt":100,"CPz":484,"CPzD":-1.88,"CPr":8.65,"Hid":340}]},{"PD":"txt.tYTD","TF":[{"name": "cod.me340","value":9995.13}],"TM":[{"name": "cod.me340","value":8374.56994594595}],"TC":[{"name": "cod.me340","value":4187.92818181818}],"DT":[{"H": "cod.me340","FFt":9995.13,"FFtD":-11.7,"FQt":100,"FPz":1137,"FPzD":-9.19,"FPr":8.79,"MFt":8374.57,"MFtD":2.21,"MQt":100,"MPz":940,"MPzD":-1.17,"MPr":8.91,"CFt":4187.928,"CFtD":0.37,"CQt":100,"CPz":484,"CPzD":-1.88,"CPr":8.65,"Hid":340}]},{"PD":"txt.tBIM","TF":[{"name": "cod.me340","value":1723.24}],"TM":[{"name": "cod.me340","value":1330.28724324324}],"TC":[{"name": "cod.me340","value":669.470727272727}],"DT":[{"H": "cod.me340","FFt":1723.24,"FFtD":13.75,"FQt":100,"FPz":188,"FPzD":3.87,"FPr":9.17,"MFt":1330.287,"MFtD":0.85,"MQt":100,"MPz":148,"MPzD":-2.22,"MPr":9.01,"CFt":669.4707,"CFtD":0.3,"CQt":100,"CPz":78,"CPzD":-1.19,"CPr":8.56,"Hid":340}]},{"PD":"txt.t12/12/2019","TF":[{"name": "cod.me340","value":807.24}],"TM":[{"name": "cod.me340","value":683.299351351351}],"TC":[{"name": "cod.me340","value":338.794181818182}],"DT":[{"H": "cod.me340","FFt":807.24,"FFtD":5.82,"FQt":100,"FPz":80,"FPzD":-13.04,"FPr":10.09,"MFt":683.2994,"MFtD":0.88,"MQt":100,"MPz":76,"MPzD":-2.04,"MPr":8.97,"CFt":338.7942,"CFtD":0.24,"CQt":100,"CPz":40,"CPzD":0.64,"CPr":8.46,"Hid":340}]}]}