{
 "TIT":"cod.me60","ISF2V":[{"min": 14850, "max": 49920}],"ISP2V":[{"min": 14850, "max":49920 }]   ,"ISF2":[{"name": "lb.l0006","series": [{ "name":"lb.l0052","value":42986.04 },{ "name":"lb.l0053","value":37764.9 },{ "name":"lb.l0054","value":38497.06 },{ "name":"lb.l0055","value":34969.27 },{ "name":"lb.l0056","value":39315.2 },{ "name":"lb.l0057","value":31930.07 },{ "name":"lb.l0058","value":35268.31 },{ "name":"lb.l0059","value":25181.6 },{ "name":"lb.l0060","value":29187.41 },{ "name":"lb.l0061","value":37962.43 },{ "name":"lb.l0062","value":36398.96 },{ "name":"lb.l0063","value":33175.29 }]},{"name": "lb.l0007","series": [{ "name":"lb.l0052","value":47803.007027027 },{ "name":"lb.l0053","value":41645.3822702703 },{ "name":"lb.l0054","value":45474.2200540541 },{ "name":"lb.l0055","value":44517.7417837838 },{ "name":"lb.l0056","value":46859.052972973 },{ "name":"lb.l0057","value":45795.7456216216 },{ "name":"lb.l0058","value":49916.9644864865 },{ "name":"lb.l0059","value":43468.4693513513 },{ "name":"lb.l0060","value":41829.5945405405 },{ "name":"lb.l0061","value":46461.4796216216 },{ "name":"lb.l0062","value":44321.1348108108 },{ "name":"lb.l0063","value":45773.4944324324 }]},{"name": "lb.l0008","series": [{ "name":"lb.l0052","value":26248.9072727273 },{ "name":"lb.l0053","value":22748.9985454545 },{ "name":"lb.l0054","value":24541.3663636364 },{ "name":"lb.l0055","value":23439.494 },{ "name":"lb.l0056","value":25664.3576363636 },{ "name":"lb.l0057","value":24533.5032727273 },{ "name":"lb.l0058","value":26103.6783636364 },{ "name":"lb.l0059","value":21217.6389090909 },{ "name":"lb.l0060","value":22175.4861818182 },{ "name":"lb.l0061","value":25128.8241818182 },{ "name":"lb.l0062","value":23976.6321818182 },{ "name":"lb.l0063","value":23921.9650909091 }]}] ,"ISF1":[ {"name": "lb.l0040","series": [{"name":"2019","value":42986.04},{"name":"2018","value":41305.69}]},{"name": "lb.l0041","series": [{"name":"2019","value":80750.94},{"name":"2018","value":81392.5}]},{"name": "lb.l0042","series": [{"name":"2019","value":119248},{"name":"2018","value":124641.57}]},{"name": "lb.l0043","series": [{"name":"2019","value":154217.27},{"name":"2018","value":165353.48}]},{"name": "lb.l0044","series": [{"name":"2019","value":193532.47},{"name":"2018","value":205249.48}]},{"name": "lb.l0045","series": [{"name":"2019","value":225462.54},{"name":"2018","value":246659.77}]},{"name": "lb.l0046","series": [{"name":"2019","value":260730.85},{"name":"2018","value":290657.38}]},{"name": "lb.l0047","series": [{"name":"2019","value":285912.45},{"name":"2018","value":322583.3}]},{"name": "lb.l0048","series": [{"name":"2019","value":315099.86},{"name":"2018","value":355293.84}]},{"name": "lb.l0049","series": [{"name":"2019","value":353062.29},{"name":"2018","value":394564.99}]},{"name": "lb.l0050","series": [{"name":"2019","value":389461.25},{"name":"2018","value":433900.6}]},{"name": "lb.l0051","series": [{"name":"2019","value":422636.54},{"name":"2018","value":469189.87}]}],"DTP":[{"PD":"txt.tMAT","TF":[{"name": "cod.me115","value":178786.36},{"name": "cod.me225","value":81400.28},{"name": "cod.me305","value":62742.94},{"name": "cod.me510","value":47508.56},{"name": "cod.me380","value":41595.3},{"name": "cod.me170","value":8874.44},{"name": "cod.me500","value":1728.66}],"TM":[{"name": "cod.me115","value":195852.292756757},{"name": "cod.me380","value":100912.839135135},{"name": "cod.me225","value":86922.1243243243},{"name": "cod.me510","value":65748.8433513513},{"name": "cod.me305","value":61828.7783243243},{"name": "cod.me170","value":29558.4415135135},{"name": "cod.me500","value":3042.96756756757}],"TC":[{"name": "cod.me115","value":106584.887818182},{"name": "cod.me380","value":66904.4281818182},{"name": "cod.me225","value":39472.2045454545},{"name": "cod.me510","value":32052.3485454545},{"name": "cod.me305","value":31884.7638181818},{"name": "cod.me170","value":11247.1830909091},{"name": "cod.me500","value":1555.036}],"DT":[{"H": "cod.me 60","FFt":422636.54,"FFtD": -9.92,"FQt":100.00,"FPz":38491,"FPzD":-15.32,"FPr":10.98,"MFt":543866.287,"MFtD": 3.55,"MQt":100.00,"MPz":51331,"MPzD": -1.09,"MPr":10.60,"CFt":289700.852,"CFtD": 1.97,"CQt":100.00,"CPz":27195,"CPzD": -2.52,"CPr":10.65,"Hid": 60},{"H": "cod.me115","FFt":178786.36,"FFtD":-11.55,"FQt": 42.30,"FPz":14467,"FPzD":-11.67,"FPr":12.36,"MFt":195852.293,"MFtD": 2.93,"MQt": 36.01,"MPz":18779,"MPzD":  0.44,"MPr":10.43,"CFt":106584.888,"CFtD": 1.29,"CQt": 36.79,"CPz":10336,"CPzD": -1.69,"CPr":10.31,"Hid":115},{"H": "cod.me170","FFt":  8874.44,"FFtD":-40.11,"FQt":  2.10,"FPz": 1346,"FPzD":-36.57,"FPr": 6.59,"MFt": 29558.442,"MFtD":-5.72,"MQt":  5.43,"MPz": 3001,"MPzD":-11.59,"MPr": 9.85,"CFt": 11247.183,"CFtD":-6.83,"CQt":  3.88,"CPz": 1104,"CPzD":-12.23,"CPr":10.18,"Hid":170},{"H": "cod.me225","FFt": 81400.28,"FFtD": -4.17,"FQt": 19.26,"FPz": 4035,"FPzD":-11.45,"FPr":20.17,"MFt": 86922.124,"MFtD": 2.20,"MQt": 15.98,"MPz": 5637,"MPzD":  0.25,"MPr":15.42,"CFt": 39472.205,"CFtD":-0.42,"CQt": 13.63,"CPz": 2700,"CPzD": -0.70,"CPr":14.62,"Hid":225},{"H": "cod.me305","FFt": 62742.94,"FFtD":-13.10,"FQt": 14.85,"FPz": 6835,"FPzD":-10.23,"FPr": 9.18,"MFt": 61828.778,"MFtD": 0.24,"MQt": 11.37,"MPz": 7395,"MPzD": -0.70,"MPr": 8.36,"CFt": 31884.764,"CFtD":-0.52,"CQt": 11.01,"CPz": 3880,"CPzD": -1.29,"CPr": 8.22,"Hid":305},{"H": "cod.me380","FFt": 41595.30,"FFtD":-15.49,"FQt":  9.84,"FPz": 4962,"FPzD":-20.38,"FPr": 8.38,"MFt":100912.839,"MFtD": 1.61,"MQt": 18.55,"MPz": 8959,"MPzD": -2.02,"MPr":11.26,"CFt": 66904.428,"CFtD": 0.29,"CQt": 23.09,"CPz": 5277,"CPzD": -3.75,"CPr":12.68,"Hid":380},{"H": "cod.me500","FFt":  1728.66,"FFtD":  6.14,"FQt":  0.41,"FPz":   91,"FPzD":-24.17,"FPr":19.00,"MFt":  3042.968,"MFtD": 7.90,"MQt":  0.56,"MPz":  230,"MPzD": -0.88,"MPr":13.24,"CFt":  1555.036,"CFtD": 5.80,"CQt":  0.54,"CPz":  113,"CPzD": -1.69,"CPr":13.78,"Hid":500},{"H": "cod.me510","FFt": 47508.56,"FFtD":  7.38,"FQt": 11.24,"FPz": 6755,"FPzD":-19.90,"FPr": 7.03,"MFt": 65748.843,"MFtD":20.16,"MQt": 12.09,"MPz": 7331,"MPzD": -0.38,"MPr": 8.97,"CFt": 32052.349,"CFtD":18.97,"CQt": 11.06,"CPz": 3784,"CPzD": -2.41,"CPr": 8.47,"Hid":510}]},{"PD":"txt.tYTD","TF":[{"name": "cod.me115","value":178786.36},{"name": "cod.me225","value":81400.28},{"name": "cod.me305","value":62742.94},{"name": "cod.me510","value":47508.56},{"name": "cod.me380","value":41595.3},{"name": "cod.me170","value":8874.44},{"name": "cod.me500","value":1728.66}],"TM":[{"name": "cod.me115","value":195852.292756757},{"name": "cod.me380","value":100912.839135135},{"name": "cod.me225","value":86922.1243243243},{"name": "cod.me510","value":65748.8433513513},{"name": "cod.me305","value":61828.7783243243},{"name": "cod.me170","value":29558.4415135135},{"name": "cod.me500","value":3042.96756756757}],"TC":[{"name": "cod.me115","value":106584.887818182},{"name": "cod.me380","value":66904.4281818182},{"name": "cod.me225","value":39472.2045454545},{"name": "cod.me510","value":32052.3485454545},{"name": "cod.me305","value":31884.7638181818},{"name": "cod.me170","value":11247.1830909091},{"name": "cod.me500","value":1555.036}],"DT":[{"H": "cod.me 60","FFt":422636.54,"FFtD": -9.92,"FQt":100.00,"FPz":38491,"FPzD":-15.32,"FPr":10.98,"MFt":543866.287,"MFtD": 3.55,"MQt":100.00,"MPz":51331,"MPzD": -1.09,"MPr":10.60,"CFt":289700.852,"CFtD": 1.97,"CQt":100.00,"CPz":27195,"CPzD": -2.52,"CPr":10.65,"Hid": 60},{"H": "cod.me115","FFt":178786.36,"FFtD":-11.55,"FQt": 42.30,"FPz":14467,"FPzD":-11.67,"FPr":12.36,"MFt":195852.293,"MFtD": 2.93,"MQt": 36.01,"MPz":18779,"MPzD":  0.44,"MPr":10.43,"CFt":106584.888,"CFtD": 1.29,"CQt": 36.79,"CPz":10336,"CPzD": -1.69,"CPr":10.31,"Hid":115},{"H": "cod.me170","FFt":  8874.44,"FFtD":-40.11,"FQt":  2.10,"FPz": 1346,"FPzD":-36.57,"FPr": 6.59,"MFt": 29558.442,"MFtD":-5.72,"MQt":  5.43,"MPz": 3001,"MPzD":-11.59,"MPr": 9.85,"CFt": 11247.183,"CFtD":-6.83,"CQt":  3.88,"CPz": 1104,"CPzD":-12.23,"CPr":10.18,"Hid":170},{"H": "cod.me225","FFt": 81400.28,"FFtD": -4.17,"FQt": 19.26,"FPz": 4035,"FPzD":-11.45,"FPr":20.17,"MFt": 86922.124,"MFtD": 2.20,"MQt": 15.98,"MPz": 5637,"MPzD":  0.25,"MPr":15.42,"CFt": 39472.205,"CFtD":-0.42,"CQt": 13.63,"CPz": 2700,"CPzD": -0.70,"CPr":14.62,"Hid":225},{"H": "cod.me305","FFt": 62742.94,"FFtD":-13.10,"FQt": 14.85,"FPz": 6835,"FPzD":-10.23,"FPr": 9.18,"MFt": 61828.778,"MFtD": 0.24,"MQt": 11.37,"MPz": 7395,"MPzD": -0.70,"MPr": 8.36,"CFt": 31884.764,"CFtD":-0.52,"CQt": 11.01,"CPz": 3880,"CPzD": -1.29,"CPr": 8.22,"Hid":305},{"H": "cod.me380","FFt": 41595.30,"FFtD":-15.49,"FQt":  9.84,"FPz": 4962,"FPzD":-20.38,"FPr": 8.38,"MFt":100912.839,"MFtD": 1.61,"MQt": 18.55,"MPz": 8959,"MPzD": -2.02,"MPr":11.26,"CFt": 66904.428,"CFtD": 0.29,"CQt": 23.09,"CPz": 5277,"CPzD": -3.75,"CPr":12.68,"Hid":380},{"H": "cod.me500","FFt":  1728.66,"FFtD":  6.14,"FQt":  0.41,"FPz":   91,"FPzD":-24.17,"FPr":19.00,"MFt":  3042.968,"MFtD": 7.90,"MQt":  0.56,"MPz":  230,"MPzD": -0.88,"MPr":13.24,"CFt":  1555.036,"CFtD": 5.80,"CQt":  0.54,"CPz":  113,"CPzD": -1.69,"CPr":13.78,"Hid":500},{"H": "cod.me510","FFt": 47508.56,"FFtD":  7.38,"FQt": 11.24,"FPz": 6755,"FPzD":-19.90,"FPr": 7.03,"MFt": 65748.843,"MFtD":20.16,"MQt": 12.09,"MPz": 7331,"MPzD": -0.38,"MPr": 8.97,"CFt": 32052.349,"CFtD":18.97,"CQt": 11.06,"CPz": 3784,"CPzD": -2.41,"CPr": 8.47,"Hid":510}]},{"PD":"txt.tBIM","TF":[{"name": "cod.me115","value":30764.37},{"name": "cod.me225","value":11303.57},{"name": "cod.me305","value":10368.91},{"name": "cod.me510","value":8033.07},{"name": "cod.me380","value":7318.5},{"name": "cod.me170","value":1558.55},{"name": "cod.me500","value":227.28}],"TM":[{"name": "cod.me115","value":34963.0052432432},{"name": "cod.me380","value":15842.7638918919},{"name": "cod.me510","value":12165.7651891892},{"name": "cod.me225","value":12101.9174054054},{"name": "cod.me305","value":9999.77972972973},{"name": "cod.me170","value":4629.29924324324},{"name": "cod.me500","value":392.098540540541}],"TC":[{"name": "cod.me115","value":18802.6356363636},{"name": "cod.me380","value":10496.0830909091},{"name": "cod.me510","value":5863.84163636364},{"name": "cod.me225","value":5620.54581818182},{"name": "cod.me305","value":5166.81636363636},{"name": "cod.me170","value":1748.30745454545},{"name": "cod.me500","value":200.367272727273}],"DT":[{"H": "cod.me 60","FFt":69574.25,"FFtD": -6.77,"FQt":100.00,"FPz":6456,"FPzD": -9.48,"FPr":10.78,"MFt":90094.6292,"MFtD": 2.22,"MQt":100.00,"MPz":8494,"MPzD": -4.05,"MPr":10.61,"CFt":47898.5973,"CFtD": 1.01,"CQt":100.00,"CPz":4531,"CPzD": -3.87,"CPr":10.57,"Hid": 60},{"H": "cod.me115","FFt":30764.37,"FFtD": -7.39,"FQt": 44.22,"FPz":2519,"FPzD": -7.70,"FPr":12.21,"MFt":34963.0052,"MFtD": 1.83,"MQt": 38.81,"MPz":3420,"MPzD":  0.31,"MPr":10.22,"CFt":18802.6356,"CFtD": 0.47,"CQt": 39.26,"CPz":1853,"CPzD": -1.33,"CPr":10.15,"Hid":115},{"H": "cod.me170","FFt": 1558.55,"FFtD":-30.14,"FQt":  2.24,"FPz": 229,"FPzD":-21.31,"FPr": 6.81,"MFt": 4629.2992,"MFtD":-9.60,"MQt":  5.14,"MPz": 459,"MPzD":-13.54,"MPr":10.08,"CFt": 1748.3075,"CFtD":-3.71,"CQt":  3.65,"CPz": 166,"CPzD": -5.63,"CPr":10.54,"Hid":170},{"H": "cod.me225","FFt":11303.57,"FFtD": -8.05,"FQt": 16.25,"FPz": 569,"FPzD": -7.33,"FPr":19.87,"MFt":12101.9174,"MFtD": 0.11,"MQt": 13.43,"MPz": 825,"MPzD":  1.41,"MPr":14.68,"CFt": 5620.5458,"CFtD": 0.47,"CQt": 11.73,"CPz": 426,"CPzD":  8.19,"CPr":13.20,"Hid":225},{"H": "cod.me305","FFt":10368.91,"FFtD": -3.90,"FQt": 14.90,"FPz":1079,"FPzD":-10.38,"FPr": 9.61,"MFt": 9999.7797,"MFtD":-1.72,"MQt": 11.10,"MPz":1193,"MPzD": -1.59,"MPr": 8.38,"CFt": 5166.8164,"CFtD":-1.20,"CQt": 10.79,"CPz": 644,"CPzD":  0.83,"CPr": 8.03,"Hid":305},{"H": "cod.me380","FFt": 7318.50,"FFtD": -5.19,"FQt": 10.52,"FPz": 776,"FPzD":-13.00,"FPr": 9.43,"MFt":15842.7639,"MFtD":-4.46,"MQt": 17.58,"MPz":1362,"MPzD": -4.69,"MPr":11.63,"CFt":10496.0831,"CFtD":-5.46,"CQt": 21.91,"CPz": 807,"CPzD": -4.42,"CPr":13.00,"Hid":380},{"H": "cod.me500","FFt":  227.28,"FFtD": -7.97,"FQt":  0.33,"FPz":  13,"FPzD":-13.33,"FPr":17.48,"MFt":  392.0985,"MFtD": 6.55,"MQt":  0.44,"MPz":  27,"MPzD":  1.15,"MPr":14.51,"CFt":  200.3673,"CFtD":13.58,"CQt":  0.42,"CPz":  13,"CPzD": 12.17,"CPr":15.33,"Hid":500},{"H": "cod.me510","FFt": 8033.07,"FFtD": -1.15,"FQt": 11.55,"FPz":1271,"FPzD": -8.36,"FPr": 6.32,"MFt":12165.7652,"MFtD":28.52,"MQt": 13.50,"MPz":1209,"MPzD":-15.55,"MPr":10.07,"CFt": 5863.8416,"CFtD":22.50,"CQt": 12.24,"CPz": 622,"CPzD":-19.33,"CPr": 9.42,"Hid":510}]},{"PD":"txt.t12/12/2019","TF":[{"name": "cod.me115","value":15326.75},{"name": "cod.me305","value":4911.35},{"name": "cod.me225","value":4407.33},{"name": "cod.me510","value":3919.96},{"name": "cod.me380","value":3723.65},{"name": "cod.me170","value":779.22},{"name": "cod.me500","value":107.03}],"TM":[{"name": "cod.me115","value":18137.8209189189},{"name": "cod.me380","value":8043.19659459459},{"name": "cod.me510","value":6135.9912972973},{"name": "cod.me225","value":5935.10491891892},{"name": "cod.me305","value":4991.83486486487},{"name": "cod.me170","value":2333.58410810811},{"name": "cod.me500","value":195.96172972973}],"TC":[{"name": "cod.me115","value":9574.84054545455},{"name": "cod.me380","value":5267.06581818182},{"name": "cod.me510","value":2764.43472727273},{"name": "cod.me225","value":2756.37745454545},{"name": "cod.me305","value":2561.02072727273},{"name": "cod.me170","value":894.756727272727},{"name": "cod.me500","value":103.469090909091}],"DT":[{"H": "cod.me 60","FFt":33175.29,"FFtD": -5.99,"FQt":100.00,"FPz":3124,"FPzD": -9.97,"FPr":10.62,"MFt":45773.4944,"MFtD": 0.99,"MQt":100.00,"MPz":4360,"MPzD": -5.15,"MPr":10.50,"CFt":23921.9651,"CFtD": 0.79,"CQt":100.00,"CPz":2322,"CPzD": -3.38,"CPr":10.30,"Hid": 60},{"H": "cod.me115","FFt":15326.75,"FFtD": -5.94,"FQt": 46.20,"FPz":1241,"FPzD": -8.75,"FPr":12.35,"MFt":18137.8209,"MFtD": 1.12,"MQt": 39.63,"MPz":1801,"MPzD": -0.43,"MPr":10.07,"CFt": 9574.8405,"CFtD": 0.87,"CQt": 40.03,"CPz": 958,"CPzD": -0.59,"CPr":10.00,"Hid":115},{"H": "cod.me170","FFt":  779.22,"FFtD": 19.37,"FQt":  2.35,"FPz": 114,"FPzD": -7.32,"FPr": 6.84,"MFt": 2333.5841,"MFtD":-9.73,"MQt":  5.10,"MPz": 233,"MPzD":-14.12,"MPr":10.01,"CFt":  894.7567,"CFtD": 0.51,"CQt":  3.74,"CPz":  81,"CPzD": -8.08,"CPr":11.03,"Hid":170},{"H": "cod.me225","FFt": 4407.33,"FFtD":-22.96,"FQt": 13.28,"FPz": 225,"FPzD":-18.48,"FPr":19.59,"MFt": 5935.1049,"MFtD":-5.00,"MQt": 12.97,"MPz": 408,"MPzD": -4.62,"MPr":14.56,"CFt": 2756.3775,"CFtD":-4.95,"CQt": 11.52,"CPz": 221,"CPzD":  4.71,"CPr":12.47,"Hid":225},{"H": "cod.me305","FFt": 4911.35,"FFtD": -6.09,"FQt": 14.80,"FPz": 498,"FPzD":-16.86,"FPr": 9.86,"MFt": 4991.8349,"MFtD":-3.29,"MQt": 10.91,"MPz": 604,"MPzD": -2.38,"MPr": 8.27,"CFt": 2561.0207,"CFtD":-2.53,"CQt": 10.71,"CPz": 333,"CPzD":  3.80,"CPr": 7.68,"Hid":305},{"H": "cod.me380","FFt": 3723.65,"FFtD":  7.34,"FQt": 11.22,"FPz": 398,"FPzD":  0.76,"FPr": 9.36,"MFt": 8043.1966,"MFtD":-4.11,"MQt": 17.57,"MPz": 684,"MPzD": -5.27,"MPr":11.76,"CFt": 5267.0658,"CFtD":-2.80,"CQt": 22.02,"CPz": 407,"CPzD": -2.10,"CPr":12.95,"Hid":380},{"H": "cod.me500","FFt":  107.03,"FFtD": -7.13,"FQt":  0.32,"FPz":   7,"FPzD":-12.50,"FPr":15.29,"MFt":  195.9617,"MFtD": 5.17,"MQt":  0.43,"MPz":  14,"MPzD":  0.60,"MPr":14.49,"CFt":  103.4691,"CFtD":22.44,"CQt":  0.43,"CPz":   6,"CPzD":  8.84,"CPr":15.94,"Hid":500},{"H": "cod.me510","FFt": 3919.96,"FFtD":  2.97,"FQt": 11.82,"FPz": 641,"FPzD": -9.59,"FPr": 6.12,"MFt": 6135.9913,"MFtD":27.29,"MQt": 13.41,"MPz": 617,"MPzD":-16.10,"MPr": 9.95,"CFt": 2764.4347,"CFtD":19.07,"CQt": 11.56,"CPz": 315,"CPzD":-20.72,"CPr": 8.76,"Hid":510}]}]}