{
 "TIT":"cod.meGCAUMM","ISF2V":[{"min": 4410, "max": 19200}],"ISP2V":[{"min": 4410, "max":19200 }]   ,"ISF2":[{"name": "lb.l0006","series": [{ "name":"lb.l0052","value":16113.51 },{ "name":"lb.l0053","value":14003.56 },{ "name":"lb.l0054","value":19191.36 },{ "name":"lb.l0055","value":6308.73 },{ "name":"lb.l0056","value":7385.7 },{ "name":"lb.l0057","value":8974.32 },{ "name":"lb.l0058","value":10522.9 },{ "name":"lb.l0059","value":8104.4 },{ "name":"lb.l0060","value":9865.5 },{ "name":"lb.l0061","value":10449.6 },{ "name":"lb.l0062","value":10356.5 },{ "name":"lb.l0063","value":9334.95 }]},{"name": "lb.l0007","series": [{ "name":"lb.l0052","value":13845.1551898734 },{ "name":"lb.l0053","value":11346.7805063291 },{ "name":"lb.l0054","value":13567.3364556962 },{ "name":"lb.l0055","value":7971.53493670886 },{ "name":"lb.l0056","value":7961.48797468354 },{ "name":"lb.l0057","value":8144.47797468354 },{ "name":"lb.l0058","value":9181.24430379747 },{ "name":"lb.l0059","value":9365.2935443038 },{ "name":"lb.l0060","value":9516.05974683544 },{ "name":"lb.l0061","value":10503.8330379747 },{ "name":"lb.l0062","value":9211.59759493671 },{ "name":"lb.l0063","value":9437.03683544304 }]},{"name": "lb.l0008","series": [{ "name":"lb.l0052","value":18816.943 },{ "name":"lb.l0053","value":15618.88525 },{ "name":"lb.l0054","value":18153.11875 },{ "name":"lb.l0055","value":10442.901 },{ "name":"lb.l0056","value":10733.76125 },{ "name":"lb.l0057","value":10821.9835 },{ "name":"lb.l0058","value":12169.801 },{ "name":"lb.l0059","value":12378.0335 },{ "name":"lb.l0060","value":12714.36875 },{ "name":"lb.l0061","value":14138.005 },{ "name":"lb.l0062","value":12337.72825 },{ "name":"lb.l0063","value":12622.788 }]}] ,"ISF1":[ {"name": "lb.l0040","series": [{"name":"2020","value":16113.51},{"name":"2019","value":19327.43}]},{"name": "lb.l0041","series": [{"name":"2020","value":30117.07},{"name":"2019","value":32762.46}]},{"name": "lb.l0042","series": [{"name":"2020","value":49308.43},{"name":"2019","value":45949.2}]},{"name": "lb.l0043","series": [{"name":"2020","value":55617.16},{"name":"2019","value":58342.35}]},{"name": "lb.l0044","series": [{"name":"2020","value":63002.86},{"name":"2019","value":71775.21}]},{"name": "lb.l0045","series": [{"name":"2020","value":71977.18},{"name":"2019","value":82194.95}]},{"name": "lb.l0046","series": [{"name":"2020","value":82500.08},{"name":"2019","value":96499.19}]},{"name": "lb.l0047","series": [{"name":"2020","value":90604.48},{"name":"2019","value":106670.4}]},{"name": "lb.l0048","series": [{"name":"2020","value":100469.98},{"name":"2019","value":119029.51}]},{"name": "lb.l0049","series": [{"name":"2020","value":110919.58},{"name":"2019","value":135046.02}]},{"name": "lb.l0050","series": [{"name":"2020","value":121276.08},{"name":"2019","value":149697.98}]},{"name": "lb.l0051","series": [{"name":"2020","value":130611.03},{"name":"2019","value":165292.67}]}],"DTP":[{"PD":"MAT","TF":[{"name":"cod.meGCAUMM","value":130611.03}],"TM":[{"name":"cod.meGCAUMM","value":120051.838101266}],"TC":[{"name":"cod.meGCAUMM","value":160948.31725}],"DT":[{"H":"cod.meGCAUMM","Hid":1020302,"FFt":130611,"FFtD":-20.98,"FQt":100,"FPz":14098,"FPzD":-23.64,"FPr":9.26,"FM":46217.24,"MFt":120051.8,"MFtD":-8.54,"MQt":100,"MPz":13474.39,"MPzD":-13.5,"MPr":8.91,"MM":43176.14,"CFt":160948.3,"CFtD":-9.99,"CQt":100,"CPz":18110.42,"CPzD":-14.68,"CPr":8.89,"CM":57756.15}]},{"PD":"YTD","TF":[{"name":"cod.meGCAUMM","value":130611.03}],"TM":[{"name":"cod.meGCAUMM","value":120051.838101266}],"TC":[{"name":"cod.meGCAUMM","value":160948.31725}],"DT":[{"H":"cod.meGCAUMM","Hid":1020302,"FFt":130611,"FFtD":-20.98,"FQt":100,"FPz":14098,"FPzD":-23.64,"FPr":9.26,"FM":46217.24,"MFt":120051.8,"MFtD":-8.54,"MQt":100,"MPz":13474.39,"MPzD":-13.5,"MPr":8.91,"MM":43176.14,"CFt":160948.3,"CFtD":-9.99,"CQt":100,"CPz":18110.42,"CPzD":-14.68,"CPr":8.89,"CM":57756.15}]},{"PD":"BIM","TF":[{"name":"cod.meGCAUMM","value":19691.45}],"TM":[{"name":"cod.meGCAUMM","value":18648.6344303797}],"TC":[{"name":"cod.meGCAUMM","value":24960.51625}],"DT":[{"H":"cod.meGCAUMM","Hid":1020302,"FFt":19691.45,"FFtD":-34.9,"FQt":100,"FPz":2007,"FPzD":-41.38,"FPr":9.81,"FM":7156.22,"MFt":18648.63,"MFtD":-23.52,"MQt":100,"MPz":2022.013,"MPzD":-30.82,"MPr":9.22,"MM":6724.526,"CFt":24960.52,"CFtD":-25.05,"CQt":100,"CPz":2718.3,"CPzD":-32.06,"CPr":9.18,"CM":8990.072}]},{"PD":"UM","TF":[{"name":"cod.meGCAUMM","value":9334.95}],"TM":[{"name":"cod.meGCAUMM","value":9437.03683544304}],"TC":[{"name":"cod.meGCAUMM","value":12622.788}],"DT":[{"H":"cod.meGCAUMM","Hid":1020302,"FFt":9334.95,"FFtD":-40.14,"FQt":100,"FPz":969,"FPzD":-44.69,"FPr":9.63,"FM":3424.68,"MFt":9437.037,"MFtD":-28.88,"MQt":100,"MPz":1026.114,"MPzD":-36.27,"MPr":9.2,"MM":3405.662,"CFt":12622.79,"CFtD":-30.67,"CQt":100,"CPz":1378.825,"CPzD":-37.83,"CPr":9.15,"CM":4551.294}]}]}