{
 "TIT":"cod.meGCSA","ISF2V":[{"min": 710, "max": 2500}],"ISP2V":[{"min": 710, "max":2500 }]   ,"ISF2":[{"name": "lb.l0006","series": [{ "name":"lb.l0052","value":2047.9 },{ "name":"lb.l0053","value":2421.2 },{ "name":"lb.l0054","value":2493.25 },{ "name":"lb.l0055","value":1375.25 },{ "name":"lb.l0056","value":1508.19 },{ "name":"lb.l0057","value":2142.34 },{ "name":"lb.l0058","value":1802.75 },{ "name":"lb.l0059","value":1508 },{ "name":"lb.l0060","value":2434.7 },{ "name":"lb.l0061","value":1800.9 },{ "name":"lb.l0062","value":2188.65 },{ "name":"lb.l0063","value":1849 }]},{"name": "lb.l0007","series": [{ "name":"lb.l0052","value":1320.02886075949 },{ "name":"lb.l0053","value":1273.93139240506 },{ "name":"lb.l0054","value":1432.35683544304 },{ "name":"lb.l0055","value":1024.81 },{ "name":"lb.l0056","value":1301.79405063291 },{ "name":"lb.l0057","value":1338.10139240506 },{ "name":"lb.l0058","value":1516.39202531646 },{ "name":"lb.l0059","value":1350.95164556962 },{ "name":"lb.l0060","value":1573.52417721519 },{ "name":"lb.l0061","value":1554.45050632911 },{ "name":"lb.l0062","value":1387.51974683544 },{ "name":"lb.l0063","value":1269.85987341772 }]},{"name": "lb.l0008","series": [{ "name":"lb.l0052","value":1994.233 },{ "name":"lb.l0053","value":1924.8195 },{ "name":"lb.l0054","value":2126.7455 },{ "name":"lb.l0055","value":1474.545 },{ "name":"lb.l0056","value":1934.22225 },{ "name":"lb.l0057","value":2006.30825 },{ "name":"lb.l0058","value":2208.99025 },{ "name":"lb.l0059","value":1959.85425 },{ "name":"lb.l0060","value":2289.76425 },{ "name":"lb.l0061","value":2256.93325 },{ "name":"lb.l0062","value":1993.2305 },{ "name":"lb.l0063","value":1858.93625 }]}] ,"ISF1":[ {"name": "lb.l0040","series": [{"name":"2020","value":2047.9},{"name":"2019","value":2231.63}]},{"name": "lb.l0041","series": [{"name":"2020","value":4469.1},{"name":"2019","value":4256.83}]},{"name": "lb.l0042","series": [{"name":"2020","value":6962.35},{"name":"2019","value":6327.42}]},{"name": "lb.l0043","series": [{"name":"2020","value":8337.6},{"name":"2019","value":7990.47}]},{"name": "lb.l0044","series": [{"name":"2020","value":9845.79},{"name":"2019","value":9958.92}]},{"name": "lb.l0045","series": [{"name":"2020","value":11988.13},{"name":"2019","value":12357.82}]},{"name": "lb.l0046","series": [{"name":"2020","value":13790.88},{"name":"2019","value":14907.78}]},{"name": "lb.l0047","series": [{"name":"2020","value":15298.88},{"name":"2019","value":16361.19}]},{"name": "lb.l0048","series": [{"name":"2020","value":17733.58},{"name":"2019","value":18777.67}]},{"name": "lb.l0049","series": [{"name":"2020","value":19534.48},{"name":"2019","value":21189.38}]},{"name": "lb.l0050","series": [{"name":"2020","value":21723.13},{"name":"2019","value":23220.7}]},{"name": "lb.l0051","series": [{"name":"2020","value":23572.13},{"name":"2019","value":24676.65}]}],"DTP":[{"PD":"MAT","TF":[{"name":"cod.meGCSA","value":23572.13}],"TM":[{"name":"cod.meGCSA","value":16343.7205063291}],"TC":[{"name":"cod.meGCSA","value":24028.58225}],"DT":[{"H":"cod.meGCSA","Hid":1020700,"FFt":23572.13,"FFtD":-4.48,"FQt":100,"FPz":750,"FPzD":-7.18,"FPr":31.43,"FM":7982.92,"MFt":16343.72,"MFtD":-3.46,"MQt":100,"MPz":688.3038,"MPzD":-2.84,"MPr":23.74,"MM":5044.287,"CFt":24028.58,"CFtD":-3.17,"CQt":100,"CPz":1010.275,"CPzD":-2.06,"CPr":23.78,"CM":7522.714}]},{"PD":"YTD","TF":[{"name":"cod.meGCSA","value":23572.13}],"TM":[{"name":"cod.meGCSA","value":16343.7205063291}],"TC":[{"name":"cod.meGCSA","value":24028.58225}],"DT":[{"H":"cod.meGCSA","Hid":1020700,"FFt":23572.13,"FFtD":-4.48,"FQt":100,"FPz":750,"FPzD":-7.18,"FPr":31.43,"FM":7982.92,"MFt":16343.72,"MFtD":-3.46,"MQt":100,"MPz":688.3038,"MPzD":-2.84,"MPr":23.74,"MM":5044.287,"CFt":24028.58,"CFtD":-3.17,"CQt":100,"CPz":1010.275,"CPzD":-2.06,"CPr":23.78,"CM":7522.714}]},{"PD":"BIM","TF":[{"name":"cod.meGCSA","value":4037.65}],"TM":[{"name":"cod.meGCSA","value":2657.37962025316}],"TC":[{"name":"cod.meGCSA","value":3852.16675}],"DT":[{"H":"cod.meGCSA","Hid":1020700,"FFt":4037.65,"FFtD":15.78,"FQt":100,"FPz":141,"FPzD":17.5,"FPr":28.64,"FM":1463,"MFt":2657.38,"MFtD":5.16,"MQt":100,"MPz":110.2278,"MPzD":2.24,"MPr":24.11,"MM":833.9654,"CFt":3852.167,"CFtD":3.66,"CQt":100,"CPz":159.05,"CPzD":0.32,"CPr":24.22,"CM":1213.378}]},{"PD":"UM","TF":[{"name":"cod.meGCSA","value":1849}],"TM":[{"name":"cod.meGCSA","value":1269.85987341772}],"TC":[{"name":"cod.meGCSA","value":1858.93625}],"DT":[{"H":"cod.meGCSA","Hid":1020700,"FFt":1849,"FFtD":27,"FQt":100,"FPz":67,"FPzD":19.64,"FPr":27.6,"FM":665.02,"MFt":1269.86,"MFtD":4.19,"MQt":100,"MPz":52.77215,"MPzD":0.77,"MPr":24.06,"MM":393.5772,"CFt":1858.936,"CFtD":3.83,"CQt":100,"CPz":77.275,"CPzD":0.45,"CPr":24.06,"CM":574.9062}]}]}