{
 "TIT":"cod.meGCAU","ISF2V":[{"min": 23060, "max": 93540}],"ISP2V":[{"min": 23060, "max":93540 }]   ,"ISF2":[{"name": "lb.l0006","series": [{ "name":"lb.l0052","value":80180.39 },{ "name":"lb.l0053","value":69952.88 },{ "name":"lb.l0054","value":93533.42 },{ "name":"lb.l0055","value":32952.97 },{ "name":"lb.l0056","value":41030.09 },{ "name":"lb.l0057","value":46669.39 },{ "name":"lb.l0058","value":53291.11 },{ "name":"lb.l0059","value":38778.55 },{ "name":"lb.l0060","value":51433.39 },{ "name":"lb.l0061","value":52077.39 },{ "name":"lb.l0062","value":53815.31 },{ "name":"lb.l0063","value":49572.77 }]},{"name": "lb.l0007","series": [{ "name":"lb.l0052","value":54558.8682278481 },{ "name":"lb.l0053","value":47419.6367088608 },{ "name":"lb.l0054","value":55810.9760759494 },{ "name":"lb.l0055","value":33842.0403797468 },{ "name":"lb.l0056","value":35398.7812658228 },{ "name":"lb.l0057","value":36634.3869620253 },{ "name":"lb.l0058","value":41963.0432911392 },{ "name":"lb.l0059","value":41178.6136708861 },{ "name":"lb.l0060","value":42229.8216455696 },{ "name":"lb.l0061","value":46866.3305063291 },{ "name":"lb.l0062","value":41558.9105063291 },{ "name":"lb.l0063","value":40798.2750632911 }]},{"name": "lb.l0008","series": [{ "name":"lb.l0052","value":74372.1355 },{ "name":"lb.l0053","value":65011.0565 },{ "name":"lb.l0054","value":74364.1675 },{ "name":"lb.l0055","value":44342.379 },{ "name":"lb.l0056","value":47774.92975 },{ "name":"lb.l0057","value":48822.22675 },{ "name":"lb.l0058","value":55247.805 },{ "name":"lb.l0059","value":53718.7025 },{ "name":"lb.l0060","value":56280.8255 },{ "name":"lb.l0061","value":63058.76975 },{ "name":"lb.l0062","value":55718.46675 },{ "name":"lb.l0063","value":54314.30025 }]}] ,"ISF1":[ {"name": "lb.l0040","series": [{"name":"2020","value":80180.39},{"name":"2019","value":89034.58}]},{"name": "lb.l0041","series": [{"name":"2020","value":150133.27},{"name":"2019","value":162184.32}]},{"name": "lb.l0042","series": [{"name":"2020","value":243666.69},{"name":"2019","value":229238.57}]},{"name": "lb.l0043","series": [{"name":"2020","value":276619.66},{"name":"2019","value":288520.47}]},{"name": "lb.l0044","series": [{"name":"2020","value":317649.75},{"name":"2019","value":357754.93}]},{"name": "lb.l0045","series": [{"name":"2020","value":364319.14},{"name":"2019","value":410845.19}]},{"name": "lb.l0046","series": [{"name":"2020","value":417610.25},{"name":"2019","value":479512.56}]},{"name": "lb.l0047","series": [{"name":"2020","value":456388.8},{"name":"2019","value":530503.95}]},{"name": "lb.l0048","series": [{"name":"2020","value":507822.19},{"name":"2019","value":590475.46}]},{"name": "lb.l0049","series": [{"name":"2020","value":559899.58},{"name":"2019","value":666128.55}]},{"name": "lb.l0050","series": [{"name":"2020","value":613714.89},{"name":"2019","value":739600.61}]},{"name": "lb.l0051","series": [{"name":"2020","value":663287.66},{"name":"2019","value":816312.31}]}],"DTP":[{"PD":"MAT","TF":[{"name":"cod.meGCAUMM","value":130611.03},{"name":"cod.meGCAUSA","value":87224.31},{"name":"cod.meGCAUPS","value":60142.06},{"name":"cod.meGCAUGA","value":47480.2},{"name":"cod.meGCAUME","value":16540.58},{"name":"cod.meGCAUHO","value":1515.7}],"TM":[{"name":"cod.meGCAUMM","value":120051.838101266},{"name":"cod.meGCAUSA","value":62515.2359493671},{"name":"cod.meGCAUPS","value":40878.1044303797},{"name":"cod.meGCAUGA","value":24835.2389873418},{"name":"cod.meGCAUME","value":15042.0496202532},{"name":"cod.meGCAUHO","value":2016.18481012658}],"TC":[{"name":"cod.meGCAUMM","value":160948.31725},{"name":"cod.meGCAUSA","value":84323.11625},{"name":"cod.meGCAUPS","value":56030.91175},{"name":"cod.meGCAUGA","value":29462.4385},{"name":"cod.meGCAUME","value":20655.711},{"name":"cod.meGCAUHO","value":2457.99725}],"DT":[{"H":"cod.meGCAU","Hid":1020300,"FFt":663287.66,"FFtD":-18.75,"FQt":100.00,"FPz":55067,"FPzD":-22.11,"FPr":12.05,"FM":241756.18,"MFt":518259.684,"MFtD": -5.02,"MQt":100.00,"MPz":48011.2025,"MPzD":-10.25,"MPr":10.79,"MM":186541.8094,"CFt":693025.765,"CFtD": -6.23,"CQt":100.00,"CPz":63994.575,"CPzD":-11.36,"CPr":10.83,"CM":249037.1277},{"H":"cod.meGCAUGA","Hid":1020301,"FFt": 47480.20,"FFtD":-24.87,"FQt":  7.16,"FPz": 3426,"FPzD":-25.29,"FPr":13.86,"FM": 21706.24,"MFt": 24835.239,"MFtD":  8.84,"MQt":  4.79,"MPz": 1813.0886,"MPzD":  6.11,"MPr":13.70,"MM": 10536.6456,"CFt": 29462.439,"CFtD":  6.57,"CQt":  4.25,"CPz": 2168.150,"CPzD":  3.34,"CPr":13.59,"CM": 12638.6335},{"H":"cod.meGCAUHO","Hid":1020306,"FFt":  1515.70,"FFtD":  8.97,"FQt":  0.23,"FPz":  168,"FPzD": 16.67,"FPr": 9.02,"FM":   601.35,"MFt":  2016.185,"MFtD":-26.01,"MQt":  0.39,"MPz":  212.2025,"MPzD":-27.65,"MPr": 9.50,"MM":   792.5197,"CFt":  2457.997,"CFtD":-23.74,"CQt":  0.35,"CPz":  249.600,"CPzD":-27.11,"CPr": 9.85,"CM":   986.9352},{"H":"cod.meGCAUME","Hid":1020303,"FFt": 16540.58,"FFtD":-18.84,"FQt":  2.49,"FPz": 2161,"FPzD":-25.17,"FPr": 7.65,"FM":  6240.33,"MFt": 15042.050,"MFtD": -3.24,"MQt":  2.90,"MPz": 2021.6962,"MPzD": -8.67,"MPr": 7.44,"MM":  5760.3637,"CFt": 20655.711,"CFtD": -4.48,"CQt":  2.98,"CPz": 2777.000,"CPzD": -9.72,"CPr": 7.44,"CM":  7853.3647},{"H":"cod.meGCAUMM","Hid":1020302,"FFt":130611.03,"FFtD":-20.98,"FQt": 19.69,"FPz":14098,"FPzD":-23.64,"FPr": 9.26,"FM": 46217.24,"MFt":120051.838,"MFtD": -8.54,"MQt": 23.16,"MPz":13474.3924,"MPzD":-13.50,"MPr": 8.91,"MM": 43176.1410,"CFt":160948.317,"CFtD": -9.99,"CQt": 23.22,"CPz":18110.425,"CPzD":-14.68,"CPr": 8.89,"CM": 57756.1482},{"H":"cod.meGCAUPS","Hid":1020304,"FFt": 60142.06,"FFtD":-26.46,"FQt":  9.07,"FPz": 4269,"FPzD":-27.89,"FPr":14.09,"FM": 21945.94,"MFt": 40878.104,"MFtD":-10.02,"MQt":  7.89,"MPz": 3439.2785,"MPzD":-12.46,"MPr":11.89,"MM": 14568.1637,"CFt": 56030.912,"CFtD":-10.73,"CQt":  8.08,"CPz": 4585.275,"CPzD":-12.98,"CPr":12.22,"CM": 19972.9245},{"H":"cod.meGCAUSA","Hid":1020305,"FFt": 87224.31,"FFtD": -5.10,"FQt": 13.15,"FPz": 4268,"FPzD": -5.03,"FPr":20.44,"FM": 29593.55,"MFt": 62515.236,"MFtD":  2.91,"MQt": 12.06,"MPz": 3498.2152,"MPzD":  1.32,"MPr":17.87,"MM": 21071.2324,"CFt": 84323.116,"CFtD":  2.38,"CQt": 12.17,"CPz": 4648.875,"CPzD":  0.81,"CPr":18.14,"CM": 28470.2160}]},{"PD":"YTD","TF":[{"name":"cod.meGCAUMM","value":130611.03},{"name":"cod.meGCAUSA","value":87224.31},{"name":"cod.meGCAUPS","value":60142.06},{"name":"cod.meGCAUGA","value":47480.2},{"name":"cod.meGCAUME","value":16540.58},{"name":"cod.meGCAUHO","value":1515.7}],"TM":[{"name":"cod.meGCAUMM","value":120051.838101266},{"name":"cod.meGCAUSA","value":62515.2359493671},{"name":"cod.meGCAUPS","value":40878.1044303797},{"name":"cod.meGCAUGA","value":24835.2389873418},{"name":"cod.meGCAUME","value":15042.0496202532},{"name":"cod.meGCAUHO","value":2016.18481012658}],"TC":[{"name":"cod.meGCAUMM","value":160948.31725},{"name":"cod.meGCAUSA","value":84323.11625},{"name":"cod.meGCAUPS","value":56030.91175},{"name":"cod.meGCAUGA","value":29462.4385},{"name":"cod.meGCAUME","value":20655.711},{"name":"cod.meGCAUHO","value":2457.99725}],"DT":[{"H":"cod.meGCAU","Hid":1020300,"FFt":663287.66,"FFtD":-18.75,"FQt":100.00,"FPz":55067,"FPzD":-22.11,"FPr":12.05,"FM":241756.18,"MFt":518259.684,"MFtD": -5.02,"MQt":100.00,"MPz":48011.2025,"MPzD":-10.25,"MPr":10.79,"MM":186541.8094,"CFt":693025.765,"CFtD": -6.23,"CQt":100.00,"CPz":63994.575,"CPzD":-11.36,"CPr":10.83,"CM":249037.1277},{"H":"cod.meGCAUGA","Hid":1020301,"FFt": 47480.20,"FFtD":-24.87,"FQt":  7.16,"FPz": 3426,"FPzD":-25.29,"FPr":13.86,"FM": 21706.24,"MFt": 24835.239,"MFtD":  8.84,"MQt":  4.79,"MPz": 1813.0886,"MPzD":  6.11,"MPr":13.70,"MM": 10536.6456,"CFt": 29462.439,"CFtD":  6.57,"CQt":  4.25,"CPz": 2168.150,"CPzD":  3.34,"CPr":13.59,"CM": 12638.6335},{"H":"cod.meGCAUHO","Hid":1020306,"FFt":  1515.70,"FFtD":  8.97,"FQt":  0.23,"FPz":  168,"FPzD": 16.67,"FPr": 9.02,"FM":   601.35,"MFt":  2016.185,"MFtD":-26.01,"MQt":  0.39,"MPz":  212.2025,"MPzD":-27.65,"MPr": 9.50,"MM":   792.5197,"CFt":  2457.997,"CFtD":-23.74,"CQt":  0.35,"CPz":  249.600,"CPzD":-27.11,"CPr": 9.85,"CM":   986.9352},{"H":"cod.meGCAUME","Hid":1020303,"FFt": 16540.58,"FFtD":-18.84,"FQt":  2.49,"FPz": 2161,"FPzD":-25.17,"FPr": 7.65,"FM":  6240.33,"MFt": 15042.050,"MFtD": -3.24,"MQt":  2.90,"MPz": 2021.6962,"MPzD": -8.67,"MPr": 7.44,"MM":  5760.3637,"CFt": 20655.711,"CFtD": -4.48,"CQt":  2.98,"CPz": 2777.000,"CPzD": -9.72,"CPr": 7.44,"CM":  7853.3647},{"H":"cod.meGCAUMM","Hid":1020302,"FFt":130611.03,"FFtD":-20.98,"FQt": 19.69,"FPz":14098,"FPzD":-23.64,"FPr": 9.26,"FM": 46217.24,"MFt":120051.838,"MFtD": -8.54,"MQt": 23.16,"MPz":13474.3924,"MPzD":-13.50,"MPr": 8.91,"MM": 43176.1410,"CFt":160948.317,"CFtD": -9.99,"CQt": 23.22,"CPz":18110.425,"CPzD":-14.68,"CPr": 8.89,"CM": 57756.1482},{"H":"cod.meGCAUPS","Hid":1020304,"FFt": 60142.06,"FFtD":-26.46,"FQt":  9.07,"FPz": 4269,"FPzD":-27.89,"FPr":14.09,"FM": 21945.94,"MFt": 40878.104,"MFtD":-10.02,"MQt":  7.89,"MPz": 3439.2785,"MPzD":-12.46,"MPr":11.89,"MM": 14568.1637,"CFt": 56030.912,"CFtD":-10.73,"CQt":  8.08,"CPz": 4585.275,"CPzD":-12.98,"CPr":12.22,"CM": 19972.9245},{"H":"cod.meGCAUSA","Hid":1020305,"FFt": 87224.31,"FFtD": -5.10,"FQt": 13.15,"FPz": 4268,"FPzD": -5.03,"FPr":20.44,"FM": 29593.55,"MFt": 62515.236,"MFtD":  2.91,"MQt": 12.06,"MPz": 3498.2152,"MPzD":  1.32,"MPr":17.87,"MM": 21071.2324,"CFt": 84323.116,"CFtD":  2.38,"CQt": 12.17,"CPz": 4648.875,"CPzD":  0.81,"CPr":18.14,"CM": 28470.2160}]},{"PD":"BIM","TF":[{"name":"cod.meGCAUMM","value":19691.45},{"name":"cod.meGCAUSA","value":14329.85},{"name":"cod.meGCAUPS","value":9120.19},{"name":"cod.meGCAUGA","value":8187.4},{"name":"cod.meGCAUME","value":2216.8},{"name":"cod.meGCAUHO","value":195.2}],"TM":[{"name":"cod.meGCAUMM","value":18648.6344303797},{"name":"cod.meGCAUSA","value":10631.7618987342},{"name":"cod.meGCAUPS","value":6100.69518987342},{"name":"cod.meGCAUGA","value":4243.15240506329},{"name":"cod.meGCAUME","value":2309.90430379747},{"name":"cod.meGCAUHO","value":305.232658227848}],"TC":[{"name":"cod.meGCAUMM","value":24960.51625},{"name":"cod.meGCAUSA","value":14436.62175},{"name":"cod.meGCAUPS","value":8410.08275},{"name":"cod.meGCAUGA","value":4925.154},{"name":"cod.meGCAUME","value":3157.28975},{"name":"cod.meGCAUHO","value":358.0075}],"DT":[{"H":"cod.meGCAU","Hid":1020300,"FFt":103388.08,"FFtD":-31.16,"FQt":100.00,"FPz":8200,"FPzD":-37.86,"FPr":12.61,"FM":39011.55,"MFt":82357.1856,"MFtD":-16.85,"MQt":100.00,"MPz":7394.32911,"MPzD":-25.07,"MPr":11.14,"MM":29782.6906,"CFt":110032.7670,"CFtD":-18.47,"CQt":100.00,"CPz":9851.750,"CPzD":-26.58,"CPr":11.17,"CM":39820.0930},{"H":"cod.meGCAUGA","Hid":1020301,"FFt":  8187.40,"FFtD":-35.56,"FQt":  7.92,"FPz": 596,"FPzD":-38.30,"FPr":13.74,"FM": 3678.30,"MFt": 4243.1524,"MFtD":-14.70,"MQt":  5.15,"MPz": 314.68354,"MPzD":-18.18,"MPr":13.48,"MM": 1785.9099,"CFt":  4925.1540,"CFtD":-21.09,"CQt":  4.48,"CPz": 368.600,"CPzD":-24.22,"CPr":13.36,"CM": 2106.4120},{"H":"cod.meGCAUHO","Hid":1020306,"FFt":   195.20,"FFtD":-42.94,"FQt":  0.19,"FPz":  22,"FPzD":-38.89,"FPr": 8.87,"FM":   76.51,"MFt":  305.2327,"MFtD":-43.16,"MQt":  0.37,"MPz":  32.24051,"MPzD":-42.14,"MPr": 9.47,"MM":  118.7894,"CFt":   358.0075,"CFtD":-46.54,"CQt":  0.33,"CPz":  36.225,"CPzD":-47.39,"CPr": 9.88,"CM":  142.2405},{"H":"cod.meGCAUME","Hid":1020303,"FFt":  2216.80,"FFtD":-40.69,"FQt":  2.14,"FPz": 284,"FPzD":-43.76,"FPr": 7.81,"FM":  923.00,"MFt": 2309.9043,"MFtD":-17.99,"MQt":  2.80,"MPz": 309.68354,"MPzD":-23.15,"MPr": 7.46,"MM":  895.1139,"CFt":  3157.2897,"CFtD":-20.45,"CQt":  2.87,"CPz": 423.500,"CPzD":-25.28,"CPr": 7.46,"CM": 1217.3287},{"H":"cod.meGCAUMM","Hid":1020302,"FFt": 19691.45,"FFtD":-34.90,"FQt": 19.05,"FPz":2007,"FPzD":-41.38,"FPr": 9.81,"FM": 7156.22,"MFt":18648.6344,"MFtD":-23.52,"MQt": 22.64,"MPz":2022.01266,"MPzD":-30.82,"MPr": 9.22,"MM": 6724.5258,"CFt": 24960.5163,"CFtD":-25.05,"CQt": 22.68,"CPz":2718.300,"CPzD":-32.06,"CPr": 9.18,"CM": 8990.0722},{"H":"cod.meGCAUPS","Hid":1020304,"FFt":  9120.19,"FFtD":-31.46,"FQt":  8.82,"FPz": 626,"FPzD":-39.16,"FPr":14.57,"FM": 3482.47,"MFt": 6100.6952,"MFtD":-17.76,"MQt":  7.41,"MPz": 504.41772,"MPzD":-22.32,"MPr":12.09,"MM": 2150.8044,"CFt":  8410.0827,"CFtD":-18.58,"CQt":  7.64,"CPz": 678.725,"CPzD":-22.90,"CPr":12.39,"CM": 2976.2090},{"H":"cod.meGCAUSA","Hid":1020305,"FFt": 14329.85,"FFtD":-20.09,"FQt": 13.86,"FPz": 714,"FPzD":-18.77,"FPr":20.07,"FM": 5108.85,"MFt":10631.7619,"MFtD": -0.05,"MQt": 12.91,"MPz": 592.79747,"MPzD": -3.61,"MPr":17.93,"MM": 3662.6794,"CFt": 14436.6218,"CFtD": -0.62,"CQt": 13.12,"CPz": 792.675,"CPzD": -4.20,"CPr":18.21,"CM": 5004.3870}]},{"PD":"UM","TF":[{"name":"cod.meGCAUMM","value":9334.95},{"name":"cod.meGCAUSA","value":6427.02},{"name":"cod.meGCAUPS","value":4782.69},{"name":"cod.meGCAUGA","value":4043.7},{"name":"cod.meGCAUME","value":1066.6},{"name":"cod.meGCAUHO","value":142.35}],"TM":[{"name":"cod.meGCAUMM","value":9437.03683544304},{"name":"cod.meGCAUSA","value":4999.32253164557},{"name":"cod.meGCAUPS","value":3031.45708860759},{"name":"cod.meGCAUGA","value":2142.96329113924},{"name":"cod.meGCAUME","value":1169.8917721519},{"name":"cod.meGCAUHO","value":154.206835443038}],"TC":[{"name":"cod.meGCAUMM","value":12622.788},{"name":"cod.meGCAUSA","value":6745.289},{"name":"cod.meGCAUPS","value":4168.9205},{"name":"cod.meGCAUGA","value":2457.0785},{"name":"cod.meGCAUME","value":1590.14375},{"name":"cod.meGCAUHO","value":187.2}],"DT":[{"H":"cod.meGCAU","Hid":1020300,"FFt":49572.77,"FFtD":-35.38,"FQt":100.00,"FPz":3951,"FPzD":-41.76,"FPr":12.55,"FM":18597.03,"MFt":40798.2751,"MFtD":-22.71,"MQt":100.00,"MPz":3694.32911,"MPzD":-31.05,"MPr":11.04,"MM":14732.27380,"CFt":54314.300,"CFtD":-24.73,"CQt":100.00,"CPz":4911.575,"CPzD":-32.97,"CPr":11.06,"CM":19615.99350},{"H":"cod.meGCAUGA","Hid":1020301,"FFt": 4043.70,"FFtD":-44.08,"FQt":  8.16,"FPz": 290,"FPzD":-47.08,"FPr":13.94,"FM": 1807.10,"MFt": 2142.9633,"MFtD":-22.79,"MQt":  5.25,"MPz": 159.18987,"MPzD":-26.31,"MPr":13.46,"MM":  899.35316,"CFt": 2457.079,"CFtD":-30.27,"CQt":  4.52,"CPz": 184.250,"CPzD":-33.57,"CPr":13.34,"CM": 1051.92400},{"H":"cod.meGCAUHO","Hid":1020306,"FFt":  142.35,"FFtD":-11.09,"FQt":  0.29,"FPz":  16,"FPzD":  0.00,"FPr": 8.90,"FM":   57.27,"MFt":  154.2068,"MFtD":-49.25,"MQt":  0.38,"MPz":  15.87342,"MPzD":-49.13,"MPr": 9.71,"MM":   60.08747,"CFt":  187.200,"CFtD":-49.77,"CQt":  0.34,"CPz":  18.625,"CPzD":-51.47,"CPr":10.05,"CM":   74.01275},{"H":"cod.meGCAUME","Hid":1020303,"FFt": 1066.60,"FFtD":-48.88,"FQt":  2.15,"FPz": 138,"FPzD":-51.58,"FPr": 7.73,"FM":  451.46,"MFt": 1169.8918,"MFtD":-23.60,"MQt":  2.87,"MPz": 156.16456,"MPzD":-29.00,"MPr": 7.49,"MM":  452.61506,"CFt": 1590.144,"CFtD":-26.57,"CQt":  2.93,"CPz": 213.300,"CPzD":-31.28,"CPr": 7.45,"CM":  614.32650},{"H":"cod.meGCAUMM","Hid":1020302,"FFt": 9334.95,"FFtD":-40.14,"FQt": 18.83,"FPz": 969,"FPzD":-44.69,"FPr": 9.63,"FM": 3424.68,"MFt": 9437.0368,"MFtD":-28.88,"MQt": 23.13,"MPz":1026.11392,"MPzD":-36.27,"MPr": 9.20,"MM": 3405.66165,"CFt":12622.788,"CFtD":-30.67,"CQt": 23.24,"CPz":1378.825,"CPzD":-37.83,"CPr": 9.15,"CM": 4551.29425},{"H":"cod.meGCAUPS","Hid":1020304,"FFt": 4782.69,"FFtD":-21.69,"FQt":  9.65,"FPz": 327,"FPzD":-33.54,"FPr":14.63,"FM": 1769.61,"MFt": 3031.4571,"MFtD":-21.57,"MQt":  7.43,"MPz": 251.24051,"MPzD":-26.44,"MPr":12.07,"MM": 1069.72114,"CFt": 4168.921,"CFtD":-22.68,"CQt":  7.68,"CPz": 337.475,"CPzD":-27.33,"CPr":12.35,"CM": 1473.36050},{"H":"cod.meGCAUSA","Hid":1020305,"FFt": 6427.02,"FFtD":-28.46,"FQt": 12.96,"FPz": 308,"FPzD":-29.36,"FPr":20.87,"FM": 2240.17,"MFt": 4999.3225,"MFtD": -6.40,"MQt": 12.25,"MPz": 278.37975,"MPzD":-11.43,"MPr":17.96,"MM": 1703.53671,"CFt": 6745.289,"CFtD": -7.59,"CQt": 12.42,"CPz": 369.375,"CPzD":-13.02,"CPr":18.26,"CM": 2306.05975}]}]}