{
 "TIT":"cod.meGC","ISF2V":[{"min": 71280, "max": 209320}],"ISP2V":[{"min": 71280, "max":209320 }]   ,"ISF2":[{"name": "lb.l0006","series": [{ "name":"lb.l0052","value":177770.76 },{ "name":"lb.l0053","value":177315.7 },{ "name":"lb.l0054","value":209319.01 },{ "name":"lb.l0055","value":122592.82 },{ "name":"lb.l0056","value":123864.99 },{ "name":"lb.l0057","value":140772.45 },{ "name":"lb.l0058","value":150842.77 },{ "name":"lb.l0059","value":103036.96 },{ "name":"lb.l0060","value":143382.55 },{ "name":"lb.l0061","value":139500.44 },{ "name":"lb.l0062","value":139529.72 },{ "name":"lb.l0063","value":138324.37 }]},{"name": "lb.l0007","series": [{ "name":"lb.l0052","value":123488.55 },{ "name":"lb.l0053","value":113378.258481013 },{ "name":"lb.l0054","value":147125.555949367 },{ "name":"lb.l0055","value":110085.597341772 },{ "name":"lb.l0056","value":106371.288860759 },{ "name":"lb.l0057","value":101838.652278481 },{ "name":"lb.l0058","value":118428.798734177 },{ "name":"lb.l0059","value":110836.388734177 },{ "name":"lb.l0060","value":111981.912278481 },{ "name":"lb.l0061","value":121847.113164557 },{ "name":"lb.l0062","value":111738.894936709 },{ "name":"lb.l0063","value":113147.413544304 }]},{"name": "lb.l0008","series": [{ "name":"lb.l0052","value":168994.896 },{ "name":"lb.l0053","value":156096.012 },{ "name":"lb.l0054","value":199253.91725 },{ "name":"lb.l0055","value":144505.718 },{ "name":"lb.l0056","value":143548.045 },{ "name":"lb.l0057","value":137219.59275 },{ "name":"lb.l0058","value":156775.95625 },{ "name":"lb.l0059","value":145840.775 },{ "name":"lb.l0060","value":150362.982 },{ "name":"lb.l0061","value":164024.61875 },{ "name":"lb.l0062","value":150692.16375 },{ "name":"lb.l0063","value":152790.59175 }]}] ,"ISF1":[ {"name": "lb.l0040","series": [{"name":"2020","value":177770.76},{"name":"2019","value":194064.07}]},{"name": "lb.l0041","series": [{"name":"2020","value":355086.46},{"name":"2019","value":365125}]},{"name": "lb.l0042","series": [{"name":"2020","value":564405.47},{"name":"2019","value":529717.28}]},{"name": "lb.l0043","series": [{"name":"2020","value":686998.29},{"name":"2019","value":671767.65}]},{"name": "lb.l0044","series": [{"name":"2020","value":810863.28},{"name":"2019","value":853674.77}]},{"name": "lb.l0045","series": [{"name":"2020","value":951635.73},{"name":"2019","value":983567.53}]},{"name": "lb.l0046","series": [{"name":"2020","value":1102478.5},{"name":"2019","value":1159678.64}]},{"name": "lb.l0047","series": [{"name":"2020","value":1205515.46},{"name":"2019","value":1284553.66}]},{"name": "lb.l0048","series": [{"name":"2020","value":1348898.01},{"name":"2019","value":1431023.64}]},{"name": "lb.l0049","series": [{"name":"2020","value":1488398.45},{"name":"2019","value":1612331.67}]},{"name": "lb.l0050","series": [{"name":"2020","value":1627928.17},{"name":"2019","value":1788906.99}]},{"name": "lb.l0051","series": [{"name":"2020","value":1766252.54},{"name":"2019","value":1960366.29}]}],"DTP":[{"PD":"MAT","TF":[{"name":"cod.meGCAU","value":663287.66},{"name":"cod.meGCPS","value":264321.41},{"name":"cod.meGCOU","value":77489.46},{"name":"cod.meGCSA","value":23572.13},{"name":"cod.meGCMM","value":19057.85},{"name":"cod.meGCMV","value":3415.56},{"name":"cod.meGCSE","value":1957.04},{"name":"cod.meGCME","value":1574.4},{"name":"cod.meGCHO","value":207.7}],"TM":[{"name":"cod.meGCAU","value":518259.684303797},{"name":"cod.meGCPS","value":201555.294050633},{"name":"cod.meGCOU","value":58758.7846835443},{"name":"cod.meGCMM","value":18464.6975949367},{"name":"cod.meGCSA","value":16343.7205063291},{"name":"cod.meGCMV","value":10404.3072151899},{"name":"cod.meGCSE","value":1963.17696202532},{"name":"cod.meGCME","value":1682.82658227848},{"name":"cod.meGCHO","value":371.046202531646}],"TC":[{"name":"cod.meGCAU","value":693025.76475},{"name":"cod.meGCPS","value":277940.14225},{"name":"cod.meGCOU","value":74957.45375},{"name":"cod.meGCMM","value":24897.41325},{"name":"cod.meGCSA","value":24028.58225},{"name":"cod.meGCMV","value":12176.6585},{"name":"cod.meGCSE","value":2258.12375},{"name":"cod.meGCME","value":2252.97225},{"name":"cod.meGCHO","value":454.7695}],"DT":[{"H":"cod.meGC","Hid":1020000,"FFt":1766252.54,"FFtD": -9.90,"FQt":100.00,"FPz":167312,"FPzD": -8.54,"FPr":10.56,"FM":595488.55,"MFt":1390268.4243,"MFtD":  4.53,"MQt":100.00,"MPz":154880.5949,"MPzD": 15.98,"MPr": 8.98,"MM":436573.2975,"CFt":1870105.2685,"CFtD":  3.47,"CQt":100.00,"CPz":205157.425,"CPzD": 14.21,"CPr": 9.12,"CM":581080.6582},{"H":"cod.meGCAU","Hid":1020300,"FFt": 663287.66,"FFtD":-18.75,"FQt": 37.55,"FPz": 55067,"FPzD":-22.11,"FPr":12.05,"FM":241756.18,"MFt": 518259.6843,"MFtD": -5.02,"MQt": 37.28,"MPz": 48011.2025,"MPzD":-10.25,"MPr":10.79,"MM":186541.8094,"CFt": 693025.7647,"CFtD": -6.23,"CQt": 37.06,"CPz": 63994.575,"CPzD":-11.36,"CPr":10.83,"CM":249037.1277},{"H":"cod.meGCHO","Hid":1020800,"FFt":    207.70,"FFtD":-13.66,"FQt":  0.01,"FPz":    27,"FPzD":-12.90,"FPr": 7.69,"FM":    82.30,"MFt":    371.0462,"MFtD":-10.32,"MQt":  0.03,"MPz":    44.1519,"MPzD":-14.53,"MPr": 8.40,"MM":   144.0478,"CFt":    454.7695,"CFtD":-11.43,"CQt":  0.02,"CPz":    53.600,"CPzD":-15.89,"CPr": 8.48,"CM":   178.0542},{"H":"cod.meGCME","Hid":1020500,"FFt":   1574.40,"FFtD":-30.53,"FQt":  0.09,"FPz":   256,"FPzD":-25.80,"FPr": 6.15,"FM":   533.95,"MFt":   1682.8266,"MFtD":  1.27,"MQt":  0.12,"MPz":   274.6329,"MPzD": -4.35,"MPr": 6.13,"MM":   597.5120,"CFt":   2252.9722,"CFtD":  0.97,"CQt":  0.12,"CPz":   362.025,"CPzD": -5.38,"CPr": 6.22,"CM":   787.4465},{"H":"cod.meGCMM","Hid":1020400,"FFt":  19057.85,"FFtD":-17.94,"FQt":  1.08,"FPz":  1912,"FPzD":-19.49,"FPr": 9.97,"FM":  6734.06,"MFt":  18464.6976,"MFtD":  0.87,"MQt":  1.33,"MPz":  2145.3544,"MPzD": -3.71,"MPr": 8.61,"MM":  6411.1746,"CFt":  24897.4133,"CFtD":  0.06,"CQt":  1.33,"CPz":  2868.175,"CPzD": -4.30,"CPr": 8.68,"CM":  8666.7463},{"H":"cod.meGCMV","Hid":1021000,"FFt":   3415.56,"FFtD":-27.14,"FQt":  0.19,"FPz":   197,"FPzD":-28.88,"FPr":17.34,"FM":   909.90,"MFt":  10404.3072,"MFtD": 13.27,"MQt":  0.75,"MPz":   757.4684,"MPzD":  7.83,"MPr":13.74,"MM":  2999.0434,"CFt":  12176.6585,"CFtD": 11.89,"CQt":  0.65,"CPz":   855.675,"CPzD":  5.33,"CPr":14.23,"CM":  3434.4490},{"H":"cod.meGCOU","Hid":0,"FFt":  77489.46,"FFtD":353.55,"FQt":  4.39,"FPz": 19190,"FPzD": 48.86,"FPr": 4.04,"FM": 14303.16,"MFt":  58758.7847,"MFtD":465.58,"MQt":  4.23,"MPz": 19568.3924,"MPzD":291.77,"MPr": 3.00,"MM": 11122.9563,"CFt":  74957.4538,"CFtD":724.06,"CQt":  4.01,"CPz": 25518.775,"CPzD":305.38,"CPr": 2.94,"CM": 11453.4875},{"H":"cod.meGCPS","Hid":1020600,"FFt": 264321.41,"FFtD":-11.67,"FQt": 14.97,"FPz": 19943,"FPzD": -7.33,"FPr":13.25,"FM": 86675.64,"MFt": 201555.2941,"MFtD":  1.16,"MQt": 14.50,"MPz": 17491.4937,"MPzD":  2.99,"MPr":11.52,"MM": 51493.3233,"CFt": 277940.1422,"CFtD":  0.29,"CQt": 14.86,"CPz": 23437.150,"CPzD":  0.87,"CPr":11.86,"CM": 71107.8258},{"H":"cod.meGCSA","Hid":1020700,"FFt":  23572.13,"FFtD": -4.48,"FQt":  1.33,"FPz":   750,"FPzD": -7.18,"FPr":31.43,"FM":  7982.92,"MFt":  16343.7205,"MFtD": -3.46,"MQt":  1.18,"MPz":   688.3038,"MPzD": -2.84,"MPr":23.74,"MM":  5044.2875,"CFt":  24028.5822,"CFtD": -3.17,"CQt":  1.28,"CPz":  1010.275,"CPzD": -2.06,"CPr":23.78,"CM":  7522.7142},{"H":"cod.meGCSE","Hid":0,"FFt":   1957.04,"FFtD":-55.65,"FQt":  0.11,"FPz":   509,"FPzD":-33.55,"FPr": 3.84,"FM":  1918.49,"MFt":   1963.1770,"MFtD":-21.19,"MQt":  0.14,"MPz":   688.7342,"MPzD":-24.08,"MPr": 2.85,"MM":  1885.0275,"CFt":   2258.1238,"CFtD":-31.53,"CQt":  0.12,"CPz":   748.125,"CPzD":-32.52,"CPr": 3.02,"CM":  2191.5890}]},{"PD":"YTD","TF":[{"name":"cod.meGCAU","value":663287.66},{"name":"cod.meGCPS","value":264321.41},{"name":"cod.meGCOU","value":77489.46},{"name":"cod.meGCSA","value":23572.13},{"name":"cod.meGCMM","value":19057.85},{"name":"cod.meGCMV","value":3415.56},{"name":"cod.meGCSE","value":1957.04},{"name":"cod.meGCME","value":1574.4},{"name":"cod.meGCHO","value":207.7}],"TM":[{"name":"cod.meGCAU","value":518259.684303797},{"name":"cod.meGCPS","value":201555.294050633},{"name":"cod.meGCOU","value":58758.7846835443},{"name":"cod.meGCMM","value":18464.6975949367},{"name":"cod.meGCSA","value":16343.7205063291},{"name":"cod.meGCMV","value":10404.3072151899},{"name":"cod.meGCSE","value":1963.17696202532},{"name":"cod.meGCME","value":1682.82658227848},{"name":"cod.meGCHO","value":371.046202531646}],"TC":[{"name":"cod.meGCAU","value":693025.76475},{"name":"cod.meGCPS","value":277940.14225},{"name":"cod.meGCOU","value":74957.45375},{"name":"cod.meGCMM","value":24897.41325},{"name":"cod.meGCSA","value":24028.58225},{"name":"cod.meGCMV","value":12176.6585},{"name":"cod.meGCSE","value":2258.12375},{"name":"cod.meGCME","value":2252.97225},{"name":"cod.meGCHO","value":454.7695}],"DT":[{"H":"cod.meGC","Hid":1020000,"FFt":1766252.54,"FFtD": -9.90,"FQt":100.00,"FPz":167312,"FPzD": -8.54,"FPr":10.56,"FM":595488.55,"MFt":1390268.4243,"MFtD":  4.53,"MQt":100.00,"MPz":154880.5949,"MPzD": 15.98,"MPr": 8.98,"MM":436573.2975,"CFt":1870105.2685,"CFtD":  3.47,"CQt":100.00,"CPz":205157.425,"CPzD": 14.21,"CPr": 9.12,"CM":581080.6582},{"H":"cod.meGCAU","Hid":1020300,"FFt": 663287.66,"FFtD":-18.75,"FQt": 37.55,"FPz": 55067,"FPzD":-22.11,"FPr":12.05,"FM":241756.18,"MFt": 518259.6843,"MFtD": -5.02,"MQt": 37.28,"MPz": 48011.2025,"MPzD":-10.25,"MPr":10.79,"MM":186541.8094,"CFt": 693025.7647,"CFtD": -6.23,"CQt": 37.06,"CPz": 63994.575,"CPzD":-11.36,"CPr":10.83,"CM":249037.1277},{"H":"cod.meGCHO","Hid":1020800,"FFt":    207.70,"FFtD":-13.66,"FQt":  0.01,"FPz":    27,"FPzD":-12.90,"FPr": 7.69,"FM":    82.30,"MFt":    371.0462,"MFtD":-10.32,"MQt":  0.03,"MPz":    44.1519,"MPzD":-14.53,"MPr": 8.40,"MM":   144.0478,"CFt":    454.7695,"CFtD":-11.43,"CQt":  0.02,"CPz":    53.600,"CPzD":-15.89,"CPr": 8.48,"CM":   178.0542},{"H":"cod.meGCME","Hid":1020500,"FFt":   1574.40,"FFtD":-30.53,"FQt":  0.09,"FPz":   256,"FPzD":-25.80,"FPr": 6.15,"FM":   533.95,"MFt":   1682.8266,"MFtD":  1.27,"MQt":  0.12,"MPz":   274.6329,"MPzD": -4.35,"MPr": 6.13,"MM":   597.5120,"CFt":   2252.9722,"CFtD":  0.97,"CQt":  0.12,"CPz":   362.025,"CPzD": -5.38,"CPr": 6.22,"CM":   787.4465},{"H":"cod.meGCMM","Hid":1020400,"FFt":  19057.85,"FFtD":-17.94,"FQt":  1.08,"FPz":  1912,"FPzD":-19.49,"FPr": 9.97,"FM":  6734.06,"MFt":  18464.6976,"MFtD":  0.87,"MQt":  1.33,"MPz":  2145.3544,"MPzD": -3.71,"MPr": 8.61,"MM":  6411.1746,"CFt":  24897.4133,"CFtD":  0.06,"CQt":  1.33,"CPz":  2868.175,"CPzD": -4.30,"CPr": 8.68,"CM":  8666.7463},{"H":"cod.meGCMV","Hid":1021000,"FFt":   3415.56,"FFtD":-27.14,"FQt":  0.19,"FPz":   197,"FPzD":-28.88,"FPr":17.34,"FM":   909.90,"MFt":  10404.3072,"MFtD": 13.27,"MQt":  0.75,"MPz":   757.4684,"MPzD":  7.83,"MPr":13.74,"MM":  2999.0434,"CFt":  12176.6585,"CFtD": 11.89,"CQt":  0.65,"CPz":   855.675,"CPzD":  5.33,"CPr":14.23,"CM":  3434.4490},{"H":"cod.meGCOU","Hid":0,"FFt":  77489.46,"FFtD":353.55,"FQt":  4.39,"FPz": 19190,"FPzD": 48.86,"FPr": 4.04,"FM": 14303.16,"MFt":  58758.7847,"MFtD":465.58,"MQt":  4.23,"MPz": 19568.3924,"MPzD":291.77,"MPr": 3.00,"MM": 11122.9563,"CFt":  74957.4538,"CFtD":724.06,"CQt":  4.01,"CPz": 25518.775,"CPzD":305.38,"CPr": 2.94,"CM": 11453.4875},{"H":"cod.meGCPS","Hid":1020600,"FFt": 264321.41,"FFtD":-11.67,"FQt": 14.97,"FPz": 19943,"FPzD": -7.33,"FPr":13.25,"FM": 86675.64,"MFt": 201555.2941,"MFtD":  1.16,"MQt": 14.50,"MPz": 17491.4937,"MPzD":  2.99,"MPr":11.52,"MM": 51493.3233,"CFt": 277940.1422,"CFtD":  0.29,"CQt": 14.86,"CPz": 23437.150,"CPzD":  0.87,"CPr":11.86,"CM": 71107.8258},{"H":"cod.meGCSA","Hid":1020700,"FFt":  23572.13,"FFtD": -4.48,"FQt":  1.33,"FPz":   750,"FPzD": -7.18,"FPr":31.43,"FM":  7982.92,"MFt":  16343.7205,"MFtD": -3.46,"MQt":  1.18,"MPz":   688.3038,"MPzD": -2.84,"MPr":23.74,"MM":  5044.2875,"CFt":  24028.5822,"CFtD": -3.17,"CQt":  1.28,"CPz":  1010.275,"CPzD": -2.06,"CPr":23.78,"CM":  7522.7142},{"H":"cod.meGCSE","Hid":0,"FFt":   1957.04,"FFtD":-55.65,"FQt":  0.11,"FPz":   509,"FPzD":-33.55,"FPr": 3.84,"FM":  1918.49,"MFt":   1963.1770,"MFtD":-21.19,"MQt":  0.14,"MPz":   688.7342,"MPzD":-24.08,"MPr": 2.85,"MM":  1885.0275,"CFt":   2258.1238,"CFtD":-31.53,"CQt":  0.12,"CPz":   748.125,"CPzD":-32.52,"CPr": 3.02,"CM":  2191.5890}]},{"PD":"BIM","TF":[{"name":"cod.meGCAU","value":103388.08},{"name":"cod.meGCPS","value":39352.93},{"name":"cod.meGCOU","value":15320.14},{"name":"cod.meGCSA","value":4037.65},{"name":"cod.meGCMM","value":2568.8},{"name":"cod.meGCSE","value":544},{"name":"cod.meGCMV","value":283.89},{"name":"cod.meGCME","value":274.9},{"name":"cod.meGCHO","value":27.1}],"TM":[{"name":"cod.meGCAU","value":82357.1855696203},{"name":"cod.meGCPS","value":32406.3193670886},{"name":"cod.meGCOU","value":11270.5175949367},{"name":"cod.meGCMM","value":2746.98696202532},{"name":"cod.meGCSA","value":2657.37962025316},{"name":"cod.meGCMV","value":1287.93860759494},{"name":"cod.meGCSE","value":488.581265822785},{"name":"cod.meGCME","value":284.976202531646},{"name":"cod.meGCHO","value":62.9594936708861}],"TC":[{"name":"cod.meGCAU","value":110032.767},{"name":"cod.meGCPS","value":44977.228},{"name":"cod.meGCOU","value":14774.99775},{"name":"cod.meGCSA","value":3852.16675},{"name":"cod.meGCMM","value":3744.50925},{"name":"cod.meGCMV","value":1474.138},{"name":"cod.meGCSE","value":551.43175},{"name":"cod.meGCME","value":378.28},{"name":"cod.meGCHO","value":79.69525}],"DT":[{"H":"cod.meGC","Hid":1020000,"FFt":277854.09,"FFtD":-20.16,"FQt":100.00,"FPz":25543,"FPzD":-21.85,"FPr":10.88,"FM":88636.77,"MFt":224886.30848,"MFtD": -3.92,"MQt":100.00,"MPz":22643.708861,"MPzD":  1.51,"MPr": 9.93,"MM":71818.65772,"CFt":303482.75550,"CFtD": -5.14,"CQt":100.00,"CPz":29961.625,"CPzD":    1.83,"CPr":10.13,"CM":95762.18050},{"H":"cod.meGCAU","Hid":1020300,"FFt":103388.08,"FFtD":-31.16,"FQt": 37.21,"FPz": 8200,"FPzD":-37.86,"FPr":12.61,"FM":39011.55,"MFt": 82357.18557,"MFtD":-16.85,"MQt": 36.62,"MPz": 7394.329114,"MPzD":-25.07,"MPr":11.14,"MM":29782.69063,"CFt":110032.76700,"CFtD":-18.47,"CQt": 36.26,"CPz": 9851.750,"CPzD":  -26.58,"CPr":11.17,"CM":39820.09300},{"H":"cod.meGCHO","Hid":1020800,"FFt":    27.10,"FFtD":-51.87,"FQt":  0.01,"FPz":    4,"FPzD":-42.86,"FPr": 6.78,"FM":   10.56,"MFt":    62.95949,"MFtD":  3.39,"MQt":  0.03,"MPz":    7.481013,"MPzD": -1.83,"MPr": 8.42,"MM":   24.14911,"CFt":    79.69525,"CFtD":  6.25,"CQt":  0.03,"CPz":    9.475,"CPzD":    1.61,"CPr": 8.41,"CM":   30.86875},{"H":"cod.meGCME","Hid":1020500,"FFt":   274.90,"FFtD":-21.46,"FQt":  0.10,"FPz":   35,"FPzD":-35.19,"FPr": 7.85,"FM":  116.31,"MFt":   284.97620,"MFtD":  7.34,"MQt":  0.13,"MPz":   44.645570,"MPzD": -0.68,"MPr": 6.38,"MM":  104.60127,"CFt":   378.28000,"CFtD":  6.07,"CQt":  0.12,"CPz":   58.925,"CPzD":   -2.12,"CPr": 6.42,"CM":  134.96075},{"H":"cod.meGCMM","Hid":1020400,"FFt":  2568.80,"FFtD":-31.56,"FQt":  0.92,"FPz":  260,"FPzD":-30.67,"FPr": 9.88,"FM":  947.68,"MFt":  2746.98696,"MFtD": -1.16,"MQt":  1.22,"MPz":  307.088608,"MPzD": -7.30,"MPr": 8.95,"MM":  972.14468,"CFt":  3744.50925,"CFtD": -1.91,"CQt":  1.23,"CPz":  413.875,"CPzD":   -7.85,"CPr": 9.05,"CM": 1331.59950},{"H":"cod.meGCMV","Hid":1021000,"FFt":   283.89,"FFtD":-56.08,"FQt":  0.10,"FPz":   19,"FPzD":-48.65,"FPr":14.94,"FM":   82.20,"MFt":  1287.93861,"MFtD": 13.91,"MQt":  0.57,"MPz":   95.113924,"MPzD":  6.04,"MPr":13.54,"MM":  380.25139,"CFt":  1474.13800,"CFtD": 13.39,"CQt":  0.49,"CPz":  109.850,"CPzD":    5.98,"CPr":13.42,"CM":  437.89025},{"H":"cod.meGCOU","Hid":0,"FFt": 15320.14,"FFtD":233.88,"FQt":  5.51,"FPz": 3344,"FPzD": 39.51,"FPr": 4.58,"FM": -845.45,"MFt": 11270.51759,"MFtD":312.92,"MQt":  5.01,"MPz": 2449.341772,"MPzD":728.97,"MPr": 4.60,"MM": 2643.32861,"CFt": 14774.99775,"CFtD":378.25,"CQt":  4.87,"CPz": 3102.000,"CPzD":-4089.71,"CPr": 4.76,"CM": 2828.98900},{"H":"cod.meGCPS","Hid":1020600,"FFt": 39352.93,"FFtD":-20.68,"FQt": 14.16,"FPz": 2750,"FPzD":-19.61,"FPr":14.31,"FM":13201.21,"MFt": 32406.31937,"MFtD": -3.12,"MQt": 14.41,"MPz": 2633.721519,"MPzD": -4.29,"MPr":12.30,"MM": 8361.52734,"CFt": 44977.22800,"CFtD": -3.52,"CQt": 14.82,"CPz": 3575.275,"CPzD":   -5.92,"CPr":12.58,"CM":11763.39225},{"H":"cod.meGCSA","Hid":1020700,"FFt":  4037.65,"FFtD": 15.78,"FQt":  1.45,"FPz":  141,"FPzD": 17.50,"FPr":28.64,"FM": 1463.00,"MFt":  2657.37962,"MFtD":  5.16,"MQt":  1.18,"MPz":  110.227848,"MPzD":  2.24,"MPr":24.11,"MM":  833.96544,"CFt":  3852.16675,"CFtD":  3.66,"CQt":  1.27,"CPz":  159.050,"CPzD":    0.32,"CPr":24.22,"CM": 1213.37750},{"H":"cod.meGCSE","Hid":0,"FFt":   544.00,"FFtD": 15.74,"FQt":  0.20,"FPz":  143,"FPzD": -7.74,"FPr": 3.80,"FM":  544.00,"MFt":   488.58127,"MFtD": 15.33,"MQt":  0.22,"MPz":  167.822785,"MPzD": -2.50,"MPr": 2.91,"MM":  475.58177,"CFt":   551.43175,"CFtD":  2.13,"CQt":  0.18,"CPz":  209.625,"CPzD":    2.64,"CPr": 2.63,"CM":  538.24400}]},{"PD":"UM","TF":[{"name":"cod.meGCAU","value":49572.77},{"name":"cod.meGCPS","value":20590.36},{"name":"cod.meGCOU","value":8350.66},{"name":"cod.meGCSA","value":1849},{"name":"cod.meGCMM","value":1217.55},{"name":"cod.meGCSE","value":243.5},{"name":"cod.meGCMV","value":129.6},{"name":"cod.meGCME","value":89.1},{"name":"cod.meGCHO","value":18.3}],"TM":[{"name":"cod.meGCAU","value":40798.2750632911},{"name":"cod.meGCPS","value":16771.0312658228},{"name":"cod.meGCOU","value":5746.86341772152},{"name":"cod.meGCMM","value":1398.77278481013},{"name":"cod.meGCSA","value":1269.85987341772},{"name":"cod.meGCMV","value":655.982405063291},{"name":"cod.meGCSE","value":224.375696202532},{"name":"cod.meGCME","value":145.439493670886},{"name":"cod.meGCHO","value":30.5459493670886}],"TC":[{"name":"cod.meGCAU","value":54314.30025},{"name":"cod.meGCPS","value":23293.0425},{"name":"cod.meGCOU","value":7753.00175},{"name":"cod.meGCMM","value":1889.701},{"name":"cod.meGCSA","value":1858.93625},{"name":"cod.meGCMV","value":741.4865},{"name":"cod.meGCSE","value":205.88625},{"name":"cod.meGCME","value":188.75525},{"name":"cod.meGCHO","value":35.896}],"DT":[{"H":"cod.meGC","Hid":1020000,"FFt":138324.37,"FFtD":-19.33,"FQt":100.00,"FPz":12392,"FPzD":-24.16,"FPr":11.16,"FM":43302.91,"MFt":113147.41354,"MFtD": -8.37,"MQt":100.00,"MPz":11176.151899,"MPzD":  -3.79,"MPr":10.12,"MM":36036.32430,"CFt":152790.5917,"CFtD": -9.88,"CQt":100.00,"CPz":14749.150,"CPzD":  -3.30,"CPr":10.36,"CM":48043.13025},{"H":"cod.meGCAU","Hid":1020300,"FFt": 49572.77,"FFtD":-35.38,"FQt": 35.84,"FPz": 3951,"FPzD":-41.76,"FPr":12.55,"FM":18597.03,"MFt": 40798.27506,"MFtD":-22.71,"MQt": 36.06,"MPz": 3694.329114,"MPzD": -31.05,"MPr":11.04,"MM":14732.27380,"CFt": 54314.3003,"CFtD":-24.73,"CQt": 35.55,"CPz": 4911.575,"CPzD": -32.97,"CPr":11.06,"CM":19615.99350},{"H":"cod.meGCHO","Hid":1020800,"FFt":    18.30,"FFtD":-21.79,"FQt":  0.01,"FPz":    2,"FPzD":-33.33,"FPr": 9.15,"FM":    7.33,"MFt":    30.54595,"MFtD": -3.85,"MQt":  0.03,"MPz":    3.708861,"MPzD":  -7.28,"MPr": 8.24,"MM":   11.61089,"CFt":    35.8960,"CFtD": -0.09,"CQt":  0.02,"CPz":    4.450,"CPzD":  -1.11,"CPr": 8.07,"CM":   13.73550},{"H":"cod.meGCME","Hid":1020500,"FFt":    89.10,"FFtD":-56.73,"FQt":  0.06,"FPz":   10,"FPzD":-69.70,"FPr": 8.91,"FM":   43.09,"MFt":   145.43949,"MFtD":  8.33,"MQt":  0.13,"MPz":   22.556962,"MPzD":  -1.27,"MPr": 6.45,"MM":   53.81367,"CFt":   188.7552,"CFtD":  5.43,"CQt":  0.12,"CPz":   29.150,"CPzD":  -4.03,"CPr": 6.48,"CM":   67.41675},{"H":"cod.meGCMM","Hid":1020400,"FFt":  1217.55,"FFtD":-25.72,"FQt":  0.88,"FPz":  134,"FPzD":-14.10,"FPr": 9.09,"FM":  450.81,"MFt":  1398.77278,"MFtD": -1.68,"MQt":  1.24,"MPz":  157.531646,"MPzD":  -6.61,"MPr": 8.88,"MM":  493.54152,"CFt":  1889.7010,"CFtD": -3.88,"CQt":  1.24,"CPz":  211.200,"CPzD":  -8.19,"CPr": 8.95,"CM":  670.86875},{"H":"cod.meGCMV","Hid":1021000,"FFt":   129.60,"FFtD":-69.21,"FQt":  0.09,"FPz":    8,"FPzD":-61.90,"FPr":16.20,"FM":   36.63,"MFt":   655.98241,"MFtD": 14.56,"MQt":  0.58,"MPz":   48.050633,"MPzD":   6.09,"MPr":13.65,"MM":  193.67329,"CFt":   741.4865,"CFtD": 13.42,"CQt":  0.49,"CPz":   55.375,"CPzD":   7.06,"CPr":13.39,"CM":  220.69900},{"H":"cod.meGCOU","Hid":0,"FFt":  8350.66,"FFtD":183.62,"FQt":  6.04,"FPz": 1569,"FPzD": 32.29,"FPr": 5.32,"FM": -484.17,"MFt":  5746.86342,"MFtD":373.48,"MQt":  5.08,"MPz": 1133.443038,"MPzD":6241.50,"MPr": 5.07,"MM": 1344.28076,"CFt":  7753.0018,"CFtD":509.61,"CQt":  5.07,"CPz": 1412.150,"CPzD":-557.34,"CPr": 5.49,"CM": 1459.90825},{"H":"cod.meGCPS","Hid":1020600,"FFt": 20590.36,"FFtD": -7.42,"FQt": 14.89,"FPz": 1419,"FPzD":-13.69,"FPr":14.51,"FM": 6967.36,"MFt": 16771.03127,"MFtD": -5.36,"MQt": 14.82,"MPz": 1356.101266,"MPzD":  -5.41,"MPr":12.37,"MM": 4372.73215,"CFt": 23293.0425,"CFtD": -6.73,"CQt": 15.25,"CPz": 1847.550,"CPzD":  -7.51,"CPr":12.61,"CM": 6234.16650},{"H":"cod.meGCSA","Hid":1020700,"FFt":  1849.00,"FFtD": 27.00,"FQt":  1.34,"FPz":   67,"FPzD": 19.64,"FPr":27.60,"FM":  665.02,"MFt":  1269.85987,"MFtD":  4.19,"MQt":  1.12,"MPz":   52.772152,"MPzD":   0.77,"MPr":24.06,"MM":  393.57722,"CFt":  1858.9362,"CFtD":  3.83,"CQt":  1.22,"CPz":   77.275,"CPzD":   0.45,"CPr":24.06,"CM":  574.90625},{"H":"cod.meGCSE","Hid":0,"FFt":   243.50,"FFtD": 42.82,"FQt":  0.18,"FPz":   60,"FPzD": 17.65,"FPr": 4.06,"FM":  243.50,"MFt":   224.37570,"MFtD": 21.32,"MQt":  0.20,"MPz":   63.063291,"MPzD": -12.38,"MPr": 3.56,"MM":  218.14646,"CFt":   205.8862,"CFtD": -8.53,"CQt":  0.13,"CPz":   76.775,"CPzD":  -7.89,"CPr": 2.68,"CM":  199.35950}]}]}