{
 "TIT":"cod.meGCSE","ISF2V":[{"min": 0, "max": 400}],"ISP2V":[{"min": 0, "max":400 }]   ,"ISF2":[{"name": "lb.l0006","series": [{ "name":"lb.l0052","value":198.5 },{ "name":"lb.l0053","value":187.5 },{ "name":"lb.l0054","value":47.5 },{ "name":"lb.l0055","value":0 },{ "name":"lb.l0056","value":107 },{ "name":"lb.l0057","value":206.44 },{ "name":"lb.l0058","value":122 },{ "name":"lb.l0059","value":71 },{ "name":"lb.l0060","value":77 },{ "name":"lb.l0061","value":396.1 },{ "name":"lb.l0062","value":300.5 },{ "name":"lb.l0063","value":243.5 }]},{"name": "lb.l0007","series": [{ "name":"lb.l0052","value":199.381392405063 },{ "name":"lb.l0053","value":181.247088607595 },{ "name":"lb.l0054","value":101.209620253165 },{ "name":"lb.l0055","value":30.1530379746835 },{ "name":"lb.l0056","value":94.0698734177215 },{ "name":"lb.l0057","value":125.62253164557 },{ "name":"lb.l0058","value":168.659367088608 },{ "name":"lb.l0059","value":140.249746835443 },{ "name":"lb.l0060","value":163.954430379747 },{ "name":"lb.l0061","value":270.048607594937 },{ "name":"lb.l0062","value":264.205569620253 },{ "name":"lb.l0063","value":224.375696202532 }]},{"name": "lb.l0008","series": [{ "name":"lb.l0052","value":234.13925 },{ "name":"lb.l0053","value":220.878 },{ "name":"lb.l0054","value":132.36725 },{ "name":"lb.l0055","value":39.09825 },{ "name":"lb.l0056","value":110.83525 },{ "name":"lb.l0057","value":131.9455 },{ "name":"lb.l0058","value":177.202 },{ "name":"lb.l0059","value":141.22725 },{ "name":"lb.l0060","value":184.70975 },{ "name":"lb.l0061","value":334.2895 },{ "name":"lb.l0062","value":345.5455 },{ "name":"lb.l0063","value":205.88625 }]}] ,"ISF1":[ {"name": "lb.l0040","series": [{"name":"2020","value":198.5},{"name":"2019","value":456}]},{"name": "lb.l0041","series": [{"name":"2020","value":386},{"name":"2019","value":804.5}]},{"name": "lb.l0042","series": [{"name":"2020","value":433.5},{"name":"2019","value":1264.5}]},{"name": "lb.l0043","series": [{"name":"2020","value":433.5},{"name":"2019","value":1755}]},{"name": "lb.l0044","series": [{"name":"2020","value":540.5},{"name":"2019","value":2244}]},{"name": "lb.l0045","series": [{"name":"2020","value":746.94},{"name":"2019","value":2603.01}]},{"name": "lb.l0046","series": [{"name":"2020","value":868.94},{"name":"2019","value":2992.01}]},{"name": "lb.l0047","series": [{"name":"2020","value":939.94},{"name":"2019","value":3224.51}]},{"name": "lb.l0048","series": [{"name":"2020","value":1016.94},{"name":"2019","value":3583.01}]},{"name": "lb.l0049","series": [{"name":"2020","value":1413.04},{"name":"2019","value":3943.01}]},{"name": "lb.l0050","series": [{"name":"2020","value":1713.54},{"name":"2019","value":4242.52}]},{"name": "lb.l0051","series": [{"name":"2020","value":1957.04},{"name":"2019","value":4413.02}]}],"DTP":[{"PD":"MAT","TF":[{"name":"cod.meGCSE","value":1957.04}],"TM":[{"name":"cod.meGCSE","value":1963.17696202532}],"TC":[{"name":"cod.meGCSE","value":2258.12375}],"DT":[{"H":"cod.meGCSE","Hid":0,"FFt":1957.04,"FFtD":-55.65,"FQt":100,"FPz":509,"FPzD":-33.55,"FPr":3.84,"FM":1918.49,"MFt":1963.177,"MFtD":-21.19,"MQt":100,"MPz":688.7342,"MPzD":-24.08,"MPr":2.85,"MM":1885.027,"CFt":2258.124,"CFtD":-31.53,"CQt":100,"CPz":748.125,"CPzD":-32.52,"CPr":3.02,"CM":2191.589}]},{"PD":"YTD","TF":[{"name":"cod.meGCSE","value":1957.04}],"TM":[{"name":"cod.meGCSE","value":1963.17696202532}],"TC":[{"name":"cod.meGCSE","value":2258.12375}],"DT":[{"H":"cod.meGCSE","Hid":0,"FFt":1957.04,"FFtD":-55.65,"FQt":100,"FPz":509,"FPzD":-33.55,"FPr":3.84,"FM":1918.49,"MFt":1963.177,"MFtD":-21.19,"MQt":100,"MPz":688.7342,"MPzD":-24.08,"MPr":2.85,"MM":1885.027,"CFt":2258.124,"CFtD":-31.53,"CQt":100,"CPz":748.125,"CPzD":-32.52,"CPr":3.02,"CM":2191.589}]},{"PD":"BIM","TF":[{"name":"cod.meGCSE","value":544}],"TM":[{"name":"cod.meGCSE","value":488.581265822785}],"TC":[{"name":"cod.meGCSE","value":551.43175}],"DT":[{"H":"cod.meGCSE","Hid":0,"FFt":544,"FFtD":15.74,"FQt":100,"FPz":143,"FPzD":-7.74,"FPr":3.8,"FM":544,"MFt":488.5813,"MFtD":15.33,"MQt":100,"MPz":167.8228,"MPzD":-2.5,"MPr":2.91,"MM":475.5818,"CFt":551.4317,"CFtD":2.13,"CQt":100,"CPz":209.625,"CPzD":2.64,"CPr":2.63,"CM":538.244}]},{"PD":"UM","TF":[{"name":"cod.meGCSE","value":243.5}],"TM":[{"name":"cod.meGCSE","value":224.375696202532}],"TC":[{"name":"cod.meGCSE","value":205.88625}],"DT":[{"H":"cod.meGCSE","Hid":0,"FFt":243.5,"FFtD":42.82,"FQt":100,"FPz":60,"FPzD":17.65,"FPr":4.06,"FM":243.5,"MFt":224.3757,"MFtD":21.32,"MQt":100,"MPz":63.06329,"MPzD":-12.38,"MPr":3.56,"MM":218.1465,"CFt":205.8862,"CFtD":-8.53,"CQt":100,"CPz":76.775,"CPzD":-7.89,"CPr":2.68,"CM":199.3595}]}]}