{
 "TIT":"cod.meGCHO","ISF2V":[{"min": 0, "max": 50}],"ISP2V":[{"min": 0, "max":50 }]   ,"ISF2":[{"name": "lb.l0006","series": [{ "name":"lb.l0052","value":8.7 },{ "name":"lb.l0053","value":32.9 },{ "name":"lb.l0054","value":32.9 },{ "name":"lb.l0055","value":0 },{ "name":"lb.l0056","value":13.2 },{ "name":"lb.l0057","value":9.5 },{ "name":"lb.l0058","value":37.3 },{ "name":"lb.l0059","value":23.4 },{ "name":"lb.l0060","value":13.9 },{ "name":"lb.l0061","value":8.8 },{ "name":"lb.l0062","value":8.8 },{ "name":"lb.l0063","value":18.3 }]},{"name": "lb.l0007","series": [{ "name":"lb.l0052","value":27.7481012658228 },{ "name":"lb.l0053","value":31.0382278481013 },{ "name":"lb.l0054","value":28.9339240506329 },{ "name":"lb.l0055","value":19.7045569620253 },{ "name":"lb.l0056","value":28.1758227848101 },{ "name":"lb.l0057","value":31.8837974683544 },{ "name":"lb.l0058","value":33.9632911392405 },{ "name":"lb.l0059","value":35.8081012658228 },{ "name":"lb.l0060","value":34.3413924050633 },{ "name":"lb.l0061","value":36.4894936708861 },{ "name":"lb.l0062","value":32.4135443037975 },{ "name":"lb.l0063","value":30.5459493670886 }]},{"name": "lb.l0008","series": [{ "name":"lb.l0052","value":31.422 },{ "name":"lb.l0053","value":35.37075 },{ "name":"lb.l0054","value":34.7895 },{ "name":"lb.l0055","value":22.3895 },{ "name":"lb.l0056","value":37.40875 },{ "name":"lb.l0057","value":43.484 },{ "name":"lb.l0058","value":39.1645 },{ "name":"lb.l0059","value":38.3395 },{ "name":"lb.l0060","value":43.33325 },{ "name":"lb.l0061","value":49.3725 },{ "name":"lb.l0062","value":43.79925 },{ "name":"lb.l0063","value":35.896 }]}] ,"ISF1":[ {"name": "lb.l0040","series": [{"name":"2020","value":8.7},{"name":"2019","value":25.78}]},{"name": "lb.l0041","series": [{"name":"2020","value":41.6},{"name":"2019","value":38.67}]},{"name": "lb.l0042","series": [{"name":"2020","value":74.5},{"name":"2019","value":74.47}]},{"name": "lb.l0043","series": [{"name":"2020","value":74.5},{"name":"2019","value":92.77}]},{"name": "lb.l0044","series": [{"name":"2020","value":87.7},{"name":"2019","value":115.17}]},{"name": "lb.l0045","series": [{"name":"2020","value":97.2},{"name":"2019","value":133.17}]},{"name": "lb.l0046","series": [{"name":"2020","value":134.5},{"name":"2019","value":171.17}]},{"name": "lb.l0047","series": [{"name":"2020","value":157.9},{"name":"2019","value":179.87}]},{"name": "lb.l0048","series": [{"name":"2020","value":171.8},{"name":"2019","value":179.87}]},{"name": "lb.l0049","series": [{"name":"2020","value":180.6},{"name":"2019","value":184.27}]},{"name": "lb.l0050","series": [{"name":"2020","value":189.4},{"name":"2019","value":217.17}]},{"name": "lb.l0051","series": [{"name":"2020","value":207.7},{"name":"2019","value":240.57}]}],"DTP":[{"PD":"MAT","TF":[{"name":"cod.meGCHO","value":207.7}],"TM":[{"name":"cod.meGCHO","value":371.046202531646}],"TC":[{"name":"cod.meGCHO","value":454.7695}],"DT":[{"H":"cod.meGCHO","Hid":1020800,"FFt":207.7,"FFtD":-13.66,"FQt":100,"FPz":27,"FPzD":-12.9,"FPr":7.69,"FM":82.3,"MFt":371.0462,"MFtD":-10.32,"MQt":100,"MPz":44.1519,"MPzD":-14.53,"MPr":8.4,"MM":144.0478,"CFt":454.7695,"CFtD":-11.43,"CQt":100,"CPz":53.6,"CPzD":-15.89,"CPr":8.48,"CM":178.0542}]},{"PD":"YTD","TF":[{"name":"cod.meGCHO","value":207.7}],"TM":[{"name":"cod.meGCHO","value":371.046202531646}],"TC":[{"name":"cod.meGCHO","value":454.7695}],"DT":[{"H":"cod.meGCHO","Hid":1020800,"FFt":207.7,"FFtD":-13.66,"FQt":100,"FPz":27,"FPzD":-12.9,"FPr":7.69,"FM":82.3,"MFt":371.0462,"MFtD":-10.32,"MQt":100,"MPz":44.1519,"MPzD":-14.53,"MPr":8.4,"MM":144.0478,"CFt":454.7695,"CFtD":-11.43,"CQt":100,"CPz":53.6,"CPzD":-15.89,"CPr":8.48,"CM":178.0542}]},{"PD":"BIM","TF":[{"name":"cod.meGCHO","value":27.1}],"TM":[{"name":"cod.meGCHO","value":62.9594936708861}],"TC":[{"name":"cod.meGCHO","value":79.69525}],"DT":[{"H":"cod.meGCHO","Hid":1020800,"FFt":27.1,"FFtD":-51.87,"FQt":100,"FPz":4,"FPzD":-42.86,"FPr":6.78,"FM":10.56,"MFt":62.95949,"MFtD":3.39,"MQt":100,"MPz":7.481013,"MPzD":-1.83,"MPr":8.42,"MM":24.14911,"CFt":79.69525,"CFtD":6.25,"CQt":100,"CPz":9.475,"CPzD":1.61,"CPr":8.41,"CM":30.86875}]},{"PD":"UM","TF":[{"name":"cod.meGCHO","value":18.3}],"TM":[{"name":"cod.meGCHO","value":30.5459493670886}],"TC":[{"name":"cod.meGCHO","value":35.896}],"DT":[{"H":"cod.meGCHO","Hid":1020800,"FFt":18.3,"FFtD":-21.79,"FQt":100,"FPz":2,"FPzD":-33.33,"FPr":9.15,"FM":7.33,"MFt":30.54595,"MFtD":-3.85,"MQt":100,"MPz":3.708861,"MPzD":-7.28,"MPr":8.24,"MM":11.61089,"CFt":35.896,"CFtD":-0.09,"CQt":100,"CPz":4.45,"CPzD":-1.11,"CPr":8.07,"CM":13.7355}]}]}