{
 "TIT":"cod.meGCMV","ISF2V":[{"min": 90, "max": 1600}],"ISP2V":[{"min": 90, "max":1600 }]   ,"ISF2":[{"name": "lb.l0006","series": [{ "name":"lb.l0052","value":332.9 },{ "name":"lb.l0053","value":221.1 },{ "name":"lb.l0054","value":386.2 },{ "name":"lb.l0055","value":254.64 },{ "name":"lb.l0056","value":511.3 },{ "name":"lb.l0057","value":297.5 },{ "name":"lb.l0058","value":303.85 },{ "name":"lb.l0059","value":306.15 },{ "name":"lb.l0060","value":199.3 },{ "name":"lb.l0061","value":318.73 },{ "name":"lb.l0062","value":154.29 },{ "name":"lb.l0063","value":129.6 }]},{"name": "lb.l0007","series": [{ "name":"lb.l0052","value":572.788860759494 },{ "name":"lb.l0053","value":639.136329113924 },{ "name":"lb.l0054","value":867.60164556962 },{ "name":"lb.l0055","value":1018.81734177215 },{ "name":"lb.l0056","value":1327.32303797468 },{ "name":"lb.l0057","value":1137.87481012658 },{ "name":"lb.l0058","value":1130.44936708861 },{ "name":"lb.l0059","value":986.410506329114 },{ "name":"lb.l0060","value":795.150253164557 },{ "name":"lb.l0061","value":640.816455696203 },{ "name":"lb.l0062","value":631.956202531646 },{ "name":"lb.l0063","value":655.982405063291 }]},{"name": "lb.l0008","series": [{ "name":"lb.l0052","value":663.70425 },{ "name":"lb.l0053","value":748.39325 },{ "name":"lb.l0054","value":1014.51075 },{ "name":"lb.l0055","value":1208.283 },{ "name":"lb.l0056","value":1595.26875 },{ "name":"lb.l0057","value":1386.444 },{ "name":"lb.l0058","value":1324.5085 },{ "name":"lb.l0059","value":1131.509 },{ "name":"lb.l0060","value":902.41875 },{ "name":"lb.l0061","value":727.48025 },{ "name":"lb.l0062","value":732.6515 },{ "name":"lb.l0063","value":741.4865 }]}] ,"ISF1":[ {"name": "lb.l0040","series": [{"name":"2020","value":332.9},{"name":"2019","value":370.53}]},{"name": "lb.l0041","series": [{"name":"2020","value":554},{"name":"2019","value":807.08}]},{"name": "lb.l0042","series": [{"name":"2020","value":940.2},{"name":"2019","value":1065.38}]},{"name": "lb.l0043","series": [{"name":"2020","value":1194.84},{"name":"2019","value":1270.48}]},{"name": "lb.l0044","series": [{"name":"2020","value":1706.14},{"name":"2019","value":1886.01}]},{"name": "lb.l0045","series": [{"name":"2020","value":2003.64},{"name":"2019","value":2221.05}]},{"name": "lb.l0046","series": [{"name":"2020","value":2307.49},{"name":"2019","value":2725.33}]},{"name": "lb.l0047","series": [{"name":"2020","value":2613.64},{"name":"2019","value":3276.22}]},{"name": "lb.l0048","series": [{"name":"2020","value":2812.94},{"name":"2019","value":3574.45}]},{"name": "lb.l0049","series": [{"name":"2020","value":3131.67},{"name":"2019","value":4041.48}]},{"name": "lb.l0050","series": [{"name":"2020","value":3285.96},{"name":"2019","value":4266.97}]},{"name": "lb.l0051","series": [{"name":"2020","value":3415.56},{"name":"2019","value":4687.87}]}],"DTP":[{"PD":"MAT","TF":[{"name":"cod.meGCMV","value":3415.56}],"TM":[{"name":"cod.meGCMV","value":10404.3072151899}],"TC":[{"name":"cod.meGCMV","value":12176.6585}],"DT":[{"H":"cod.meGCMV","Hid":1021000,"FFt":3415.56,"FFtD":-27.14,"FQt":100,"FPz":197,"FPzD":-28.88,"FPr":17.34,"FM":909.9,"MFt":10404.31,"MFtD":13.27,"MQt":100,"MPz":757.4684,"MPzD":7.83,"MPr":13.74,"MM":2999.043,"CFt":12176.66,"CFtD":11.89,"CQt":100,"CPz":855.675,"CPzD":5.33,"CPr":14.23,"CM":3434.449}]},{"PD":"YTD","TF":[{"name":"cod.meGCMV","value":3415.56}],"TM":[{"name":"cod.meGCMV","value":10404.3072151899}],"TC":[{"name":"cod.meGCMV","value":12176.6585}],"DT":[{"H":"cod.meGCMV","Hid":1021000,"FFt":3415.56,"FFtD":-27.14,"FQt":100,"FPz":197,"FPzD":-28.88,"FPr":17.34,"FM":909.9,"MFt":10404.31,"MFtD":13.27,"MQt":100,"MPz":757.4684,"MPzD":7.83,"MPr":13.74,"MM":2999.043,"CFt":12176.66,"CFtD":11.89,"CQt":100,"CPz":855.675,"CPzD":5.33,"CPr":14.23,"CM":3434.449}]},{"PD":"BIM","TF":[{"name":"cod.meGCMV","value":283.89}],"TM":[{"name":"cod.meGCMV","value":1287.93860759494}],"TC":[{"name":"cod.meGCMV","value":1474.138}],"DT":[{"H":"cod.meGCMV","Hid":1021000,"FFt":283.89,"FFtD":-56.08,"FQt":100,"FPz":19,"FPzD":-48.65,"FPr":14.94,"FM":82.2,"MFt":1287.939,"MFtD":13.91,"MQt":100,"MPz":95.11392,"MPzD":6.04,"MPr":13.54,"MM":380.2514,"CFt":1474.138,"CFtD":13.39,"CQt":100,"CPz":109.85,"CPzD":5.98,"CPr":13.42,"CM":437.8902}]},{"PD":"UM","TF":[{"name":"cod.meGCMV","value":129.6}],"TM":[{"name":"cod.meGCMV","value":655.982405063291}],"TC":[{"name":"cod.meGCMV","value":741.4865}],"DT":[{"H":"cod.meGCMV","Hid":1021000,"FFt":129.6,"FFtD":-69.21,"FQt":100,"FPz":8,"FPzD":-61.9,"FPr":16.2,"FM":36.63,"MFt":655.9824,"MFtD":14.56,"MQt":100,"MPz":48.05063,"MPzD":6.09,"MPr":13.65,"MM":193.6733,"CFt":741.4865,"CFtD":13.42,"CQt":100,"CPz":55.375,"CPzD":7.06,"CPr":13.39,"CM":220.699}]}]}