{
 "TIT":"cod.meGCGAINF","ISF2V":[{"min": 10, "max": 820}]
,"ISP2V":[{"min": 10, "max":820 }]   
,"ISF2":[{"name": "lb.l0006","series": [{ "name":"lb.l0052","value":162.07 },{ "name":"lb.l0053","value":21.19 },{ "name":"lb.l0054","value":163.06 },{ "name":"lb.l0055","value":56.65 },{ "name":"lb.l0056","value":47.03 },{ "name":"lb.l0057","value":237.45 },{ "name":"lb.l0058","value":70.22 },{ "name":"lb.l0059","value":83.45 },{ "name":"lb.l0060","value":46 },{ "name":"lb.l0061","value":64.41 },{ "name":"lb.l0062","value":77.4 },{ "name":"lb.l0063","value":107.15 }]}
,{"name": "lb.l0007","series": [{ "name":"lb.l0052","value":542.35030927835 },{ "name":"lb.l0053","value":470.660721649484 },{ "name":"lb.l0054","value":542.172268041237 },{ "name":"lb.l0055","value":478.184329896907 },{ "name":"lb.l0056","value":492.204845360824 },{ "name":"lb.l0057","value":462.365257731959 },{ "name":"lb.l0058","value":520.43412371134 },{ "name":"lb.l0059","value":512.484329896907 },{ "name":"lb.l0060","value":484.784639175258 },{ "name":"lb.l0061","value":507.260618556701 },{ "name":"lb.l0062","value":468.894742268041 },{ "name":"lb.l0063","value":526.000206185567 }]}
,{"name": "lb.l0008","series": [{ "name":"lb.l0052","value":817.209795918368 },{ "name":"lb.l0053","value":692.418571428571 },{ "name":"lb.l0054","value":807.065510204082 },{ "name":"lb.l0055","value":713.132040816327 },{ "name":"lb.l0056","value":731.008979591837 },{ "name":"lb.l0057","value":692.136530612245 },{ "name":"lb.l0058","value":758.578775510204 },{ "name":"lb.l0059","value":726.661836734694 },{ "name":"lb.l0060","value":700.110408163265 },{ "name":"lb.l0061","value":738.729387755102 },{ "name":"lb.l0062","value":672.146530612245 },{ "name":"lb.l0063","value":738.328367346939 }]}] ,"ISF1":[ 
{"name": "lb.l0040","series": [{"name":"2021","value":162.07},{"name":"2020","value":510.75}]},
{"name": "lb.l0041","series": [{"name":"2021","value":183.26},{"name":"2020","value":712.45}]},
{"name": "lb.l0042","series": [{"name":"2021","value":346.32},{"name":"2020","value":1353.3}]},
{"name": "lb.l0043","series": [{"name":"2021","value":402.97},{"name":"2020","value":1632.65}]},
{"name": "lb.l0044","series": [{"name":"2021","value":450},{"name":"2020","value":1964.45}]},
{"name": "lb.l0045","series": [{"name":"2021","value":687.45},{"name":"2020","value":2178.7}]},
{"name": "lb.l0046","series": [{"name":"2021","value":757.67},{"name":"2020","value":2525.25}]},
{"name": "lb.l0047","series": [{"name":"2021","value":841.12},{"name":"2020","value":2675.15}]},
{"name": "lb.l0048","series": [{"name":"2021","value":887.12},{"name":"2020","value":2878.8}]},
{"name": "lb.l0049","series": [{"name":"2021","value":951.53},{"name":"2020","value":3061.32}]},
{"name": "lb.l0050","series": [{"name":"2021","value":1028.93},{"name":"2020","value":3121.77}]},
{"name": "lb.l0051","series": [{"name":"2021","value":1136.08},{"name":"2020","value":3247.77}]}],"DTP":[
{
"PD":"MAT"
,"TF":[
{"name":"cod.meGCGAINF","value":1136.08}]
,"TM":[
{"name":"cod.meGCGAINF","value":6007.79639175257}]
,"TC":[
{"name":"cod.meGCGAINF","value":8787.52673469388}]
,"DT":[{"H":"cod.meGCGAINF","Hid":13,"FFt":1136.08,"FFtD":-65.02,"FQt":100,"FPz":108,"FPzD":-46,"FPr":10.52,"FM":142.01,"MFt":6007.796,"MFtD":-0.62,"MQt":100,"MPz":551.8969,"MPzD":3.95,"MPr":10.89,"MM":909.1242,"CFt":8787.527,"CFtD":-2.21,"CQt":100,"CPz":784.7755,"CPzD":1.84,"CPr":11.2,"CM":1319.096}]}
,{
"PD":"YTD"
,"TF":[
{"name":"cod.meGCGAINF","value":1136.08}]
,"TM":[
{"name":"cod.meGCGAINF","value":6007.79639175257}]
,"TC":[
{"name":"cod.meGCGAINF","value":8787.52673469388}]
,"DT":[{"H":"cod.meGCGAINF","Hid":13,"FFt":1136.08,"FFtD":-65.02,"FQt":100,"FPz":108,"FPzD":-46,"FPr":10.52,"FM":142.01,"MFt":6007.796,"MFtD":-0.62,"MQt":100,"MPz":551.8969,"MPzD":3.95,"MPr":10.89,"MM":909.1242,"CFt":8787.527,"CFtD":-2.21,"CQt":100,"CPz":784.7755,"CPzD":1.84,"CPr":11.2,"CM":1319.096}]}
,{
"PD":"BIM"
,"TF":[
{"name":"cod.meGCGAINF","value":184.55}]
,"TM":[
{"name":"cod.meGCGAINF","value":994.894948453607}]
,"TC":[
{"name":"cod.meGCGAINF","value":1410.47489795918}]
,"DT":[{"H":"cod.meGCGAINF","Hid":13,"FFt":184.55,"FFtD":-1.02,"FQt":100,"FPz":15,"FPzD":-34.78,"FPr":12.3,"FM":25.51,"MFt":994.8949,"MFtD":-3.96,"MQt":100,"MPz":91.70103,"MPzD":-3.69,"MPr":10.85,"MM":148.4633,"CFt":1410.475,"CFtD":-8.36,"CQt":100,"CPz":125.2857,"CPzD":-7.53,"CPr":11.26,"CM":210.4157}]}
,{
"PD":"UM"
,"TF":[
{"name":"cod.meGCGAINF","value":107.15}]
,"TM":[
{"name":"cod.meGCGAINF","value":526.000206185567}]
,"TC":[
{"name":"cod.meGCGAINF","value":738.328367346939}]
,"DT":[{"H":"cod.meGCGAINF","Hid":13,"FFt":107.15,"FFtD":-14.96,"FQt":100,"FPz":7,"FPzD":-53.33,"FPr":15.31,"FM":15.05,"MFt":526.0002,"MFtD":-2.72,"MQt":100,"MPz":47.17526,"MPzD":-4.98,"MPr":11.15,"MM":79.16,"CFt":738.3284,"CFtD":-7.08,"CQt":100,"CPz":63.83673,"CPzD":-8.91,"CPr":11.57,"CM":111.1433}]}]}