{
 "TIT":"cod.meGCHGCAP","ISF2V":[{"min": 720, "max": 3920}]
,"ISP2V":[{"min": 720, "max":3920 }]   
,"ISF2":[{"name": "lb.l0006","series": [{ "name":"lb.l0052","value":2825.95 },{ "name":"lb.l0053","value":1661.68 },{ "name":"lb.l0054","value":2686.58 },{ "name":"lb.l0055","value":2333.8 },{ "name":"lb.l0056","value":3395.8 },{ "name":"lb.l0057","value":2272.45 },{ "name":"lb.l0058","value":2669.63 },{ "name":"lb.l0059","value":2566.27 },{ "name":"lb.l0060","value":3911.9 },{ "name":"lb.l0061","value":3617.98 },{ "name":"lb.l0062","value":3344.36 },{ "name":"lb.l0063","value":1592.4 }]}
,{"name": "lb.l0007","series": [{ "name":"lb.l0052","value":1177.04195876289 },{ "name":"lb.l0053","value":1172.0081443299 },{ "name":"lb.l0054","value":1352.66257731959 },{ "name":"lb.l0055","value":1188.6981443299 },{ "name":"lb.l0056","value":1112.1906185567 },{ "name":"lb.l0057","value":1039.9112371134 },{ "name":"lb.l0058","value":1255.38288659794 },{ "name":"lb.l0059","value":1205.94494845361 },{ "name":"lb.l0060","value":1428.5575257732 },{ "name":"lb.l0061","value":1449.07556701031 },{ "name":"lb.l0062","value":1329.88711340206 },{ "name":"lb.l0063","value":1159.25030927835 }]}
,{"name": "lb.l0008","series": [{ "name":"lb.l0052","value":1681.07142857143 },{ "name":"lb.l0053","value":1714.0681632653 },{ "name":"lb.l0054","value":1920.64428571429 },{ "name":"lb.l0055","value":1747.45448979592 },{ "name":"lb.l0056","value":1578.33387755102 },{ "name":"lb.l0057","value":1493.01244897959 },{ "name":"lb.l0058","value":1747.43897959184 },{ "name":"lb.l0059","value":1687.35244897959 },{ "name":"lb.l0060","value":2043.99734693878 },{ "name":"lb.l0061","value":2071.86346938776 },{ "name":"lb.l0062","value":1884.27653061225 },{ "name":"lb.l0063","value":1628.08020408163 }]}] ,"ISF1":[ 
{"name": "lb.l0040","series": [{"name":"2021","value":2825.95},{"name":"2020","value":2830.73}]},
{"name": "lb.l0041","series": [{"name":"2021","value":4487.63},{"name":"2020","value":6415.81}]},
{"name": "lb.l0042","series": [{"name":"2021","value":7174.21},{"name":"2020","value":9460.92}]},
{"name": "lb.l0043","series": [{"name":"2021","value":9508.01},{"name":"2020","value":11233.15}]},
{"name": "lb.l0044","series": [{"name":"2021","value":12903.81},{"name":"2020","value":13350.97}]},
{"name": "lb.l0045","series": [{"name":"2021","value":15176.26},{"name":"2020","value":15753.84}]},
{"name": "lb.l0046","series": [{"name":"2021","value":17845.89},{"name":"2020","value":18410.79}]},
{"name": "lb.l0047","series": [{"name":"2021","value":20412.16},{"name":"2020","value":20349.39}]},
{"name": "lb.l0048","series": [{"name":"2021","value":24324.06},{"name":"2020","value":23256.75}]},
{"name": "lb.l0049","series": [{"name":"2021","value":27942.04},{"name":"2020","value":25800.95}]},
{"name": "lb.l0050","series": [{"name":"2021","value":31286.4},{"name":"2020","value":29288.61}]},
{"name": "lb.l0051","series": [{"name":"2021","value":32878.8},{"name":"2020","value":31614.2}]}],"DTP":[
{
"PD":"MAT"
,"TF":[
{"name":"cod.meGCHGCAP","value":32878.8}]
,"TM":[
{"name":"cod.meGCHGCAP","value":14870.6110309278}]
,"TC":[
{"name":"cod.meGCHGCAP","value":21197.5936734694}]
,"DT":[{"H":"cod.meGCHGCAP","Hid":14,"FFt":32878.8,"FFtD":4,"FQt":100,"FPz":1179,"FPzD":-7.96,"FPr":27.89,"FM":11247.67,"MFt":14870.61,"MFtD":8.73,"MQt":100,"MPz":698.8247,"MPzD":7.54,"MPr":21.28,"MM":4749.166,"CFt":21197.59,"CFtD":8.02,"CQt":100,"CPz":986.7959,"CPzD":6.41,"CPr":21.48,"CM":6757.179}]}
,{
"PD":"YTD"
,"TF":[
{"name":"cod.meGCHGCAP","value":32878.8}]
,"TM":[
{"name":"cod.meGCHGCAP","value":14870.6110309278}]
,"TC":[
{"name":"cod.meGCHGCAP","value":21197.5936734694}]
,"DT":[{"H":"cod.meGCHGCAP","Hid":14,"FFt":32878.8,"FFtD":4,"FQt":100,"FPz":1179,"FPzD":-7.96,"FPr":27.89,"FM":11247.67,"MFt":14870.61,"MFtD":8.73,"MQt":100,"MPz":698.8247,"MPzD":7.54,"MPr":21.28,"MM":4749.166,"CFt":21197.59,"CFtD":8.02,"CQt":100,"CPz":986.7959,"CPzD":6.41,"CPr":21.48,"CM":6757.179}]}
,{
"PD":"BIM"
,"TF":[
{"name":"cod.meGCHGCAP","value":4936.76}]
,"TM":[
{"name":"cod.meGCHGCAP","value":2489.13742268041}]
,"TC":[
{"name":"cod.meGCHGCAP","value":3512.35673469388}]
,"DT":[{"H":"cod.meGCHGCAP","Hid":14,"FFt":4936.76,"FFtD":-15.08,"FQt":100,"FPz":187,"FPzD":-19.74,"FPr":26.4,"FM":1732.31,"MFt":2489.137,"MFtD":-3.76,"MQt":100,"MPz":116.5155,"MPzD":-1.82,"MPr":21.36,"MM":806.1854,"CFt":3512.357,"CFtD":-4.76,"CQt":100,"CPz":162.9592,"CPzD":-3.04,"CPr":21.55,"CM":1133.935}]}
,{
"PD":"UM"
,"TF":[
{"name":"cod.meGCHGCAP","value":1592.4}]
,"TM":[
{"name":"cod.meGCHGCAP","value":1159.25030927835}]
,"TC":[
{"name":"cod.meGCHGCAP","value":1628.08020408163}]
,"DT":[{"H":"cod.meGCHGCAP","Hid":14,"FFt":1592.4,"FFtD":-31.53,"FQt":100,"FPz":69,"FPzD":-31.68,"FPr":23.08,"FM":525.49,"MFt":1159.25,"MFtD":-5.03,"MQt":100,"MPz":56.26804,"MPzD":-2.08,"MPr":20.6,"MM":370.8463,"CFt":1628.08,"CFtD":-6.24,"CQt":100,"CPz":78.44898,"CPzD":-3.42,"CPr":20.75,"CM":518.1486}]}]}