{
 "TIT":"cod.meGCAUGPA","ISF2V":[{"min": 490, "max": 2710}]
,"ISP2V":[{"min": 490, "max":2710 }]   
,"ISF2":[{"name": "lb.l0006","series": [{ "name":"lb.l0052","value":1573.72 },{ "name":"lb.l0053","value":1170.02 },{ "name":"lb.l0054","value":1026.66 },{ "name":"lb.l0055","value":1585.27 },{ "name":"lb.l0056","value":1490.44 },{ "name":"lb.l0057","value":1319.95 },{ "name":"lb.l0058","value":1106.36 },{ "name":"lb.l0059","value":1070.61 },{ "name":"lb.l0060","value":1242.23 },{ "name":"lb.l0061","value":2130.67 },{ "name":"lb.l0062","value":2706.17 },{ "name":"lb.l0063","value":1914.19 }]}
,{"name": "lb.l0007","series": [{ "name":"lb.l0052","value":934.299278350515 },{ "name":"lb.l0053","value":713.76412371134 },{ "name":"lb.l0054","value":758.822577319588 },{ "name":"lb.l0055","value":879.247422680412 },{ "name":"lb.l0056","value":1040.27567010309 },{ "name":"lb.l0057","value":991.005154639175 },{ "name":"lb.l0058","value":1054.83917525773 },{ "name":"lb.l0059","value":949.018041237113 },{ "name":"lb.l0060","value":931.229278350516 },{ "name":"lb.l0061","value":1318.58907216495 },{ "name":"lb.l0062","value":1483.93288659794 },{ "name":"lb.l0063","value":1358.60742268041 }]}
,{"name": "lb.l0008","series": [{ "name":"lb.l0052","value":1104.04836734694 },{ "name":"lb.l0053","value":847.169795918367 },{ "name":"lb.l0054","value":885.709387755102 },{ "name":"lb.l0055","value":1063.52857142857 },{ "name":"lb.l0056","value":1286.52918367347 },{ "name":"lb.l0057","value":1184.01142857143 },{ "name":"lb.l0058","value":1232.59020408163 },{ "name":"lb.l0059","value":1065.37693877551 },{ "name":"lb.l0060","value":1140.54510204082 },{ "name":"lb.l0061","value":1625.85591836735 },{ "name":"lb.l0062","value":1884.37775510204 },{ "name":"lb.l0063","value":1713.36244897959 }]}] ,"ISF1":[ 
{"name": "lb.l0040","series": [{"name":"2021","value":1573.72},{"name":"2020","value":4100.3}]},
{"name": "lb.l0041","series": [{"name":"2021","value":2743.74},{"name":"2020","value":7672.2}]},
{"name": "lb.l0042","series": [{"name":"2021","value":3770.4},{"name":"2020","value":10833.9}]},
{"name": "lb.l0043","series": [{"name":"2021","value":5355.67},{"name":"2020","value":11635.25}]},
{"name": "lb.l0044","series": [{"name":"2021","value":6846.11},{"name":"2020","value":12797.9}]},
{"name": "lb.l0045","series": [{"name":"2021","value":8166.06},{"name":"2020","value":13914.05}]},
{"name": "lb.l0046","series": [{"name":"2021","value":9272.42},{"name":"2020","value":15555.7}]},
{"name": "lb.l0047","series": [{"name":"2021","value":10343.03},{"name":"2020","value":16609.85}]},
{"name": "lb.l0048","series": [{"name":"2021","value":11585.26},{"name":"2020","value":18229.66}]},
{"name": "lb.l0049","series": [{"name":"2021","value":13715.93},{"name":"2020","value":20099.96}]},
{"name": "lb.l0050","series": [{"name":"2021","value":16422.1},{"name":"2020","value":22021.7}]},
{"name": "lb.l0051","series": [{"name":"2021","value":18336.29},{"name":"2020","value":23789.37}]}],"DTP":[
{
"PD":"MAT"
,"TF":[
{"name":"cod.meGCAUGPAAB","value":15293.57},
{"name":"cod.meGCAUGPAAN","value":3042.72}]
,"TM":[
{"name":"cod.meGCAUGPAAB","value":10059.2675257732},
{"name":"cod.meGCAUGPAAN","value":2354.36257731959}]
,"TC":[
{"name":"cod.meGCAUGPAAB","value":12308.4495918367},
{"name":"cod.meGCAUGPAAN","value":2724.65551020408}]
,"DT":[{"H":"cod.meGCAUGPA","Hid":18,"FFt":18336.29,"FFtD":-22.92,"FQt":100.00,"FPz":1330,"FPzD":-24.94,"FPr":13.79,"FM":8427.59,"MFt":12413.630,"MFtD":23.08,"MQt":100.00,"MPz":925.6804,"MPzD":18.33,"MPr":13.41,"MM":5278.1062,"CFt":15033.105,"CFtD":22.66,"CQt":100.00,"CPz":1124.4694,"CPzD":17.41,"CPr":13.37,"CM":6459.533},{"H":"cod.meGCAUGPAAB","Hid":48,"FFt":15293.57,"FFtD":-24.20,"FQt": 83.41,"FPz":1137,"FPzD":-26.65,"FPr":13.45,"FM":7054.67,"MFt":10059.268,"MFtD":19.90,"MQt": 81.03,"MPz":775.0103,"MPzD":15.14,"MPr":12.98,"MM":4289.2748,"CFt":12308.450,"CFtD":19.15,"CQt": 81.88,"CPz": 950.6327,"CPzD":13.99,"CPr":12.95,"CM":5309.754},{"H":"cod.meGCAUGPAAN","Hid":49,"FFt": 3042.72,"FFtD":-15.80,"FQt": 16.59,"FPz": 193,"FPzD":-13.06,"FPr":15.77,"FM":1372.92,"MFt": 2354.363,"MFtD":38.78,"MQt": 18.97,"MPz":150.6701,"MPzD":38.01,"MPr":15.63,"MM": 988.8313,"CFt": 2724.656,"CFtD":41.53,"CQt": 18.12,"CPz": 173.8367,"CPzD":40.47,"CPr":15.67,"CM":1149.779}]}
,{
"PD":"YTD"
,"TF":[
{"name":"cod.meGCAUGPAAB","value":15293.57},
{"name":"cod.meGCAUGPAAN","value":3042.72}]
,"TM":[
{"name":"cod.meGCAUGPAAB","value":10059.2675257732},
{"name":"cod.meGCAUGPAAN","value":2354.36257731959}]
,"TC":[
{"name":"cod.meGCAUGPAAB","value":12308.4495918367},
{"name":"cod.meGCAUGPAAN","value":2724.65551020408}]
,"DT":[{"H":"cod.meGCAUGPA","Hid":18,"FFt":18336.29,"FFtD":-22.92,"FQt":100.00,"FPz":1330,"FPzD":-24.94,"FPr":13.79,"FM":8427.59,"MFt":12413.630,"MFtD":23.08,"MQt":100.00,"MPz":925.6804,"MPzD":18.33,"MPr":13.41,"MM":5278.1062,"CFt":15033.105,"CFtD":22.66,"CQt":100.00,"CPz":1124.4694,"CPzD":17.41,"CPr":13.37,"CM":6459.533},{"H":"cod.meGCAUGPAAB","Hid":48,"FFt":15293.57,"FFtD":-24.20,"FQt": 83.41,"FPz":1137,"FPzD":-26.65,"FPr":13.45,"FM":7054.67,"MFt":10059.268,"MFtD":19.90,"MQt": 81.03,"MPz":775.0103,"MPzD":15.14,"MPr":12.98,"MM":4289.2748,"CFt":12308.450,"CFtD":19.15,"CQt": 81.88,"CPz": 950.6327,"CPzD":13.99,"CPr":12.95,"CM":5309.754},{"H":"cod.meGCAUGPAAN","Hid":49,"FFt": 3042.72,"FFtD":-15.80,"FQt": 16.59,"FPz": 193,"FPzD":-13.06,"FPr":15.77,"FM":1372.92,"MFt": 2354.363,"MFtD":38.78,"MQt": 18.97,"MPz":150.6701,"MPzD":38.01,"MPr":15.63,"MM": 988.8313,"CFt": 2724.656,"CFtD":41.53,"CQt": 18.12,"CPz": 173.8367,"CPzD":40.47,"CPr":15.67,"CM":1149.779}]}
,{
"PD":"BIM"
,"TF":[
{"name":"cod.meGCAUGPAAB","value":4069.4},
{"name":"cod.meGCAUGPAAN","value":550.96}]
,"TM":[
{"name":"cod.meGCAUGPAAB","value":2379.8224742268},
{"name":"cod.meGCAUGPAAN","value":462.717835051546}]
,"TC":[
{"name":"cod.meGCAUGPAAB","value":3030.29},
{"name":"cod.meGCAUGPAAN","value":567.450204081633}]
,"DT":[{"H":"cod.meGCAUGPA","Hid":18,"FFt":4620.36,"FFtD": 25.23,"FQt":100.00,"FPz":340,"FPzD": 26.87,"FPr":13.59,"FM":2203.23,"MFt":2842.5403,"MFtD":71.39,"MQt":100.00,"MPz":217.00000,"MPzD":69.79,"MPr":13.10,"MM":1234.4894,"CFt":3597.7402,"CFtD":80.37,"CQt":100.00,"CPz":273.7959,"CPzD":77.53,"CPr":13.14,"CM":1572.4896},{"H":"cod.meGCAUGPAAB","Hid":48,"FFt":4069.40,"FFtD": 41.80,"FQt": 88.08,"FPz":304,"FPzD": 40.09,"FPr":13.39,"FM":1951.50,"MFt":2379.8225,"MFtD":79.31,"MQt": 83.72,"MPz":185.86598,"MPzD":75.16,"MPr":12.80,"MM":1033.2144,"CFt":3030.2900,"CFtD":88.01,"CQt": 84.23,"CPz":236.2857,"CPzD":83.08,"CPr":12.82,"CM":1324.3522},{"H":"cod.meGCAUGPAAN","Hid":49,"FFt": 550.96,"FFtD":-32.78,"FQt": 11.92,"FPz": 36,"FPzD":-29.41,"FPr":15.30,"FM": 251.73,"MFt": 462.7178,"MFtD":39.66,"MQt": 16.28,"MPz": 31.13402,"MPzD":43.54,"MPr":14.86,"MM": 201.2749,"CFt": 567.4502,"CFtD":48.23,"CQt": 15.77,"CPz": 37.5102,"CPzD":49.07,"CPr":15.13,"CM": 248.1373}]}
,{
"PD":"UM"
,"TF":[
{"name":"cod.meGCAUGPAAB","value":1777.97},
{"name":"cod.meGCAUGPAAN","value":136.22}]
,"TM":[
{"name":"cod.meGCAUGPAAB","value":1149.32154639175},
{"name":"cod.meGCAUGPAAN","value":209.28587628866}]
,"TC":[
{"name":"cod.meGCAUGPAAB","value":1457.99285714286},
{"name":"cod.meGCAUGPAAN","value":255.369591836735}]
,"DT":[{"H":"cod.meGCAUGPA","Hid":18,"FFt":1914.19,"FFtD":  8.29,"FQt":100.00,"FPz":138,"FPzD":  7.81,"FPr":13.87,"FM":917.07,"MFt":1358.6074,"MFtD":63.51,"MQt":100.0,"MPz":103.59794,"MPzD":61.22,"MPr":13.11,"MM":591.41134,"CFt":1713.3624,"CFtD":73.12,"CQt":100.0,"CPz":129.93878,"CPzD":68.80,"CPr":13.19,"CM":750.8329},{"H":"cod.meGCAUGPAAB","Hid":48,"FFt":1777.97,"FFtD": 27.24,"FQt": 92.88,"FPz":130,"FPzD": 22.64,"FPr":13.68,"FM":855.62,"MFt":1149.3215,"MFtD":70.62,"MQt": 84.6,"MPz": 89.67010,"MPzD":66.21,"MPr":12.82,"MM":501.71299,"CFt":1457.9929,"CFtD":79.78,"CQt": 85.1,"CPz":113.28571,"CPzD":73.90,"CPr":12.87,"CM":641.0669},{"H":"cod.meGCAUGPAAN","Hid":49,"FFt": 136.22,"FFtD":-63.22,"FQt":  7.12,"FPz":  8,"FPzD":-63.64,"FPr":17.03,"FM": 61.45,"MFt": 209.2859,"MFtD":33.03,"MQt": 15.4,"MPz": 13.92784,"MPzD":35.10,"MPr":15.03,"MM": 89.69835,"CFt": 255.3696,"CFtD":42.89,"CQt": 14.9,"CPz": 16.65306,"CPzD":40.69,"CPr":15.33,"CM":109.7659}]}]}