{
 "TIT":"cod.meGCHGINF","ISF2V":[{"min": 240, "max": 1340}]
,"ISP2V":[{"min": 240, "max":1340 }]   
,"ISF2":[{"name": "lb.l0006","series": [{ "name":"lb.l0052","value":674.81 },{ "name":"lb.l0053","value":343.49 },{ "name":"lb.l0054","value":390.39 },{ "name":"lb.l0055","value":582.65 },{ "name":"lb.l0056","value":526.9 },{ "name":"lb.l0057","value":364.17 },{ "name":"lb.l0058","value":510.53 },{ "name":"lb.l0059","value":408.17 },{ "name":"lb.l0060","value":448.97 },{ "name":"lb.l0061","value":713.03 },{ "name":"lb.l0062","value":756.66 },{ "name":"lb.l0063","value":539.05 }]}
,{"name": "lb.l0007","series": [{ "name":"lb.l0052","value":868.110206185567 },{ "name":"lb.l0053","value":644.529484536082 },{ "name":"lb.l0054","value":749.326391752576 },{ "name":"lb.l0055","value":790.169072164948 },{ "name":"lb.l0056","value":857.473505154639 },{ "name":"lb.l0057","value":800.365670103092 },{ "name":"lb.l0058","value":853.537731958762 },{ "name":"lb.l0059","value":811.659793814432 },{ "name":"lb.l0060","value":793.680618556701 },{ "name":"lb.l0061","value":940.425670103093 },{ "name":"lb.l0062","value":915.533814432989 },{ "name":"lb.l0063","value":892.981340206185 }]}
,{"name": "lb.l0008","series": [{ "name":"lb.l0052","value":1259.88142857143 },{ "name":"lb.l0053","value":942.868775510205 },{ "name":"lb.l0054","value":1068.62367346939 },{ "name":"lb.l0055","value":1132.7487755102 },{ "name":"lb.l0056","value":1209.45448979592 },{ "name":"lb.l0057","value":1139.26979591837 },{ "name":"lb.l0058","value":1202.06306122449 },{ "name":"lb.l0059","value":1117.99673469388 },{ "name":"lb.l0060","value":1122.31346938776 },{ "name":"lb.l0061","value":1335.09163265306 },{ "name":"lb.l0062","value":1294.02591836735 },{ "name":"lb.l0063","value":1243.20795918367 }]}] ,"ISF1":[ 
{"name": "lb.l0040","series": [{"name":"2021","value":674.81},{"name":"2020","value":1140.85}]},
{"name": "lb.l0041","series": [{"name":"2021","value":1018.3},{"name":"2020","value":1868.65}]},
{"name": "lb.l0042","series": [{"name":"2021","value":1408.69},{"name":"2020","value":2770.36}]},
{"name": "lb.l0043","series": [{"name":"2021","value":1991.34},{"name":"2020","value":3157.71}]},
{"name": "lb.l0044","series": [{"name":"2021","value":2518.24},{"name":"2020","value":3659.91}]},
{"name": "lb.l0045","series": [{"name":"2021","value":2882.41},{"name":"2020","value":4104.41}]},
{"name": "lb.l0046","series": [{"name":"2021","value":3392.94},{"name":"2020","value":4718.65}]},
{"name": "lb.l0047","series": [{"name":"2021","value":3801.11},{"name":"2020","value":5042.15}]},
{"name": "lb.l0048","series": [{"name":"2021","value":4250.08},{"name":"2020","value":5642.15}]},
{"name": "lb.l0049","series": [{"name":"2021","value":4963.11},{"name":"2020","value":6029.96}]},
{"name": "lb.l0050","series": [{"name":"2021","value":5719.77},{"name":"2020","value":6496.96}]},
{"name": "lb.l0051","series": [{"name":"2021","value":6258.82},{"name":"2020","value":7027.25}]}],"DTP":[
{
"PD":"MAT"
,"TF":[
{"name":"cod.meGCHGINF","value":6258.82}]
,"TM":[
{"name":"cod.meGCHGINF","value":9917.79329896908}]
,"TC":[
{"name":"cod.meGCHGINF","value":14067.5457142857}]
,"DT":[{"H":"cod.meGCHGINF","Hid":19,"FFt":6258.82,"FFtD":-10.94,"FQt":100,"FPz":656,"FPzD":-13.11,"FPr":9.54,"FM":2257.95,"MFt":9917.793,"MFtD":4.6,"MQt":100,"MPz":1005.361,"MPzD":1.11,"MPr":9.86,"MM":3180.684,"CFt":14067.55,"CFtD":3.42,"CQt":100,"CPz":1407.714,"CPzD":-0.31,"CPr":9.99,"CM":4558.578}]}
,{
"PD":"YTD"
,"TF":[
{"name":"cod.meGCHGINF","value":6258.82}]
,"TM":[
{"name":"cod.meGCHGINF","value":9917.79329896908}]
,"TC":[
{"name":"cod.meGCHGINF","value":14067.5457142857}]
,"DT":[{"H":"cod.meGCHGINF","Hid":19,"FFt":6258.82,"FFtD":-10.94,"FQt":100,"FPz":656,"FPzD":-13.11,"FPr":9.54,"FM":2257.95,"MFt":9917.793,"MFtD":4.6,"MQt":100,"MPz":1005.361,"MPzD":1.11,"MPr":9.86,"MM":3180.684,"CFt":14067.55,"CFtD":3.42,"CQt":100,"CPz":1407.714,"CPzD":-0.31,"CPr":9.99,"CM":4558.578}]}
,{
"PD":"BIM"
,"TF":[
{"name":"cod.meGCHGINF","value":1295.71}]
,"TM":[
{"name":"cod.meGCHGINF","value":1808.51515463917}]
,"TC":[
{"name":"cod.meGCHGINF","value":2537.23387755102}]
,"DT":[{"H":"cod.meGCHGINF","Hid":19,"FFt":1295.71,"FFtD":29.92,"FQt":100,"FPz":119,"FPzD":17.82,"FPr":10.89,"FM":521.96,"MFt":1808.515,"MFtD":6.06,"MQt":100,"MPz":180.9278,"MPzD":3.38,"MPr":10,"MM":585.5098,"CFt":2537.234,"CFtD":4.89,"CQt":100,"CPz":251.5102,"CPzD":2.21,"CPr":10.09,"CM":828.0957}]}
,{
"PD":"UM"
,"TF":[
{"name":"cod.meGCHGINF","value":539.05}]
,"TM":[
{"name":"cod.meGCHGINF","value":892.981340206185}]
,"TC":[
{"name":"cod.meGCHGINF","value":1243.20795918367}]
,"DT":[{"H":"cod.meGCHGINF","Hid":19,"FFt":539.05,"FFtD":1.65,"FQt":100,"FPz":49,"FPzD":-16.95,"FPr":11,"FM":228.03,"MFt":892.9813,"MFtD":0.19,"MQt":100,"MPz":89.30928,"MPzD":-2.77,"MPr":10,"MM":287.3775,"CFt":1243.208,"CFtD":-1.49,"CQt":100,"CPz":122.8163,"CPzD":-5.12,"CPr":10.12,"CM":404.7651}]}]}