{
 "TIT":"cod.meGCHGINT","ISF2V":[{"min": 180, "max": 700}]
,"ISP2V":[{"min": 180, "max":700 }]   
,"ISF2":[{"name": "lb.l0006","series": [{ "name":"lb.l0052","value":555.03 },{ "name":"lb.l0053","value":257.35 },{ "name":"lb.l0054","value":460.91 },{ "name":"lb.l0055","value":548.47 },{ "name":"lb.l0056","value":696.41 },{ "name":"lb.l0057","value":610.53 },{ "name":"lb.l0058","value":607.63 },{ "name":"lb.l0059","value":480.31 },{ "name":"lb.l0060","value":483.65 },{ "name":"lb.l0061","value":566.29 },{ "name":"lb.l0062","value":552.01 },{ "name":"lb.l0063","value":368.51 }]}
,{"name": "lb.l0007","series": [{ "name":"lb.l0052","value":354.334329896907 },{ "name":"lb.l0053","value":353.880927835051 },{ "name":"lb.l0054","value":410.038969072165 },{ "name":"lb.l0055","value":357.607216494845 },{ "name":"lb.l0056","value":374.548969072165 },{ "name":"lb.l0057","value":350.087422680412 },{ "name":"lb.l0058","value":434.365567010309 },{ "name":"lb.l0059","value":406.163402061856 },{ "name":"lb.l0060","value":353.184432989691 },{ "name":"lb.l0061","value":389.363195876289 },{ "name":"lb.l0062","value":355.613195876289 },{ "name":"lb.l0063","value":362.58206185567 }]}
,{"name": "lb.l0008","series": [{ "name":"lb.l0052","value":505.089591836735 },{ "name":"lb.l0053","value":516.179591836735 },{ "name":"lb.l0054","value":602.25 },{ "name":"lb.l0055","value":514.779387755102 },{ "name":"lb.l0056","value":553.434285714286 },{ "name":"lb.l0057","value":506.682448979592 },{ "name":"lb.l0058","value":614.045306122449 },{ "name":"lb.l0059","value":571.331428571428 },{ "name":"lb.l0060","value":497.761836734694 },{ "name":"lb.l0061","value":548.829387755102 },{ "name":"lb.l0062","value":498.14306122449 },{ "name":"lb.l0063","value":492.121632653061 }]}] ,"ISF1":[ 
{"name": "lb.l0040","series": [{"name":"2021","value":555.03},{"name":"2020","value":855.79}]},
{"name": "lb.l0041","series": [{"name":"2021","value":812.38},{"name":"2020","value":1450.65}]},
{"name": "lb.l0042","series": [{"name":"2021","value":1273.29},{"name":"2020","value":2298}]},
{"name": "lb.l0043","series": [{"name":"2021","value":1821.76},{"name":"2020","value":2671.1}]},
{"name": "lb.l0044","series": [{"name":"2021","value":2518.17},{"name":"2020","value":3081.29}]},
{"name": "lb.l0045","series": [{"name":"2021","value":3128.7},{"name":"2020","value":3527.69}]},
{"name": "lb.l0046","series": [{"name":"2021","value":3736.33},{"name":"2020","value":4257.99}]},
{"name": "lb.l0047","series": [{"name":"2021","value":4216.64},{"name":"2020","value":4625.63}]},
{"name": "lb.l0048","series": [{"name":"2021","value":4700.29},{"name":"2020","value":5020.3}]},
{"name": "lb.l0049","series": [{"name":"2021","value":5266.58},{"name":"2020","value":5510.13}]},
{"name": "lb.l0050","series": [{"name":"2021","value":5818.59},{"name":"2020","value":5847.87}]},
{"name": "lb.l0051","series": [{"name":"2021","value":6187.1},{"name":"2020","value":6419.66}]}],"DTP":[
{
"PD":"MAT"
,"TF":[
{"name":"cod.meGCHGINT","value":6187.1}]
,"TM":[
{"name":"cod.meGCHGINT","value":4501.76969072165}]
,"TC":[
{"name":"cod.meGCHGINT","value":6420.64795918368}]
,"DT":[{"H":"cod.meGCHGINT","Hid":20,"FFt":6187.1,"FFtD":-3.62,"FQt":100,"FPz":418,"FPzD":-11.63,"FPr":14.8,"FM":1936.48,"MFt":4501.77,"MFtD":5.42,"MQt":100,"MPz":331.4845,"MPzD":3,"MPr":13.58,"MM":1447.031,"CFt":6420.648,"CFtD":4.67,"CQt":100,"CPz":468.1224,"CPzD":2.1,"CPr":13.72,"CM":2074.308}]}
,{
"PD":"YTD"
,"TF":[
{"name":"cod.meGCHGINT","value":6187.1}]
,"TM":[
{"name":"cod.meGCHGINT","value":4501.76969072165}]
,"TC":[
{"name":"cod.meGCHGINT","value":6420.64795918368}]
,"DT":[{"H":"cod.meGCHGINT","Hid":20,"FFt":6187.1,"FFtD":-3.62,"FQt":100,"FPz":418,"FPzD":-11.63,"FPr":14.8,"FM":1936.48,"MFt":4501.77,"MFtD":5.42,"MQt":100,"MPz":331.4845,"MPzD":3,"MPr":13.58,"MM":1447.031,"CFt":6420.648,"CFtD":4.67,"CQt":100,"CPz":468.1224,"CPzD":2.1,"CPr":13.72,"CM":2074.308}]}
,{
"PD":"BIM"
,"TF":[
{"name":"cod.meGCHGINT","value":920.52}]
,"TM":[
{"name":"cod.meGCHGINT","value":718.195257731958}]
,"TC":[
{"name":"cod.meGCHGINT","value":990.264693877551}]
,"DT":[{"H":"cod.meGCHGINT","Hid":20,"FFt":920.52,"FFtD":1.21,"FQt":100,"FPz":60,"FPzD":-3.23,"FPr":15.34,"FM":279.43,"MFt":718.1953,"MFtD":3.88,"MQt":100,"MPz":52.26804,"MPzD":1.81,"MPr":13.74,"MM":233.4525,"CFt":990.2647,"CFtD":2.92,"CQt":100,"CPz":71.18367,"CPzD":-0.2,"CPr":13.91,"CM":319.9084}]}
,{
"PD":"UM"
,"TF":[
{"name":"cod.meGCHGINT","value":368.51}]
,"TM":[
{"name":"cod.meGCHGINT","value":362.58206185567}]
,"TC":[
{"name":"cod.meGCHGINT","value":492.121632653061}]
,"DT":[{"H":"cod.meGCHGINT","Hid":20,"FFt":368.51,"FFtD":-35.55,"FQt":100,"FPz":26,"FPzD":-31.58,"FPr":14.17,"FM":120.36,"MFt":362.5821,"MFtD":3.31,"MQt":100,"MPz":26.36082,"MPzD":0.87,"MPr":13.75,"MM":117.1429,"CFt":492.1216,"CFtD":1.59,"CQt":100,"CPz":35.53061,"CPzD":-1.58,"CPr":13.85,"CM":157.7398}]}]}