{
 "TIT":"cod.meGCCOMAQ","ISF2V":[{"min": -10, "max": 140}]
,"ISP2V":[{"min": -10, "max":140 }]   
,"ISF2":[{"name": "lb.l0006","series": [{ "name":"lb.l0052","value":0 },{ "name":"lb.l0053","value":77.63 },{ "name":"lb.l0054","value":134.64 },{ "name":"lb.l0055","value":79.8 },{ "name":"lb.l0056","value":1.5 },{ "name":"lb.l0057","value":86.36 },{ "name":"lb.l0058","value":74.5 },{ "name":"lb.l0059","value":91.36 },{ "name":"lb.l0060","value":120.65 },{ "name":"lb.l0061","value":-4.9 },{ "name":"lb.l0062","value":118.9 },{ "name":"lb.l0063","value":22.85 }]}
,{"name": "lb.l0007","series": [{ "name":"lb.l0052","value":50.6161855670103 },{ "name":"lb.l0053","value":58.9437113402062 },{ "name":"lb.l0054","value":84.7046391752577 },{ "name":"lb.l0055","value":70.1013402061856 },{ "name":"lb.l0056","value":65.6656701030928 },{ "name":"lb.l0057","value":54.8412371134021 },{ "name":"lb.l0058","value":57.4224742268041 },{ "name":"lb.l0059","value":64.189381443299 },{ "name":"lb.l0060","value":68.1291752577319 },{ "name":"lb.l0061","value":57.1113402061856 },{ "name":"lb.l0062","value":73.2058762886598 },{ "name":"lb.l0063","value":66.9661855670104 }]}
,{"name": "lb.l0008","series": [{ "name":"lb.l0052","value":70.3316326530612 },{ "name":"lb.l0053","value":91.7704081632653 },{ "name":"lb.l0054","value":127.968775510204 },{ "name":"lb.l0055","value":105.086734693878 },{ "name":"lb.l0056","value":97.5595918367346 },{ "name":"lb.l0057","value":78.0773469387756 },{ "name":"lb.l0058","value":74.5830612244898 },{ "name":"lb.l0059","value":83.4728571428571 },{ "name":"lb.l0060","value":103.964081632653 },{ "name":"lb.l0061","value":85.5214285714286 },{ "name":"lb.l0062","value":103.992448979592 },{ "name":"lb.l0063","value":98.1626530612244 }]}] ,"ISF1":[ 
{"name": "lb.l0040","series": [{"name":"2021","value":0},{"name":"2020","value":283.65}]},
{"name": "lb.l0041","series": [{"name":"2021","value":77.63},{"name":"2020","value":542.35}]},
{"name": "lb.l0042","series": [{"name":"2021","value":212.27},{"name":"2020","value":661}]},
{"name": "lb.l0043","series": [{"name":"2021","value":292.07},{"name":"2020","value":682.7}]},
{"name": "lb.l0044","series": [{"name":"2021","value":293.57},{"name":"2020","value":756}]},
{"name": "lb.l0045","series": [{"name":"2021","value":379.93},{"name":"2020","value":948.85}]},
{"name": "lb.l0046","series": [{"name":"2021","value":454.43},{"name":"2020","value":1106.1}]},
{"name": "lb.l0047","series": [{"name":"2021","value":545.79},{"name":"2020","value":1142.95}]},
{"name": "lb.l0048","series": [{"name":"2021","value":666.44},{"name":"2020","value":1234.95}]},
{"name": "lb.l0049","series": [{"name":"2021","value":661.54},{"name":"2020","value":1256.23}]},
{"name": "lb.l0050","series": [{"name":"2021","value":780.44},{"name":"2020","value":1280.83}]},
{"name": "lb.l0051","series": [{"name":"2021","value":803.29},{"name":"2020","value":1489.28}]}],"DTP":[
{
"PD":"MAT"
,"TF":[
{"name":"cod.meGCCOMAQ","value":803.29}]
,"TM":[
{"name":"cod.meGCCOMAQ","value":771.897216494844}]
,"TC":[
{"name":"cod.meGCCOMAQ","value":1120.49102040816}]
,"DT":[{"H":"cod.meGCCOMAQ","Hid":28,"FFt":803.29,"FFtD":-46.06,"FQt":100,"FPz":36,"FPzD":-54.43,"FPr":22.31,"FM":303.42,"MFt":771.8972,"MFtD":-4.49,"MQt":100,"MPz":67.83505,"MPzD":3.26,"MPr":11.38,"MM":222.2318,"CFt":1120.491,"CFtD":-5.22,"CQt":100,"CPz":89.2449,"CPzD":7.08,"CPr":12.56,"CM":323.3724}]}
,{
"PD":"YTD"
,"TF":[
{"name":"cod.meGCCOMAQ","value":803.29}]
,"TM":[
{"name":"cod.meGCCOMAQ","value":771.897216494844}]
,"TC":[
{"name":"cod.meGCCOMAQ","value":1120.49102040816}]
,"DT":[{"H":"cod.meGCCOMAQ","Hid":28,"FFt":803.29,"FFtD":-46.06,"FQt":100,"FPz":36,"FPzD":-54.43,"FPr":22.31,"FM":303.42,"MFt":771.8972,"MFtD":-4.49,"MQt":100,"MPz":67.83505,"MPzD":3.26,"MPr":11.38,"MM":222.2318,"CFt":1120.491,"CFtD":-5.22,"CQt":100,"CPz":89.2449,"CPzD":7.08,"CPr":12.56,"CM":323.3724}]}
,{
"PD":"BIM"
,"TF":[
{"name":"cod.meGCCOMAQ","value":141.75}]
,"TM":[
{"name":"cod.meGCCOMAQ","value":140.17206185567}]
,"TC":[
{"name":"cod.meGCCOMAQ","value":202.155102040816}]
,"DT":[{"H":"cod.meGCCOMAQ","Hid":28,"FFt":141.75,"FFtD":-39.18,"FQt":100,"FPz":7,"FPzD":-36.36,"FPr":20.25,"FM":59.35,"MFt":140.1721,"MFtD":-3.12,"MQt":100,"MPz":10.86598,"MPzD":-4.7,"MPr":12.9,"MM":40.23082,"CFt":202.1551,"CFtD":-4.49,"CQt":100,"CPz":14.5102,"CPzD":-0.97,"CPr":13.93,"CM":59.17653}]}
,{
"PD":"UM"
,"TF":[
{"name":"cod.meGCCOMAQ","value":22.85}]
,"TM":[
{"name":"cod.meGCCOMAQ","value":66.9661855670104}]
,"TC":[
{"name":"cod.meGCCOMAQ","value":98.1626530612244}]
,"DT":[{"H":"cod.meGCCOMAQ","Hid":28,"FFt":22.85,"FFtD":-89.04,"FQt":100,"FPz":1,"FPzD":-88.89,"FPr":22.85,"FM":5.43,"MFt":66.96619,"MFtD":-20.05,"MQt":100,"MPz":5.57732,"MPzD":-18.65,"MPr":12.01,"MM":17.9033,"CFt":98.16265,"CFtD":-18.95,"CQt":100,"CPz":7.326531,"CPzD":-16.32,"CPr":13.4,"CM":27.56408}]}]}