{
 "TIT":"cod.meGCSAINM","ISF2V":[{"min": 230, "max": 1380}]
,"ISP2V":[{"min": 230, "max":1380 }]   
,"ISF2":[{"name": "lb.l0006","series": [{ "name":"lb.l0052","value":1375.43 },{ "name":"lb.l0053","value":618.89 },{ "name":"lb.l0054","value":852.93 },{ "name":"lb.l0055","value":695.82 },{ "name":"lb.l0056","value":909.44 },{ "name":"lb.l0057","value":1089.44 },{ "name":"lb.l0058","value":672.7 },{ "name":"lb.l0059","value":330.55 },{ "name":"lb.l0060","value":893.11 },{ "name":"lb.l0061","value":1298.71 },{ "name":"lb.l0062","value":615.03 },{ "name":"lb.l0063","value":1318.87 }]}
,{"name": "lb.l0007","series": [{ "name":"lb.l0052","value":845.775360824743 },{ "name":"lb.l0053","value":650.177731958764 },{ "name":"lb.l0054","value":639.627113402062 },{ "name":"lb.l0055","value":651.212783505155 },{ "name":"lb.l0056","value":648.224226804124 },{ "name":"lb.l0057","value":658.448041237114 },{ "name":"lb.l0058","value":762.252268041238 },{ "name":"lb.l0059","value":612.362474226804 },{ "name":"lb.l0060","value":662.730618556701 },{ "name":"lb.l0061","value":736.884020618557 },{ "name":"lb.l0062","value":756.181649484536 },{ "name":"lb.l0063","value":747.306597938144 }]}
,{"name": "lb.l0008","series": [{ "name":"lb.l0052","value":1078.59142857143 },{ "name":"lb.l0053","value":892.821224489797 },{ "name":"lb.l0054","value":894.442653061225 },{ "name":"lb.l0055","value":950.066530612244 },{ "name":"lb.l0056","value":922.959795918367 },{ "name":"lb.l0057","value":971.251836734694 },{ "name":"lb.l0058","value":1082.3987755102 },{ "name":"lb.l0059","value":864.304489795918 },{ "name":"lb.l0060","value":920.41693877551 },{ "name":"lb.l0061","value":1033.46306122449 },{ "name":"lb.l0062","value":1052.04816326531 },{ "name":"lb.l0063","value":1051.09530612245 }]}] ,"ISF1":[ 
{"name": "lb.l0040","series": [{"name":"2021","value":1375.43},{"name":"2020","value":576.23}]},
{"name": "lb.l0041","series": [{"name":"2021","value":1994.32},{"name":"2020","value":3584.06}]},
{"name": "lb.l0042","series": [{"name":"2021","value":2847.25},{"name":"2020","value":3307.47}]},
{"name": "lb.l0043","series": [{"name":"2021","value":3543.07},{"name":"2020","value":6491.44}]},
{"name": "lb.l0044","series": [{"name":"2021","value":4452.51},{"name":"2020","value":7167.09}]},
{"name": "lb.l0045","series": [{"name":"2021","value":5541.95},{"name":"2020","value":7778.05}]},
{"name": "lb.l0046","series": [{"name":"2021","value":6214.65},{"name":"2020","value":8354.81}]},
{"name": "lb.l0047","series": [{"name":"2021","value":6545.2},{"name":"2020","value":8670.87}]},
{"name": "lb.l0048","series": [{"name":"2021","value":7438.31},{"name":"2020","value":9320.86}]},
{"name": "lb.l0049","series": [{"name":"2021","value":8737.02},{"name":"2020","value":10099.1}]},
{"name": "lb.l0050","series": [{"name":"2021","value":9352.05},{"name":"2020","value":10915.35}]},
{"name": "lb.l0051","series": [{"name":"2021","value":10670.92},{"name":"2020","value":11870.06}]}],"DTP":[
{
"PD":"MAT"
,"TF":[
{"name":"cod.meGCSAINM","value":10670.92}]
,"TM":[
{"name":"cod.meGCSAINM","value":8371.18288659793}]
,"TC":[
{"name":"cod.meGCSAINM","value":11713.8602040816}]
,"DT":[{"H":"cod.meGCSAINM","Hid":29,"FFt":10670.92,"FFtD":-10.1,"FQt":100,"FPz":2271,"FPzD":-27.35,"FPr":4.7,"FM":2139.47,"MFt":8371.183,"MFtD":-16.51,"MQt":100,"MPz":2261.546,"MPzD":-19.56,"MPr":3.7,"MM":1665.385,"CFt":11713.86,"CFtD":-16.02,"CQt":100,"CPz":3018.857,"CPzD":-18.46,"CPr":3.88,"CM":2313.004}]}
,{
"PD":"YTD"
,"TF":[
{"name":"cod.meGCSAINM","value":10670.92}]
,"TM":[
{"name":"cod.meGCSAINM","value":8371.18288659793}]
,"TC":[
{"name":"cod.meGCSAINM","value":11713.8602040816}]
,"DT":[{"H":"cod.meGCSAINM","Hid":29,"FFt":10670.92,"FFtD":-10.1,"FQt":100,"FPz":2271,"FPzD":-27.35,"FPr":4.7,"FM":2139.47,"MFt":8371.183,"MFtD":-16.51,"MQt":100,"MPz":2261.546,"MPzD":-19.56,"MPr":3.7,"MM":1665.385,"CFt":11713.86,"CFtD":-16.02,"CQt":100,"CPz":3018.857,"CPzD":-18.46,"CPr":3.88,"CM":2313.004}]}
,{
"PD":"BIM"
,"TF":[
{"name":"cod.meGCSAINM","value":1933.9}]
,"TM":[
{"name":"cod.meGCSAINM","value":1503.48824742268}]
,"TC":[
{"name":"cod.meGCSAINM","value":2103.14346938775}]
,"DT":[{"H":"cod.meGCSAINM","Hid":29,"FFt":1933.9,"FFtD":9.2,"FQt":100,"FPz":342,"FPzD":-8.8,"FPr":5.65,"FM":455.92,"MFt":1503.488,"MFtD":12.67,"MQt":100,"MPz":366.3299,"MPzD":-3.06,"MPr":4.1,"MM":311.0373,"CFt":2103.143,"CFtD":15.08,"CQt":100,"CPz":481.2653,"CPzD":-4.93,"CPr":4.37,"CM":427.1967}]}
,{
"PD":"UM"
,"TF":[
{"name":"cod.meGCSAINM","value":1318.87}]
,"TM":[
{"name":"cod.meGCSAINM","value":747.306597938144}]
,"TC":[
{"name":"cod.meGCSAINM","value":1051.09530612245}]
,"DT":[{"H":"cod.meGCSAINM","Hid":29,"FFt":1318.87,"FFtD":38.14,"FQt":100,"FPz":187,"FPzD":10,"FPr":7.05,"FM":284.96,"MFt":747.3066,"MFtD":14.55,"MQt":100,"MPz":177.6701,"MPzD":-12.66,"MPr":4.21,"MM":155.6757,"CFt":1051.095,"CFtD":19.17,"CQt":100,"CPz":233.1224,"CPzD":-16.6,"CPr":4.51,"CM":215.378}]}]}