{
 "TIT":"cod.meGCAUMNS","ISF2V":[{"min": 5610, "max": 17400}]
,"ISP2V":[{"min": 5610, "max":17400 }]   
,"ISF2":[{"name": "lb.l0006","series": [{ "name":"lb.l0052","value":10611.14 },{ "name":"lb.l0053","value":8019.75 },{ "name":"lb.l0054","value":9928.66 },{ "name":"lb.l0055","value":9812.66999999999 },{ "name":"lb.l0056","value":11131.57 },{ "name":"lb.l0057","value":11076.74 },{ "name":"lb.l0058","value":11510.1 },{ "name":"lb.l0059","value":9249.02 },{ "name":"lb.l0060","value":10977.76 },{ "name":"lb.l0061","value":12532.48 },{ "name":"lb.l0062","value":14023.42 },{ "name":"lb.l0063","value":12154.62 }]}
,{"name": "lb.l0007","series": [{ "name":"lb.l0052","value":10426.1427835052 },{ "name":"lb.l0053","value":8132.6349484536 },{ "name":"lb.l0054","value":9082.78298969072 },{ "name":"lb.l0055","value":9192.37185567011 },{ "name":"lb.l0056","value":10305.1301030928 },{ "name":"lb.l0057","value":10287.8510309278 },{ "name":"lb.l0058","value":11619.3480412371 },{ "name":"lb.l0059","value":11225.0108247423 },{ "name":"lb.l0060","value":10610.8542268041 },{ "name":"lb.l0061","value":12329.0145360825 },{ "name":"lb.l0062","value":13057.9493814433 },{ "name":"lb.l0063","value":12806.107628866 }]}
,{"name": "lb.l0008","series": [{ "name":"lb.l0052","value":14056.9183673469 },{ "name":"lb.l0053","value":11063.5548979592 },{ "name":"lb.l0054","value":12257.8230612245 },{ "name":"lb.l0055","value":12569.9632653061 },{ "name":"lb.l0056","value":14189.1075510204 },{ "name":"lb.l0057","value":13910.8797959184 },{ "name":"lb.l0058","value":15528.1240816327 },{ "name":"lb.l0059","value":14556.9665306122 },{ "name":"lb.l0060","value":14107.7667346939 },{ "name":"lb.l0061","value":16528.7153061225 },{ "name":"lb.l0062","value":17394.876122449 },{ "name":"lb.l0063","value":17024.8675510204 }]}] ,"ISF1":[ 
{"name": "lb.l0040","series": [{"name":"2021","value":10611.14},{"name":"2020","value":17085.06}]},
{"name": "lb.l0041","series": [{"name":"2021","value":18630.89},{"name":"2020","value":32241.42}]},
{"name": "lb.l0042","series": [{"name":"2021","value":28559.55},{"name":"2020","value":52345.68}]},
{"name": "lb.l0043","series": [{"name":"2021","value":38372.22},{"name":"2020","value":59209.56}]},
{"name": "lb.l0044","series": [{"name":"2021","value":49503.79},{"name":"2020","value":67253.06}]},
{"name": "lb.l0045","series": [{"name":"2021","value":60580.53},{"name":"2020","value":77002.23}]},
{"name": "lb.l0046","series": [{"name":"2021","value":72090.63},{"name":"2020","value":88671.73}]},
{"name": "lb.l0047","series": [{"name":"2021","value":81339.65},{"name":"2020","value":97527.78}]},
{"name": "lb.l0048","series": [{"name":"2021","value":92317.41},{"name":"2020","value":107976.1}]},
{"name": "lb.l0049","series": [{"name":"2021","value":104849.89},{"name":"2020","value":118968.89}]},
{"name": "lb.l0050","series": [{"name":"2021","value":118873.31},{"name":"2020","value":129811.7}]},
{"name": "lb.l0051","series": [{"name":"2021","value":131027.93},{"name":"2020","value":139699.29}]}],"DTP":[
{
"PD":"MAT"
,"TF":[
{"name":"cod.meGCAUMNS","value":131027.93}]
,"TM":[
{"name":"cod.meGCAUMNS","value":129075.198350515}]
,"TC":[
{"name":"cod.meGCAUMNS","value":173189.563265306}]
,"DT":[{"H":"cod.meGCAUMNS","Hid":31,"FFt":131027.9,"FFtD":-6.21,"FQt":100,"FPz":13895,"FPzD":-9.47,"FPr":9.43,"FM":46621.93,"MFt":129075.2,"MFtD":4.61,"MQt":100,"MPz":14146.86,"MPzD":0.27,"MPr":9.12,"MM":45966.44,"CFt":173189.6,"CFtD":4.1,"CQt":100,"CPz":18932.86,"CPzD":-0.39,"CPr":9.15,"CM":61491.79}]}
,{
"PD":"YTD"
,"TF":[
{"name":"cod.meGCAUMNS","value":131027.93}]
,"TM":[
{"name":"cod.meGCAUMNS","value":129075.198350515}]
,"TC":[
{"name":"cod.meGCAUMNS","value":173189.563265306}]
,"DT":[{"H":"cod.meGCAUMNS","Hid":31,"FFt":131027.9,"FFtD":-6.21,"FQt":100,"FPz":13895,"FPzD":-9.47,"FPr":9.43,"FM":46621.93,"MFt":129075.2,"MFtD":4.61,"MQt":100,"MPz":14146.86,"MPzD":0.27,"MPr":9.12,"MM":45966.44,"CFt":173189.6,"CFtD":4.1,"CQt":100,"CPz":18932.86,"CPzD":-0.39,"CPr":9.15,"CM":61491.79}]}
,{
"PD":"BIM"
,"TF":[
{"name":"cod.meGCAUMNS","value":26178.04}]
,"TM":[
{"name":"cod.meGCAUMNS","value":25864.0570103093}]
,"TC":[
{"name":"cod.meGCAUMNS","value":34419.7436734693}]
,"DT":[{"H":"cod.meGCAUMNS","Hid":31,"FFt":26178.04,"FFtD":26.28,"FQt":100,"FPz":2771,"FPzD":27.11,"FPr":9.45,"FM":9565.93,"MFt":25864.06,"MFtD":35.88,"MQt":100,"MPz":2877.969,"MPzD":36.56,"MPr":8.99,"MM":9424.116,"CFt":34419.74,"CFtD":34.39,"CQt":100,"CPz":3812.02,"CPzD":34.34,"CPr":9.03,"CM":12508.37}]}
,{
"PD":"UM"
,"TF":[
{"name":"cod.meGCAUMNS","value":12154.62}]
,"TM":[
{"name":"cod.meGCAUMNS","value":12806.107628866}]
,"TC":[
{"name":"cod.meGCAUMNS","value":17024.8675510204}]
,"DT":[{"H":"cod.meGCAUMNS","Hid":31,"FFt":12154.62,"FFtD":22.93,"FQt":100,"FPz":1293,"FPzD":21.87,"FPr":9.4,"FM":4488.87,"MFt":12806.11,"MFtD":32.56,"MQt":100,"MPz":1429.897,"MPzD":33.3,"MPr":8.96,"MM":4692.316,"CFt":17024.87,"CFtD":30.59,"CQt":100,"CPz":1894.939,"CPzD":30.79,"CPr":8.98,"CM":6246.748}]}]}