{
 "TIT":"cod.meGCGANCL","ISF2V":[{"min": 240, "max": 1260}]
,"ISP2V":[{"min": 240, "max":1260 }]   
,"ISF2":[{"name": "lb.l0006","series": [{ "name":"lb.l0052","value":346.75 },{ "name":"lb.l0053","value":751.15 },{ "name":"lb.l0054","value":490.6 },{ "name":"lb.l0055","value":637.77 },{ "name":"lb.l0056","value":500.4 },{ "name":"lb.l0057","value":679.3 },{ "name":"lb.l0058","value":714.4 },{ "name":"lb.l0059","value":563.65 },{ "name":"lb.l0060","value":670.2 },{ "name":"lb.l0061","value":707.35 },{ "name":"lb.l0062","value":511.3 },{ "name":"lb.l0063","value":677.6 }]}
,{"name": "lb.l0007","series": [{ "name":"lb.l0052","value":1059.17381443299 },{ "name":"lb.l0053","value":767.227216494845 },{ "name":"lb.l0054","value":801.722783505155 },{ "name":"lb.l0055","value":804.218041237114 },{ "name":"lb.l0056","value":722.17412371134 },{ "name":"lb.l0057","value":739.905773195876 },{ "name":"lb.l0058","value":755.250515463918 },{ "name":"lb.l0059","value":873.497010309278 },{ "name":"lb.l0060","value":818.323711340207 },{ "name":"lb.l0061","value":752.092886597938 },{ "name":"lb.l0062","value":699.592680412371 },{ "name":"lb.l0063","value":795.445979381444 }]}
,{"name": "lb.l0008","series": [{ "name":"lb.l0052","value":1250.3612244898 },{ "name":"lb.l0053","value":1174.33244897959 },{ "name":"lb.l0054","value":1172.7912244898 },{ "name":"lb.l0055","value":1002.42632653061 },{ "name":"lb.l0056","value":1147.8793877551 },{ "name":"lb.l0057","value":1204.36959183673 },{ "name":"lb.l0058","value":1024.44428571429 },{ "name":"lb.l0059","value":1223.85795918367 },{ "name":"lb.l0060","value":1103.47306122449 },{ "name":"lb.l0061","value":1079.72081632653 },{ "name":"lb.l0062","value":1063.46653061224 },{ "name":"lb.l0063","value":1006.38 }]}] ,"ISF1":[ 
{"name": "lb.l0040","series": [{"name":"2021","value":346.75},{"name":"2020","value":516.75}]},
{"name": "lb.l0041","series": [{"name":"2021","value":1097.9},{"name":"2020","value":1091.35}]},
{"name": "lb.l0042","series": [{"name":"2021","value":1588.5},{"name":"2020","value":1876.9}]},
{"name": "lb.l0043","series": [{"name":"2021","value":2226.27},{"name":"2020","value":2563.5}]},
{"name": "lb.l0044","series": [{"name":"2021","value":2726.67},{"name":"2020","value":3138.4}]},
{"name": "lb.l0045","series": [{"name":"2021","value":3405.97},{"name":"2020","value":3577}]},
{"name": "lb.l0046","series": [{"name":"2021","value":4120.37},{"name":"2020","value":4105.3}]},
{"name": "lb.l0047","series": [{"name":"2021","value":4684.02},{"name":"2020","value":4678.25}]},
{"name": "lb.l0048","series": [{"name":"2021","value":5354.22},{"name":"2020","value":5039.19}]},
{"name": "lb.l0049","series": [{"name":"2021","value":6061.57},{"name":"2020","value":5643.5}]},
{"name": "lb.l0050","series": [{"name":"2021","value":6572.87},{"name":"2020","value":6006.35}]},
{"name": "lb.l0051","series": [{"name":"2021","value":7250.47},{"name":"2020","value":6334.15}]}],"DTP":[
{
"PD":"MAT"
,"TF":[
{"name":"cod.meGCGANCL","value":7250.47}]
,"TM":[
{"name":"cod.meGCGANCL","value":9588.62453608247}]
,"TC":[
{"name":"cod.meGCGANCL","value":13453.5028571429}]
,"DT":[{"H":"cod.meGCGANCL","Hid":35,"FFt":7250.47,"FFtD":14.47,"FQt":100,"FPz":539,"FPzD":28.95,"FPr":13.45,"FM":2913.58,"MFt":9588.625,"MFtD":24.23,"MQt":100,"MPz":345.5773,"MPzD":22.15,"MPr":27.75,"MM":2675.725,"CFt":13453.5,"CFtD":23.98,"CQt":100,"CPz":492.6531,"CPzD":27.5,"CPr":27.31,"CM":3710.865}]}
,{
"PD":"YTD"
,"TF":[
{"name":"cod.meGCGANCL","value":7250.47}]
,"TM":[
{"name":"cod.meGCGANCL","value":9588.62453608247}]
,"TC":[
{"name":"cod.meGCGANCL","value":13453.5028571429}]
,"DT":[{"H":"cod.meGCGANCL","Hid":35,"FFt":7250.47,"FFtD":14.47,"FQt":100,"FPz":539,"FPzD":28.95,"FPr":13.45,"FM":2913.58,"MFt":9588.625,"MFtD":24.23,"MQt":100,"MPz":345.5773,"MPzD":22.15,"MPr":27.75,"MM":2675.725,"CFt":13453.5,"CFtD":23.98,"CQt":100,"CPz":492.6531,"CPzD":27.5,"CPr":27.31,"CM":3710.865}]}
,{
"PD":"BIM"
,"TF":[
{"name":"cod.meGCGANCL","value":1188.9}]
,"TM":[
{"name":"cod.meGCGANCL","value":1495.03865979381}]
,"TC":[
{"name":"cod.meGCGANCL","value":2069.84653061224}]
,"DT":[{"H":"cod.meGCGANCL","Hid":35,"FFt":1188.9,"FFtD":72.14,"FQt":100,"FPz":87,"FPzD":81.25,"FPr":13.67,"FM":520.93,"MFt":1495.039,"MFtD":40.01,"MQt":100,"MPz":59.78351,"MPzD":27.62,"MPr":25.01,"MM":430.5094,"CFt":2069.847,"CFtD":30.75,"CQt":100,"CPz":85.26531,"CPzD":35.39,"CPr":24.28,"CM":595.6267}]}
,{
"PD":"UM"
,"TF":[
{"name":"cod.meGCGANCL","value":677.6}]
,"TM":[
{"name":"cod.meGCGANCL","value":795.445979381444}]
,"TC":[
{"name":"cod.meGCGANCL","value":1006.38}]
,"DT":[{"H":"cod.meGCGANCL","Hid":35,"FFt":677.6,"FFtD":106.71,"FQt":100,"FPz":49,"FPzD":113.04,"FPr":13.83,"FM":317.05,"MFt":795.446,"MFtD":48.86,"MQt":100,"MPz":29.71134,"MPzD":24.87,"MPr":26.77,"MM":215.1285,"CFt":1006.38,"CFtD":35.04,"CQt":100,"CPz":41.89796,"CPzD":33.83,"CPr":24.02,"CM":268.5033}]}]}