{
 "TIT":"cod.meGCSAPUE","ISF2V":[{"min": 10, "max": 770}]
,"ISP2V":[{"min": 10, "max":770 }]   
,"ISF2":[{"name": "lb.l0006","series": [{ "name":"lb.l0052","value":271.46 },{ "name":"lb.l0053","value":26.5 },{ "name":"lb.l0054","value":91.81 },{ "name":"lb.l0055","value":144.7 },{ "name":"lb.l0056","value":135.24 },{ "name":"lb.l0057","value":144.17 },{ "name":"lb.l0058","value":227.02 },{ "name":"lb.l0059","value":217.9 },{ "name":"lb.l0060","value":130.7 },{ "name":"lb.l0061","value":98.21 },{ "name":"lb.l0062","value":74.51 },{ "name":"lb.l0063","value":109.32 }]}
,{"name": "lb.l0007","series": [{ "name":"lb.l0052","value":433.321855670103 },{ "name":"lb.l0053","value":409.401237113402 },{ "name":"lb.l0054","value":524.22443298969 },{ "name":"lb.l0055","value":440.051340206185 },{ "name":"lb.l0056","value":438.531752577319 },{ "name":"lb.l0057","value":456.940721649485 },{ "name":"lb.l0058","value":517.251340206186 },{ "name":"lb.l0059","value":535.176597938144 },{ "name":"lb.l0060","value":448.483608247422 },{ "name":"lb.l0061","value":402.100515463918 },{ "name":"lb.l0062","value":390.91969072165 },{ "name":"lb.l0063","value":516.272680412371 }]}
,{"name": "lb.l0008","series": [{ "name":"lb.l0052","value":635.818571428572 },{ "name":"lb.l0053","value":581.077959183673 },{ "name":"lb.l0054","value":760.782857142858 },{ "name":"lb.l0055","value":646.163061224489 },{ "name":"lb.l0056","value":617.227959183673 },{ "name":"lb.l0057","value":660.442857142857 },{ "name":"lb.l0058","value":709.549795918367 },{ "name":"lb.l0059","value":728.121224489797 },{ "name":"lb.l0060","value":635.587551020409 },{ "name":"lb.l0061","value":569.908775510204 },{ "name":"lb.l0062","value":563.771224489796 },{ "name":"lb.l0063","value":688.410816326531 }]}] ,"ISF1":[ 
{"name": "lb.l0040","series": [{"name":"2021","value":271.46},{"name":"2020","value":203}]},
{"name": "lb.l0041","series": [{"name":"2021","value":297.96},{"name":"2020","value":422.2}]},
{"name": "lb.l0042","series": [{"name":"2021","value":389.77},{"name":"2020","value":825.55}]},
{"name": "lb.l0043","series": [{"name":"2021","value":534.47},{"name":"2020","value":1066.15}]},
{"name": "lb.l0044","series": [{"name":"2021","value":669.71},{"name":"2020","value":1303.6}]},
{"name": "lb.l0045","series": [{"name":"2021","value":813.88},{"name":"2020","value":1437.75}]},
{"name": "lb.l0046","series": [{"name":"2021","value":1040.9},{"name":"2020","value":1546.95}]},
{"name": "lb.l0047","series": [{"name":"2021","value":1258.8},{"name":"2020","value":1625.5}]},
{"name": "lb.l0048","series": [{"name":"2021","value":1389.5},{"name":"2020","value":1853.9}]},
{"name": "lb.l0049","series": [{"name":"2021","value":1487.71},{"name":"2020","value":1933.6}]},
{"name": "lb.l0050","series": [{"name":"2021","value":1562.22},{"name":"2020","value":2036.7}]},
{"name": "lb.l0051","series": [{"name":"2021","value":1671.54},{"name":"2020","value":2144.8}]}],"DTP":[
{
"PD":"MAT"
,"TF":[
{"name":"cod.meGCSAPUE","value":1671.54}]
,"TM":[
{"name":"cod.meGCSAPUE","value":5512.67577319587}]
,"TC":[
{"name":"cod.meGCSAPUE","value":7796.86265306123}]
,"DT":[{"H":"cod.meGCSAPUE","Hid":39,"FFt":1671.54,"FFtD":-22.07,"FQt":100,"FPz":145,"FPzD":2.84,"FPr":11.53,"FM":696.35,"MFt":5512.676,"MFtD":0.82,"MQt":100,"MPz":435.8144,"MPzD":-2.14,"MPr":12.65,"MM":1687.682,"CFt":7796.863,"CFtD":0.1,"CQt":100,"CPz":613.551,"CPzD":-2.69,"CPr":12.71,"CM":2400.31}]}
,{
"PD":"YTD"
,"TF":[
{"name":"cod.meGCSAPUE","value":1671.54}]
,"TM":[
{"name":"cod.meGCSAPUE","value":5512.67577319587}]
,"TC":[
{"name":"cod.meGCSAPUE","value":7796.86265306123}]
,"DT":[{"H":"cod.meGCSAPUE","Hid":39,"FFt":1671.54,"FFtD":-22.07,"FQt":100,"FPz":145,"FPzD":2.84,"FPr":11.53,"FM":696.35,"MFt":5512.676,"MFtD":0.82,"MQt":100,"MPz":435.8144,"MPzD":-2.14,"MPr":12.65,"MM":1687.682,"CFt":7796.863,"CFtD":0.1,"CQt":100,"CPz":613.551,"CPzD":-2.69,"CPr":12.71,"CM":2400.31}]}
,{
"PD":"BIM"
,"TF":[
{"name":"cod.meGCSAPUE","value":183.83}]
,"TM":[
{"name":"cod.meGCSAPUE","value":907.192371134021}]
,"TC":[
{"name":"cod.meGCSAPUE","value":1252.18204081633}]
,"DT":[{"H":"cod.meGCSAPUE","Hid":39,"FFt":183.83,"FFtD":-12.96,"FQt":100,"FPz":16,"FPzD":-5.88,"FPr":11.49,"FM":72,"MFt":907.1924,"MFtD":-17.69,"MQt":100,"MPz":70.59794,"MPzD":-11.26,"MPr":12.85,"MM":273.6171,"CFt":1252.182,"CFtD":-22.04,"CQt":100,"CPz":97.93878,"CPzD":-13.66,"CPr":12.79,"CM":380.0984}]}
,{
"PD":"UM"
,"TF":[
{"name":"cod.meGCSAPUE","value":109.32}]
,"TM":[
{"name":"cod.meGCSAPUE","value":516.272680412371}]
,"TC":[
{"name":"cod.meGCSAPUE","value":688.410816326531}]
,"DT":[{"H":"cod.meGCSAPUE","Hid":39,"FFt":109.32,"FFtD":1.13,"FQt":100,"FPz":9,"FPzD":0,"FPr":12.15,"FM":41.18,"MFt":516.2727,"MFtD":-18.21,"MQt":100,"MPz":39.54639,"MPzD":-9.93,"MPr":13.05,"MM":152.861,"CFt":688.4108,"CFtD":-24.26,"CQt":100,"CPz":53.71429,"CPzD":-14.24,"CPr":12.82,"CM":205.0767}]}]}