{
 "TIT":"cod.meGCCOSOL","ISF2V":[{"min": 100, "max": 3100}]
,"ISP2V":[{"min": 100, "max":3100 }]   
,"ISF2":[{"name": "lb.l0006","series": [{ "name":"lb.l0052","value":186.7 },{ "name":"lb.l0053","value":294.82 },{ "name":"lb.l0054","value":857.74 },{ "name":"lb.l0055","value":1448.52 },{ "name":"lb.l0056","value":3016 },{ "name":"lb.l0057","value":2541.58 },{ "name":"lb.l0058","value":2982.14 },{ "name":"lb.l0059","value":2285.66 },{ "name":"lb.l0060","value":514.96 },{ "name":"lb.l0061","value":571.7 },{ "name":"lb.l0062","value":410.43 },{ "name":"lb.l0063","value":215.62 }]}
,{"name": "lb.l0007","series": [{ "name":"lb.l0052","value":156.658556701031 },{ "name":"lb.l0053","value":184.244226804124 },{ "name":"lb.l0054","value":621.949587628866 },{ "name":"lb.l0055","value":848.725257731959 },{ "name":"lb.l0056","value":1423.55680412371 },{ "name":"lb.l0057","value":1973.42298969072 },{ "name":"lb.l0058","value":2140.38134020618 },{ "name":"lb.l0059","value":1518.93917525773 },{ "name":"lb.l0060","value":454.126288659794 },{ "name":"lb.l0061","value":254.708556701031 },{ "name":"lb.l0062","value":214.426494845361 },{ "name":"lb.l0063","value":194.476082474227 }]}
,{"name": "lb.l0008","series": [{ "name":"lb.l0052","value":230.655714285714 },{ "name":"lb.l0053","value":267.462857142857 },{ "name":"lb.l0054","value":900.702857142858 },{ "name":"lb.l0055","value":1278.26265306122 },{ "name":"lb.l0056","value":2154.37469387755 },{ "name":"lb.l0057","value":2921.43265306122 },{ "name":"lb.l0058","value":3097.39 },{ "name":"lb.l0059","value":2130.47142857143 },{ "name":"lb.l0060","value":617.347755102041 },{ "name":"lb.l0061","value":320.403673469388 },{ "name":"lb.l0062","value":298.855306122449 },{ "name":"lb.l0063","value":274.622653061224 }]}] ,"ISF1":[ 
{"name": "lb.l0040","series": [{"name":"2021","value":186.7},{"name":"2020","value":610.55}]},
{"name": "lb.l0041","series": [{"name":"2021","value":481.52},{"name":"2020","value":1331.2}]},
{"name": "lb.l0042","series": [{"name":"2021","value":1339.26},{"name":"2020","value":1918.15}]},
{"name": "lb.l0043","series": [{"name":"2021","value":2787.78},{"name":"2020","value":2047.85}]},
{"name": "lb.l0044","series": [{"name":"2021","value":5803.78},{"name":"2020","value":5008.5}]},
{"name": "lb.l0045","series": [{"name":"2021","value":8345.36},{"name":"2020","value":10246.1}]},
{"name": "lb.l0046","series": [{"name":"2021","value":11327.5},{"name":"2020","value":14159.5}]},
{"name": "lb.l0047","series": [{"name":"2021","value":13613.16},{"name":"2020","value":15864.05}]},
{"name": "lb.l0048","series": [{"name":"2021","value":14128.12},{"name":"2020","value":16479.19}]},
{"name": "lb.l0049","series": [{"name":"2021","value":14699.82},{"name":"2020","value":16612.37}]},
{"name": "lb.l0050","series": [{"name":"2021","value":15110.25},{"name":"2020","value":16912.39}]},
{"name": "lb.l0051","series": [{"name":"2021","value":15325.87},{"name":"2020","value":17118.54}]}],"DTP":[
{
"PD":"MAT"
,"TF":[
{"name":"cod.meGCCOSOL","value":15325.87}]
,"TM":[
{"name":"cod.meGCCOSOL","value":9985.61536082473}]
,"TC":[
{"name":"cod.meGCCOSOL","value":14491.982244898}]
,"DT":[{"H":"cod.meGCCOSOL","Hid":42,"FFt":15325.87,"FFtD":-10.47,"FQt":100,"FPz":720,"FPzD":6.82,"FPr":21.29,"FM":4456.55,"MFt":9985.615,"MFtD":12.52,"MQt":100,"MPz":497.4021,"MPzD":18.44,"MPr":20.08,"MM":3205.455,"CFt":14491.98,"CFtD":14.06,"CQt":100,"CPz":715.5102,"CPzD":19.81,"CPr":20.25,"CM":4638.888}]}
,{
"PD":"YTD"
,"TF":[
{"name":"cod.meGCCOSOL","value":15325.87}]
,"TM":[
{"name":"cod.meGCCOSOL","value":9985.61536082473}]
,"TC":[
{"name":"cod.meGCCOSOL","value":14491.982244898}]
,"DT":[{"H":"cod.meGCCOSOL","Hid":42,"FFt":15325.87,"FFtD":-10.47,"FQt":100,"FPz":720,"FPzD":6.82,"FPr":21.29,"FM":4456.55,"MFt":9985.615,"MFtD":12.52,"MQt":100,"MPz":497.4021,"MPzD":18.44,"MPr":20.08,"MM":3205.455,"CFt":14491.98,"CFtD":14.06,"CQt":100,"CPz":715.5102,"CPzD":19.81,"CPr":20.25,"CM":4638.888}]}
,{
"PD":"BIM"
,"TF":[
{"name":"cod.meGCCOSOL","value":626.05}]
,"TM":[
{"name":"cod.meGCCOSOL","value":408.902577319588}]
,"TC":[
{"name":"cod.meGCCOSOL","value":573.477959183674}]
,"DT":[{"H":"cod.meGCCOSOL","Hid":42,"FFt":626.05,"FFtD":23.68,"FQt":100,"FPz":24,"FPzD":20,"FPr":26.09,"FM":295.96,"MFt":408.9026,"MFtD":37.5,"MQt":100,"MPz":18.82474,"MPzD":41.33,"MPr":21.72,"MM":134.1807,"CFt":573.478,"CFtD":35.31,"CQt":100,"CPz":26.44898,"CPzD":38.91,"CPr":21.68,"CM":185.9141}]}
,{
"PD":"UM"
,"TF":[
{"name":"cod.meGCCOSOL","value":215.62}]
,"TM":[
{"name":"cod.meGCCOSOL","value":194.476082474227}]
,"TC":[
{"name":"cod.meGCCOSOL","value":274.622653061224}]
,"DT":[{"H":"cod.meGCCOSOL","Hid":42,"FFt":215.62,"FFtD":4.59,"FQt":100,"FPz":8,"FPzD":0,"FPr":26.95,"FM":96.55,"MFt":194.4761,"MFtD":30.91,"MQt":100,"MPz":8.896907,"MPzD":32.16,"MPr":21.86,"MM":63.16526,"CFt":274.6227,"CFtD":31.98,"CQt":100,"CPz":12.61224,"CPzD":33.77,"CPr":21.77,"CM":88.78184}]}]}