{
 "TIT":"cod.meGCAUOUT","ISF2V":[{"min": 2000, "max": 6180}]
,"ISP2V":[{"min": 2000, "max":6180 }]   
,"ISF2":[{"name": "lb.l0006","series": [{ "name":"lb.l0052","value":5191.66 },{ "name":"lb.l0053","value":3719.32 },{ "name":"lb.l0054","value":4757.38 },{ "name":"lb.l0055","value":4848.01 },{ "name":"lb.l0056","value":5273.27 },{ "name":"lb.l0057","value":4892.21 },{ "name":"lb.l0058","value":5014.96 },{ "name":"lb.l0059","value":4606.23 },{ "name":"lb.l0060","value":5399.67 },{ "name":"lb.l0061","value":5247.43 },{ "name":"lb.l0062","value":5693.66 },{ "name":"lb.l0063","value":4367.28 }]}
,{"name": "lb.l0007","series": [{ "name":"lb.l0052","value":3364.0231958763 },{ "name":"lb.l0053","value":2871.28711340206 },{ "name":"lb.l0054","value":3512.88525773196 },{ "name":"lb.l0055","value":3455.92680412371 },{ "name":"lb.l0056","value":3790.96783505155 },{ "name":"lb.l0057","value":3876.62556701031 },{ "name":"lb.l0058","value":4500.05463917526 },{ "name":"lb.l0059","value":4289.69268041237 },{ "name":"lb.l0060","value":3826.88463917525 },{ "name":"lb.l0061","value":4102.65340206186 },{ "name":"lb.l0062","value":4014.41639175258 },{ "name":"lb.l0063","value":3790.97525773195 }]}
,{"name": "lb.l0008","series": [{ "name":"lb.l0052","value":4726.08897959183 },{ "name":"lb.l0053","value":4034.19081632653 },{ "name":"lb.l0054","value":4939.56306122449 },{ "name":"lb.l0055","value":4917.49959183674 },{ "name":"lb.l0056","value":5395.31244897959 },{ "name":"lb.l0057","value":5376.51653061225 },{ "name":"lb.l0058","value":6170.02469387755 },{ "name":"lb.l0059","value":5574.9 },{ "name":"lb.l0060","value":5248.75346938775 },{ "name":"lb.l0061","value":5647.12591836735 },{ "name":"lb.l0062","value":5498.34959183673 },{ "name":"lb.l0063","value":5131.13734693877 }]}] ,"ISF1":[ 
{"name": "lb.l0040","series": [{"name":"2021","value":5191.66},{"name":"2020","value":7494.12}]},
{"name": "lb.l0041","series": [{"name":"2021","value":8910.98},{"name":"2020","value":14184.52}]},
{"name": "lb.l0042","series": [{"name":"2021","value":13668.36},{"name":"2020","value":21802.08}]},
{"name": "lb.l0043","series": [{"name":"2021","value":18516.37},{"name":"2020","value":24774.71}]},
{"name": "lb.l0044","series": [{"name":"2021","value":23789.64},{"name":"2020","value":28879.93}]},
{"name": "lb.l0045","series": [{"name":"2021","value":28681.85},{"name":"2020","value":34098.97}]},
{"name": "lb.l0046","series": [{"name":"2021","value":33696.81},{"name":"2020","value":39977.25}]},
{"name": "lb.l0047","series": [{"name":"2021","value":38303.04},{"name":"2020","value":44007.5}]},
{"name": "lb.l0048","series": [{"name":"2021","value":43702.71},{"name":"2020","value":48951.43}]},
{"name": "lb.l0049","series": [{"name":"2021","value":48950.14},{"name":"2020","value":53535.34}]},
{"name": "lb.l0050","series": [{"name":"2021","value":54643.8},{"name":"2020","value":58468.88}]},
{"name": "lb.l0051","series": [{"name":"2021","value":59011.08},{"name":"2020","value":63708.49}]}],"DTP":[
{
"PD":"MAT"
,"TF":[
{"name":"cod.meGCAUOUT","value":59011.08}]
,"TM":[
{"name":"cod.meGCAUOUT","value":45396.392783505}]
,"TC":[
{"name":"cod.meGCAUOUT","value":62659.4624489795}]
,"DT":[{"H":"cod.meGCAUOUT","Hid":45,"FFt":59011.08,"FFtD":-7.37,"FQt":100,"FPz":3956,"FPzD":-7.66,"FPr":14.92,"FM":21819.19,"MFt":45396.39,"MFtD":8.69,"MQt":100,"MPz":3558.526,"MPzD":5.65,"MPr":12.76,"MM":16035.9,"CFt":62659.46,"CFtD":6.95,"CQt":100,"CPz":4819.755,"CPzD":4.37,"CPr":13,"CM":22116.44}]}
,{
"PD":"YTD"
,"TF":[
{"name":"cod.meGCAUOUT","value":59011.08}]
,"TM":[
{"name":"cod.meGCAUOUT","value":45396.392783505}]
,"TC":[
{"name":"cod.meGCAUOUT","value":62659.4624489795}]
,"DT":[{"H":"cod.meGCAUOUT","Hid":45,"FFt":59011.08,"FFtD":-7.37,"FQt":100,"FPz":3956,"FPzD":-7.66,"FPr":14.92,"FM":21819.19,"MFt":45396.39,"MFtD":8.69,"MQt":100,"MPz":3558.526,"MPzD":5.65,"MPr":12.76,"MM":16035.9,"CFt":62659.46,"CFtD":6.95,"CQt":100,"CPz":4819.755,"CPzD":4.37,"CPr":13,"CM":22116.44}]}
,{
"PD":"BIM"
,"TF":[
{"name":"cod.meGCAUOUT","value":10060.94}]
,"TM":[
{"name":"cod.meGCAUOUT","value":7805.39164948455}]
,"TC":[
{"name":"cod.meGCAUOUT","value":10629.4869387755}]
,"DT":[{"H":"cod.meGCAUOUT","Hid":45,"FFt":10060.94,"FFtD":-1.1,"FQt":100,"FPz":677,"FPzD":3.36,"FPr":14.86,"FM":3734.6,"MFt":7805.392,"MFtD":22.98,"MQt":100,"MPz":610.8557,"MPzD":22.28,"MPr":12.78,"MM":2799.415,"CFt":10629.49,"CFtD":19.51,"CQt":100,"CPz":816.3061,"CPzD":19.03,"CPr":13.02,"CM":3815.353}]}
,{
"PD":"UM"
,"TF":[
{"name":"cod.meGCAUOUT","value":4367.28}]
,"TM":[
{"name":"cod.meGCAUOUT","value":3790.97525773195}]
,"TC":[
{"name":"cod.meGCAUOUT","value":5131.13734693877}]
,"DT":[{"H":"cod.meGCAUOUT","Hid":45,"FFt":4367.28,"FFtD":-16.65,"FQt":100,"FPz":299,"FPzD":-11.01,"FPr":14.61,"FM":1626.47,"MFt":3790.975,"MFtD":20.88,"MQt":100,"MPz":296.6804,"MPzD":19.5,"MPr":12.78,"MM":1354.153,"CFt":5131.137,"CFtD":16.46,"CQt":100,"CPz":394.8571,"CPzD":15.58,"CPr":12.99,"CM":1837.692}]}]}