{
 "TIT":"cod.meGCSAOUT","ISF2V":[{"min": 470, "max": 2270}]
,"ISP2V":[{"min": 470, "max":2270 }]   
,"ISF2":[{"name": "lb.l0006","series": [{ "name":"lb.l0052","value":683.59 },{ "name":"lb.l0053","value":783.4 },{ "name":"lb.l0054","value":1122.76 },{ "name":"lb.l0055","value":1012.39 },{ "name":"lb.l0056","value":1287.84 },{ "name":"lb.l0057","value":2107.31 },{ "name":"lb.l0058","value":2182.45 },{ "name":"lb.l0059","value":1244.56 },{ "name":"lb.l0060","value":1886.63 },{ "name":"lb.l0061","value":2213.11 },{ "name":"lb.l0062","value":1993.39 },{ "name":"lb.l0063","value":1776.02 }]}
,{"name": "lb.l0007","series": [{ "name":"lb.l0052","value":1407.34546391752 },{ "name":"lb.l0053","value":1088.78845360825 },{ "name":"lb.l0054","value":1407.25505154639 },{ "name":"lb.l0055","value":1434.69536082474 },{ "name":"lb.l0056","value":1458.01773195876 },{ "name":"lb.l0057","value":1523.77649484536 },{ "name":"lb.l0058","value":1680.68618556701 },{ "name":"lb.l0059","value":1661.56711340206 },{ "name":"lb.l0060","value":1497.28948453608 },{ "name":"lb.l0061","value":1453.22247422681 },{ "name":"lb.l0062","value":1388.0218556701 },{ "name":"lb.l0063","value":1360.79154639175 }]}
,{"name": "lb.l0008","series": [{ "name":"lb.l0052","value":1811.66 },{ "name":"lb.l0053","value":1489.67469387755 },{ "name":"lb.l0054","value":1840.44 },{ "name":"lb.l0055","value":1926.13163265306 },{ "name":"lb.l0056","value":2003.46551020408 },{ "name":"lb.l0057","value":2100.15489795918 },{ "name":"lb.l0058","value":2260.96204081633 },{ "name":"lb.l0059","value":2139.62897959184 },{ "name":"lb.l0060","value":1909.59428571429 },{ "name":"lb.l0061","value":1973.35795918368 },{ "name":"lb.l0062","value":1800.72489795919 },{ "name":"lb.l0063","value":1833.79244897959 }]}] ,"ISF1":[ 
{"name": "lb.l0040","series": [{"name":"2021","value":683.59},{"name":"2020","value":1238.75}]},
{"name": "lb.l0041","series": [{"name":"2021","value":1466.99},{"name":"2020","value":2219.1}]},
{"name": "lb.l0042","series": [{"name":"2021","value":2589.75},{"name":"2020","value":4684.65}]},
{"name": "lb.l0043","series": [{"name":"2021","value":3602.14},{"name":"2020","value":5836.25}]},
{"name": "lb.l0044","series": [{"name":"2021","value":4889.98},{"name":"2020","value":6810.4}]},
{"name": "lb.l0045","series": [{"name":"2021","value":6997.29},{"name":"2020","value":7911.88}]},
{"name": "lb.l0046","series": [{"name":"2021","value":9179.74},{"name":"2020","value":9695.53}]},
{"name": "lb.l0047","series": [{"name":"2021","value":10424.3},{"name":"2020","value":10492.47}]},
{"name": "lb.l0048","series": [{"name":"2021","value":12310.93},{"name":"2020","value":11025.44}]},
{"name": "lb.l0049","series": [{"name":"2021","value":14524.04},{"name":"2020","value":11590.94}]},
{"name": "lb.l0050","series": [{"name":"2021","value":16517.43},{"name":"2020","value":12124.65}]},
{"name": "lb.l0051","series": [{"name":"2021","value":18293.45},{"name":"2020","value":12913.95}]}],"DTP":[
{
"PD":"MAT"
,"TF":[
{"name":"cod.meGCSAOUT","value":18293.45}]
,"TM":[
{"name":"cod.meGCSAOUT","value":17361.4572164948}]
,"TC":[
{"name":"cod.meGCSAOUT","value":23089.5873469388}]
,"DT":[{"H":"cod.meGCSAOUT","Hid":47,"FFt":18293.45,"FFtD":41.66,"FQt":100,"FPz":1991,"FPzD":-23.42,"FPr":9.19,"FM":5609.24,"MFt":17361.46,"MFtD":2.02,"MQt":100,"MPz":2306.742,"MPzD":-6.62,"MPr":7.53,"MM":5108.729,"CFt":23089.59,"CFtD":1.45,"CQt":100,"CPz":3117.776,"CPzD":-6.14,"CPr":7.41,"CM":6730.285}]}
,{
"PD":"YTD"
,"TF":[
{"name":"cod.meGCSAOUT","value":18293.45}]
,"TM":[
{"name":"cod.meGCSAOUT","value":17361.4572164948}]
,"TC":[
{"name":"cod.meGCSAOUT","value":23089.5873469388}]
,"DT":[{"H":"cod.meGCSAOUT","Hid":47,"FFt":18293.45,"FFtD":41.66,"FQt":100,"FPz":1991,"FPzD":-23.42,"FPr":9.19,"FM":5609.24,"MFt":17361.46,"MFtD":2.02,"MQt":100,"MPz":2306.742,"MPzD":-6.62,"MPr":7.53,"MM":5108.729,"CFt":23089.59,"CFtD":1.45,"CQt":100,"CPz":3117.776,"CPzD":-6.14,"CPr":7.41,"CM":6730.285}]}
,{
"PD":"BIM"
,"TF":[
{"name":"cod.meGCSAOUT","value":3769.41}]
,"TM":[
{"name":"cod.meGCSAOUT","value":2748.81340206185}]
,"TC":[
{"name":"cod.meGCSAOUT","value":3634.51734693878}]
,"DT":[{"H":"cod.meGCSAOUT","Hid":47,"FFt":3769.41,"FFtD":184.91,"FQt":100,"FPz":326,"FPzD":23.95,"FPr":11.56,"FM":1040.98,"MFt":2748.813,"MFtD":6.55,"MQt":100,"MPz":363.2887,"MPzD":0.71,"MPr":7.57,"MM":837.2143,"CFt":3634.517,"CFtD":4.99,"CQt":100,"CPz":490.7551,"CPzD":1.46,"CPr":7.41,"CM":1109.711}]}
,{
"PD":"UM"
,"TF":[
{"name":"cod.meGCSAOUT","value":1776.02}]
,"TM":[
{"name":"cod.meGCSAOUT","value":1360.79154639175}]
,"TC":[
{"name":"cod.meGCSAOUT","value":1833.79244897959}]
,"DT":[{"H":"cod.meGCSAOUT","Hid":47,"FFt":1776.02,"FFtD":125.01,"FQt":100,"FPz":149,"FPzD":-11.83,"FPr":11.92,"FM":479.61,"MFt":1360.792,"MFtD":4.47,"MQt":100,"MPz":178.9588,"MPzD":-2.09,"MPr":7.6,"MM":409.622,"CFt":1833.792,"CFtD":3.86,"CQt":100,"CPz":244.4082,"CPzD":-0.98,"CPr":7.5,"CM":549.4212}]}]}