{
 "TIT":"cod.meGCAU","ISF2V":[{"min": 12460, "max": 35360}]
,"ISP2V":[{"min": 12460, "max":35360 }]   
,"ISF2":[{"name": "lb.l0006","series": [{ "name":"lb.l0052","value":26816.89 },{ "name":"lb.l0053","value":20651.63 },{ "name":"lb.l0054","value":24110.73 },{ "name":"lb.l0055","value":23906.08 },{ "name":"lb.l0056","value":26766.22 },{ "name":"lb.l0057","value":25416.69 },{ "name":"lb.l0058","value":25573.5 },{ "name":"lb.l0059","value":20649.78 },{ "name":"lb.l0060","value":25544.71 },{ "name":"lb.l0061","value":29623.88 },{ "name":"lb.l0062","value":32061.74 },{ "name":"lb.l0063","value":25633.01 }]}
,{"name": "lb.l0007","series": [{ "name":"lb.l0052","value":21753.67 },{ "name":"lb.l0053","value":17807.5456701031 },{ "name":"lb.l0054","value":20411.157113402 },{ "name":"lb.l0055","value":20452.288556701 },{ "name":"lb.l0056","value":22578.0806185567 },{ "name":"lb.l0057","value":22169.0949484536 },{ "name":"lb.l0058","value":24805.2960824742 },{ "name":"lb.l0059","value":23527.1421649485 },{ "name":"lb.l0060","value":22701.3064948454 },{ "name":"lb.l0061","value":25818.4957731959 },{ "name":"lb.l0062","value":26372.650927835 },{ "name":"lb.l0063","value":25270.4042268041 }]}
,{"name": "lb.l0008","series": [{ "name":"lb.l0052","value":29464.8375510204 },{ "name":"lb.l0053","value":24285.3240816327 },{ "name":"lb.l0054","value":27815.566122449 },{ "name":"lb.l0055","value":28142.5681632653 },{ "name":"lb.l0056","value":31214.2414285714 },{ "name":"lb.l0057","value":29951.0583673469 },{ "name":"lb.l0058","value":33259.2587755102 },{ "name":"lb.l0059","value":30616.053877551 },{ "name":"lb.l0060","value":30415.9834693877 },{ "name":"lb.l0061","value":34804.7059183673 },{ "name":"lb.l0062","value":35352.6573469388 },{ "name":"lb.l0063","value":33667.7153061224 }]}] ,"ISF1":[ 
{"name": "lb.l0040","series": [{"name":"2021","value":26816.89},{"name":"2020","value":39793.42}]},
{"name": "lb.l0041","series": [{"name":"2021","value":47468.52},{"name":"2020","value":74857.21}]},
{"name": "lb.l0042","series": [{"name":"2021","value":71579.25},{"name":"2020","value":121998.22}]},
{"name": "lb.l0043","series": [{"name":"2021","value":95485.33},{"name":"2020","value":139089.88}]},
{"name": "lb.l0044","series": [{"name":"2021","value":122251.55},{"name":"2020","value":160028.34}]},
{"name": "lb.l0045","series": [{"name":"2021","value":147668.24},{"name":"2020","value":184079.74}]},
{"name": "lb.l0046","series": [{"name":"2021","value":173241.74},{"name":"2020","value":211721.12}]},
{"name": "lb.l0047","series": [{"name":"2021","value":193891.52},{"name":"2020","value":231968.67}]},
{"name": "lb.l0048","series": [{"name":"2021","value":219436.23},{"name":"2020","value":257778.92}]},
{"name": "lb.l0049","series": [{"name":"2021","value":249060.11},{"name":"2020","value":283877.81}]},
{"name": "lb.l0050","series": [{"name":"2021","value":281121.85},{"name":"2020","value":310812.2}]},
{"name": "lb.l0051","series": [{"name":"2021","value":306754.86},{"name":"2020","value":335442.73}]}],"DTP":[
{
"PD":"MAT"
,"TF":[
{"name":"cod.meGCAUMNS","value":131027.93},
{"name":"cod.meGCAUSAL","value":82408.55},
{"name":"cod.meGCAUOUT","value":59011.08},
{"name":"cod.meGCAUGPA","value":18336.29},
{"name":"cod.meGCAUMEF","value":14666.29},
{"name":"cod.meGCAUHOM","value":1304.72}]
,"TM":[
{"name":"cod.meGCAUMNS","value":129075.198350515},
{"name":"cod.meGCAUSAL","value":67990.529484536},
{"name":"cod.meGCAUOUT","value":45396.392783505},
{"name":"cod.meGCAUMEF","value":16888.3959793814},
{"name":"cod.meGCAUGPA","value":12413.6301030928},
{"name":"cod.meGCAUHOM","value":1902.98587628866}]
,"TC":[
{"name":"cod.meGCAUMNS","value":173189.563265306},
{"name":"cod.meGCAUSAL","value":92559.4320408163},
{"name":"cod.meGCAUOUT","value":62659.4624489795},
{"name":"cod.meGCAUMEF","value":23156.936122449},
{"name":"cod.meGCAUGPA","value":15033.1051020408},
{"name":"cod.meGCAUHOM","value":2391.47142857142}]
,"DT":[{"H":"cod.meGCAU","Hid": 4,"FFt":306754.86,"FFtD": -8.55,"FQt":100.00,"FPz":25244,"FPzD":-11.32,"FPr":12.15,"FM":110343.87,"MFt":273667.133,"MFtD": 6.70,"MQt":100.00,"MPz":24828.7835,"MPzD": 2.44,"MPr":11.02,"MM":97494.0826,"CFt":368989.970,"CFtD": 5.75,"CQt":100.00,"CPz":33250.3878,"CPzD": 1.63,"CPr":11.10,"CM":131269.9357},{"H":"cod.meGCAUGPA","Hid":18,"FFt": 18336.29,"FFtD":-22.92,"FQt":  5.98,"FPz": 1330,"FPzD":-24.94,"FPr":13.79,"FM":  8427.59,"MFt": 12413.630,"MFtD":23.08,"MQt":  4.54,"MPz":  925.6804,"MPzD":18.33,"MPr":13.41,"MM": 5278.1062,"CFt": 15033.105,"CFtD":22.66,"CQt":  4.07,"CPz": 1124.4694,"CPzD":17.41,"CPr":13.37,"CM":  6459.5329},{"H":"cod.meGCAUHOM","Hid":24,"FFt":  1304.72,"FFtD":-13.73,"FQt":  0.43,"FPz":  122,"FPzD":-27.38,"FPr":10.69,"FM":   584.38,"MFt":  1902.986,"MFtD": 3.62,"MQt":  0.70,"MPz":  194.0000,"MPzD": 0.89,"MPr": 9.81,"MM":  772.1834,"CFt":  2391.471,"CFtD": 2.96,"CQt":  0.65,"CPz":  236.4694,"CPzD":-0.10,"CPr":10.11,"CM":   982.4384},{"H":"cod.meGCAUMNS","Hid":31,"FFt":131027.93,"FFtD": -6.21,"FQt": 42.71,"FPz":13895,"FPzD": -9.47,"FPr": 9.43,"FM": 46621.93,"MFt":129075.198,"MFtD": 4.61,"MQt": 47.17,"MPz":14146.8557,"MPzD": 0.27,"MPr": 9.12,"MM":45966.4367,"CFt":173189.563,"CFtD": 4.10,"CQt": 46.94,"CPz":18932.8571,"CPzD":-0.39,"CPr": 9.15,"CM": 61491.7906},{"H":"cod.meGCAUMEF","Hid":32,"FFt": 14666.29,"FFtD":-17.46,"FQt":  4.78,"FPz": 1890,"FPzD":-21.35,"FPr": 7.76,"FM":  5533.38,"MFt": 16888.396,"MFtD": 9.79,"MQt":  6.17,"MPz": 2239.2268,"MPzD": 4.62,"MPr": 7.54,"MM": 6409.5023,"CFt": 23156.936,"CFtD": 9.06,"CQt":  6.28,"CPz": 3058.8163,"CPzD": 3.85,"CPr": 7.57,"CM":  8776.9480},{"H":"cod.meGCAUSAL","Hid":43,"FFt": 82408.55,"FFtD": -7.37,"FQt": 26.86,"FPz": 4051,"FPzD": -9.80,"FPr":20.34,"FM": 27357.40,"MFt": 67990.529,"MFtD": 6.18,"MQt": 24.84,"MPz": 3764.4948,"MPzD": 3.26,"MPr":18.06,"MM":23031.9564,"CFt": 92559.432,"CFtD": 5.01,"CQt": 25.08,"CPz": 5078.0204,"CPzD": 2.50,"CPr":18.23,"CM": 31442.7867},{"H":"cod.meGCAUOUT","Hid":45,"FFt": 59011.08,"FFtD": -7.37,"FQt": 19.24,"FPz": 3956,"FPzD": -7.66,"FPr":14.92,"FM": 21819.19,"MFt": 45396.393,"MFtD": 8.69,"MQt": 16.59,"MPz": 3558.5258,"MPzD": 5.65,"MPr":12.76,"MM":16035.8976,"CFt": 62659.462,"CFtD": 6.95,"CQt": 16.98,"CPz": 4819.7551,"CPzD": 4.37,"CPr":13.00,"CM": 22116.4392}]}
,{
"PD":"YTD"
,"TF":[
{"name":"cod.meGCAUMNS","value":131027.93},
{"name":"cod.meGCAUSAL","value":82408.55},
{"name":"cod.meGCAUOUT","value":59011.08},
{"name":"cod.meGCAUGPA","value":18336.29},
{"name":"cod.meGCAUMEF","value":14666.29},
{"name":"cod.meGCAUHOM","value":1304.72}]
,"TM":[
{"name":"cod.meGCAUMNS","value":129075.198350515},
{"name":"cod.meGCAUSAL","value":67990.529484536},
{"name":"cod.meGCAUOUT","value":45396.392783505},
{"name":"cod.meGCAUMEF","value":16888.3959793814},
{"name":"cod.meGCAUGPA","value":12413.6301030928},
{"name":"cod.meGCAUHOM","value":1902.98587628866}]
,"TC":[
{"name":"cod.meGCAUMNS","value":173189.563265306},
{"name":"cod.meGCAUSAL","value":92559.4320408163},
{"name":"cod.meGCAUOUT","value":62659.4624489795},
{"name":"cod.meGCAUMEF","value":23156.936122449},
{"name":"cod.meGCAUGPA","value":15033.1051020408},
{"name":"cod.meGCAUHOM","value":2391.47142857142}]
,"DT":[{"H":"cod.meGCAU","Hid": 4,"FFt":306754.86,"FFtD": -8.55,"FQt":100.00,"FPz":25244,"FPzD":-11.32,"FPr":12.15,"FM":110343.87,"MFt":273667.133,"MFtD": 6.70,"MQt":100.00,"MPz":24828.7835,"MPzD": 2.44,"MPr":11.02,"MM":97494.0826,"CFt":368989.970,"CFtD": 5.75,"CQt":100.00,"CPz":33250.3878,"CPzD": 1.63,"CPr":11.10,"CM":131269.9357},{"H":"cod.meGCAUGPA","Hid":18,"FFt": 18336.29,"FFtD":-22.92,"FQt":  5.98,"FPz": 1330,"FPzD":-24.94,"FPr":13.79,"FM":  8427.59,"MFt": 12413.630,"MFtD":23.08,"MQt":  4.54,"MPz":  925.6804,"MPzD":18.33,"MPr":13.41,"MM": 5278.1062,"CFt": 15033.105,"CFtD":22.66,"CQt":  4.07,"CPz": 1124.4694,"CPzD":17.41,"CPr":13.37,"CM":  6459.5329},{"H":"cod.meGCAUHOM","Hid":24,"FFt":  1304.72,"FFtD":-13.73,"FQt":  0.43,"FPz":  122,"FPzD":-27.38,"FPr":10.69,"FM":   584.38,"MFt":  1902.986,"MFtD": 3.62,"MQt":  0.70,"MPz":  194.0000,"MPzD": 0.89,"MPr": 9.81,"MM":  772.1834,"CFt":  2391.471,"CFtD": 2.96,"CQt":  0.65,"CPz":  236.4694,"CPzD":-0.10,"CPr":10.11,"CM":   982.4384},{"H":"cod.meGCAUMNS","Hid":31,"FFt":131027.93,"FFtD": -6.21,"FQt": 42.71,"FPz":13895,"FPzD": -9.47,"FPr": 9.43,"FM": 46621.93,"MFt":129075.198,"MFtD": 4.61,"MQt": 47.17,"MPz":14146.8557,"MPzD": 0.27,"MPr": 9.12,"MM":45966.4367,"CFt":173189.563,"CFtD": 4.10,"CQt": 46.94,"CPz":18932.8571,"CPzD":-0.39,"CPr": 9.15,"CM": 61491.7906},{"H":"cod.meGCAUMEF","Hid":32,"FFt": 14666.29,"FFtD":-17.46,"FQt":  4.78,"FPz": 1890,"FPzD":-21.35,"FPr": 7.76,"FM":  5533.38,"MFt": 16888.396,"MFtD": 9.79,"MQt":  6.17,"MPz": 2239.2268,"MPzD": 4.62,"MPr": 7.54,"MM": 6409.5023,"CFt": 23156.936,"CFtD": 9.06,"CQt":  6.28,"CPz": 3058.8163,"CPzD": 3.85,"CPr": 7.57,"CM":  8776.9480},{"H":"cod.meGCAUSAL","Hid":43,"FFt": 82408.55,"FFtD": -7.37,"FQt": 26.86,"FPz": 4051,"FPzD": -9.80,"FPr":20.34,"FM": 27357.40,"MFt": 67990.529,"MFtD": 6.18,"MQt": 24.84,"MPz": 3764.4948,"MPzD": 3.26,"MPr":18.06,"MM":23031.9564,"CFt": 92559.432,"CFtD": 5.01,"CQt": 25.08,"CPz": 5078.0204,"CPzD": 2.50,"CPr":18.23,"CM": 31442.7867},{"H":"cod.meGCAUOUT","Hid":45,"FFt": 59011.08,"FFtD": -7.37,"FQt": 19.24,"FPz": 3956,"FPzD": -7.66,"FPr":14.92,"FM": 21819.19,"MFt": 45396.393,"MFtD": 8.69,"MQt": 16.59,"MPz": 3558.5258,"MPzD": 5.65,"MPr":12.76,"MM":16035.8976,"CFt": 62659.462,"CFtD": 6.95,"CQt": 16.98,"CPz": 4819.7551,"CPzD": 4.37,"CPr":13.00,"CM": 22116.4392}]}
,{
"PD":"BIM"
,"TF":[
{"name":"cod.meGCAUMNS","value":26178.04},
{"name":"cod.meGCAUSAL","value":13220.69},
{"name":"cod.meGCAUOUT","value":10060.94},
{"name":"cod.meGCAUGPA","value":4620.36},
{"name":"cod.meGCAUMEF","value":2979.09},
{"name":"cod.meGCAUHOM","value":635.63}]
,"TM":[
{"name":"cod.meGCAUMNS","value":25864.0570103093},
{"name":"cod.meGCAUSAL","value":11308.5780412371},
{"name":"cod.meGCAUOUT","value":7805.39164948455},
{"name":"cod.meGCAUMEF","value":3384.13494845361},
{"name":"cod.meGCAUGPA","value":2842.54030927835},
{"name":"cod.meGCAUHOM","value":438.353195876288}]
,"TC":[
{"name":"cod.meGCAUMNS","value":34419.7436734693},
{"name":"cod.meGCAUSAL","value":15206.7904081633},
{"name":"cod.meGCAUOUT","value":10629.4869387755},
{"name":"cod.meGCAUMEF","value":4596.34653061225},
{"name":"cod.meGCAUGPA","value":3597.74020408163},
{"name":"cod.meGCAUHOM","value":570.264897959184}]
,"DT":[{"H":"cod.meGCAU","Hid": 4,"FFt":57694.75,"FFtD": 11.89,"FQt":100.00,"FPz":4923,"FPzD": 17.33,"FPr":11.72,"FM":21535.84,"MFt":51643.0552,"MFtD":27.83,"MQt":100.00,"MPz":4855.90722,"MPzD":30.89,"MPr":10.64,"MM":18785.3555,"CFt":69020.3727,"CFtD":25.75,"CQt":100.00,"CPz":6438.00000,"CPzD":28.60,"CPr":10.72,"CM":25094.1004},{"H":"cod.meGCAUGPA","Hid":18,"FFt": 4620.36,"FFtD": 25.23,"FQt":  8.01,"FPz": 340,"FPzD": 26.87,"FPr":13.59,"FM": 2203.23,"MFt": 2842.5403,"MFtD":71.39,"MQt":  5.50,"MPz": 217.00000,"MPzD":69.79,"MPr":13.10,"MM": 1234.4894,"CFt": 3597.7402,"CFtD":80.37,"CQt":  5.21,"CPz": 273.79592,"CPzD":77.53,"CPr":13.14,"CM": 1572.4896},{"H":"cod.meGCAUHOM","Hid":24,"FFt":  635.63,"FFtD":230.11,"FQt":  1.10,"FPz":  52,"FPzD":136.36,"FPr":12.22,"FM":  318.65,"MFt":  438.3532,"MFtD":59.63,"MQt":  0.85,"MPz":  43.97938,"MPzD":52.19,"MPr": 9.97,"MM":  193.0479,"CFt":  570.2649,"CFtD":70.09,"CQt":  0.83,"CPz":  55.28571,"CPzD":61.73,"CPr":10.31,"CM":  258.5843},{"H":"cod.meGCAUMNS","Hid":31,"FFt":26178.04,"FFtD": 26.28,"FQt": 45.37,"FPz":2771,"FPzD": 27.11,"FPr": 9.45,"FM": 9565.93,"MFt":25864.0570,"MFtD":35.88,"MQt": 50.08,"MPz":2877.96907,"MPzD":36.56,"MPr": 8.99,"MM": 9424.1157,"CFt":34419.7437,"CFtD":34.39,"CQt": 49.87,"CPz":3812.02041,"CPzD":34.34,"CPr": 9.03,"CM":12508.3729},{"H":"cod.meGCAUMEF","Hid":32,"FFt": 2979.09,"FFtD": 25.99,"FQt":  5.16,"FPz": 401,"FPzD": 27.71,"FPr": 7.43,"FM": 1215.29,"MFt": 3384.1349,"MFtD":41.89,"MQt":  6.55,"MPz": 449.87629,"MPzD":35.86,"MPr": 7.52,"MM": 1308.9210,"CFt": 4596.3465,"CFtD":39.59,"CQt":  6.66,"CPz": 609.14286,"CPzD":33.59,"CPr": 7.55,"CM": 1777.5608},{"H":"cod.meGCAUSAL","Hid":43,"FFt":13220.69,"FFtD": -8.28,"FQt": 22.91,"FPz": 682,"FPzD": -9.91,"FPr":19.39,"FM": 4498.14,"MFt":11308.5780,"MFtD": 5.70,"MQt": 21.90,"MPz": 656.22680,"MPzD": 6.69,"MPr":17.23,"MM": 3825.3669,"CFt":15206.7904,"CFtD": 3.04,"CQt": 22.03,"CPz": 871.44898,"CPzD": 3.92,"CPr":17.45,"CM": 5161.7396},{"H":"cod.meGCAUOUT","Hid":45,"FFt":10060.94,"FFtD": -1.10,"FQt": 17.44,"FPz": 677,"FPzD":  3.36,"FPr":14.86,"FM": 3734.60,"MFt": 7805.3916,"MFtD":22.98,"MQt": 15.11,"MPz": 610.85567,"MPzD":22.28,"MPr":12.78,"MM": 2799.4145,"CFt":10629.4869,"CFtD":19.51,"CQt": 15.40,"CPz": 816.30612,"CPzD":19.03,"CPr":13.02,"CM": 3815.3533}]}
,{
"PD":"UM"
,"TF":[
{"name":"cod.meGCAUMNS","value":12154.62},
{"name":"cod.meGCAUSAL","value":5640.46},
{"name":"cod.meGCAUOUT","value":4367.28},
{"name":"cod.meGCAUGPA","value":1914.19},
{"name":"cod.meGCAUMEF","value":1320.61},
{"name":"cod.meGCAUHOM","value":235.85}]
,"TM":[
{"name":"cod.meGCAUMNS","value":12806.107628866},
{"name":"cod.meGCAUSAL","value":5409.74711340206},
{"name":"cod.meGCAUOUT","value":3790.97525773195},
{"name":"cod.meGCAUMEF","value":1698.14443298969},
{"name":"cod.meGCAUGPA","value":1358.60742268041},
{"name":"cod.meGCAUHOM","value":206.822371134021}]
,"TC":[
{"name":"cod.meGCAUMNS","value":17024.8675510204},
{"name":"cod.meGCAUSAL","value":7228.41938775511},
{"name":"cod.meGCAUOUT","value":5131.13734693877},
{"name":"cod.meGCAUMEF","value":2300.6506122449},
{"name":"cod.meGCAUGPA","value":1713.36244897959},
{"name":"cod.meGCAUHOM","value":269.277959183673}]
,"DT":[{"H":"cod.meGCAU","Hid": 4,"FFt":25633.01,"FFtD":  4.07,"FQt":100.00,"FPz":2218,"FPzD":  9.75,"FPr":11.56,"FM":9619.51,"MFt":25270.4042,"MFtD":26.04,"MQt":100.00,"MPz":2388.47423,"MPzD":28.59,"MPr":10.58,"MM":9205.96691,"CFt":33667.715,"CFtD":23.59,"CQt":100.00,"CPz":3161.28571,"CPzD":25.91,"CPr":10.65,"CM":12288.7796},{"H":"cod.meGCAUGPA","Hid":18,"FFt": 1914.19,"FFtD":  8.29,"FQt":  7.47,"FPz": 138,"FPzD":  7.81,"FPr":13.87,"FM": 917.07,"MFt": 1358.6074,"MFtD":63.51,"MQt":  5.38,"MPz": 103.59794,"MPzD":61.22,"MPr":13.11,"MM": 591.41134,"CFt": 1713.362,"CFtD":73.12,"CQt":  5.09,"CPz": 129.93878,"CPzD":68.80,"CPr":13.19,"CM":  750.8329},{"H":"cod.meGCAUHOM","Hid":24,"FFt":  235.85,"FFtD": 68.83,"FQt":  0.92,"FPz":  22,"FPzD": 37.50,"FPr":10.72,"FM": 114.02,"MFt":  206.8224,"MFtD":50.23,"MQt":  0.82,"MPz":  20.45361,"MPzD":44.61,"MPr":10.11,"MM":  91.23464,"CFt":  269.278,"CFtD":55.64,"CQt":  0.80,"CPz":  25.77551,"CPzD":48.41,"CPr":10.45,"CM":  122.2720},{"H":"cod.meGCAUMNS","Hid":31,"FFt":12154.62,"FFtD": 22.93,"FQt": 47.42,"FPz":1293,"FPzD": 21.87,"FPr": 9.40,"FM":4488.87,"MFt":12806.1076,"MFtD":32.56,"MQt": 50.68,"MPz":1429.89691,"MPzD":33.30,"MPr": 8.96,"MM":4692.31557,"CFt":17024.868,"CFtD":30.59,"CQt": 50.57,"CPz":1894.93878,"CPzD":30.79,"CPr": 8.98,"CM": 6246.7482},{"H":"cod.meGCAUMEF","Hid":32,"FFt": 1320.61,"FFtD": 19.61,"FQt":  5.15,"FPz": 171,"FPzD": 17.12,"FPr": 7.72,"FM": 523.62,"MFt": 1698.1444,"MFtD":40.83,"MQt":  6.72,"MPz": 226.36082,"MPzD":35.75,"MPr": 7.50,"MM": 655.64268,"CFt": 2300.651,"CFtD":37.90,"CQt":  6.83,"CPz": 305.22449,"CPzD":32.33,"CPr": 7.54,"CM":  889.6561},{"H":"cod.meGCAUSAL","Hid":43,"FFt": 5640.46,"FFtD":-13.12,"FQt": 22.00,"FPz": 295,"FPzD":-11.68,"FPr":19.12,"FM":1949.46,"MFt": 5409.7471,"MFtD": 6.52,"MQt": 21.41,"MPz": 311.48454,"MPzD": 6.92,"MPr":17.37,"MM":1821.21010,"CFt": 7228.419,"CFtD": 3.74,"CQt": 21.47,"CPz": 410.55102,"CPzD": 3.87,"CPr":17.61,"CM": 2441.5786},{"H":"cod.meGCAUOUT","Hid":45,"FFt": 4367.28,"FFtD":-16.65,"FQt": 17.04,"FPz": 299,"FPzD":-11.01,"FPr":14.61,"FM":1626.47,"MFt": 3790.9753,"MFtD":20.88,"MQt": 15.00,"MPz": 296.68041,"MPzD":19.50,"MPr":12.78,"MM":1354.15258,"CFt": 5131.137,"CFtD":16.46,"CQt": 15.24,"CPz": 394.85714,"CPzD":15.58,"CPr":12.99,"CM": 1837.6918}]}]}