{
 "TIT":"cod.meGCGA","ISF2V":[{"min": 360, "max": 2220}]
,"ISP2V":[{"min": 360, "max":2220 }]   
,"ISF2":[{"name": "lb.l0006","series": [{ "name":"lb.l0052","value":521.53 },{ "name":"lb.l0053","value":782.06 },{ "name":"lb.l0054","value":724.39 },{ "name":"lb.l0055","value":703.08 },{ "name":"lb.l0056","value":612.21 },{ "name":"lb.l0057","value":960.03 },{ "name":"lb.l0058","value":867.66 },{ "name":"lb.l0059","value":726.85 },{ "name":"lb.l0060","value":779.93 },{ "name":"lb.l0061","value":806.5 },{ "name":"lb.l0062","value":596.5 },{ "name":"lb.l0063","value":801.9 }]}
,{"name": "lb.l0007","series": [{ "name":"lb.l0052","value":1717.58360824742 },{ "name":"lb.l0053","value":1362.22927835052 },{ "name":"lb.l0054","value":1498.06144329897 },{ "name":"lb.l0055","value":1425.3875257732 },{ "name":"lb.l0056","value":1359.8230927835 },{ "name":"lb.l0057","value":1360.50175257732 },{ "name":"lb.l0058","value":1428.3693814433 },{ "name":"lb.l0059","value":1503.16979381443 },{ "name":"lb.l0060","value":1446.34701030928 },{ "name":"lb.l0061","value":1390.68309278351 },{ "name":"lb.l0062","value":1278.75577319588 },{ "name":"lb.l0063","value":1422.02835051546 }]}
,{"name": "lb.l0008","series": [{ "name":"lb.l0052","value":2219.17163265306 },{ "name":"lb.l0053","value":2028.55897959184 },{ "name":"lb.l0054","value":2196.26306122449 },{ "name":"lb.l0055","value":1912.14469387755 },{ "name":"lb.l0056","value":2079.87673469388 },{ "name":"lb.l0057","value":2112.03979591837 },{ "name":"lb.l0058","value":1986.64408163265 },{ "name":"lb.l0059","value":2102.51530612245 },{ "name":"lb.l0060","value":1998.54102040816 },{ "name":"lb.l0061","value":2003.99734693878 },{ "name":"lb.l0062","value":1888.76204081633 },{ "name":"lb.l0063","value":1874.46489795918 }]}] ,"ISF1":[ 
{"name": "lb.l0040","series": [{"name":"2021","value":521.53},{"name":"2020","value":1215.9}]},
{"name": "lb.l0041","series": [{"name":"2021","value":1303.59},{"name":"2020","value":2302.15}]},
{"name": "lb.l0042","series": [{"name":"2021","value":2027.98},{"name":"2020","value":3784.95}]},
{"name": "lb.l0043","series": [{"name":"2021","value":2731.06},{"name":"2020","value":4783.65}]},
{"name": "lb.l0044","series": [{"name":"2021","value":3343.27},{"name":"2020","value":5717.9}]},
{"name": "lb.l0045","series": [{"name":"2021","value":4303.3},{"name":"2020","value":6441.75}]},
{"name": "lb.l0046","series": [{"name":"2021","value":5170.96},{"name":"2020","value":7343.2}]},
{"name": "lb.l0047","series": [{"name":"2021","value":5897.81},{"name":"2020","value":8077.65}]},
{"name": "lb.l0048","series": [{"name":"2021","value":6677.74},{"name":"2020","value":8714.8}]},
{"name": "lb.l0049","series": [{"name":"2021","value":7484.24},{"name":"2020","value":9536.53}]},
{"name": "lb.l0050","series": [{"name":"2021","value":8080.74},{"name":"2020","value":10019.43}]},
{"name": "lb.l0051","series": [{"name":"2021","value":8882.64},{"name":"2020","value":10502.29}]}],"DTP":[
{
"PD":"MAT"
,"TF":[
{"name":"cod.meGCGANCL","value":7250.47},
{"name":"cod.meGCGAINF","value":1136.08},
{"name":"cod.meGCGAOUT","value":496.09}]
,"TM":[
{"name":"cod.meGCGANCL","value":9588.62453608247},
{"name":"cod.meGCGAINF","value":6007.79639175257},
{"name":"cod.meGCGAOUT","value":1596.51917525773}]
,"TC":[
{"name":"cod.meGCGANCL","value":13453.5028571429},
{"name":"cod.meGCGAINF","value":8787.52673469388},
{"name":"cod.meGCGAOUT","value":2161.95}]
,"DT":[{"H":"cod.meGCGA","Hid": 6,"FFt":8882.64,"FFtD":-15.42,"FQt":100.00,"FPz":732,"FPzD": -6.51,"FPr":12.13,"FM":3234.19,"MFt":17192.940,"MFtD":12.77,"MQt":100.00,"MPz":1224.2268,"MPzD": 8.80,"MPr":14.04,"MM":4044.4305,"CFt":24402.980,"CFtD":11.45,"CQt":100.00,"CPz":1721.0000,"CPzD": 8.25,"CPr":14.18,"CM":5636.7135},{"H":"cod.meGCGAINF","Hid":13,"FFt":1136.08,"FFtD":-65.02,"FQt": 12.79,"FPz":108,"FPzD":-46.00,"FPr":10.52,"FM": 142.01,"MFt": 6007.796,"MFtD":-0.62,"MQt": 34.94,"MPz": 551.8969,"MPzD": 3.95,"MPr":10.89,"MM": 909.1242,"CFt": 8787.527,"CFtD":-2.21,"CQt": 36.01,"CPz": 784.7755,"CPzD": 1.84,"CPr":11.20,"CM":1319.0957},{"H":"cod.meGCGANCL","Hid":35,"FFt":7250.47,"FFtD": 14.47,"FQt": 81.63,"FPz":539,"FPzD": 28.95,"FPr":13.45,"FM":2913.58,"MFt": 9588.625,"MFtD":24.23,"MQt": 55.77,"MPz": 345.5773,"MPzD":22.15,"MPr":27.75,"MM":2675.7252,"CFt":13453.503,"CFtD":23.98,"CQt": 55.13,"CPz": 492.6531,"CPzD":27.50,"CPr":27.31,"CM":3710.8649},{"H":"cod.meGCGAOUT","Hid":46,"FFt": 496.09,"FFtD":-46.10,"FQt":  5.58,"FPz": 85,"FPzD":-48.48,"FPr": 5.84,"FM": 178.60,"MFt": 1596.519,"MFtD": 7.65,"MQt":  9.29,"MPz": 326.7526,"MPzD": 4.93,"MPr": 4.89,"MM": 459.5811,"CFt": 2161.950,"CFtD": 5.04,"CQt":  8.86,"CPz": 443.5714,"CPzD": 2.48,"CPr": 4.87,"CM": 606.7529}]}
,{
"PD":"YTD"
,"TF":[
{"name":"cod.meGCGANCL","value":7250.47},
{"name":"cod.meGCGAINF","value":1136.08},
{"name":"cod.meGCGAOUT","value":496.09}]
,"TM":[
{"name":"cod.meGCGANCL","value":9588.62453608247},
{"name":"cod.meGCGAINF","value":6007.79639175257},
{"name":"cod.meGCGAOUT","value":1596.51917525773}]
,"TC":[
{"name":"cod.meGCGANCL","value":13453.5028571429},
{"name":"cod.meGCGAINF","value":8787.52673469388},
{"name":"cod.meGCGAOUT","value":2161.95}]
,"DT":[{"H":"cod.meGCGA","Hid": 6,"FFt":8882.64,"FFtD":-15.42,"FQt":100.00,"FPz":732,"FPzD": -6.51,"FPr":12.13,"FM":3234.19,"MFt":17192.940,"MFtD":12.77,"MQt":100.00,"MPz":1224.2268,"MPzD": 8.80,"MPr":14.04,"MM":4044.4305,"CFt":24402.980,"CFtD":11.45,"CQt":100.00,"CPz":1721.0000,"CPzD": 8.25,"CPr":14.18,"CM":5636.7135},{"H":"cod.meGCGAINF","Hid":13,"FFt":1136.08,"FFtD":-65.02,"FQt": 12.79,"FPz":108,"FPzD":-46.00,"FPr":10.52,"FM": 142.01,"MFt": 6007.796,"MFtD":-0.62,"MQt": 34.94,"MPz": 551.8969,"MPzD": 3.95,"MPr":10.89,"MM": 909.1242,"CFt": 8787.527,"CFtD":-2.21,"CQt": 36.01,"CPz": 784.7755,"CPzD": 1.84,"CPr":11.20,"CM":1319.0957},{"H":"cod.meGCGANCL","Hid":35,"FFt":7250.47,"FFtD": 14.47,"FQt": 81.63,"FPz":539,"FPzD": 28.95,"FPr":13.45,"FM":2913.58,"MFt": 9588.625,"MFtD":24.23,"MQt": 55.77,"MPz": 345.5773,"MPzD":22.15,"MPr":27.75,"MM":2675.7252,"CFt":13453.503,"CFtD":23.98,"CQt": 55.13,"CPz": 492.6531,"CPzD":27.50,"CPr":27.31,"CM":3710.8649},{"H":"cod.meGCGAOUT","Hid":46,"FFt": 496.09,"FFtD":-46.10,"FQt":  5.58,"FPz": 85,"FPzD":-48.48,"FPr": 5.84,"FM": 178.60,"MFt": 1596.519,"MFtD": 7.65,"MQt":  9.29,"MPz": 326.7526,"MPzD": 4.93,"MPr": 4.89,"MM": 459.5811,"CFt": 2161.950,"CFtD": 5.04,"CQt":  8.86,"CPz": 443.5714,"CPzD": 2.48,"CPr": 4.87,"CM": 606.7529}]}
,{
"PD":"BIM"
,"TF":[
{"name":"cod.meGCGANCL","value":1188.9},
{"name":"cod.meGCGAINF","value":184.55},
{"name":"cod.meGCGAOUT","value":24.95}]
,"TM":[
{"name":"cod.meGCGANCL","value":1495.03865979381},
{"name":"cod.meGCGAINF","value":994.894948453607},
{"name":"cod.meGCGAOUT","value":210.850515463918}]
,"TC":[
{"name":"cod.meGCGANCL","value":2069.84653061224},
{"name":"cod.meGCGAINF","value":1410.47489795918},
{"name":"cod.meGCGAOUT","value":282.905510204082}]
,"DT":[{"H":"cod.meGCGA","Hid": 6,"FFt":1398.40,"FFtD": 44.80,"FQt":100.00,"FPz":111,"FPzD": 19.35,"FPr":12.60,"FM":555.03,"MFt":2700.7841,"MFtD":16.31,"MQt":100.00,"MPz":191.84536,"MPzD": 4.01,"MPr":14.08,"MM":639.03536,"CFt":3763.2269,"CFtD": 9.61,"CQt":100.00,"CPz":264.73469,"CPzD": 2.93,"CPr":14.22,"CM":885.23939},{"H":"cod.meGCGAINF","Hid":13,"FFt": 184.55,"FFtD": -1.02,"FQt": 13.20,"FPz": 15,"FPzD":-34.78,"FPr":12.30,"FM": 25.51,"MFt": 994.8949,"MFtD":-3.96,"MQt": 36.84,"MPz": 91.70103,"MPzD":-3.69,"MPr":10.85,"MM":148.46330,"CFt":1410.4749,"CFtD":-8.36,"CQt": 37.48,"CPz":125.28571,"CPzD":-7.53,"CPr":11.26,"CM":210.41571},{"H":"cod.meGCGANCL","Hid":35,"FFt":1188.90,"FFtD": 72.14,"FQt": 85.02,"FPz": 87,"FPzD": 81.25,"FPr":13.67,"FM":520.93,"MFt":1495.0387,"MFtD":40.01,"MQt": 55.36,"MPz": 59.78351,"MPzD":27.62,"MPr":25.01,"MM":430.50938,"CFt":2069.8465,"CFtD":30.75,"CQt": 55.00,"CPz": 85.26531,"CPzD":35.39,"CPr":24.28,"CM":595.62673},{"H":"cod.meGCGAOUT","Hid":46,"FFt":  24.95,"FFtD":-71.86,"FQt":  1.78,"FPz":  9,"FPzD":-59.09,"FPr": 2.77,"FM":  8.59,"MFt": 210.8505,"MFtD":-3.42,"MQt":  7.81,"MPz": 40.36082,"MPzD":-4.77,"MPr": 5.22,"MM": 60.06268,"CFt": 282.9055,"CFtD":-9.06,"CQt":  7.52,"CPz": 54.18367,"CPzD":-7.75,"CPr": 5.22,"CM": 79.19694}]}
,{
"PD":"UM"
,"TF":[
{"name":"cod.meGCGANCL","value":677.6},
{"name":"cod.meGCGAINF","value":107.15},
{"name":"cod.meGCGAOUT","value":17.15}]
,"TM":[
{"name":"cod.meGCGANCL","value":795.445979381444},
{"name":"cod.meGCGAINF","value":526.000206185567},
{"name":"cod.meGCGAOUT","value":100.582164948454}]
,"TC":[
{"name":"cod.meGCGANCL","value":1006.38},
{"name":"cod.meGCGAINF","value":738.328367346939},
{"name":"cod.meGCGAOUT","value":129.756530612245}]
,"DT":[{"H":"cod.meGCGA","Hid": 6,"FFt":801.90,"FFtD": 66.07,"FQt":100.00,"FPz":60,"FPzD": 20.00,"FPr":13.37,"FM":338.16,"MFt":1422.0284,"MFtD":20.60,"MQt":100.00,"MPz":95.97938,"MPzD": 2.56,"MPr":14.82,"MM":322.9851,"CFt":1874.4649,"CFtD": 11.30,"CQt":100.00,"CPz":130.10204,"CPzD":  0.69,"CPr":14.41,"CM":415.96020},{"H":"cod.meGCGAINF","Hid":13,"FFt":107.15,"FFtD":-14.96,"FQt": 13.36,"FPz": 7,"FPzD":-53.33,"FPr":15.31,"FM": 15.05,"MFt": 526.0002,"MFtD":-2.72,"MQt": 36.99,"MPz":47.17526,"MPzD":-4.98,"MPr":11.15,"MM": 79.1600,"CFt": 738.3284,"CFtD": -7.08,"CQt": 39.39,"CPz": 63.83673,"CPzD": -8.91,"CPr":11.57,"CM":111.14327},{"H":"cod.meGCGANCL","Hid":35,"FFt":677.60,"FFtD":106.71,"FQt": 84.50,"FPz":49,"FPzD":113.04,"FPr":13.83,"FM":317.05,"MFt": 795.4460,"MFtD":48.86,"MQt": 55.94,"MPz":29.71134,"MPzD":24.87,"MPr":26.77,"MM":215.1285,"CFt":1006.3800,"CFtD": 35.04,"CQt": 53.69,"CPz": 41.89796,"CPzD": 33.83,"CPr":24.02,"CM":268.50327},{"H":"cod.meGCGAOUT","Hid":46,"FFt": 17.15,"FFtD":-40.98,"FQt":  2.14,"FPz": 4,"FPzD":-66.67,"FPr": 4.29,"FM":  6.06,"MFt": 100.5822,"MFtD":-3.42,"MQt":  7.07,"MPz":19.09278,"MPzD":-5.22,"MPr": 5.27,"MM": 28.6966,"CFt": 129.7565,"CFtD":-10.08,"CQt":  6.92,"CPz": 24.36735,"CPzD":-12.40,"CPr": 5.33,"CM": 36.31367}]}]}