{
 "TIT":"cod.meGCSA","ISF2V":[{"min": 3980, "max": 16880}]
,"ISP2V":[{"min": 3980, "max":16880 }]   
,"ISF2":[{"name": "lb.l0006","series": [{ "name":"lb.l0052","value":7219.15 },{ "name":"lb.l0053","value":5694.92 },{ "name":"lb.l0054","value":6973.2 },{ "name":"lb.l0055","value":5740.58 },{ "name":"lb.l0056","value":7695.68 },{ "name":"lb.l0057","value":9474.02 },{ "name":"lb.l0058","value":10446.31 },{ "name":"lb.l0059","value":6268.23 },{ "name":"lb.l0060","value":7670.36 },{ "name":"lb.l0061","value":9213.03 },{ "name":"lb.l0062","value":6605.71 },{ "name":"lb.l0063","value":9247.28 }]}
,{"name": "lb.l0007","series": [{ "name":"lb.l0052","value":7039.1381443299 },{ "name":"lb.l0053","value":6054.5981443299 },{ "name":"lb.l0054","value":6749.31164948454 },{ "name":"lb.l0055","value":6874.97185567011 },{ "name":"lb.l0056","value":7104.5081443299 },{ "name":"lb.l0057","value":7506.72927835052 },{ "name":"lb.l0058","value":9791.91237113402 },{ "name":"lb.l0059","value":8301.81969072165 },{ "name":"lb.l0060","value":7276.91226804124 },{ "name":"lb.l0061","value":7136.01175257732 },{ "name":"lb.l0062","value":7637.26536082474 },{ "name":"lb.l0063","value":12329.0288659794 }]}
,{"name": "lb.l0008","series": [{ "name":"lb.l0052","value":9435.50326530612 },{ "name":"lb.l0053","value":8362.1424489796 },{ "name":"lb.l0054","value":9140.34673469388 },{ "name":"lb.l0055","value":9421.74102040816 },{ "name":"lb.l0056","value":9799.2706122449 },{ "name":"lb.l0057","value":10313.8059183673 },{ "name":"lb.l0058","value":13375.412244898 },{ "name":"lb.l0059","value":11009.256122449 },{ "name":"lb.l0060","value":9683.28530612245 },{ "name":"lb.l0061","value":9634.1512244898 },{ "name":"lb.l0062","value":10301.7863265306 },{ "name":"lb.l0063","value":16873.5118367347 }]}] ,"ISF1":[ 
{"name": "lb.l0040","series": [{"name":"2021","value":7219.15},{"name":"2020","value":5289.41}]},
{"name": "lb.l0041","series": [{"name":"2021","value":12914.07},{"name":"2020","value":13711.05}]},
{"name": "lb.l0042","series": [{"name":"2021","value":19887.27},{"name":"2020","value":22266.05}]},
{"name": "lb.l0043","series": [{"name":"2021","value":25627.85},{"name":"2020","value":29569.53}]},
{"name": "lb.l0044","series": [{"name":"2021","value":33323.53},{"name":"2020","value":35455.05}]},
{"name": "lb.l0045","series": [{"name":"2021","value":42797.55},{"name":"2020","value":41775.53}]},
{"name": "lb.l0046","series": [{"name":"2021","value":53243.86},{"name":"2020","value":47774.17}]},
{"name": "lb.l0047","series": [{"name":"2021","value":59512.09},{"name":"2020","value":52645.06}]},
{"name": "lb.l0048","series": [{"name":"2021","value":67182.45},{"name":"2020","value":58310.09}]},
{"name": "lb.l0049","series": [{"name":"2021","value":76395.48},{"name":"2020","value":63676.11}]},
{"name": "lb.l0050","series": [{"name":"2021","value":83001.19},{"name":"2020","value":69565.83}]},
{"name": "lb.l0051","series": [{"name":"2021","value":92248.47},{"name":"2020","value":74906.6}]}],"DTP":[
{
"PD":"MAT"
,"TF":[
{"name":"cod.meGCSADIA","value":52588.98},
{"name":"cod.meGCSAOUT","value":18293.45},
{"name":"cod.meGCSAINM","value":10670.92},
{"name":"cod.meGCSASEX","value":4341.13},
{"name":"cod.meGCSAORT","value":2922.12},
{"name":"cod.meGCSAPUE","value":1671.54},
{"name":"cod.meGCSAMEI","value":975.81},
{"name":"cod.meGCSAOTI","value":605.61},
{"name":"cod.meGCSACAL","value":178.91}]
,"TM":[
{"name":"cod.meGCSADIA","value":51361.100927835},
{"name":"cod.meGCSAOUT","value":17361.4572164948},
{"name":"cod.meGCSAINM","value":8371.18288659793},
{"name":"cod.meGCSAPUE","value":5512.67577319587},
{"name":"cod.meGCSASEX","value":4776.40556701031},
{"name":"cod.meGCSAORT","value":3195.71958762887},
{"name":"cod.meGCSAMEI","value":1603.12597938144},
{"name":"cod.meGCSAOTI","value":866.417216494844},
{"name":"cod.meGCSACAL","value":754.122371134021}]
,"TC":[
{"name":"cod.meGCSADIA","value":69753.4044897959},
{"name":"cod.meGCSAOUT","value":23089.5873469388},
{"name":"cod.meGCSAINM","value":11713.8602040816},
{"name":"cod.meGCSAPUE","value":7796.86265306123},
{"name":"cod.meGCSASEX","value":6574.69040816327},
{"name":"cod.meGCSAORT","value":4199.55469387755},
{"name":"cod.meGCSAMEI","value":2134.65387755102},
{"name":"cod.meGCSAOTI","value":1151.10469387755},
{"name":"cod.meGCSACAL","value":936.494693877552}]
,"DT":[{"H":"cod.meGCSA","Hid": 9,"FFt":92248.47,"FFtD": 23.15,"FQt":100.00,"FPz":8533,"FPzD":  7.64,"FPr":10.81,"FM":19883.09,"MFt":93802.2075,"MFtD": 16.25,"MQt":100.00,"MPz":10545.74227,"MPzD": 29.78,"MPr": 8.89,"MM":19421.5777,"CFt":127350.2131,"CFtD": 15.66,"CQt":100.00,"CPz":14277.14286,"CPzD": 31.03,"CPr": 8.92,"CM":26212.7469},{"H":"cod.meGCSACAL","Hid":15,"FFt":  178.91,"FFtD":-43.61,"FQt":  0.19,"FPz":  11,"FPzD":-35.29,"FPr":16.26,"FM":   60.88,"MFt":  754.1224,"MFtD": -9.08,"MQt":  0.80,"MPz":   28.91753,"MPzD":  5.89,"MPr":26.08,"MM":  233.7482,"CFt":   936.4947,"CFtD": -7.70,"CQt":  0.74,"CPz":   36.38776,"CPzD":  4.70,"CPr":25.74,"CM":  298.7090},{"H":"cod.meGCSADIA","Hid":17,"FFt":52588.98,"FFtD": 30.42,"FQt": 57.01,"FPz":3507,"FPzD":129.22,"FPr":15.00,"FM": 7922.26,"MFt":51361.1009,"MFtD": 34.87,"MQt": 54.75,"MPz": 4695.11340,"MPzD":185.93,"MPr":10.94,"MM": 6511.4913,"CFt": 69753.4045,"CFtD": 34.76,"CQt": 54.77,"CPz": 6403.89796,"CPzD":189.75,"CPr":10.89,"CM": 8774.1263},{"H":"cod.meGCSAINM","Hid":29,"FFt":10670.92,"FFtD":-10.10,"FQt": 11.57,"FPz":2271,"FPzD":-27.35,"FPr": 4.70,"FM": 2139.47,"MFt": 8371.1829,"MFtD":-16.51,"MQt":  8.92,"MPz": 2261.54639,"MPzD":-19.56,"MPr": 3.70,"MM": 1665.3851,"CFt": 11713.8602,"CFtD":-16.02,"CQt":  9.20,"CPz": 3018.85714,"CPzD":-18.46,"CPr": 3.88,"CM": 2313.0043},{"H":"cod.meGCSAMEI","Hid":30,"FFt":  975.81,"FFtD": 75.99,"FQt":  1.06,"FPz":  58,"FPzD":222.22,"FPr":16.82,"FM":  192.74,"MFt": 1603.1260,"MFtD": 10.23,"MQt":  1.71,"MPz":   52.05155,"MPzD": 13.90,"MPr":30.80,"MM":  520.7713,"CFt":  2134.6539,"CFtD":  5.80,"CQt":  1.68,"CPz":   70.79592,"CPzD": 11.58,"CPr":30.15,"CM":  703.3800},{"H":"cod.meGCSAOTI","Hid":36,"FFt":  605.61,"FFtD":  3.03,"FQt":  0.66,"FPz":  47,"FPzD":  0.00,"FPr":12.89,"FM":  226.84,"MFt":  866.4172,"MFtD": 23.64,"MQt":  0.92,"MPz":   79.90722,"MPzD": 24.83,"MPr":10.84,"MM":  292.2162,"CFt":  1151.1047,"CFtD": 14.69,"CQt":  0.90,"CPz":  104.18367,"CPzD": 16.93,"CPr":11.05,"CM":  384.7633},{"H":"cod.meGCSAORT","Hid":37,"FFt": 2922.12,"FFtD": 33.99,"FQt":  3.17,"FPz": 185,"FPzD": 22.52,"FPr":15.80,"FM": 1146.51,"MFt": 3195.7196,"MFtD": 20.23,"MQt":  3.41,"MPz":  253.41237,"MPzD": 17.29,"MPr":12.61,"MM": 1083.4656,"CFt":  4199.5547,"CFtD": 17.24,"CQt":  3.30,"CPz":  326.44898,"CPzD": 12.10,"CPr":12.86,"CM": 1424.3951},{"H":"cod.meGCSAPUE","Hid":39,"FFt": 1671.54,"FFtD":-22.07,"FQt":  1.81,"FPz": 145,"FPzD":  2.84,"FPr":11.53,"FM":  696.35,"MFt": 5512.6758,"MFtD":  0.82,"MQt":  5.88,"MPz":  435.81443,"MPzD": -2.14,"MPr":12.65,"MM": 1687.6819,"CFt":  7796.8627,"CFtD":  0.10,"CQt":  6.12,"CPz":  613.55102,"CPzD": -2.69,"CPr":12.71,"CM": 2400.3104},{"H":"cod.meGCSASEX","Hid":41,"FFt": 4341.13,"FFtD":  8.10,"FQt":  4.71,"FPz": 318,"FPzD":  7.07,"FPr":13.65,"FM": 1888.80,"MFt": 4776.4056,"MFtD":  7.34,"MQt":  5.09,"MPz":  432.23711,"MPzD":  7.07,"MPr":11.05,"MM": 2318.0892,"CFt":  6574.6904,"CFtD":  5.46,"CQt":  5.16,"CPz":  585.24490,"CPzD":  5.87,"CPr":11.23,"CM": 3183.7737},{"H":"cod.meGCSAOUT","Hid":47,"FFt":18293.45,"FFtD": 41.66,"FQt": 19.83,"FPz":1991,"FPzD":-23.42,"FPr": 9.19,"FM": 5609.24,"MFt":17361.4572,"MFtD":  2.02,"MQt": 18.51,"MPz": 2306.74227,"MPzD": -6.62,"MPr": 7.53,"MM": 5108.7290,"CFt": 23089.5873,"CFtD":  1.45,"CQt": 18.13,"CPz": 3117.77551,"CPzD": -6.14,"CPr": 7.41,"CM": 6730.2849}]}
,{
"PD":"YTD"
,"TF":[
{"name":"cod.meGCSADIA","value":52588.98},
{"name":"cod.meGCSAOUT","value":18293.45},
{"name":"cod.meGCSAINM","value":10670.92},
{"name":"cod.meGCSASEX","value":4341.13},
{"name":"cod.meGCSAORT","value":2922.12},
{"name":"cod.meGCSAPUE","value":1671.54},
{"name":"cod.meGCSAMEI","value":975.81},
{"name":"cod.meGCSAOTI","value":605.61},
{"name":"cod.meGCSACAL","value":178.91}]
,"TM":[
{"name":"cod.meGCSADIA","value":51361.100927835},
{"name":"cod.meGCSAOUT","value":17361.4572164948},
{"name":"cod.meGCSAINM","value":8371.18288659793},
{"name":"cod.meGCSAPUE","value":5512.67577319587},
{"name":"cod.meGCSASEX","value":4776.40556701031},
{"name":"cod.meGCSAORT","value":3195.71958762887},
{"name":"cod.meGCSAMEI","value":1603.12597938144},
{"name":"cod.meGCSAOTI","value":866.417216494844},
{"name":"cod.meGCSACAL","value":754.122371134021}]
,"TC":[
{"name":"cod.meGCSADIA","value":69753.4044897959},
{"name":"cod.meGCSAOUT","value":23089.5873469388},
{"name":"cod.meGCSAINM","value":11713.8602040816},
{"name":"cod.meGCSAPUE","value":7796.86265306123},
{"name":"cod.meGCSASEX","value":6574.69040816327},
{"name":"cod.meGCSAORT","value":4199.55469387755},
{"name":"cod.meGCSAMEI","value":2134.65387755102},
{"name":"cod.meGCSAOTI","value":1151.10469387755},
{"name":"cod.meGCSACAL","value":936.494693877552}]
,"DT":[{"H":"cod.meGCSA","Hid": 9,"FFt":92248.47,"FFtD": 23.15,"FQt":100.00,"FPz":8533,"FPzD":  7.64,"FPr":10.81,"FM":19883.09,"MFt":93802.2075,"MFtD": 16.25,"MQt":100.00,"MPz":10545.74227,"MPzD": 29.78,"MPr": 8.89,"MM":19421.5777,"CFt":127350.2131,"CFtD": 15.66,"CQt":100.00,"CPz":14277.14286,"CPzD": 31.03,"CPr": 8.92,"CM":26212.7469},{"H":"cod.meGCSACAL","Hid":15,"FFt":  178.91,"FFtD":-43.61,"FQt":  0.19,"FPz":  11,"FPzD":-35.29,"FPr":16.26,"FM":   60.88,"MFt":  754.1224,"MFtD": -9.08,"MQt":  0.80,"MPz":   28.91753,"MPzD":  5.89,"MPr":26.08,"MM":  233.7482,"CFt":   936.4947,"CFtD": -7.70,"CQt":  0.74,"CPz":   36.38776,"CPzD":  4.70,"CPr":25.74,"CM":  298.7090},{"H":"cod.meGCSADIA","Hid":17,"FFt":52588.98,"FFtD": 30.42,"FQt": 57.01,"FPz":3507,"FPzD":129.22,"FPr":15.00,"FM": 7922.26,"MFt":51361.1009,"MFtD": 34.87,"MQt": 54.75,"MPz": 4695.11340,"MPzD":185.93,"MPr":10.94,"MM": 6511.4913,"CFt": 69753.4045,"CFtD": 34.76,"CQt": 54.77,"CPz": 6403.89796,"CPzD":189.75,"CPr":10.89,"CM": 8774.1263},{"H":"cod.meGCSAINM","Hid":29,"FFt":10670.92,"FFtD":-10.10,"FQt": 11.57,"FPz":2271,"FPzD":-27.35,"FPr": 4.70,"FM": 2139.47,"MFt": 8371.1829,"MFtD":-16.51,"MQt":  8.92,"MPz": 2261.54639,"MPzD":-19.56,"MPr": 3.70,"MM": 1665.3851,"CFt": 11713.8602,"CFtD":-16.02,"CQt":  9.20,"CPz": 3018.85714,"CPzD":-18.46,"CPr": 3.88,"CM": 2313.0043},{"H":"cod.meGCSAMEI","Hid":30,"FFt":  975.81,"FFtD": 75.99,"FQt":  1.06,"FPz":  58,"FPzD":222.22,"FPr":16.82,"FM":  192.74,"MFt": 1603.1260,"MFtD": 10.23,"MQt":  1.71,"MPz":   52.05155,"MPzD": 13.90,"MPr":30.80,"MM":  520.7713,"CFt":  2134.6539,"CFtD":  5.80,"CQt":  1.68,"CPz":   70.79592,"CPzD": 11.58,"CPr":30.15,"CM":  703.3800},{"H":"cod.meGCSAOTI","Hid":36,"FFt":  605.61,"FFtD":  3.03,"FQt":  0.66,"FPz":  47,"FPzD":  0.00,"FPr":12.89,"FM":  226.84,"MFt":  866.4172,"MFtD": 23.64,"MQt":  0.92,"MPz":   79.90722,"MPzD": 24.83,"MPr":10.84,"MM":  292.2162,"CFt":  1151.1047,"CFtD": 14.69,"CQt":  0.90,"CPz":  104.18367,"CPzD": 16.93,"CPr":11.05,"CM":  384.7633},{"H":"cod.meGCSAORT","Hid":37,"FFt": 2922.12,"FFtD": 33.99,"FQt":  3.17,"FPz": 185,"FPzD": 22.52,"FPr":15.80,"FM": 1146.51,"MFt": 3195.7196,"MFtD": 20.23,"MQt":  3.41,"MPz":  253.41237,"MPzD": 17.29,"MPr":12.61,"MM": 1083.4656,"CFt":  4199.5547,"CFtD": 17.24,"CQt":  3.30,"CPz":  326.44898,"CPzD": 12.10,"CPr":12.86,"CM": 1424.3951},{"H":"cod.meGCSAPUE","Hid":39,"FFt": 1671.54,"FFtD":-22.07,"FQt":  1.81,"FPz": 145,"FPzD":  2.84,"FPr":11.53,"FM":  696.35,"MFt": 5512.6758,"MFtD":  0.82,"MQt":  5.88,"MPz":  435.81443,"MPzD": -2.14,"MPr":12.65,"MM": 1687.6819,"CFt":  7796.8627,"CFtD":  0.10,"CQt":  6.12,"CPz":  613.55102,"CPzD": -2.69,"CPr":12.71,"CM": 2400.3104},{"H":"cod.meGCSASEX","Hid":41,"FFt": 4341.13,"FFtD":  8.10,"FQt":  4.71,"FPz": 318,"FPzD":  7.07,"FPr":13.65,"FM": 1888.80,"MFt": 4776.4056,"MFtD":  7.34,"MQt":  5.09,"MPz":  432.23711,"MPzD":  7.07,"MPr":11.05,"MM": 2318.0892,"CFt":  6574.6904,"CFtD":  5.46,"CQt":  5.16,"CPz":  585.24490,"CPzD":  5.87,"CPr":11.23,"CM": 3183.7737},{"H":"cod.meGCSAOUT","Hid":47,"FFt":18293.45,"FFtD": 41.66,"FQt": 19.83,"FPz":1991,"FPzD":-23.42,"FPr": 9.19,"FM": 5609.24,"MFt":17361.4572,"MFtD":  2.02,"MQt": 18.51,"MPz": 2306.74227,"MPzD": -6.62,"MPr": 7.53,"MM": 5108.7290,"CFt": 23089.5873,"CFtD":  1.45,"CQt": 18.13,"CPz": 3117.77551,"CPzD": -6.14,"CPr": 7.41,"CM": 6730.2849}]}
,{
"PD":"BIM"
,"TF":[
{"name":"cod.meGCSADIA","value":7864.24},
{"name":"cod.meGCSAOUT","value":3769.41},
{"name":"cod.meGCSAINM","value":1933.9},
{"name":"cod.meGCSASEX","value":888.41},
{"name":"cod.meGCSAORT","value":570.97},
{"name":"cod.meGCSAMEI","value":469.03},
{"name":"cod.meGCSAPUE","value":183.83},
{"name":"cod.meGCSAOTI","value":135.4},
{"name":"cod.meGCSACAL","value":37.8}]
,"TM":[
{"name":"cod.meGCSADIA","value":13016.610927835},
{"name":"cod.meGCSAOUT","value":2748.81340206185},
{"name":"cod.meGCSAINM","value":1503.48824742268},
{"name":"cod.meGCSAPUE","value":907.192371134021},
{"name":"cod.meGCSASEX","value":818.720103092783},
{"name":"cod.meGCSAORT","value":499.711546391752},
{"name":"cod.meGCSAMEI","value":270.599587628866},
{"name":"cod.meGCSAOTI","value":107.200412371134},
{"name":"cod.meGCSACAL","value":93.9576288659794}]
,"TC":[
{"name":"cod.meGCSADIA","value":17748.6042857143},
{"name":"cod.meGCSAOUT","value":3634.51734693878},
{"name":"cod.meGCSAINM","value":2103.14346938775},
{"name":"cod.meGCSAPUE","value":1252.18204081633},
{"name":"cod.meGCSASEX","value":1131.2393877551},
{"name":"cod.meGCSAORT","value":661.221632653061},
{"name":"cod.meGCSAMEI","value":379.074897959183},
{"name":"cod.meGCSAOTI","value":137.336530612245},
{"name":"cod.meGCSACAL","value":127.978571428571}]
,"DT":[{"H":"cod.meGCSA","Hid": 9,"FFt":15852.99,"FFtD":  41.16,"FQt":100.00,"FPz":1718,"FPzD":  76.02,"FPr": 9.23,"FM":3359.89,"MFt":19966.29423,"MFtD": 52.41,"MQt":100.00,"MPz":2887.907216,"MPzD":139.17,"MPr": 6.91,"MM":4117.06526,"CFt":27175.2982,"CFtD": 51.91,"CQt":100.00,"CPz":3954.265306,"CPzD":142.61,"CPr": 6.87,"CM":5554.71061},{"H":"cod.meGCSACAL","Hid":15,"FFt":   37.80,"FFtD": -60.99,"FQt":  0.24,"FPz":   2,"FPzD": -60.00,"FPr":18.90,"FM":  14.66,"MFt":   93.95763,"MFtD":-20.91,"MQt":  0.47,"MPz":   3.876289,"MPzD": -3.84,"MPr":24.24,"MM":  29.21711,"CFt":  127.9786,"CFtD":-23.79,"CQt":  0.47,"CPz":   5.020408,"CPzD": -9.89,"CPr":25.49,"CM":  40.05633},{"H":"cod.meGCSADIA","Hid":17,"FFt": 7864.24,"FFtD":  18.54,"FQt": 49.61,"FPz": 883,"FPzD": 272.57,"FPr": 8.91,"FM":1080.84,"MFt":13016.61093,"MFtD":104.49,"MQt": 65.19,"MPz":1949.278351,"MPzD":649.66,"MPr": 6.68,"MM":1971.18876,"CFt":17748.6043,"CFtD":106.37,"CQt": 65.31,"CPz":2700.816327,"CPzD":667.59,"CPr": 6.57,"CM":2645.40857},{"H":"cod.meGCSAINM","Hid":29,"FFt": 1933.90,"FFtD":   9.20,"FQt": 12.20,"FPz": 342,"FPzD":  -8.80,"FPr": 5.65,"FM": 455.92,"MFt": 1503.48825,"MFtD": 12.67,"MQt":  7.53,"MPz": 366.329897,"MPzD": -3.06,"MPr": 4.10,"MM": 311.03732,"CFt": 2103.1435,"CFtD": 15.08,"CQt":  7.74,"CPz": 481.265306,"CPzD": -4.93,"CPr": 4.37,"CM": 427.19673},{"H":"cod.meGCSAMEI","Hid":30,"FFt":  469.03,"FFtD":1043.98,"FQt":  2.96,"FPz":  39,"FPzD":3800.00,"FPr":12.03,"FM":  13.17,"MFt":  270.59959,"MFtD":  2.65,"MQt":  1.36,"MPz":   9.577320,"MPzD": 12.47,"MPr":28.25,"MM":  84.84969,"CFt":  379.0749,"CFtD":  2.13,"CQt":  1.39,"CPz":  13.510204,"CPzD": 10.52,"CPr":28.06,"CM": 118.58265},{"H":"cod.meGCSAOTI","Hid":36,"FFt":  135.40,"FFtD":  60.81,"FQt":  0.85,"FPz":  10,"FPzD":  42.86,"FPr":13.54,"FM":  52.58,"MFt":  107.20041,"MFtD":-44.19,"MQt":  0.54,"MPz":  11.072165,"MPzD":-37.88,"MPr": 9.68,"MM":  37.08433,"CFt":  137.3365,"CFtD":-50.69,"CQt":  0.51,"CPz":  14.734694,"CPzD":-41.68,"CPr": 9.32,"CM":  48.19224},{"H":"cod.meGCSAORT","Hid":37,"FFt":  570.97,"FFtD":  78.43,"FQt":  3.60,"FPz":  37,"FPzD": 131.25,"FPr":15.43,"FM": 240.34,"MFt":  499.71155,"MFtD": 22.78,"MQt":  2.50,"MPz":  40.226804,"MPzD": 23.91,"MPr":12.42,"MM": 169.34454,"CFt":  661.2216,"CFtD": 20.02,"CQt":  2.43,"CPz":  50.734694,"CPzD": 18.55,"CPr":13.03,"CM": 226.57102},{"H":"cod.meGCSAPUE","Hid":39,"FFt":  183.83,"FFtD": -12.96,"FQt":  1.16,"FPz":  16,"FPzD":  -5.88,"FPr":11.49,"FM":  72.00,"MFt":  907.19237,"MFtD":-17.69,"MQt":  4.54,"MPz":  70.597938,"MPzD":-11.26,"MPr":12.85,"MM": 273.61711,"CFt": 1252.1820,"CFtD":-22.04,"CQt":  4.61,"CPz":  97.938776,"CPzD":-13.66,"CPr":12.79,"CM": 380.09837},{"H":"cod.meGCSASEX","Hid":41,"FFt":  888.41,"FFtD":  18.60,"FQt":  5.60,"FPz":  63,"FPzD":  14.55,"FPr":14.10,"FM": 389.40,"MFt":  818.72010,"MFtD": 11.14,"MQt":  4.10,"MPz":  73.659794,"MPzD": 10.86,"MPr":11.11,"MM": 403.51206,"CFt": 1131.2394,"CFtD": 10.40,"CQt":  4.16,"CPz":  99.489796,"CPzD": 11.91,"CPr":11.37,"CM": 558.89388},{"H":"cod.meGCSAOUT","Hid":47,"FFt": 3769.41,"FFtD": 184.91,"FQt": 23.78,"FPz": 326,"FPzD":  23.95,"FPr":11.56,"FM":1040.98,"MFt": 2748.81340,"MFtD":  6.55,"MQt": 13.77,"MPz": 363.288660,"MPzD":  0.71,"MPr": 7.57,"MM": 837.21433,"CFt": 3634.5173,"CFtD":  4.99,"CQt": 13.37,"CPz": 490.755102,"CPzD":  1.46,"CPr": 7.41,"CM":1109.71082}]}
,{
"PD":"UM"
,"TF":[
{"name":"cod.meGCSADIA","value":5169.57},
{"name":"cod.meGCSAOUT","value":1776.02},
{"name":"cod.meGCSAINM","value":1318.87},
{"name":"cod.meGCSASEX","value":336.1},
{"name":"cod.meGCSAMEI","value":293.3},
{"name":"cod.meGCSAORT","value":190.8},
{"name":"cod.meGCSAPUE","value":109.32},
{"name":"cod.meGCSAOTI","value":34.4},
{"name":"cod.meGCSACAL","value":18.9}]
,"TM":[
{"name":"cod.meGCSADIA","value":8825.40515463917},
{"name":"cod.meGCSAOUT","value":1360.79154639175},
{"name":"cod.meGCSAINM","value":747.306597938144},
{"name":"cod.meGCSAPUE","value":516.272680412371},
{"name":"cod.meGCSASEX","value":423.219587628866},
{"name":"cod.meGCSAORT","value":225.522783505155},
{"name":"cod.meGCSAMEI","value":130.966804123711},
{"name":"cod.meGCSAOTI","value":57.7611340206186},
{"name":"cod.meGCSACAL","value":41.7825773195876}]
,"TC":[
{"name":"cod.meGCSADIA","value":12128.6169387755},
{"name":"cod.meGCSAOUT","value":1833.79244897959},
{"name":"cod.meGCSAINM","value":1051.09530612245},
{"name":"cod.meGCSAPUE","value":688.410816326531},
{"name":"cod.meGCSASEX","value":584.638367346939},
{"name":"cod.meGCSAORT","value":289.846530612245},
{"name":"cod.meGCSAMEI","value":170.207142857143},
{"name":"cod.meGCSAOTI","value":72.8555102040816},
{"name":"cod.meGCSACAL","value":54.0487755102041}]
,"DT":[{"H":"cod.meGCSA","Hid": 9,"FFt":9247.28,"FFtD":73.15,"FQt":100,"FPz":1079,"FPzD":117.54,"FPr":8.57,"FM":1750.01,"MFt":12329.0288659794,"MFtD":85.7,"MQt":100,"MPz":1995.83505154629,"MPzD":219.99,"MPr":6.18,"MM":2529.65113402061,"CFt":16873.5118367347,"CFtD":85.93,"CQt":100,"CPz":2745.48979591847,"CPzD":222.16,"CPr":6.15,"CM":3412.32571428571},{"H":"cod.meGCSACAL","Hid":15,"FFt":  18.90,"FFtD":-67.13,"FQt":0.2,"FPz":1,"FPzD":-66.67,"FPr":18.9,"FM":7.33,"MFt":41.7825773195876,"MFtD":-23.07,"MQt":0.34,"MPz":1.78350515463917,"MPzD":-4.95,"MPr":23.43,"MM":12.9341237113402,"CFt":54.0487755102041,"CFtD":-27.49,"CQt":0.32,"CPz":2.22448979591837,"CPzD":-12.1,"CPr":24.3,"CM":17.409387755102},{"H":"cod.meGCSADIA","Hid":17,"FFt":5169.57,"FFtD":77.5,"FQt":55.9,"FPz":672,"FPzD":505.41,"FPr":7.69,"FM":662.61,"MFt":8825.40515463917,"MFtD":178.83,"MQt":71.58,"MPz":1531.35051546392,"MPzD":1098.49,"MPr":5.76,"MM":1455.8106185567,"CFt":12128.6169387755,"CFtD":183.44,"CQt":71.88,"CPz":2125.10204081633,"CPzD":1122.61,"CPr":5.71,"CM":1959.46265306122},{"H":"cod.meGCSAINM","Hid":29,"FFt":1318.87,"FFtD":38.14,"FQt":14.26,"FPz":187,"FPzD":10,"FPr":7.05,"FM":284.96,"MFt":747.306597938144,"MFtD":14.55,"MQt":6.06,"MPz":177.670103092784,"MPzD":-12.66,"MPr":4.21,"MM":155.675670103093,"CFt":1051.09530612245,"CFtD":19.17,"CQt":6.23,"CPz":233.122448979591,"CPzD":-16.6,"CPr":4.51,"CM":215.377959183673},{"H":"cod.meGCSAMEI","Hid":30,"FFt": 293.30,"FFtD":null,"FQt":3.17,"FPz":23,"FPzD":null,"FPr":12.75,"FM":20.26,"MFt":130.966804123711,"MFtD":-9.79,"MQt":1.06,"MPz":4.52577319587628,"MPzD":-5.39,"MPr":28.94,"MM":38.9469072164948,"CFt":170.207142857143,"CFtD":-17.89,"CQt":1.01,"CPz":5.91836734693875,"CPzD":-15.7,"CPr":28.76,"CM":51.8712244897959},{"H":"cod.meGCSAOTI","Hid":36,"FFt":  34.40,"FFtD":null,"FQt":0.37,"FPz":3,"FPzD":null,"FPr":11.47,"FM":12.34,"MFt":57.7611340206186,"MFtD":-41.43,"MQt":0.47,"MPz":6.17525773195876,"MPzD":-33.3,"MPr":9.35,"MM":20.5173195876289,"CFt":72.8555102040816,"CFtD":-47.76,"CQt":0.43,"CPz":8.0204081632653,"CPzD":-36.82,"CPr":9.08,"CM":26.8618367346939},{"H":"cod.meGCSAORT","Hid":37,"FFt": 190.80,"FFtD":-8.23,"FQt":2.06,"FPz":10,"FPzD":11.11,"FPr":19.08,"FM":77.43,"MFt":225.522783505155,"MFtD":9.25,"MQt":1.83,"MPz":18.2783505154639,"MPzD":15.96,"MPr":12.34,"MM":76.3661855670102,"CFt":289.846530612245,"CFtD":0.36,"CQt":1.72,"CPz":21.8571428571428,"CPzD":2.59,"CPr":13.26,"CM":100.184285714286},{"H":"cod.meGCSAPUE","Hid":39,"FFt": 109.32,"FFtD":1.13,"FQt":1.18,"FPz":9,"FPzD":0,"FPr":12.15,"FM":41.18,"MFt":516.272680412371,"MFtD":-18.21,"MQt":4.19,"MPz":39.5463917525776,"MPzD":-9.93,"MPr":13.05,"MM":152.861030927835,"CFt":688.410816326531,"CFtD":-24.26,"CQt":4.08,"CPz":53.7142857142859,"CPzD":-14.24,"CPr":12.82,"CM":205.076734693878},{"H":"cod.meGCSASEX","Hid":41,"FFt": 336.10,"FFtD":8.13,"FQt":3.63,"FPz":25,"FPzD":0,"FPr":13.44,"FM":164.29,"MFt":423.219587628866,"MFtD":10.42,"MQt":3.43,"MPz":37.5463917525774,"MPzD":9.9,"MPr":11.27,"MM":206.917319587629,"CFt":584.638367346939,"CFtD":10.37,"CQt":3.46,"CPz":51.1224489795918,"CPzD":11.48,"CPr":11.44,"CM":286.660408163265},{"H":"cod.meGCSAOUT","Hid":47,"FFt":1776.02,"FFtD":125.01,"FQt":19.21,"FPz":149,"FPzD":-11.83,"FPr":11.92,"FM":479.61,"MFt":1360.79154639175,"MFtD":4.47,"MQt":11.04,"MPz":178.9587628866,"MPzD":-2.09,"MPr":7.6,"MM":409.621958762887,"CFt":1833.79244897959,"CFtD":3.86,"CQt":10.87,"CPz":244.408163265305,"CPzD":-0.98,"CPr":7.5,"CM":549.421224489796}]}]}