{
 "TIT":"cod.me240","ISF2V":[{"min": 760, "max": 5060}],"ISP2V":[{"min": 760, "max":5060 }]   ,"ISF2":[{"name": "lb.l0006","series": [{ "name":"lb.l0052","value":4800.02 },{ "name":"lb.l0053","value":3230.58 },{ "name":"lb.l0054","value":3323.52 },{ "name":"lb.l0055","value":3179.92 },{ "name":"lb.l0056","value":5053.22 },{ "name":"lb.l0057","value":2618.61 },{ "name":"lb.l0058","value":2917.55 },{ "name":"lb.l0059","value":2142.8 },{ "name":"lb.l0060","value":2787.52 },{ "name":"lb.l0061","value":3340.95 },{ "name":"lb.l0062","value":4094.76 },{ "name":"lb.l0063","value":2709.6 }]},{"name": "lb.l0007","series": [{ "name":"lb.l0052","value":3229.93448648649 },{ "name":"lb.l0053","value":2944.11443243243 },{ "name":"lb.l0054","value":3423.1287027027 },{ "name":"lb.l0055","value":3383.62367567568 },{ "name":"lb.l0056","value":3479.50935135135 },{ "name":"lb.l0057","value":3202.1432972973 },{ "name":"lb.l0058","value":3390.58843243243 },{ "name":"lb.l0059","value":2674.13583783784 },{ "name":"lb.l0060","value":2667.38859459459 },{ "name":"lb.l0061","value":3135.50227027027 },{ "name":"lb.l0062","value":3303.62951351351 },{ "name":"lb.l0063","value":3145.69183783784 }]},{"name": "lb.l0008","series": [{ "name":"lb.l0052","value":1423.57472727273 },{ "name":"lb.l0053","value":1354.21454545455 },{ "name":"lb.l0054","value":1534.54 },{ "name":"lb.l0055","value":1476.58872727273 },{ "name":"lb.l0056","value":1528.32018181818 },{ "name":"lb.l0057","value":1439.06036363636 },{ "name":"lb.l0058","value":1425.15018181818 },{ "name":"lb.l0059","value":1092.75072727273 },{ "name":"lb.l0060","value":1115.90490909091 },{ "name":"lb.l0061","value":1265.126 },{ "name":"lb.l0062","value":1471.80236363636 },{ "name":"lb.l0063","value":1404.46254545455 }]}] ,"ISF1":[ {"name": "lb.l0040","series": [{"name":"2019","value":4800.02},{"name":"2018","value":3627.03}]},{"name": "lb.l0041","series": [{"name":"2019","value":8030.6},{"name":"2018","value":7538.7}]},{"name": "lb.l0042","series": [{"name":"2019","value":11354.12},{"name":"2018","value":11536.63}]},{"name": "lb.l0043","series": [{"name":"2019","value":14534.04},{"name":"2018","value":15120.83}]},{"name": "lb.l0044","series": [{"name":"2019","value":19587.26},{"name":"2018","value":17791.91}]},{"name": "lb.l0045","series": [{"name":"2019","value":22205.87},{"name":"2018","value":21199.64}]},{"name": "lb.l0046","series": [{"name":"2019","value":25123.42},{"name":"2018","value":24049.01}]},{"name": "lb.l0047","series": [{"name":"2019","value":27266.22},{"name":"2018","value":26437.57}]},{"name": "lb.l0048","series": [{"name":"2019","value":30053.74},{"name":"2018","value":28872.09}]},{"name": "lb.l0049","series": [{"name":"2019","value":33394.69},{"name":"2018","value":32271.12}]},{"name": "lb.l0050","series": [{"name":"2019","value":37489.45},{"name":"2018","value":35844.54}]},{"name": "lb.l0051","series": [{"name":"2019","value":40199.05},{"name":"2018","value":39302.87}]}],"DTP":[{"PD":"txt.tMAT","TF":[{"name": "cod.me240","value":40199.05}],"TM":[{"name": "cod.me240","value":37979.3904324324}],"TC":[{"name": "cod.me240","value":16531.4952727273}],"DT":[{"H": "cod.me240","FFt":40199.05,"FFtD":2.28,"FQt":100,"FPz":1383,"FPzD":-11.4,"FPr":29.07,"MFt":37979.39,"MFtD":1.59,"MQt":100,"MPz":1773,"MPzD":-0.43,"MPr":21.42,"CFt":16531.5,"CFtD":-2.49,"CQt":100,"CPz":834,"CPzD":-0.47,"CPr":19.83,"Hid":240}]},{"PD":"txt.tYTD","TF":[{"name": "cod.me240","value":40199.05}],"TM":[{"name": "cod.me240","value":37979.3904324324}],"TC":[{"name": "cod.me240","value":16531.4952727273}],"DT":[{"H": "cod.me240","FFt":40199.05,"FFtD":2.28,"FQt":100,"FPz":1383,"FPzD":-11.4,"FPr":29.07,"MFt":37979.39,"MFtD":1.59,"MQt":100,"MPz":1773,"MPzD":-0.43,"MPr":21.42,"CFt":16531.5,"CFtD":-2.49,"CQt":100,"CPz":834,"CPzD":-0.47,"CPr":19.83,"Hid":240}]},{"PD":"txt.tBIM","TF":[{"name": "cod.me240","value":6804.36}],"TM":[{"name": "cod.me240","value":6449.32135135135}],"TC":[{"name": "cod.me240","value":2876.26490909091}],"DT":[{"H": "cod.me240","FFt":6804.36,"FFtD":-3.23,"FQt":100,"FPz":238,"FPzD":-4.03,"FPr":28.59,"MFt":6449.321,"MFtD":-3.49,"MQt":100,"MPz":305,"MPzD":-1.8,"MPr":21.11,"CFt":2876.265,"CFtD":-4.54,"CQt":100,"CPz":157,"CPzD":9.17,"CPr":18.33,"Hid":240}]},{"PD":"txt.t12/12/2019","TF":[{"name": "cod.me240","value":2709.6}],"TM":[{"name": "cod.me240","value":3145.69183783784}],"TC":[{"name": "cod.me240","value":1404.46254545455}],"DT":[{"H": "cod.me240","FFt":2709.6,"FFtD":-21.65,"FQt":100,"FPz":101,"FPzD":-15.13,"FPr":26.83,"MFt":3145.692,"MFtD":-7.03,"MQt":100,"MPz":155,"MPzD":-2.72,"MPr":20.34,"CFt":1404.463,"CFtD":-9.05,"CQt":100,"CPz":85,"CPzD":14.37,"CPr":16.45,"Hid":240}]}]}