{
 "TIT":"cod.me305","ISF2V":[{"min": 1670, "max": 6290}],"ISP2V":[{"min": 1670, "max":6290 }]   ,"ISF2":[{"name": "lb.l0006","series": [{ "name":"lb.l0052","value":5825.18 },{ "name":"lb.l0053","value":5622.7 },{ "name":"lb.l0054","value":5710.57 },{ "name":"lb.l0055","value":6287.1 },{ "name":"lb.l0056","value":5561.93 },{ "name":"lb.l0057","value":4564.24 },{ "name":"lb.l0058","value":5093.45 },{ "name":"lb.l0059","value":3631.15 },{ "name":"lb.l0060","value":3970.46 },{ "name":"lb.l0061","value":6107.25 },{ "name":"lb.l0062","value":5457.56 },{ "name":"lb.l0063","value":4911.35 }]},{"name": "lb.l0007","series": [{ "name":"lb.l0052","value":5309.67502702703 },{ "name":"lb.l0053","value":4743.8587027027 },{ "name":"lb.l0054","value":5264.57805405405 },{ "name":"lb.l0055","value":5114.88027027027 },{ "name":"lb.l0056","value":5174.32810810811 },{ "name":"lb.l0057","value":5034.01027027027 },{ "name":"lb.l0058","value":5725.67778378378 },{ "name":"lb.l0059","value":5056.05351351351 },{ "name":"lb.l0060","value":5084.78556756757 },{ "name":"lb.l0061","value":5321.1512972973 },{ "name":"lb.l0062","value":5007.94486486486 },{ "name":"lb.l0063","value":4991.83486486487 }]},{"name": "lb.l0008","series": [{ "name":"lb.l0052","value":2745.24963636364 },{ "name":"lb.l0053","value":2491.33981818182 },{ "name":"lb.l0054","value":2719.90036363636 },{ "name":"lb.l0055","value":2689.42654545455 },{ "name":"lb.l0056","value":2736.56872727273 },{ "name":"lb.l0057","value":2632.68090909091 },{ "name":"lb.l0058","value":2865.14363636364 },{ "name":"lb.l0059","value":2399.49654545455 },{ "name":"lb.l0060","value":2611.69690909091 },{ "name":"lb.l0061","value":2826.44436363636 },{ "name":"lb.l0062","value":2605.79563636364 },{ "name":"lb.l0063","value":2561.02072727273 }]}] ,"ISF1":[ {"name": "lb.l0040","series": [{"name":"2019","value":5825.18},{"name":"2018","value":6177.87}]},{"name": "lb.l0041","series": [{"name":"2019","value":11447.88},{"name":"2018","value":12496.23}]},{"name": "lb.l0042","series": [{"name":"2019","value":17158.45},{"name":"2018","value":18799.96}]},{"name": "lb.l0043","series": [{"name":"2019","value":23445.55},{"name":"2018","value":24743.82}]},{"name": "lb.l0044","series": [{"name":"2019","value":29007.48},{"name":"2018","value":31090.08}]},{"name": "lb.l0045","series": [{"name":"2019","value":33571.72},{"name":"2018","value":37283.22}]},{"name": "lb.l0046","series": [{"name":"2019","value":38665.17},{"name":"2018","value":44688.34}]},{"name": "lb.l0047","series": [{"name":"2019","value":42296.32},{"name":"2018","value":50034.78}]},{"name": "lb.l0048","series": [{"name":"2019","value":46266.78},{"name":"2018","value":55466.69}]},{"name": "lb.l0049","series": [{"name":"2019","value":52374.03},{"name":"2018","value":61412.29}]},{"name": "lb.l0050","series": [{"name":"2019","value":57831.59},{"name":"2018","value":66971.59}]},{"name": "lb.l0051","series": [{"name":"2019","value":62742.94},{"name":"2018","value":72201.57}]}],"DTP":[{"PD":"txt.tMAT","TF":[{"name": "cod.me330","value":26602.7},{"name": "cod.me340","value":9995.13},{"name": "cod.me320","value":9413.91},{"name": "cod.me350","value":8510.15},{"name": "cod.me310","value":4683.24},{"name": "cod.me360","value":2621.06},{"name": "cod.me370","value":916.75}],"TM":[{"name": "cod.me330","value":28677.1892972973},{"name": "cod.me340","value":8374.56994594595},{"name": "cod.me320","value":8131.63297297297},{"name": "cod.me350","value":6685.06421621622},{"name": "cod.me360","value":4625.23940540541},{"name": "cod.me310","value":4474.774},{"name": "cod.me370","value":860.308486486486}],"TC":[{"name": "cod.me330","value":15428.6338181818},{"name": "cod.me340","value":4187.92818181818},{"name": "cod.me320","value":3975.374},{"name": "cod.me350","value":3522.38854545455},{"name": "cod.me310","value":2212.42727272727},{"name": "cod.me360","value":2121.82490909091},{"name": "cod.me370","value":436.187090909091}],"DT":[{"H": "cod.me305","FFt":62742.94,"FFtD":-13.10,"FQt":100.00,"FPz":6835,"FPzD":-10.23,"FPr": 9.18,"MFt":61828.7783,"MFtD": 0.24,"MQt":100.00,"MPz":7395,"MPzD":-0.70,"MPr": 8.36,"CFt":31884.7638,"CFtD":-0.52,"CQt":100.00,"CPz":3880,"CPzD":-1.29,"CPr": 8.22,"Hid":305},{"H": "cod.me320","FFt": 9413.91,"FFtD":-18.86,"FQt": 15.00,"FPz": 564,"FPzD":-10.76,"FPr":16.69,"MFt": 8131.6330,"MFtD":-2.88,"MQt": 13.15,"MPz": 540,"MPzD":-0.07,"MPr":15.05,"CFt": 3975.3740,"CFtD": 0.72,"CQt": 12.47,"CPz": 282,"CPzD":-0.13,"CPr":14.11,"Hid":320},{"H": "cod.me360","FFt": 2621.06,"FFtD":-39.72,"FQt":  4.18,"FPz": 233,"FPzD":-38.03,"FPr":11.25,"MFt": 4625.2394,"MFtD":-6.99,"MQt":  7.48,"MPz": 592,"MPzD":-6.09,"MPr": 7.82,"CFt": 2121.8249,"CFtD":-7.87,"CQt":  6.65,"CPz": 271,"CPzD":-4.74,"CPr": 7.82,"Hid":360},{"H": "cod.me350","FFt": 8510.15,"FFtD":-17.70,"FQt": 13.56,"FPz":1006,"FPzD":  2.55,"FPr": 8.46,"MFt": 6685.0642,"MFtD":-1.13,"MQt": 10.81,"MPz": 941,"MPzD": 1.55,"MPr": 7.11,"CFt": 3522.3885,"CFtD":-2.14,"CQt": 11.05,"CPz": 574,"CPzD": 3.65,"CPr": 6.14,"Hid":350},{"H": "cod.me340","FFt": 9995.13,"FFtD":-11.70,"FQt": 15.93,"FPz":1137,"FPzD": -9.19,"FPr": 8.79,"MFt": 8374.5699,"MFtD": 2.21,"MQt": 13.54,"MPz": 940,"MPzD":-1.17,"MPr": 8.91,"CFt": 4187.9282,"CFtD": 0.37,"CQt": 13.13,"CPz": 484,"CPzD":-1.88,"CPr": 8.65,"Hid":340},{"H": "cod.me330","FFt":26602.70,"FFtD":-11.57,"FQt": 42.40,"FPz":3157,"FPzD":-13.05,"FPr": 8.43,"MFt":28677.1893,"MFtD": 1.41,"MQt": 46.38,"MPz":3728,"MPzD":-0.51,"MPr": 7.69,"CFt":15428.6338,"CFtD": 0.24,"CQt": 48.39,"CPz":1953,"CPzD":-2.11,"CPr": 7.90,"Hid":330},{"H": "cod.me370","FFt":  916.75,"FFtD":-12.43,"FQt":  1.46,"FPz": 263,"FPzD":-33.59,"FPr": 3.49,"MFt":  860.3085,"MFtD": 4.13,"MQt":  1.39,"MPz": 185,"MPzD":-4.85,"MPr": 4.64,"CFt":  436.1871,"CFtD": 0.16,"CQt":  1.37,"CPz":  78,"CPzD":-4.39,"CPr": 5.62,"Hid":370},{"H": "cod.me310","FFt": 4683.24,"FFtD": 35.35,"FQt":  7.46,"FPz": 475,"FPzD": 37.28,"FPr": 9.86,"MFt": 4474.7740,"MFtD": 4.63,"MQt":  7.24,"MPz": 470,"MPzD": 2.62,"MPr": 9.52,"CFt": 2212.4273,"CFtD": 0.51,"CQt":  6.94,"CPz": 238,"CPzD":-0.88,"CPr": 9.28,"Hid":310}]},{"PD":"txt.tYTD","TF":[{"name": "cod.me330","value":26602.7},{"name": "cod.me340","value":9995.13},{"name": "cod.me320","value":9413.91},{"name": "cod.me350","value":8510.15},{"name": "cod.me310","value":4683.24},{"name": "cod.me360","value":2621.06},{"name": "cod.me370","value":916.75}],"TM":[{"name": "cod.me330","value":28677.1892972973},{"name": "cod.me340","value":8374.56994594595},{"name": "cod.me320","value":8131.63297297297},{"name": "cod.me350","value":6685.06421621622},{"name": "cod.me360","value":4625.23940540541},{"name": "cod.me310","value":4474.774},{"name": "cod.me370","value":860.308486486486}],"TC":[{"name": "cod.me330","value":15428.6338181818},{"name": "cod.me340","value":4187.92818181818},{"name": "cod.me320","value":3975.374},{"name": "cod.me350","value":3522.38854545455},{"name": "cod.me310","value":2212.42727272727},{"name": "cod.me360","value":2121.82490909091},{"name": "cod.me370","value":436.187090909091}],"DT":[{"H": "cod.me305","FFt":62742.94,"FFtD":-13.10,"FQt":100.00,"FPz":6835,"FPzD":-10.23,"FPr": 9.18,"MFt":61828.7783,"MFtD": 0.24,"MQt":100.00,"MPz":7395,"MPzD":-0.70,"MPr": 8.36,"CFt":31884.7638,"CFtD":-0.52,"CQt":100.00,"CPz":3880,"CPzD":-1.29,"CPr": 8.22,"Hid":305},{"H": "cod.me320","FFt": 9413.91,"FFtD":-18.86,"FQt": 15.00,"FPz": 564,"FPzD":-10.76,"FPr":16.69,"MFt": 8131.6330,"MFtD":-2.88,"MQt": 13.15,"MPz": 540,"MPzD":-0.07,"MPr":15.05,"CFt": 3975.3740,"CFtD": 0.72,"CQt": 12.47,"CPz": 282,"CPzD":-0.13,"CPr":14.11,"Hid":320},{"H": "cod.me360","FFt": 2621.06,"FFtD":-39.72,"FQt":  4.18,"FPz": 233,"FPzD":-38.03,"FPr":11.25,"MFt": 4625.2394,"MFtD":-6.99,"MQt":  7.48,"MPz": 592,"MPzD":-6.09,"MPr": 7.82,"CFt": 2121.8249,"CFtD":-7.87,"CQt":  6.65,"CPz": 271,"CPzD":-4.74,"CPr": 7.82,"Hid":360},{"H": "cod.me350","FFt": 8510.15,"FFtD":-17.70,"FQt": 13.56,"FPz":1006,"FPzD":  2.55,"FPr": 8.46,"MFt": 6685.0642,"MFtD":-1.13,"MQt": 10.81,"MPz": 941,"MPzD": 1.55,"MPr": 7.11,"CFt": 3522.3885,"CFtD":-2.14,"CQt": 11.05,"CPz": 574,"CPzD": 3.65,"CPr": 6.14,"Hid":350},{"H": "cod.me340","FFt": 9995.13,"FFtD":-11.70,"FQt": 15.93,"FPz":1137,"FPzD": -9.19,"FPr": 8.79,"MFt": 8374.5699,"MFtD": 2.21,"MQt": 13.54,"MPz": 940,"MPzD":-1.17,"MPr": 8.91,"CFt": 4187.9282,"CFtD": 0.37,"CQt": 13.13,"CPz": 484,"CPzD":-1.88,"CPr": 8.65,"Hid":340},{"H": "cod.me330","FFt":26602.70,"FFtD":-11.57,"FQt": 42.40,"FPz":3157,"FPzD":-13.05,"FPr": 8.43,"MFt":28677.1893,"MFtD": 1.41,"MQt": 46.38,"MPz":3728,"MPzD":-0.51,"MPr": 7.69,"CFt":15428.6338,"CFtD": 0.24,"CQt": 48.39,"CPz":1953,"CPzD":-2.11,"CPr": 7.90,"Hid":330},{"H": "cod.me370","FFt":  916.75,"FFtD":-12.43,"FQt":  1.46,"FPz": 263,"FPzD":-33.59,"FPr": 3.49,"MFt":  860.3085,"MFtD": 4.13,"MQt":  1.39,"MPz": 185,"MPzD":-4.85,"MPr": 4.64,"CFt":  436.1871,"CFtD": 0.16,"CQt":  1.37,"CPz":  78,"CPzD":-4.39,"CPr": 5.62,"Hid":370},{"H": "cod.me310","FFt": 4683.24,"FFtD": 35.35,"FQt":  7.46,"FPz": 475,"FPzD": 37.28,"FPr": 9.86,"MFt": 4474.7740,"MFtD": 4.63,"MQt":  7.24,"MPz": 470,"MPzD": 2.62,"MPr": 9.52,"CFt": 2212.4273,"CFtD": 0.51,"CQt":  6.94,"CPz": 238,"CPzD":-0.88,"CPr": 9.28,"Hid":310}]},{"PD":"txt.tBIM","TF":[{"name": "cod.me330","value":4286.69},{"name": "cod.me320","value":1772.26},{"name": "cod.me340","value":1723.24},{"name": "cod.me350","value":1378.75},{"name": "cod.me310","value":762.46},{"name": "cod.me360","value":305.73},{"name": "cod.me370","value":139.78}],"TM":[{"name": "cod.me330","value":4673.75151351351},{"name": "cod.me320","value":1333.99286486486},{"name": "cod.me340","value":1330.28724324324},{"name": "cod.me350","value":1077.48664864865},{"name": "cod.me360","value":761.018432432432},{"name": "cod.me310","value":692.004054054054},{"name": "cod.me370","value":131.238972972973}],"TC":[{"name": "cod.me330","value":2478.01},{"name": "cod.me340","value":669.470727272727},{"name": "cod.me320","value":661.487090909091},{"name": "cod.me350","value":577.682},{"name": "cod.me360","value":376.097818181818},{"name": "cod.me310","value":333.517818181818},{"name": "cod.me370","value":70.5509090909091}],"DT":[{"H": "cod.me305","FFt":10368.91,"FFtD": -3.90,"FQt":100.00,"FPz":1079,"FPzD":-10.38,"FPr": 9.61,"MFt":9999.7797,"MFtD":-1.72,"MQt":100.00,"MPz":1193,"MPzD":-1.59,"MPr": 8.38,"CFt":5166.81636,"CFtD":-1.20,"CQt":100.00,"CPz":644,"CPzD":  0.83,"CPr": 8.03,"Hid":305},{"H": "cod.me320","FFt": 1772.26,"FFtD": 21.83,"FQt": 17.09,"FPz": 108,"FPzD": 31.71,"FPr":16.41,"MFt":1333.9929,"MFtD":-8.10,"MQt": 13.34,"MPz":  89,"MPzD":-3.91,"MPr":14.97,"CFt": 661.48709,"CFtD":-1.10,"CQt": 12.80,"CPz": 47,"CPzD": -1.00,"CPr":14.08,"Hid":320},{"H": "cod.me360","FFt":  305.73,"FFtD":-51.80,"FQt":  2.95,"FPz":  26,"FPzD":-45.83,"FPr":11.76,"MFt": 761.0184,"MFtD":-5.96,"MQt":  7.61,"MPz":  98,"MPzD":-4.31,"MPr": 7.78,"CFt": 376.09782,"CFtD":-0.99,"CQt":  7.28,"CPz": 48,"CPzD":  0.58,"CPr": 7.90,"Hid":360},{"H": "cod.me350","FFt": 1378.75,"FFtD": 11.40,"FQt": 13.30,"FPz": 147,"FPzD":  9.70,"FPr": 9.38,"MFt":1077.4866,"MFtD":-2.72,"MQt": 10.78,"MPz": 160,"MPzD": 5.06,"MPr": 6.75,"CFt": 577.68200,"CFtD":-1.30,"CQt": 11.18,"CPz":111,"CPzD": 24.78,"CPr": 5.20,"Hid":350},{"H": "cod.me340","FFt": 1723.24,"FFtD": 13.75,"FQt": 16.62,"FPz": 188,"FPzD":  3.87,"FPr": 9.17,"MFt":1330.2872,"MFtD": 0.85,"MQt": 13.30,"MPz": 148,"MPzD":-2.22,"MPr": 9.01,"CFt": 669.47073,"CFtD": 0.30,"CQt": 12.96,"CPz": 78,"CPzD": -1.19,"CPr": 8.56,"Hid":340},{"H": "cod.me330","FFt": 4286.69,"FFtD":-16.26,"FQt": 41.34,"FPz": 492,"FPzD":-20.90,"FPr": 8.71,"MFt":4673.7515,"MFtD":-1.45,"MQt": 46.74,"MPz": 593,"MPzD":-2.93,"MPr": 7.88,"CFt":2478.01000,"CFtD":-2.59,"CQt": 47.96,"CPz":309,"CPzD": -3.39,"CPr": 8.02,"Hid":330},{"H": "cod.me370","FFt":  139.78,"FFtD":-12.39,"FQt":  1.35,"FPz":  40,"FPzD":-38.46,"FPr": 3.49,"MFt": 131.2390,"MFtD":15.12,"MQt":  1.31,"MPz":  31,"MPzD":-1.35,"MPr": 4.21,"CFt":  70.55091,"CFtD":13.17,"CQt":  1.37,"CPz": 14,"CPzD":-18.61,"CPr": 5.19,"Hid":370},{"H": "cod.me310","FFt":  762.46,"FFtD": 13.97,"FQt":  7.35,"FPz":  78,"FPzD":  8.33,"FPr": 9.78,"MFt": 692.0041,"MFtD": 9.73,"MQt":  6.92,"MPz":  74,"MPzD": 3.88,"MPr": 9.31,"CFt": 333.51782,"CFtD": 3.65,"CQt":  6.45,"CPz": 37,"CPzD": -4.17,"CPr": 8.97,"Hid":310}]},{"PD":"txt.t12/12/2019","TF":[{"name": "cod.me330","value":1972.01},{"name": "cod.me320","value":895.51},{"name": "cod.me340","value":807.24},{"name": "cod.me350","value":664.18},{"name": "cod.me310","value":344.7},{"name": "cod.me360","value":137.49},{"name": "cod.me370","value":90.22}],"TM":[{"name": "cod.me330","value":2381.24518918919},{"name": "cod.me340","value":683.299351351351},{"name": "cod.me320","value":605.647837837838},{"name": "cod.me350","value":562.563243243243},{"name": "cod.me360","value":380.835783783784},{"name": "cod.me310","value":308.273459459459},{"name": "cod.me370","value":69.97}],"TC":[{"name": "cod.me330","value":1250.63090909091},{"name": "cod.me340","value":338.794181818182},{"name": "cod.me350","value":312.671272727273},{"name": "cod.me320","value":287.496545454545},{"name": "cod.me360","value":189.182181818182},{"name": "cod.me310","value":143.138545454545},{"name": "cod.me370","value":39.1070909090909}],"DT":[{"H": "cod.me305","FFt":4911.35,"FFtD": -6.09,"FQt":100.00,"FPz":498,"FPzD":-16.86,"FPr": 9.86,"MFt":4991.8349,"MFtD":-3.29,"MQt":100.00,"MPz":604,"MPzD":-2.38,"MPr": 8.27,"CFt":2561.02073,"CFtD": -2.53,"CQt":100.00,"CPz":333,"CPzD":  3.80,"CPr": 7.68,"Hid":305},{"H": "cod.me320","FFt": 895.51,"FFtD": 30.93,"FQt": 18.23,"FPz": 49,"FPzD": 36.11,"FPr":18.28,"MFt": 605.6478,"MFtD":-7.48,"MQt": 12.13,"MPz": 42,"MPzD":-4.29,"MPr":14.49,"CFt": 287.49655,"CFtD": -8.54,"CQt": 11.23,"CPz": 21,"CPzD": -7.26,"CPr":13.46,"Hid":320},{"H": "cod.me360","FFt": 137.49,"FFtD":-62.49,"FQt":  2.80,"FPz": 13,"FPzD":-53.57,"FPr":10.58,"MFt": 380.8358,"MFtD":-9.19,"MQt":  7.63,"MPz": 49,"MPzD":-7.20,"MPr": 7.78,"CFt": 189.18218,"CFtD":  1.38,"CQt":  7.39,"CPz": 24,"CPzD":  0.46,"CPr": 8.00,"Hid":360},{"H": "cod.me350","FFt": 664.18,"FFtD": 21.21,"FQt": 13.52,"FPz": 65,"FPzD":  3.17,"FPr":10.22,"MFt": 562.5632,"MFtD":-5.00,"MQt": 11.27,"MPz": 87,"MPzD": 8.45,"MPr": 6.44,"CFt": 312.67127,"CFtD": -2.51,"CQt": 12.21,"CPz": 70,"CPzD": 46.69,"CPr": 4.48,"Hid":350},{"H": "cod.me340","FFt": 807.24,"FFtD":  5.82,"FQt": 16.44,"FPz": 80,"FPzD":-13.04,"FPr":10.09,"MFt": 683.2994,"MFtD": 0.88,"MQt": 13.69,"MPz": 76,"MPzD":-2.04,"MPr": 8.97,"CFt": 338.79418,"CFtD":  0.24,"CQt": 13.23,"CPz": 40,"CPzD":  0.64,"CPr": 8.46,"Hid":340},{"H": "cod.me330","FFt":1972.01,"FFtD":-17.49,"FQt": 40.15,"FPz":235,"FPzD":-20.34,"FPr": 8.39,"MFt":2381.2452,"MFtD":-1.97,"MQt": 47.70,"MPz":300,"MPzD":-3.23,"MPr": 7.94,"CFt":1250.63091,"CFtD": -1.67,"CQt": 48.83,"CPz":154,"CPzD": -1.71,"CPr": 8.10,"Hid":330},{"H": "cod.me370","FFt":  90.22,"FFtD": -3.25,"FQt":  1.84,"FPz": 22,"FPzD":-46.34,"FPr": 4.10,"MFt":  69.9700,"MFtD":19.42,"MQt":  1.40,"MPz": 16,"MPzD":-3.57,"MPr": 4.24,"CFt":  39.10709,"CFtD": 19.71,"CQt":  1.53,"CPz":  8,"CPzD":-23.40,"CPr": 4.87,"Hid":370},{"H": "cod.me310","FFt": 344.70,"FFtD":-10.59,"FQt":  7.02,"FPz": 34,"FPzD":-22.73,"FPr":10.14,"MFt": 308.2735,"MFtD":-6.64,"MQt":  6.18,"MPz": 33,"MPzD":-9.85,"MPr": 9.31,"CFt": 143.13855,"CFtD":-12.29,"CQt":  5.59,"CPz": 16,"CPzD":-18.07,"CPr": 8.91,"Hid":310}]}]}