{
 "TIT":"cod.me310","ISF2V":[{"min": 100, "max": 580}],"ISP2V":[{"min": 100, "max":580 }]   ,"ISF2":[{"name": "lb.l0006","series": [{ "name":"lb.l0052","value":542.5 },{ "name":"lb.l0053","value":494.19 },{ "name":"lb.l0054","value":374.9 },{ "name":"lb.l0055","value":579.88 },{ "name":"lb.l0056","value":469.3 },{ "name":"lb.l0057","value":228.2 },{ "name":"lb.l0058","value":319.81 },{ "name":"lb.l0059","value":266.03 },{ "name":"lb.l0060","value":202.85 },{ "name":"lb.l0061","value":443.12 },{ "name":"lb.l0062","value":417.76 },{ "name":"lb.l0063","value":344.7 }]},{"name": "lb.l0007","series": [{ "name":"lb.l0052","value":433.182216216216 },{ "name":"lb.l0053","value":329.905135135135 },{ "name":"lb.l0054","value":362.150432432432 },{ "name":"lb.l0055","value":351.524324324324 },{ "name":"lb.l0056","value":391.554324324324 },{ "name":"lb.l0057","value":414.713405405405 },{ "name":"lb.l0058","value":429.288810810811 },{ "name":"lb.l0059","value":363.164432432432 },{ "name":"lb.l0060","value":337.483081081081 },{ "name":"lb.l0061","value":369.803783783784 },{ "name":"lb.l0062","value":383.730594594595 },{ "name":"lb.l0063","value":308.273459459459 }]},{"name": "lb.l0008","series": [{ "name":"lb.l0052","value":205.315090909091 },{ "name":"lb.l0053","value":172.650181818182 },{ "name":"lb.l0054","value":185.136909090909 },{ "name":"lb.l0055","value":188.551454545455 },{ "name":"lb.l0056","value":205.270727272727 },{ "name":"lb.l0057","value":215.552545454545 },{ "name":"lb.l0058","value":204.415818181818 },{ "name":"lb.l0059","value":150.858181818182 },{ "name":"lb.l0060","value":159.975272727273 },{ "name":"lb.l0061","value":191.183272727273 },{ "name":"lb.l0062","value":190.379272727273 },{ "name":"lb.l0063","value":143.138545454545 }]}] ,"ISF1":[ {"name": "lb.l0040","series": [{"name":"2019","value":542.5},{"name":"2018","value":275}]},{"name": "lb.l0041","series": [{"name":"2019","value":1036.69},{"name":"2018","value":611.95}]},{"name": "lb.l0042","series": [{"name":"2019","value":1411.59},{"name":"2018","value":860.57}]},{"name": "lb.l0043","series": [{"name":"2019","value":1991.47},{"name":"2018","value":1139.87}]},{"name": "lb.l0044","series": [{"name":"2019","value":2460.77},{"name":"2018","value":1436.86}]},{"name": "lb.l0045","series": [{"name":"2019","value":2688.97},{"name":"2018","value":1613.51}]},{"name": "lb.l0046","series": [{"name":"2019","value":3008.78},{"name":"2018","value":2153.74}]},{"name": "lb.l0047","series": [{"name":"2019","value":3274.81},{"name":"2018","value":2354.26}]},{"name": "lb.l0048","series": [{"name":"2019","value":3477.66},{"name":"2018","value":2559.66}]},{"name": "lb.l0049","series": [{"name":"2019","value":3920.78},{"name":"2018","value":2791.01}]},{"name": "lb.l0050","series": [{"name":"2019","value":4338.54},{"name":"2018","value":3074.51}]},{"name": "lb.l0051","series": [{"name":"2019","value":4683.24},{"name":"2018","value":3460.03}]}],"DTP":[{"PD":"txt.tMAT","TF":[{"name": "cod.me310","value":4683.24}],"TM":[{"name": "cod.me310","value":4474.774}],"TC":[{"name": "cod.me310","value":2212.42727272727}],"DT":[{"H": "cod.me310","FFt":4683.24,"FFtD":35.35,"FQt":100,"FPz":475,"FPzD":37.28,"FPr":9.86,"MFt":4474.774,"MFtD":4.63,"MQt":100,"MPz":470,"MPzD":2.62,"MPr":9.52,"CFt":2212.427,"CFtD":0.51,"CQt":100,"CPz":238,"CPzD":-0.88,"CPr":9.28,"Hid":310}]},{"PD":"txt.tYTD","TF":[{"name": "cod.me310","value":4683.24}],"TM":[{"name": "cod.me310","value":4474.774}],"TC":[{"name": "cod.me310","value":2212.42727272727}],"DT":[{"H": "cod.me310","FFt":4683.24,"FFtD":35.35,"FQt":100,"FPz":475,"FPzD":37.28,"FPr":9.86,"MFt":4474.774,"MFtD":4.63,"MQt":100,"MPz":470,"MPzD":2.62,"MPr":9.52,"CFt":2212.427,"CFtD":0.51,"CQt":100,"CPz":238,"CPzD":-0.88,"CPr":9.28,"Hid":310}]},{"PD":"txt.tBIM","TF":[{"name": "cod.me310","value":762.46}],"TM":[{"name": "cod.me310","value":692.004054054054}],"TC":[{"name": "cod.me310","value":333.517818181818}],"DT":[{"H": "cod.me310","FFt":762.46,"FFtD":13.97,"FQt":100,"FPz":78,"FPzD":8.33,"FPr":9.78,"MFt":692.0041,"MFtD":9.73,"MQt":100,"MPz":74,"MPzD":3.88,"MPr":9.31,"CFt":333.5178,"CFtD":3.65,"CQt":100,"CPz":37,"CPzD":-4.17,"CPr":8.97,"Hid":310}]},{"PD":"txt.t12/12/2019","TF":[{"name": "cod.me310","value":344.7}],"TM":[{"name": "cod.me310","value":308.273459459459}],"TC":[{"name": "cod.me310","value":143.138545454545}],"DT":[{"H": "cod.me310","FFt":344.7,"FFtD":-10.59,"FQt":100,"FPz":34,"FPzD":-22.73,"FPr":10.14,"MFt":308.2735,"MFtD":-6.64,"MQt":100,"MPz":33,"MPzD":-9.85,"MPr":9.31,"CFt":143.1385,"CFtD":-12.29,"CQt":100,"CPz":16,"CPzD":-18.07,"CPr":8.91,"Hid":310}]}]}