{
 "TIT":"cod.me410","ISF2V":[{"min": 140, "max": 730}],"ISP2V":[{"min": 140, "max":730 }]   ,"ISF2":[{"name": "lb.l0006","series": [{ "name":"lb.l0052","value":253.66 },{ "name":"lb.l0053","value":315.63 },{ "name":"lb.l0054","value":407.49 },{ "name":"lb.l0055","value":371.6 },{ "name":"lb.l0056","value":397.14 },{ "name":"lb.l0057","value":284.25 },{ "name":"lb.l0058","value":352.55 },{ "name":"lb.l0059","value":233.19 },{ "name":"lb.l0060","value":241.15 },{ "name":"lb.l0061","value":466.73 },{ "name":"lb.l0062","value":344.35 },{ "name":"lb.l0063","value":246.43 }]},{"name": "lb.l0007","series": [{ "name":"lb.l0052","value":621.478432432432 },{ "name":"lb.l0053","value":646.719189189189 },{ "name":"lb.l0054","value":727.715675675676 },{ "name":"lb.l0055","value":658.249513513514 },{ "name":"lb.l0056","value":714.735189189189 },{ "name":"lb.l0057","value":611.907837837838 },{ "name":"lb.l0058","value":614.444702702703 },{ "name":"lb.l0059","value":561.367081081081 },{ "name":"lb.l0060","value":573.547081081081 },{ "name":"lb.l0061","value":687.636810810811 },{ "name":"lb.l0062","value":567.73627027027 },{ "name":"lb.l0063","value":574.071297297297 }]},{"name": "lb.l0008","series": [{ "name":"lb.l0052","value":275.872909090909 },{ "name":"lb.l0053","value":258.948181818182 },{ "name":"lb.l0054","value":297.574545454545 },{ "name":"lb.l0055","value":298.456181818182 },{ "name":"lb.l0056","value":299.961090909091 },{ "name":"lb.l0057","value":265.892181818182 },{ "name":"lb.l0058","value":254.457636363636 },{ "name":"lb.l0059","value":204.187454545455 },{ "name":"lb.l0060","value":255.649090909091 },{ "name":"lb.l0061","value":274.511272727273 },{ "name":"lb.l0062","value":271.718363636364 },{ "name":"lb.l0063","value":229.364363636364 }]}] ,"ISF1":[ {"name": "lb.l0040","series": [{"name":"2019","value":253.66},{"name":"2018","value":416.41}]},{"name": "lb.l0041","series": [{"name":"2019","value":569.29},{"name":"2018","value":660.17}]},{"name": "lb.l0042","series": [{"name":"2019","value":976.78},{"name":"2018","value":993.52}]},{"name": "lb.l0043","series": [{"name":"2019","value":1348.38},{"name":"2018","value":1499.45}]},{"name": "lb.l0044","series": [{"name":"2019","value":1745.52},{"name":"2018","value":1995.48}]},{"name": "lb.l0045","series": [{"name":"2019","value":2029.77},{"name":"2018","value":2400.53}]},{"name": "lb.l0046","series": [{"name":"2019","value":2382.32},{"name":"2018","value":2725.38}]},{"name": "lb.l0047","series": [{"name":"2019","value":2615.51},{"name":"2018","value":2971.83}]},{"name": "lb.l0048","series": [{"name":"2019","value":2856.66},{"name":"2018","value":3305.23}]},{"name": "lb.l0049","series": [{"name":"2019","value":3323.39},{"name":"2018","value":3627.86}]},{"name": "lb.l0050","series": [{"name":"2019","value":3667.74},{"name":"2018","value":3986.65}]},{"name": "lb.l0051","series": [{"name":"2019","value":3914.17},{"name":"2018","value":4303.64}]}],"DTP":[{"PD":"txt.tMAT","TF":[{"name": "cod.me410","value":3914.17}],"TM":[{"name": "cod.me410","value":7559.60908108108}],"TC":[{"name": "cod.me410","value":3186.59327272727}],"DT":[{"H": "cod.me410","FFt":3914.17,"FFtD":-9.05,"FQt":100,"FPz":317,"FPzD":-17.23,"FPr":12.35,"MFt":7559.609,"MFtD":-3.9,"MQt":100,"MPz":550,"MPzD":-3.48,"MPr":13.74,"CFt":3186.593,"CFtD":-4.56,"CQt":100,"CPz":277,"CPzD":-5.25,"CPr":11.49,"Hid":410}]},{"PD":"txt.tYTD","TF":[{"name": "cod.me410","value":3914.17}],"TM":[{"name": "cod.me410","value":7559.60908108108}],"TC":[{"name": "cod.me410","value":3186.59327272727}],"DT":[{"H": "cod.me410","FFt":3914.17,"FFtD":-9.05,"FQt":100,"FPz":317,"FPzD":-17.23,"FPr":12.35,"MFt":7559.609,"MFtD":-3.9,"MQt":100,"MPz":550,"MPzD":-3.48,"MPr":13.74,"CFt":3186.593,"CFtD":-4.56,"CQt":100,"CPz":277,"CPzD":-5.25,"CPr":11.49,"Hid":410}]},{"PD":"txt.tBIM","TF":[{"name": "cod.me410","value":590.78}],"TM":[{"name": "cod.me410","value":1141.80756756757}],"TC":[{"name": "cod.me410","value":501.082727272727}],"DT":[{"H": "cod.me410","FFt":590.78,"FFtD":-12.58,"FQt":100,"FPz":40,"FPzD":-25.93,"FPr":14.77,"MFt":1141.808,"MFtD":-12.77,"MQt":100,"MPz":80,"MPzD":-10.71,"MPr":14.18,"CFt":501.0827,"CFtD":-8.4,"CQt":100,"CPz":40,"CPzD":-13.35,"CPr":12.38,"Hid":410}]},{"PD":"txt.t12/12/2019","TF":[{"name": "cod.me410","value":246.43}],"TM":[{"name": "cod.me410","value":574.071297297297}],"TC":[{"name": "cod.me410","value":229.364363636364}],"DT":[{"H": "cod.me410","FFt":246.43,"FFtD":-22.26,"FQt":100,"FPz":19,"FPzD":-17.39,"FPr":12.97,"MFt":574.0713,"MFtD":-10.04,"MQt":100,"MPz":41,"MPzD":-9.2,"MPr":14.07,"CFt":229.3644,"CFtD":-13.31,"CQt":100,"CPz":20,"CPzD":-13.07,"CPr":11.5,"Hid":410}]}]}