{
 "TIT":"cod.me430","ISF2V":[{"min": 90, "max": 1260}],"ISP2V":[{"min": 90, "max":1260 }]   ,"ISF2":[{"name": "lb.l0006","series": [{ "name":"lb.l0052","value":356.75 },{ "name":"lb.l0053","value":395.62 },{ "name":"lb.l0054","value":356.65 },{ "name":"lb.l0055","value":142.3 },{ "name":"lb.l0056","value":236.75 },{ "name":"lb.l0057","value":297.7 },{ "name":"lb.l0058","value":433.5 },{ "name":"lb.l0059","value":388.2 },{ "name":"lb.l0060","value":265.05 },{ "name":"lb.l0061","value":424.65 },{ "name":"lb.l0062","value":261.4 },{ "name":"lb.l0063","value":244.5 }]},{"name": "lb.l0007","series": [{ "name":"lb.l0052","value":1208.20318918919 },{ "name":"lb.l0053","value":1065.13767567568 },{ "name":"lb.l0054","value":1179.4607027027 },{ "name":"lb.l0055","value":1192.84172972973 },{ "name":"lb.l0056","value":1199.51567567568 },{ "name":"lb.l0057","value":1107.17945945946 },{ "name":"lb.l0058","value":1253.48302702703 },{ "name":"lb.l0059","value":1217.28891891892 },{ "name":"lb.l0060","value":1147.12394594595 },{ "name":"lb.l0061","value":1180.12475675676 },{ "name":"lb.l0062","value":1090.52286486486 },{ "name":"lb.l0063","value":1104.95416216216 }]},{"name": "lb.l0008","series": [{ "name":"lb.l0052","value":1042.80636363636 },{ "name":"lb.l0053","value":896.884181818182 },{ "name":"lb.l0054","value":1007.99109090909 },{ "name":"lb.l0055","value":956.056545454545 },{ "name":"lb.l0056","value":1050.92945454545 },{ "name":"lb.l0057","value":967.137818181818 },{ "name":"lb.l0058","value":1102.39163636364 },{ "name":"lb.l0059","value":986.368181818182 },{ "name":"lb.l0060","value":961.768545454545 },{ "name":"lb.l0061","value":988.720545454545 },{ "name":"lb.l0062","value":944.015818181818 },{ "name":"lb.l0063","value":916.442909090909 }]}] ,"ISF1":[ {"name": "lb.l0040","series": [{"name":"2019","value":356.75},{"name":"2018","value":345.9}]},{"name": "lb.l0041","series": [{"name":"2019","value":752.37},{"name":"2018","value":636.8}]},{"name": "lb.l0042","series": [{"name":"2019","value":1109.02},{"name":"2018","value":1085.9}]},{"name": "lb.l0043","series": [{"name":"2019","value":1251.32},{"name":"2018","value":1355.09}]},{"name": "lb.l0044","series": [{"name":"2019","value":1488.07},{"name":"2018","value":1581.68}]},{"name": "lb.l0045","series": [{"name":"2019","value":1785.77},{"name":"2018","value":1959.03}]},{"name": "lb.l0046","series": [{"name":"2019","value":2219.27},{"name":"2018","value":2287.07}]},{"name": "lb.l0047","series": [{"name":"2019","value":2607.47},{"name":"2018","value":2525.01}]},{"name": "lb.l0048","series": [{"name":"2019","value":2872.52},{"name":"2018","value":2759.13}]},{"name": "lb.l0049","series": [{"name":"2019","value":3297.17},{"name":"2018","value":3119.15}]},{"name": "lb.l0050","series": [{"name":"2019","value":3558.57},{"name":"2018","value":3491.3}]},{"name": "lb.l0051","series": [{"name":"2019","value":3803.07},{"name":"2018","value":3731.58}]}],"DTP":[{"PD":"txt.tMAT","TF":[{"name": "cod.me430","value":3803.07}],"TM":[{"name": "cod.me430","value":13945.8361081081}],"TC":[{"name": "cod.me430","value":11821.5130909091}],"DT":[{"H": "cod.me430","FFt":3803.07,"FFtD":1.92,"FQt":100,"FPz":585,"FPzD":-9.02,"FPr":6.5,"MFt":13945.84,"MFtD":0.51,"MQt":100,"MPz":996,"MPzD":-1.28,"MPr":14,"CFt":11821.51,"CFtD":0.29,"CQt":100,"CPz":697,"CPzD":-0.68,"CPr":16.95,"Hid":430}]},{"PD":"txt.tYTD","TF":[{"name": "cod.me430","value":3803.07}],"TM":[{"name": "cod.me430","value":13945.8361081081}],"TC":[{"name": "cod.me430","value":11821.5130909091}],"DT":[{"H": "cod.me430","FFt":3803.07,"FFtD":1.92,"FQt":100,"FPz":585,"FPzD":-9.02,"FPr":6.5,"MFt":13945.84,"MFtD":0.51,"MQt":100,"MPz":996,"MPzD":-1.28,"MPr":14,"CFt":11821.51,"CFtD":0.29,"CQt":100,"CPz":697,"CPzD":-0.68,"CPr":16.95,"Hid":430}]},{"PD":"txt.tBIM","TF":[{"name": "cod.me430","value":505.9}],"TM":[{"name": "cod.me430","value":2195.47702702703}],"TC":[{"name": "cod.me430","value":1860.45872727273}],"DT":[{"H": "cod.me430","FFt":505.9,"FFtD":-17.39,"FQt":100,"FPz":102,"FPzD":-25.55,"FPr":4.96,"MFt":2195.477,"MFtD":-2.05,"MQt":100,"MPz":160,"MPzD":-1.97,"MPr":13.74,"CFt":1860.459,"CFtD":-0.67,"CQt":100,"CPz":108,"CPzD":-3.92,"CPr":17.24,"Hid":430}]},{"PD":"txt.t12/12/2019","TF":[{"name": "cod.me430","value":244.5}],"TM":[{"name": "cod.me430","value":1104.95416216216}],"TC":[{"name": "cod.me430","value":916.442909090909}],"DT":[{"H": "cod.me430","FFt":244.5,"FFtD":1.76,"FQt":100,"FPz":48,"FPzD":9.09,"FPr":5.09,"MFt":1104.954,"MFtD":-0.6,"MQt":100,"MPz":76,"MPzD":-1.07,"MPr":14.54,"CFt":916.4429,"CFtD":3.72,"CQt":100,"CPz":51,"CPzD":-5.72,"CPr":17.89,"Hid":430}]}]}