{
 "TIT":"cod.me480","ISF2V":[{"min": 380, "max": 3980}],"ISP2V":[{"min": 380, "max":3980 }]   ,"ISF2":[{"name": "lb.l0006","series": [{ "name":"lb.l0052","value":921.84 },{ "name":"lb.l0053","value":1011.99 },{ "name":"lb.l0054","value":1040.97 },{ "name":"lb.l0055","value":834.25 },{ "name":"lb.l0056","value":1317.66 },{ "name":"lb.l0057","value":584.06 },{ "name":"lb.l0058","value":796.07 },{ "name":"lb.l0059","value":544.31 },{ "name":"lb.l0060","value":615.04 },{ "name":"lb.l0061","value":1269.5 },{ "name":"lb.l0062","value":920.37 },{ "name":"lb.l0063","value":1416.03 }]},{"name": "lb.l0007","series": [{ "name":"lb.l0052","value":3881.12605405405 },{ "name":"lb.l0053","value":3426.87097297297 },{ "name":"lb.l0054","value":3699.16616216216 },{ "name":"lb.l0055","value":3720.08524324324 },{ "name":"lb.l0056","value":3838.18810810811 },{ "name":"lb.l0057","value":3517.494 },{ "name":"lb.l0058","value":3979.98540540541 },{ "name":"lb.l0059","value":3695.01648648649 },{ "name":"lb.l0060","value":3574.88162162162 },{ "name":"lb.l0061","value":3958.72308108108 },{ "name":"lb.l0062","value":3657.62054054054 },{ "name":"lb.l0063","value":3696.58697297297 }]},{"name": "lb.l0008","series": [{ "name":"lb.l0052","value":3143.42272727273 },{ "name":"lb.l0053","value":2821.30472727273 },{ "name":"lb.l0054","value":2993.93163636364 },{ "name":"lb.l0055","value":3035.51381818182 },{ "name":"lb.l0056","value":3229.14018181818 },{ "name":"lb.l0057","value":2821.26018181818 },{ "name":"lb.l0058","value":3274.98418181818 },{ "name":"lb.l0059","value":2852.21709090909 },{ "name":"lb.l0060","value":2836.92618181818 },{ "name":"lb.l0061","value":3183.65363636364 },{ "name":"lb.l0062","value":2881.238 },{ "name":"lb.l0063","value":2941.09272727273 }]}] ,"ISF1":[ {"name": "lb.l0040","series": [{"name":"2019","value":921.84},{"name":"2018","value":1170.04}]},{"name": "lb.l0041","series": [{"name":"2019","value":1933.83},{"name":"2018","value":2026.54}]},{"name": "lb.l0042","series": [{"name":"2019","value":2974.8},{"name":"2018","value":2764.91}]},{"name": "lb.l0043","series": [{"name":"2019","value":3809.05},{"name":"2018","value":4095.34}]},{"name": "lb.l0044","series": [{"name":"2019","value":5126.71},{"name":"2018","value":5493.84}]},{"name": "lb.l0045","series": [{"name":"2019","value":5710.77},{"name":"2018","value":6429.5}]},{"name": "lb.l0046","series": [{"name":"2019","value":6506.84},{"name":"2018","value":7653.53}]},{"name": "lb.l0047","series": [{"name":"2019","value":7051.15},{"name":"2018","value":9066.22}]},{"name": "lb.l0048","series": [{"name":"2019","value":7666.19},{"name":"2018","value":9624.17}]},{"name": "lb.l0049","series": [{"name":"2019","value":8935.69},{"name":"2018","value":10418.88}]},{"name": "lb.l0050","series": [{"name":"2019","value":9856.06},{"name":"2018","value":11517.67}]},{"name": "lb.l0051","series": [{"name":"2019","value":11272.09},{"name":"2018","value":12385.25}]}],"DTP":[{"PD":"txt.tMAT","TF":[{"name": "cod.me480","value":11272.09}],"TM":[{"name": "cod.me480","value":44645.7446486487}],"TC":[{"name": "cod.me480","value":36014.6850909091}],"DT":[{"H": "cod.me480","FFt":11272.09,"FFtD":-8.99,"FQt":100,"FPz":652,"FPzD":-13.76,"FPr":17.29,"MFt":44645.74,"MFtD":6.64,"MQt":100,"MPz":2303,"MPzD":1.25,"MPr":19.39,"CFt":36014.69,"CFtD":2.58,"CQt":100,"CPz":1753,"CPzD":-5.8,"CPr":20.54,"Hid":480}]},{"PD":"txt.tYTD","TF":[{"name": "cod.me480","value":11272.09}],"TM":[{"name": "cod.me480","value":44645.7446486487}],"TC":[{"name": "cod.me480","value":36014.6850909091}],"DT":[{"H": "cod.me480","FFt":11272.09,"FFtD":-8.99,"FQt":100,"FPz":652,"FPzD":-13.76,"FPr":17.29,"MFt":44645.74,"MFtD":6.64,"MQt":100,"MPz":2303,"MPzD":1.25,"MPr":19.39,"CFt":36014.69,"CFtD":2.58,"CQt":100,"CPz":1753,"CPzD":-5.8,"CPr":20.54,"Hid":480}]},{"PD":"txt.tBIM","TF":[{"name": "cod.me480","value":2336.4}],"TM":[{"name": "cod.me480","value":7354.20751351351}],"TC":[{"name": "cod.me480","value":5822.33072727273}],"DT":[{"H": "cod.me480","FFt":2336.4,"FFtD":18.82,"FQt":100,"FPz":120,"FPzD":10.09,"FPr":19.47,"MFt":7354.208,"MFtD":4.21,"MQt":100,"MPz":364,"MPzD":-2.77,"MPr":20.18,"CFt":5822.331,"CFtD":-1.02,"CQt":100,"CPz":279,"CPzD":-5.85,"CPr":20.88,"Hid":480}]},{"PD":"txt.t12/12/2019","TF":[{"name": "cod.me480","value":1416.03}],"TM":[{"name": "cod.me480","value":3696.58697297297}],"TC":[{"name": "cod.me480","value":2941.09272727273}],"DT":[{"H": "cod.me480","FFt":1416.03,"FFtD":63.22,"FQt":100,"FPz":65,"FPzD":20.37,"FPr":21.79,"MFt":3696.587,"MFtD":5.52,"MQt":100,"MPz":182,"MPzD":-2.36,"MPr":20.32,"CFt":2941.093,"CFtD":2.41,"CQt":100,"CPz":142,"CPzD":-1.89,"CPr":20.73,"Hid":480}]}]}