{
 "TIT":"cod.me80","ISF2V":[{"min": 2170, "max": 9590}],"ISP2V":[{"min": 2170, "max":9590 }]   ,"ISF2":[{"name": "lb.l0006","series": [{ "name":"lb.l0052","value":6411.08 },{ "name":"lb.l0053","value":4971.56 },{ "name":"lb.l0054","value":4660.14 },{ "name":"lb.l0055","value":4512.3 },{ "name":"lb.l0056","value":4667.16 },{ "name":"lb.l0057","value":3376.43 },{ "name":"lb.l0058","value":4247.58 },{ "name":"lb.l0059","value":3187.69 },{ "name":"lb.l0060","value":3937.02 },{ "name":"lb.l0061","value":4981.01 },{ "name":"lb.l0062","value":5429.71 },{ "name":"lb.l0063","value":5588.5 }]},{"name": "lb.l0007","series": [{ "name":"lb.l0052","value":9583.35464864865 },{ "name":"lb.l0053","value":7000.82491891892 },{ "name":"lb.l0054","value":6718.33064864865 },{ "name":"lb.l0055","value":6602.02513513514 },{ "name":"lb.l0056","value":6339.38237837838 },{ "name":"lb.l0057","value":5876.6012972973 },{ "name":"lb.l0058","value":6296.76664864865 },{ "name":"lb.l0059","value":6429.96324324324 },{ "name":"lb.l0060","value":6417.51459459459 },{ "name":"lb.l0061","value":7582.95481081081 },{ "name":"lb.l0062","value":7355.96443243243 },{ "name":"lb.l0063","value":8637.33762162162 }]},{"name": "lb.l0008","series": [{ "name":"lb.l0052","value":5288.90654545455 },{ "name":"lb.l0053","value":3984.88709090909 },{ "name":"lb.l0054","value":3625.98854545455 },{ "name":"lb.l0055","value":3441.49490909091 },{ "name":"lb.l0056","value":3461.54236363636 },{ "name":"lb.l0057","value":3218.52436363636 },{ "name":"lb.l0058","value":3375.61927272727 },{ "name":"lb.l0059","value":3110.73 },{ "name":"lb.l0060","value":3426.48345454545 },{ "name":"lb.l0061","value":4137.06018181818 },{ "name":"lb.l0062","value":3909.53909090909 },{ "name":"lb.l0063","value":4417.75363636364 }]}] ,"ISF1":[ {"name": "lb.l0040","series": [{"name":"2019","value":6411.08},{"name":"2018","value":5810.63}]},{"name": "lb.l0041","series": [{"name":"2019","value":11382.64},{"name":"2018","value":10982.91}]},{"name": "lb.l0042","series": [{"name":"2019","value":16042.78},{"name":"2018","value":16046.4}]},{"name": "lb.l0043","series": [{"name":"2019","value":20555.08},{"name":"2018","value":20553.91}]},{"name": "lb.l0044","series": [{"name":"2019","value":25222.24},{"name":"2018","value":25115.29}]},{"name": "lb.l0045","series": [{"name":"2019","value":28598.67},{"name":"2018","value":29328.1}]},{"name": "lb.l0046","series": [{"name":"2019","value":32846.25},{"name":"2018","value":33589.39}]},{"name": "lb.l0047","series": [{"name":"2019","value":36033.94},{"name":"2018","value":37468.24}]},{"name": "lb.l0048","series": [{"name":"2019","value":39970.96},{"name":"2018","value":41442.82}]},{"name": "lb.l0049","series": [{"name":"2019","value":44951.97},{"name":"2018","value":46395.45}]},{"name": "lb.l0050","series": [{"name":"2019","value":50381.68},{"name":"2018","value":50730.02}]},{"name": "lb.l0051","series": [{"name":"2019","value":55970.18},{"name":"2018","value":55770.03}]}],"DTP":[{"PD":"txt.tMAT","TF":[{"name": "cod.me80","value":55970.18}],"TM":[{"name": "cod.me80","value":84841.0203783784}],"TC":[{"name": "cod.me80","value":45398.5294545455}],"DT":[{"H": "cod.me80","FFt":55970.18,"FFtD":0.36,"FQt":100,"FPz":6855,"FPzD":-4.21,"FPr":8.16,"MFt":84841.02,"MFtD":5.03,"MQt":100,"MPz":10808,"MPzD":1.94,"MPr":7.85,"CFt":45398.53,"CFtD":2.15,"CQt":100,"CPz":5813,"CPzD":-1.19,"CPr":7.81,"Hid":80}]},{"PD":"txt.tYTD","TF":[{"name": "cod.me80","value":55970.18}],"TM":[{"name": "cod.me80","value":84841.0203783784}],"TC":[{"name": "cod.me80","value":45398.5294545455}],"DT":[{"H": "cod.me80","FFt":55970.18,"FFtD":0.36,"FQt":100,"FPz":6855,"FPzD":-4.21,"FPr":8.16,"MFt":84841.02,"MFtD":5.03,"MQt":100,"MPz":10808,"MPzD":1.94,"MPr":7.85,"CFt":45398.53,"CFtD":2.15,"CQt":100,"CPz":5813,"CPzD":-1.19,"CPr":7.81,"Hid":80}]},{"PD":"txt.tBIM","TF":[{"name": "cod.me80","value":11018.21}],"TM":[{"name": "cod.me80","value":15993.3020540541}],"TC":[{"name": "cod.me80","value":8327.29272727273}],"DT":[{"H": "cod.me80","FFt":11018.21,"FFtD":17.53,"FQt":100,"FPz":1249,"FPzD":2.29,"FPr":8.82,"MFt":15993.3,"MFtD":3.98,"MQt":100,"MPz":2033,"MPzD":2.62,"MPr":7.87,"CFt":8327.293,"CFtD":2.02,"CQt":100,"CPz":1062,"CPzD":-0.25,"CPr":7.84,"Hid":80}]},{"PD":"txt.t12/12/2019","TF":[{"name": "cod.me80","value":5588.5}],"TM":[{"name": "cod.me80","value":8637.33762162162}],"TC":[{"name": "cod.me80","value":4417.75363636364}],"DT":[{"H": "cod.me80","FFt":5588.5,"FFtD":10.88,"FQt":100,"FPz":617,"FPzD":-4.19,"FPr":9.06,"MFt":8637.338,"MFtD":2.29,"MQt":100,"MPz":1098,"MPzD":1.42,"MPr":7.87,"CFt":4417.754,"CFtD":2.76,"CQt":100,"CPz":563,"CPzD":0.86,"CPr":7.85,"Hid":80}]}]}