{"datiDettRefF":[
{"DP":"OLEOCAPS 1 30 CAPS","DD":"PRANAROM","FRF":1,"FRP":1,"FF":207.55,"FFD":-16.56,"FQt":10.85,"FPz":22,"FPzD":-12,"FPr":9.43,"MRF":14,"MRP":12,"CRF":27,"CRP":29}
,{"DP":"XLS MEDICAL FORTE X5 180 CAPS","DD":"PERRIGO ESPAÑA S.A.","FRF":2,"FRP":10,"FF":179.9,"FFD":null,"FQt":9.4,"FPz":2,"FPzD":null,"FPr":89.95,"MRF":13,"MRP":45,"CRF":29,"CRP":44}
,{"DP":"IBEROGAST GOTAS ORALES SOLUCION 50 ML","DD":"BAYER HISPANIA S.L.","FRF":3,"FRP":2,"FF":159.6,"FFD":-27.27,"FQt":8.34,"FPz":8,"FPzD":-27.27,"FPr":19.95,"MRF":8,"MRP":18,"CRF":12,"CRP":30}
,{"DP":"INMUNORESPIR 90 CAPS","DD":"LCN 1955","FRF":4,"FRP":4,"FF":119.7,"FFD":-39.09,"FQt":6.26,"FPz":6,"FPzD":-40,"FPr":19.95,"MRF":44,"MRP":50,"CRF":53,"CRP":57}
,{"DP":"PRANAROM ACEITES Y DIFUSION","DD":"PRANAROM","FRF":5,"FRP":3,"FF":91.45,"FFD":-60.88,"FQt":4.78,"FPz":7,"FPzD":-65,"FPr":13.06,"MRF":1,"MRP":1,"CRF":1,"CRP":1}
,{"DP":"IBEROGAST GOTAS ORALES SOLUCION 100 ML","DD":"BAYER HISPANIA S.L.","FRF":6,"FRP":11,"FF":75.68,"FFD":-33.33,"FQt":3.96,"FPz":2,"FPzD":-33.33,"FPr":37.84,"MRF":24,"MRP":40,"CRF":42,"CRP":49}
,{"DP":"PRANAROM JARABE DE LOS FUMADOR","DD":"PRANAROM","FRF":7,"FRP":6,"FF":74.5,"FFD":-28.57,"FQt":3.89,"FPz":5,"FPzD":-28.57,"FPr":14.9,"MRF":26,"MRP":31,"CRF":20,"CRP":27}
,{"DP":"AGIOLAX GRANULADO 250 G","DD":"ROTTAPHARM S L","FRF":8,"FRP":5,"FF":66.65,"FFD":-33.6,"FQt":3.48,"FPz":6,"FPzD":-33.33,"FPr":11.11,"MRF":9,"MRP":10,"CRF":18,"CRP":19}
,{"DP":"CYSTICLEAN 500 MG 60 CAPSULAS","DD":"VITA GREEN","FRF":9,"FRP":26,"FF":44.9,"FFD":-62.54,"FQt":2.35,"FPz":1,"FPzD":-66.67,"FPr":44.9,"MRF":34,"MRP":52,"CRF":38,"CRP":45}
,{"DP":"PRANAROM BALSAMO RESPIRATORIO","DD":"PRANAROM","FRF":10,"FRP":7,"FF":44.8,"FFD":41.55,"FQt":2.34,"FPz":5,"FPzD":66.67,"FPr":8.96,"MRF":18,"MRP":20,"CRF":17,"CRP":18}
,{"DP":"AROMAPAR + SPRAY ANTIPIOJOS 30 ML","DD":"PRANAROM","FRF":11,"FRP":12,"FF":39.9,"FFD":2.31,"FQt":2.09,"FPz":2,"FPzD":0,"FPr":19.95,"MRF":48,"MRP":47,"CRF":45,"CRP":40}
,{"DP":"PRIMACOL PLUS 30 CAPS","DD":"LACER","FRF":12,"FRP":13,"FF":39.9,"FFD":100,"FQt":2.09,"FPz":2,"FPzD":100,"FPr":19.95,"MRF":54,"MRP":57,"CRF":47,"CRP":50}
,{"DP":"AROMAFORCE CAPSULAS PARA INHALACION BIO 15 CAPS","DD":"PRANAROM","FRF":13,"FRP":8,"FF":39.8,"FFD":null,"FQt":2.08,"FPz":4,"FPzD":null,"FPr":9.95,"MRF":46,"MRP":42,"CRF":36,"CRP":35}
,{"DP":"AROMAPIC ROLL ON CITRONELA PLUS 75 ML","DD":"PRANAROM","FRF":14,"FRP":14,"FF":39.5,"FFD":null,"FQt":2.06,"FPz":2,"FPzD":null,"FPr":19.75,"MRF":60,"MRP":63,"CRF":63,"CRP":63}
,{"DP":"V-VEIN 60 COMP","DD":"NUTRINAT S.L.","FRF":15,"FRP":27,"FF":33.15,"FFD":null,"FQt":1.73,"FPz":1,"FPzD":null,"FPr":33.15,"MRF":71,"MRP":73,"CRF":72,"CRP":72}
,{"DP":"FLORES DE BACH","DD":"DIAFARM","FRF":16,"FRP":15,"FF":30,"FFD":null,"FQt":1.57,"FPz":2,"FPzD":null,"FPr":15,"MRF":15,"MRP":19,"CRF":23,"CRP":33}
,{"DP":"AROMAFORCE JARABE BIO 150 ML","DD":"PRANAROM","FRF":17,"FRP":9,"FF":29.85,"FFD":-63.77,"FQt":1.56,"FPz":3,"FPzD":-62.5,"FPr":9.95,"MRF":12,"MRP":11,"CRF":19,"CRP":14}
,{"DP":"SORIA EXTR. DAMIANA 50 CC","DD":"SORIA NATURAL","FRF":18,"FRP":16,"FF":27.3,"FFD":-19.47,"FQt":1.43,"FPz":2,"FPzD":0,"FPr":13.65,"MRF":73,"MRP":72,"CRF":71,"CRP":71}
,{"DP":"PRANAROM VARIOS","DD":"PRANAROM","FRF":19,"FRP":17,"FF":25.45,"FFD":155.78,"FQt":1.33,"FPz":2,"FPzD":100,"FPr":12.72,"MRF":39,"MRP":17,"CRF":49,"CRP":52}
,{"DP":"SANOFLORE ACEITE ESENCIAL EUCALIPTO RADIATA PERFUME AMBIENTAL 10 ML","DD":"VICHY","FRF":20,"FRP":28,"FF":23.95,"FFD":null,"FQt":1.25,"FPz":1,"FPzD":null,"FPr":23.95,"MRF":55,"MRP":59,"CRF":52,"CRP":56}
,{"DP":"CISTITUS NOX 20 COMP","DD":"URIACH","FRF":21,"FRP":29,"FF":22.75,"FFD":null,"FQt":1.19,"FPz":1,"FPzD":null,"FPr":22.75,"MRF":38,"MRP":46,"CRF":43,"CRP":41}
,{"DP":"PRANAROM MIEL SUEÑO","DD":"PRANAROM","FRF":22,"FRP":18,"FF":22.7,"FFD":0,"FQt":1.19,"FPz":2,"FPzD":0,"FPr":11.35,"MRF":70,"MRP":70,"CRF":69,"CRP":69}
,{"DP":"OPTREX COLIRIO AGUA DE HAMAMELIS 10 ML","DD":"RECKITT BENCKISER HEALTHCARE  S A","FRF":23,"FRP":19,"FF":21,"FFD":null,"FQt":1.1,"FPz":2,"FPzD":null,"FPr":10.5,"MRF":37,"MRP":35,"CRF":40,"CRP":38}
,{"DP":"CRANBERRY CYST 30 TAB","DD":"TREPAT-DIET","FRF":24,"FRP":30,"FF":20.5,"FFD":2.76,"FQt":1.07,"FPz":1,"FPzD":0,"FPr":20.5,"MRF":74,"MRP":74,"CRF":73,"CRP":73}
,{"DP":"AQUILEA COLESTEROL 20 STICKS LIQUIDOS","DD":"URIACH","FRF":25,"FRP":31,"FF":19.95,"FFD":null,"FQt":1.04,"FPz":1,"FPzD":null,"FPr":19.95,"MRF":52,"MRP":54,"CRF":55,"CRP":58}]
,"datiDettRefM":[
{"DP":"PRANAROM ACEITES Y DIFUSION","DD":"PRANAROM","FRF":5,"FRP":3,"MRF":1,"MRP":1,"MF":96.69,"MFD":-23.71,"MQt":5.22,"MPz":10,"MPzD":-24.77,"MPr":9.98}
,{"DP":"FAVE DE FUCA 40 COMPRIMIDOS RECUBIERTOS","DD":"URIACH","FRF":39,"FRP":24,"MRF":2,"MRP":2,"MF":34.07,"MFD":3.4,"MQt":1.84,"MPz":5,"MPzD":2.89,"MPr":6.93}
,{"DP":"AROMAFORCE PASTILLAS 21 PASTILLAS","DD":"PRANAROM","FRF":63,"FRP":64,"MRF":3,"MRP":3,"MF":33.61,"MFD":-16.92,"MQt":1.82,"MPz":4,"MPzD":-20.86,"MPr":8.17}
,{"DP":"PRANAROM AROMAGALIC","DD":"PRANAROM","FRF":72,"FRP":72,"MRF":4,"MRP":8,"MF":29.49,"MFD":-35.12,"MQt":1.59,"MPz":2,"MPzD":-47.96,"MPr":12.81}
,{"DP":"FLAVIA NOCTA","DD":"ITALFARMACO","FRF":27,"FRP":33,"MRF":5,"MRP":9,"MF":29.42,"MFD":26.44,"MQt":1.59,"MPz":2,"MPzD":44.53,"MPr":17.67}
,{"DP":"IBEROGAST GOTAS ORALES SOLUCION 20 ML","DD":"BAYER HISPANIA S.L.","FRF":49,"FRP":49,"MRF":6,"MRP":5,"MF":28.22,"MFD":15.72,"MQt":1.52,"MPz":3,"MPzD":22.25,"MPr":9.93}
,{"DP":"AROMAFORCE JARABE RESPIRACION FACIL BIO 150 ML","DD":"PRANAROM","FRF":62,"FRP":63,"MRF":7,"MRP":6,"MF":25.65,"MFD":null,"MQt":1.39,"MPz":3,"MPzD":null,"MPr":9.84}
,{"DP":"IBEROGAST GOTAS ORALES SOLUCION 50 ML","DD":"BAYER HISPANIA S.L.","FRF":3,"FRP":2,"MRF":8,"MRP":18,"MF":25.12,"MFD":17.18,"MQt":1.36,"MPz":1,"MPzD":-7.5,"MPr":19.94}
,{"DP":"AGIOLAX GRANULADO 250 G","DD":"ROTTAPHARM S L","FRF":8,"FRP":5,"MRF":9,"MRP":10,"MF":23.54,"MFD":-18.71,"MQt":1.27,"MPz":2,"MPzD":-22.92,"MPr":11.19}
,{"DP":"PLANTABEN 3.5 G 30 SOBRES","DD":"ROTTAPHARM S L","FRF":40,"FRP":25,"MRF":10,"MRP":4,"MF":23.35,"MFD":-7.63,"MQt":1.26,"MPz":4,"MPzD":-20.34,"MPr":6.55}
,{"DP":"VICKS BABYRUB 50 G","DD":"PROCTER & GAMBLE ESPAÑA","FRF":75,"FRP":75,"MRF":11,"MRP":7,"MF":21.28,"MFD":-12.06,"MQt":1.15,"MPz":3,"MPzD":-18.26,"MPr":6.64}
,{"DP":"AROMAFORCE JARABE BIO 150 ML","DD":"PRANAROM","FRF":17,"FRP":9,"MRF":12,"MRP":11,"MF":19.15,"MFD":-60.01,"MQt":1.03,"MPz":2,"MPzD":-61.38,"MPr":9.27}
,{"DP":"XLS MEDICAL FORTE X5 180 CAPS","DD":"PERRIGO ESPAÑA S.A.","FRF":2,"FRP":10,"MRF":13,"MRP":45,"MF":18.82,"MFD":null,"MQt":1.02,"MPz":0.249,"MPzD":null,"MPr":75.7}
,{"DP":"OLEOCAPS 1 30 CAPS","DD":"PRANAROM","FRF":1,"FRP":1,"MRF":14,"MRP":12,"MF":18.74,"MFD":-53.27,"MQt":1.01,"MPz":2,"MPzD":-49.11,"MPr":10.2}
,{"DP":"FLORES DE BACH","DD":"DIAFARM","FRF":16,"FRP":15,"MRF":15,"MRP":19,"MF":18.11,"MFD":-3.31,"MQt":0.98,"MPz":1,"MPzD":-20.94,"MPr":15.09}
,{"DP":"AROMAFORCE SPRAY NASAL SPRAY15 ML","DD":"PRANAROM","FRF":48,"FRP":48,"MRF":16,"MRP":13,"MF":17.38,"MFD":-16.22,"MQt":0.94,"MPz":2,"MPzD":-13.35,"MPr":9.06}
,{"DP":"ARNIDOL GEL STICK 15 ML","DD":"DIAFARM","FRF":60,"FRP":61,"MRF":17,"MRP":14,"MF":16.5,"MFD":-14.11,"MQt":0.89,"MPz":2,"MPzD":-7.96,"MPr":8.67}
,{"DP":"PRANAROM BALSAMO RESPIRATORIO","DD":"PRANAROM","FRF":10,"FRP":7,"MRF":18,"MRP":20,"MF":15.08,"MFD":-50.22,"MQt":0.81,"MPz":1,"MPzD":-65.87,"MPr":10.73}
,{"DP":"BLEVIT DIGEST NUEVA FORMULA 150 G","DD":"ORDESA","FRF":65,"FRP":66,"MRF":19,"MRP":15,"MF":15.02,"MFD":-8.03,"MQt":0.81,"MPz":2,"MPzD":9.14,"MPr":8.91}
,{"DP":"AROMAFORCE CAPSULAS NARIZ GARGANTA 30 CAPS","DD":"PRANAROM","FRF":61,"FRP":62,"MRF":20,"MRP":21,"MF":14.74,"MFD":229.69,"MQt":0.8,"MPz":1,"MPzD":137.18,"MPr":10.86}
,{"DP":"ROHA MAX 130 G","DD":"DIAFARM","FRF":45,"FRP":45,"MRF":21,"MRP":22,"MF":14.42,"MFD":14.73,"MQt":0.78,"MPz":1,"MPzD":-7.5,"MPr":11.65}
,{"DP":"LIPOGRASIL COMP RECUBIERTOS 50 COMP","DD":"ZAMBON","FRF":43,"FRP":43,"MRF":22,"MRP":23,"MF":13.34,"MFD":0.68,"MQt":0.72,"MPz":1,"MPzD":-10.19,"MPr":12.04}
,{"DP":"PRANABB BALSAMO PECTORAL 40 ML","DD":"PRANAROM","FRF":71,"FRP":71,"MRF":23,"MRP":24,"MF":13.06,"MFD":110.43,"MQt":0.71,"MPz":1,"MPzD":59.48,"MPr":10.28}
,{"DP":"IBEROGAST GOTAS ORALES SOLUCION 100 ML","DD":"BAYER HISPANIA S.L.","FRF":6,"FRP":11,"MRF":24,"MRP":40,"MF":12.44,"MFD":-13.08,"MQt":0.67,"MPz":0.33,"MPzD":-12.79,"MPr":37.72}
,{"DP":"FISIOCREM SPRAY ACTIVE ICE 150 ML","DD":"URIACH","FRF":67,"FRP":67,"MRF":25,"MRP":25,"MF":11.98,"MFD":null,"MQt":0.65,"MPz":1,"MPzD":null,"MPr":10.97}]
,"datiDettRefC":[
{"DP":"PRANAROM ACEITES Y DIFUSION","DD":"PRANAROM","FRF":5,"FRP":3,"CRF":1,"CRP":1,"CF":50.63,"CFD":-17.59,"CQt":5.94,"CPz":5,"CPzD":-25.27,"CPr":9.6}
,{"DP":"AROMAFORCE JARABE RESPIRACION FACIL BIO 150 ML","DD":"PRANAROM","FRF":62,"FRP":63,"CRF":2,"CRP":2,"CF":17.49,"CFD":null,"CQt":2.05,"CPz":2,"CPzD":null,"CPr":9.82}
,{"DP":"FAVE DE FUCA 40 COMPRIMIDOS RECUBIERTOS","DD":"URIACH","FRF":39,"FRP":24,"CRF":3,"CRP":3,"CF":16.89,"CFD":-7.06,"CQt":1.98,"CPz":2,"CPzD":-25.17,"CPr":6.93}
,{"DP":"FLAVIA NOCTA","DD":"ITALFARMACO","FRF":27,"FRP":33,"CRF":4,"CRP":13,"CF":15.75,"CFD":43.82,"CQt":1.85,"CPz":0.873,"CPzD":33.38,"CPr":18.04}
,{"DP":"AQUILEA MUCUS JARABE 200 ML","DD":"URIACH","FRF":59,"FRP":60,"CRF":5,"CRP":4,"CF":13.93,"CFD":240.28,"CQt":1.63,"CPz":2,"CPzD":307.41,"CPr":8.51}
,{"DP":"AROMAFORCE PASTILLAS 21 PASTILLAS","DD":"PRANAROM","FRF":63,"FRP":64,"CRF":6,"CRP":5,"CF":13.72,"CFD":-14.33,"CQt":1.61,"CPz":2,"CPzD":0,"CPr":8.03}
,{"DP":"PRANAROM AROMAGALIC","DD":"PRANAROM","FRF":72,"FRP":72,"CRF":7,"CRP":8,"CF":13.04,"CFD":-40.84,"CQt":1.53,"CPz":1,"CPzD":-38.89,"CPr":12.36}
,{"DP":"PLANTABEN 3.5 G 30 SOBRES","DD":"ROTTAPHARM S L","FRF":40,"FRP":25,"CRF":8,"CRP":6,"CF":12.5,"CFD":-27.67,"CQt":1.47,"CPz":2,"CPzD":-41.8,"CPr":6.55}
,{"DP":"VICKS BABYRUB 50 G","DD":"PROCTER & GAMBLE ESPAÑA","FRF":75,"FRP":75,"CRF":9,"CRP":7,"CF":11.15,"CFD":15.85,"CQt":1.31,"CPz":2,"CPzD":39.24,"CPr":6.74}
,{"DP":"PRANABB BALSAMO PECTORAL 40 ML","DD":"PRANAROM","FRF":71,"FRP":71,"CRF":10,"CRP":12,"CF":10.02,"CFD":118.18,"CQt":1.18,"CPz":0.964,"CPzD":112.08,"CPr":10.4}
,{"DP":"AROMAFORCE SPRAY NASAL SPRAY15 ML","DD":"PRANAROM","FRF":48,"FRP":48,"CRF":11,"CRP":9,"CF":9.84,"CFD":16.93,"CQt":1.15,"CPz":1,"CPzD":7.84,"CPr":9.17}
,{"DP":"IBEROGAST GOTAS ORALES SOLUCION 50 ML","DD":"BAYER HISPANIA S.L.","FRF":3,"FRP":2,"CRF":12,"CRP":30,"CF":9.79,"CFD":8.22,"CQt":1.15,"CPz":0.491,"CPzD":8.02,"CPr":19.95}
,{"DP":"IBEROGAST GOTAS ORALES SOLUCION 20 ML","DD":"BAYER HISPANIA S.L.","FRF":49,"FRP":49,"CRF":13,"CRP":11,"CF":9.77,"CFD":35.34,"CQt":1.15,"CPz":0.982,"CPzD":35.02,"CPr":9.95}
,{"DP":"ROHA MAX 130 G","DD":"DIAFARM","FRF":45,"FRP":45,"CRF":14,"CRP":16,"CF":9.17,"CFD":129.92,"CQt":1.07,"CPz":0.764,"CPzD":110.1,"CPr":12}
,{"DP":"AROMAFORCE CAPSULAS NARIZ GARGANTA 30 CAPS","DD":"PRANAROM","FRF":61,"FRP":62,"CRF":15,"CRP":15,"CF":9,"CFD":149.06,"CQt":1.06,"CPz":0.836,"CPzD":142,"CPr":10.76}
,{"DP":"LIPOGRASIL COMP RECUBIERTOS 50 COMP","DD":"ZAMBON","FRF":43,"FRP":43,"CRF":16,"CRP":22,"CF":8.85,"CFD":5.32,"CQt":1.04,"CPz":0.709,"CPzD":-0.01,"CPr":12.48}
,{"DP":"PRANAROM BALSAMO RESPIRATORIO","DD":"PRANAROM","FRF":10,"FRP":7,"CRF":17,"CRP":18,"CF":8.39,"CFD":-55.96,"CQt":0.98,"CPz":0.745,"CPzD":-57.76,"CPr":11.26}
,{"DP":"AGIOLAX GRANULADO 250 G","DD":"ROTTAPHARM S L","FRF":8,"FRP":5,"CRF":18,"CRP":19,"CF":8.32,"CFD":-8.95,"CQt":0.98,"CPz":0.745,"CPzD":-8.94,"CPr":11.16}
,{"DP":"AROMAFORCE JARABE BIO 150 ML","DD":"PRANAROM","FRF":17,"FRP":9,"CRF":19,"CRP":14,"CF":8.12,"CFD":-50.29,"CQt":0.95,"CPz":0.855,"CPzD":-49.44,"CPr":9.5}
,{"DP":"PRANAROM JARABE DE LOS FUMADOR","DD":"PRANAROM","FRF":7,"FRP":6,"CRF":20,"CRP":27,"CF":7.21,"CFD":-19.16,"CQt":0.85,"CPz":0.545,"CPzD":-14.36,"CPr":13.22}
,{"DP":"FISIOCREM SPRAY ACTIVE ICE 150 ML","DD":"URIACH","FRF":67,"FRP":67,"CRF":21,"CRP":28,"CF":6.3,"CFD":null,"CQt":0.74,"CPz":0.545,"CPzD":null,"CPr":11.55}
,{"DP":"BLEVIT DIGEST NUEVA FORMULA 150 G","DD":"ORDESA","FRF":65,"FRP":66,"CRF":22,"CRP":25,"CF":6.06,"CFD":-23.7,"CQt":0.71,"CPz":0.636,"CPzD":-22.27,"CPr":9.53}
,{"DP":"FLORES DE BACH","DD":"DIAFARM","FRF":16,"FRP":15,"CRF":23,"CRP":33,"CF":6.01,"CFD":40.95,"CQt":0.71,"CPz":0.309,"CPzD":-0.03,"CPr":19.46}
,{"DP":"VALERIANA CLASSIC 60 GRAGEAS","DD":"BOEHRINGER INGELHEIM, S.A.","FRF":74,"FRP":74,"CRF":24,"CRP":24,"CF":5.78,"CFD":4.4,"CQt":0.68,"CPz":0.655,"CPzD":2.93,"CPr":8.83}
,{"DP":"TILA ALPINA 1.2 G 20 FILTROS","DD":"MILVUS","FRF":73,"FRP":73,"CRF":25,"CRP":10,"CF":5.73,"CFD":-8.87,"CQt":0.67,"CPz":1,"CPzD":-20.29,"CPr":5.16}]}