{"datiDettRefF":[
{"DP":"MAVALA","DD":"BELLA AURORA LABS","FRF":1,"FRP":1,"FF":55.5,"FFD":-61.07,"FQt":28.32,"FPz":6,"FPzD":-60,"FPr":9.25,"MRF":2,"MRP":1,"CRF":3,"CRP":1}
,{"DP":"TEINT IDEAL MAQUILLAJE CREMA 30 ML TONO 15","DD":"VICHY","FRF":2,"FRP":2,"FF":26.75,"FFD":null,"FQt":13.65,"FPz":1,"FPzD":null,"FPr":26.75,"MRF":12,"MRP":12,"CRF":12,"CRP":12}
,{"DP":"FLEXILIFT TEINT FONDO DE MAQUILLAJE ANTIARRUGAS 30 ML 35 SAND","DD":"VICHY","FRF":3,"FRP":3,"FF":26.5,"FFD":null,"FQt":13.52,"FPz":1,"FPzD":null,"FPr":26.5,"MRF":8,"MRP":8,"CRF":6,"CRP":7}
,{"DP":"TOLERIANE TEINT SPF- 20 FONDO DE MAQUILLAJE TONO 03 SABLE","DD":"LA ROCHE POSAY","FRF":4,"FRP":4,"FF":25.95,"FFD":null,"FQt":13.24,"FPz":1,"FPzD":null,"FPr":25.95,"MRF":10,"MRP":10,"CRF":10,"CRP":10}
,{"DP":"DERMABLEND FONDO DE MAQUILLAJE CORRECTOR 30 ML 45 GOLD","DD":"VICHY","FRF":5,"FRP":5,"FF":22.5,"FFD":null,"FQt":11.48,"FPz":1,"FPzD":null,"FPr":22.5,"MRF":9,"MRP":9,"CRF":7,"CRP":8}
,{"DP":"CAUDALIE DIVINA MAQUILLAJE","DD":"CAUDALIE","FRF":6,"FRP":6,"FF":21.8,"FFD":null,"FQt":11.13,"FPz":1,"FPzD":null,"FPr":21.8,"MRF":7,"MRP":7,"CRF":5,"CRP":6}
,{"DP":"VICHY LUMINEUSE CREMA P SECA 30 ML DORÉ SATINEE","DD":"VICHY","FRF":7,"FRP":7,"FF":16.95,"FFD":null,"FQt":8.65,"FPz":1,"FPzD":null,"FPr":16.95,"MRF":11,"MRP":11,"CRF":8,"CRP":9}
,{"DP":"BETER MAQUILL","DD":"","FRF":8,"FRP":8,"FF":0,"FFD":null,"FQt":0,"FPz":0,"FPzD":null,"FPr":null,"MRF":3,"MRP":4,"CRF":2,"CRP":3}
,{"DP":"ESSENCE MAQUILLAJE","DD":"","FRF":9,"FRP":9,"FF":0,"FFD":null,"FQt":0,"FPz":0,"FPzD":null,"FPr":null,"MRF":5,"MRP":3,"CRF":11,"CRP":11}
,{"DP":"MIA MAQUILLAJE","DD":"","FRF":10,"FRP":10,"FF":0,"FFD":null,"FQt":0,"FPz":0,"FPzD":null,"FPr":null,"MRF":1,"MRP":2,"CRF":1,"CRP":2}
,{"DP":"PALLADIO MAQUILLAJE VARIOS","DD":"","FRF":11,"FRP":11,"FF":0,"FFD":null,"FQt":0,"FPz":0,"FPzD":null,"FPr":null,"MRF":6,"MRP":6,"CRF":9,"CRP":5}
,{"DP":"VITRY MAQUILLAJE","DD":"","FRF":12,"FRP":12,"FF":0,"FFD":null,"FQt":0,"FPz":0,"FPzD":null,"FPr":null,"MRF":4,"MRP":5,"CRF":4,"CRP":4}]
,"datiDettRefM":[
{"DP":"MIA MAQUILLAJE","DD":"","FRF":10,"FRP":10,"MRF":1,"MRP":2,"MF":36.23,"MFD":35.31,"MQt":11.76,"MPz":4,"MPzD":26.71,"MPr":9.55}
,{"DP":"MAVALA","DD":"BELLA AURORA LABS","FRF":1,"FRP":1,"MRF":2,"MRP":1,"MF":15.92,"MFD":-15.67,"MQt":5.17,"MPz":6,"MPzD":-20.14,"MPr":2.7}
,{"DP":"BETER MAQUILL","DD":"","FRF":8,"FRP":8,"MRF":3,"MRP":4,"MF":14.39,"MFD":-14.79,"MQt":4.67,"MPz":2,"MPzD":-16.29,"MPr":7.63}
,{"DP":"VITRY MAQUILLAJE","DD":"","FRF":12,"FRP":12,"MRF":4,"MRP":5,"MF":11.49,"MFD":-9.5,"MQt":3.73,"MPz":1,"MPzD":-35.31,"MPr":7.76}
,{"DP":"ESSENCE MAQUILLAJE","DD":"","FRF":9,"FRP":9,"MRF":5,"MRP":3,"MF":9.02,"MFD":-33.77,"MQt":2.93,"MPz":3,"MPzD":-41.52,"MPr":2.63}
,{"DP":"PALLADIO MAQUILLAJE VARIOS","DD":"","FRF":11,"FRP":11,"MRF":6,"MRP":6,"MF":8.13,"MFD":-22.8,"MQt":2.64,"MPz":1,"MPzD":6.32,"MPr":7.09}
,{"DP":"CAUDALIE DIVINA MAQUILLAJE","DD":"CAUDALIE","FRF":6,"FRP":6,"MRF":7,"MRP":7,"MF":3.49,"MFD":-35.81,"MQt":1.13,"MPz":0.184,"MPzD":-36.96,"MPr":19.02}
,{"DP":"FLEXILIFT TEINT FONDO DE MAQUILLAJE ANTIARRUGAS 30 ML 35 SAND","DD":"VICHY","FRF":3,"FRP":3,"MRF":8,"MRP":8,"MF":1.95,"MFD":39.98,"MQt":0.63,"MPz":0.081,"MPzD":49.85,"MPr":24.11}
,{"DP":"DERMABLEND FONDO DE MAQUILLAJE CORRECTOR 30 ML 45 GOLD","DD":"VICHY","FRF":5,"FRP":5,"MRF":9,"MRP":9,"MF":1.43,"MFD":70.99,"MQt":0.46,"MPz":0.07,"MPzD":61.88,"MPr":20.3}
,{"DP":"TOLERIANE TEINT SPF- 20 FONDO DE MAQUILLAJE TONO 03 SABLE","DD":"LA ROCHE POSAY","FRF":4,"FRP":4,"MRF":10,"MRP":10,"MF":0.94,"MFD":20.32,"MQt":0.3,"MPz":0.038,"MPzD":17.17,"MPr":24.82}
,{"DP":"VICHY LUMINEUSE CREMA P SECA 30 ML DORÉ SATINEE","DD":"VICHY","FRF":7,"FRP":7,"MRF":11,"MRP":11,"MF":0.45,"MFD":-27.96,"MQt":0.15,"MPz":0.027,"MPzD":-28.64,"MPr":16.54}
,{"DP":"TEINT IDEAL MAQUILLAJE CREMA 30 ML TONO 15","DD":"VICHY","FRF":2,"FRP":2,"MRF":12,"MRP":12,"MF":0.14,"MFD":16.81,"MQt":0.05,"MPz":0.005,"MPzD":-7.5,"MPr":26.75}]
,"datiDettRefC":[
{"DP":"MIA MAQUILLAJE","DD":"","FRF":10,"FRP":10,"CRF":1,"CRP":2,"CF":26.22,"CFD":97.64,"CQt":18.95,"CPz":3,"CPzD":65,"CPr":8.96}
,{"DP":"BETER MAQUILL","DD":"","FRF":8,"FRP":8,"CRF":2,"CRP":3,"CF":11.79,"CFD":-21.42,"CQt":8.52,"CPz":2,"CPzD":12.24,"CPr":7.45}
,{"DP":"MAVALA","DD":"BELLA AURORA LABS","FRF":1,"FRP":1,"CRF":3,"CRP":1,"CF":3.44,"CFD":8.77,"CQt":2.49,"CPz":12,"CPzD":4.6,"CPr":0.28}
,{"DP":"VITRY MAQUILLAJE","DD":"","FRF":12,"FRP":12,"CRF":4,"CRP":4,"CF":1.52,"CFD":-8.78,"CQt":1.1,"CPz":0.182,"CPzD":-54.5,"CPr":8.35}
,{"DP":"CAUDALIE DIVINA MAQUILLAJE","DD":"CAUDALIE","FRF":6,"FRP":6,"CRF":5,"CRP":6,"CF":1.44,"CFD":-59.87,"CQt":1.04,"CPz":0.073,"CPzD":-63.5,"CPr":19.77}
,{"DP":"FLEXILIFT TEINT FONDO DE MAQUILLAJE ANTIARRUGAS 30 ML 35 SAND","DD":"VICHY","FRF":3,"FRP":3,"CRF":6,"CRP":7,"CF":0.88,"CFD":-39.55,"CQt":0.63,"CPz":0.036,"CPzD":-34,"CPr":24.1}
,{"DP":"DERMABLEND FONDO DE MAQUILLAJE CORRECTOR 30 ML 45 GOLD","DD":"VICHY","FRF":5,"FRP":5,"CRF":7,"CRP":8,"CF":0.76,"CFD":-39.41,"CQt":0.55,"CPz":0.036,"CPzD":-34,"CPr":20.79}
,{"DP":"VICHY LUMINEUSE CREMA P SECA 30 ML DORÉ SATINEE","DD":"VICHY","FRF":7,"FRP":7,"CRF":8,"CRP":9,"CF":0.58,"CFD":87.91,"CQt":0.42,"CPz":0.036,"CPzD":98,"CPr":15.93}
,{"DP":"PALLADIO MAQUILLAJE VARIOS","DD":"","FRF":11,"FRP":11,"CRF":9,"CRP":5,"CF":0.52,"CFD":-66.23,"CQt":0.38,"CPz":0.182,"CPzD":11.22,"CPr":2.88}
,{"DP":"TOLERIANE TEINT SPF- 20 FONDO DE MAQUILLAJE TONO 03 SABLE","DD":"LA ROCHE POSAY","FRF":4,"FRP":4,"CRF":10,"CRP":10,"CF":0.52,"CFD":5.17,"CQt":0.38,"CPz":0.018,"CPzD":-1,"CPr":28.67}
,{"DP":"ESSENCE MAQUILLAJE","DD":"","FRF":9,"FRP":9,"CRF":11,"CRP":11,"CF":0,"CFD":-100,"CQt":0,"CPz":0,"CPzD":-100,"CPr":null}
,{"DP":"TEINT IDEAL MAQUILLAJE CREMA 30 ML TONO 15","DD":"VICHY","FRF":2,"FRP":2,"CRF":12,"CRP":12,"CF":0,"CFD":null,"CQt":0,"CPz":0,"CPzD":null,"CPr":null}]}