{"datiDettRefF":[
{"DP":"ERYFOTONA AK-NMSC FLUIDO 50 ML","DD":"ISDIN","FRF":1,"FRP":1,"FF":62.2,"FFD":null,"FQt":29.86,"FPz":2,"FPzD":null,"FPr":31.1,"MRF":2,"MRP":2,"CRF":2,"CRP":2}
,{"DP":"CAPITAL SOLEIL SPF 50+ HIDRA-LECHE CUERPO 100 ML","DD":"VICHY","FRF":2,"FRP":2,"FF":27.5,"FFD":null,"FQt":13.2,"FPz":1,"FPzD":null,"FPr":27.5,"MRF":7,"MRP":7,"CRF":7,"CRP":7}
,{"DP":"FOTOPROTECTOR ISDIN PEDIATRICS FUSION WATER 50 ML","DD":"ISDIN","FRF":3,"FRP":3,"FF":26.95,"FFD":null,"FQt":12.94,"FPz":1,"FPzD":null,"FPr":26.95,"MRF":5,"MRP":6,"CRF":5,"CRP":6}
,{"DP":"FOTOPROTECTOR ISDIN SPF-50+ FUSION WATER 50 ML","DD":"ISDIN","FRF":4,"FRP":4,"FF":26.5,"FFD":22.97,"FQt":12.72,"FPz":1,"FPzD":0,"FPr":26.5,"MRF":1,"MRP":1,"CRF":1,"CRP":1}
,{"DP":"ANTHELIOS KA SPF-100 HIDRATANTE PROTEGE ROSTRO 50 ML","DD":"LA ROCHE POSAY","FRF":5,"FRP":5,"FF":22.95,"FFD":null,"FQt":11.02,"FPz":1,"FPzD":null,"FPr":22.95,"MRF":4,"MRP":4,"CRF":3,"CRP":3}
,{"DP":"ANTHELIOS XL 60 FLUIDO EXTREMO ROSTRO 50 ML","DD":"LA ROCHE POSAY","FRF":6,"FRP":6,"FF":21.95,"FFD":-44.99,"FQt":10.54,"FPz":1,"FPzD":-50,"FPr":21.95,"MRF":3,"MRP":3,"CRF":4,"CRP":5}
,{"DP":"CAPITAL SOLEIL SPF 50+ STICK ZONAS SENSIBLES 9 G","DD":"VICHY","FRF":7,"FRP":7,"FF":10.75,"FFD":null,"FQt":5.16,"FPz":1,"FPzD":null,"FPr":10.75,"MRF":8,"MRP":8,"CRF":8,"CRP":8}
,{"DP":"COMODYNES SELF-TANNING COLOR UNIFORME NATURAL 8 TOALLITAS","DD":"DERMOFARM","FRF":8,"FRP":8,"FF":9.5,"FFD":-6.86,"FQt":4.56,"FPz":1,"FPzD":0,"FPr":9.5,"MRF":6,"MRP":5,"CRF":6,"CRP":4}]
,"datiDettRefM":[
{"DP":"FOTOPROTECTOR ISDIN SPF-50+ FUSION WATER 50 ML","DD":"ISDIN","FRF":4,"FRP":4,"MRF":1,"MRP":1,"MF":30.68,"MFD":30.61,"MQt":7.23,"MPz":1,"MPzD":-15.53,"MPr":21.5}
,{"DP":"ERYFOTONA AK-NMSC FLUIDO 50 ML","DD":"ISDIN","FRF":1,"FRP":1,"MRF":2,"MRP":2,"MF":18.03,"MFD":-0.68,"MQt":4.25,"MPz":0.703,"MPzD":-1.47,"MPr":25.65}
,{"DP":"ANTHELIOS XL 60 FLUIDO EXTREMO ROSTRO 50 ML","DD":"LA ROCHE POSAY","FRF":6,"FRP":6,"MRF":3,"MRP":3,"MF":4.51,"MFD":26.81,"MQt":1.06,"MPz":0.227,"MPzD":16.65,"MPr":19.86}
,{"DP":"ANTHELIOS KA SPF-100 HIDRATANTE PROTEGE ROSTRO 50 ML","DD":"LA ROCHE POSAY","FRF":5,"FRP":5,"MRF":4,"MRP":4,"MF":3.82,"MFD":-31.74,"MQt":0.9,"MPz":0.211,"MPzD":-23.46,"MPr":18.13}
,{"DP":"FOTOPROTECTOR ISDIN PEDIATRICS FUSION WATER 50 ML","DD":"ISDIN","FRF":3,"FRP":3,"MRF":5,"MRP":6,"MF":2.67,"MFD":5.32,"MQt":0.63,"MPz":0.124,"MPzD":-0.26,"MPr":21.46}
,{"DP":"COMODYNES SELF-TANNING COLOR UNIFORME NATURAL 8 TOALLITAS","DD":"DERMOFARM","FRF":8,"FRP":8,"MRF":6,"MRP":5,"MF":1.76,"MFD":11.57,"MQt":0.42,"MPz":0.189,"MPzD":9.27,"MPr":9.31}
,{"DP":"CAPITAL SOLEIL SPF 50+ HIDRA-LECHE CUERPO 100 ML","DD":"VICHY","FRF":2,"FRP":2,"MRF":7,"MRP":7,"MF":0.25,"MFD":-124.66,"MQt":0.06,"MPz":0.011,"MPzD":-122.61,"MPr":22.75}
,{"DP":"CAPITAL SOLEIL SPF 50+ STICK ZONAS SENSIBLES 9 G","DD":"VICHY","FRF":7,"FRP":7,"MRF":8,"MRP":8,"MF":0.11,"MFD":216.03,"MQt":0.03,"MPz":0.011,"MPzD":103.5,"MPr":10.35}]
,"datiDettRefC":[
{"DP":"FOTOPROTECTOR ISDIN SPF-50+ FUSION WATER 50 ML","DD":"ISDIN","FRF":4,"FRP":4,"CRF":1,"CRP":1,"CF":12.86,"CFD":95.03,"CQt":6.32,"CPz":0.582,"CPzD":77.83,"CPr":22.11}
,{"DP":"ERYFOTONA AK-NMSC FLUIDO 50 ML","DD":"ISDIN","FRF":1,"FRP":1,"CRF":2,"CRP":2,"CF":11.16,"CFD":21.29,"CQt":5.48,"CPz":0.418,"CPzD":14.95,"CPr":26.68}
,{"DP":"ANTHELIOS KA SPF-100 HIDRATANTE PROTEGE ROSTRO 50 ML","DD":"LA ROCHE POSAY","FRF":5,"FRP":5,"CRF":3,"CRP":3,"CF":2.4,"CFD":-31.45,"CQt":1.18,"CPz":0.109,"CPzD":-33.39,"CPr":22.03}
,{"DP":"ANTHELIOS XL 60 FLUIDO EXTREMO ROSTRO 50 ML","DD":"LA ROCHE POSAY","FRF":6,"FRP":6,"CRF":4,"CRP":5,"CF":0.65,"CFD":-69.41,"CQt":0.32,"CPz":0.036,"CPzD":-67,"CPr":17.85}
,{"DP":"FOTOPROTECTOR ISDIN PEDIATRICS FUSION WATER 50 ML","DD":"ISDIN","FRF":3,"FRP":3,"CRF":5,"CRP":6,"CF":0.32,"CFD":-81.98,"CQt":0.16,"CPz":0.018,"CPzD":-80.2,"CPr":17.56}
,{"DP":"COMODYNES SELF-TANNING COLOR UNIFORME NATURAL 8 TOALLITAS","DD":"DERMOFARM","FRF":8,"FRP":8,"CRF":6,"CRP":4,"CF":0.28,"CFD":-73.22,"CQt":0.14,"CPz":0.073,"CPzD":-33.08,"CPr":3.91}
,{"DP":"CAPITAL SOLEIL SPF 50+ HIDRA-LECHE CUERPO 100 ML","DD":"VICHY","FRF":2,"FRP":2,"CRF":7,"CRP":7,"CF":0,"CFD":null,"CQt":0,"CPz":0,"CPzD":null,"CPr":null}
,{"DP":"CAPITAL SOLEIL SPF 50+ STICK ZONAS SENSIBLES 9 G","DD":"VICHY","FRF":7,"FRP":7,"CRF":8,"CRP":8,"CF":0,"CFD":null,"CQt":0,"CPz":0,"CPzD":null,"CPr":null}]}