{"datiDettRefF":[
{"DP":"ALGODON ARROLLADO PURO 100 G","DD":"INDAS","FRF":1,"FRP":4,"FF":89.55,"FFD":50,"FQt":10.94,"FPz":9,"FPzD":50,"FPr":9.95,"MRF":44,"MRP":58,"CRF":62,"CRP":62}
,{"DP":"GASA ESTERIL ALGODON HIDROFILO COMPRESAS SOBRE 3 U  6 U","DD":"ORT Y CGIA","FRF":2,"FRP":2,"FF":68.75,"FFD":null,"FQt":8.4,"FPz":11,"FPzD":null,"FPr":6.25,"MRF":30,"MRP":35,"CRF":59,"CRP":59}
,{"DP":"THERMACARE ADAPTABLE 3 PARCHES","DD":"PFIZER","FRF":3,"FRP":6,"FF":48.25,"FFD":null,"FQt":5.9,"FPz":5,"FPzD":null,"FPr":9.65,"MRF":12,"MRP":22,"CRF":12,"CRP":18}
,{"DP":"STERILLIUM GEL CON VALVULA 475 ML","DD":"HARTMANN","FRF":4,"FRP":11,"FF":41.32,"FFD":-13.28,"FQt":5.05,"FPz":3,"FPzD":0,"FPr":13.77,"MRF":8,"MRP":20,"CRF":11,"CRP":23}
,{"DP":"ESPARADRAPO HIPOALERGICO PAPEL 2,5 X 9,2 M DISPENSADOR","DD":"BSN MEDICAL","FRF":5,"FRP":3,"FF":39.5,"FFD":163.33,"FQt":4.83,"FPz":10,"FPzD":150,"FPr":3.95,"MRF":28,"MRP":32,"CRF":53,"CRP":53}
,{"DP":"CRIOTERM TERAPIA DE FRIO Y CALOR BOLSA DE GEL + BANDA MULTIUSO","DD":"ORIGINAL FARMA S.L.","FRF":6,"FRP":12,"FF":37.5,"FFD":null,"FQt":4.58,"FPz":3,"FPzD":null,"FPr":12.5,"MRF":40,"MRP":53,"CRF":43,"CRP":49}
,{"DP":"LISUBEL APOSITO ESTERIL DE TELA SIN TEJER 10 X 10 CM 20 U","DD":"DISTROSUR","FRF":7,"FRP":1,"FF":35.4,"FFD":null,"FQt":4.33,"FPz":12,"FPzD":null,"FPr":2.95,"MRF":53,"MRP":45,"CRF":41,"CRP":38}
,{"DP":"OLIDERM SOLUCION 100 100 ML","DD":"DERMOESTETICA DEL SUR","FRF":8,"FRP":20,"FF":29.9,"FFD":-10.85,"FQt":3.65,"FPz":2,"FPzD":0,"FPr":14.95,"MRF":39,"MRP":60,"CRF":63,"CRP":63}
,{"DP":"THERMACARE CUELLO HOMBROS Y MUÑECAS 6 PARCHES","DD":"PFIZER","FRF":9,"FRP":21,"FF":29,"FFD":null,"FQt":3.54,"FPz":2,"FPzD":null,"FPr":14.5,"MRF":10,"MRP":25,"CRF":16,"CRP":31}
,{"DP":"COMPEED AMPOLLAS T- PEQ 6 U","DD":"JOHNSON & JOHNSON","FRF":10,"FRP":13,"FF":21.3,"FFD":51.6,"FQt":2.6,"FPz":3,"FPzD":50,"FPr":7.1,"MRF":23,"MRP":28,"CRF":25,"CRP":29}
,{"DP":"MICRODACYN WOUND CARE SOLUCION 500 ML","DD":"SDOMED 07","FRF":11,"FRP":34,"FF":20.9,"FFD":null,"FQt":2.55,"FPz":1,"FPzD":null,"FPr":20.9,"MRF":34,"MRP":63,"CRF":64,"CRP":64}
,{"DP":"DETTOL HIGIENIZANTE GEL DE MANOS 50 ML","DD":"RECKITT BENCKISER HEALTHCARE  S A","FRF":12,"FRP":7,"FF":17.5,"FFD":null,"FQt":2.14,"FPz":5,"FPzD":null,"FPr":3.5,"MRF":36,"MRP":39,"CRF":35,"CRP":36}
,{"DP":"PINZAS DEPILAR P RECTA PAVONADA 7,5 CM","DD":"INDUSTRIAS BETER","FRF":13,"FRP":8,"FF":15.5,"FFD":292.41,"FQt":1.89,"FPz":4,"FPzD":300,"FPr":3.88,"MRF":24,"MRP":26,"CRF":24,"CRP":24}
,{"DP":"CORTACUTICULAS LIMA BAJA PIEL INOX","DD":"INDUSTRIAS BETER","FRF":14,"FRP":22,"FF":15.3,"FFD":null,"FQt":1.87,"FPz":2,"FPzD":null,"FPr":7.65,"MRF":43,"MRP":49,"CRF":30,"CRP":39}
,{"DP":"LEUKOMED 8 X 10 CM 5 APOSITOS","DD":"BSN MEDICAL","FRF":15,"FRP":14,"FF":14.85,"FFD":0,"FQt":1.81,"FPz":3,"FPzD":0,"FPr":4.95,"MRF":46,"MRP":48,"CRF":50,"CRP":51}
,{"DP":"LISUBEL ALCOHOL REFORZADO 250 ML","DD":"DISTROSUR","FRF":16,"FRP":5,"FF":14.4,"FFD":56.52,"FQt":1.76,"FPz":6,"FPzD":50,"FPr":2.4,"MRF":37,"MRP":29,"CRF":36,"CRP":27}
,{"DP":"COMPEED AMPOLLAS T- MED 5 U","DD":"JOHNSON & JOHNSON","FRF":17,"FRP":23,"FF":14,"FFD":-3.45,"FQt":1.71,"FPz":2,"FPzD":0,"FPr":7,"MRF":3,"MRP":3,"CRF":3,"CRP":4}
,{"DP":"THERMACARE ZONA LUMBAR Y CADERA 4 PARCHES","DD":"PFIZER","FRF":18,"FRP":35,"FF":13.95,"FFD":-51.9,"FQt":1.7,"FPz":1,"FPzD":-50,"FPr":13.95,"MRF":4,"MRP":12,"CRF":5,"CRP":17}
,{"DP":"THERMACARE CUELLO HOMBROS Y MUÑECAS ","DD":"PFIZER","FRF":19,"FRP":24,"FF":11.91,"FFD":null,"FQt":1.46,"FPz":2,"FPzD":null,"FPr":5.96,"MRF":14,"MRP":21,"CRF":21,"CRP":26}
,{"DP":"COVERPLAST BARRIER TRANSP 22 MM X 72 MM 10 U","DD":"BSN MEDICAL","FRF":20,"FRP":9,"FF":11,"FFD":null,"FQt":1.34,"FPz":4,"FPzD":null,"FPr":2.75,"MRF":54,"MRP":46,"CRF":55,"CRP":55}
,{"DP":"TIJERA MANICURA PIELES CROMADA CURVA PROFESIONAL","DD":"INDUSTRIAS BETER","FRF":21,"FRP":36,"FF":10.95,"FFD":null,"FQt":1.34,"FPz":1,"FPzD":null,"FPr":10.95,"MRF":41,"MRP":61,"CRF":38,"CRP":48}
,{"DP":"COMPEED CALENTURAS 15 PARCHES","DD":"JOHNSON & JOHNSON","FRF":22,"FRP":37,"FF":10.5,"FFD":-53.33,"FQt":1.28,"FPz":1,"FPzD":-50,"FPr":10.5,"MRF":2,"MRP":7,"CRF":1,"CRP":6}
,{"DP":"ESPARADRAPO CARNE 5 X 2,5 CM","DD":"BSN MEDICAL","FRF":23,"FRP":15,"FF":10.5,"FFD":-25,"FQt":1.28,"FPz":3,"FPzD":-25,"FPr":3.5,"MRF":27,"MRP":31,"CRF":26,"CRP":22}
,{"DP":"COVERPLAST ELASTIC 25  X 76 MM 10 STRIPS","DD":"BSN MEDICAL","FRF":24,"FRP":10,"FF":10,"FFD":300,"FQt":1.22,"FPz":4,"FPzD":300,"FPr":2.5,"MRF":61,"MRP":57,"CRF":61,"CRP":61}
,{"DP":"MASCARILLA PROTECCION 5 U","DD":"3M ESPAÑA","FRF":25,"FRP":38,"FF":9.95,"FFD":null,"FQt":1.22,"FPz":1,"FPzD":null,"FPr":9.95,"MRF":18,"MRP":24,"CRF":18,"CRP":20}]
,"datiDettRefM":[
{"DP":"MEDICOMP COMPRESAS NON WOVEN 10 X 10 CM 25 SOBRES 2 U","DD":"HARTMANN","FRF":70,"FRP":70,"MRF":1,"MRP":1,"MF":25.5,"MFD":-12.3,"MQt":3.71,"MPz":5,"MPzD":-15.6,"MPr":4.9}
,{"DP":"COMPEED CALENTURAS 15 PARCHES","DD":"JOHNSON & JOHNSON","FRF":22,"FRP":37,"MRF":2,"MRP":7,"MF":22.45,"MFD":-2.22,"MQt":3.27,"MPz":2,"MPzD":-10.63,"MPr":10.65}
,{"DP":"COMPEED AMPOLLAS T- MED 5 U","DD":"JOHNSON & JOHNSON","FRF":17,"FRP":23,"MRF":3,"MRP":3,"MF":22.44,"MFD":7.76,"MQt":3.27,"MPz":3,"MPzD":-0.18,"MPr":7.12}
,{"DP":"THERMACARE ZONA LUMBAR Y CADERA 4 PARCHES","DD":"PFIZER","FRF":18,"FRP":35,"MRF":4,"MRP":12,"MF":19.92,"MFD":3.35,"MQt":2.9,"MPz":1,"MPzD":-28.02,"MPr":13.91}
,{"DP":"THERMACARE ZONA LUMBAR Y CADERA ","DD":"PFIZER","FRF":72,"FRP":72,"MRF":5,"MRP":8,"MF":14.5,"MFD":-18.4,"MQt":2.11,"MPz":2,"MPzD":3.93,"MPr":9.06}
,{"DP":"MEDICOMP COMPRESAS 10 X 10 CM 10 SOBRES 2 U","DD":"HARTMANN","FRF":69,"FRP":69,"MRF":6,"MRP":2,"MF":13.91,"MFD":13.81,"MQt":2.03,"MPz":4,"MPzD":9.14,"MPr":3.39}
,{"DP":"BETER ACCESSORIOS","DD":"","FRF":45,"FRP":48,"MRF":7,"MRP":9,"MF":11.33,"MFD":-22.39,"MQt":1.65,"MPz":2,"MPzD":-16.48,"MPr":6.41}
,{"DP":"STERILLIUM GEL CON VALVULA 475 ML","DD":"HARTMANN","FRF":4,"FRP":11,"MRF":8,"MRP":20,"MF":10.89,"MFD":6.99,"MQt":1.59,"MPz":0.908,"MPzD":4.34,"MPr":11.99}
,{"DP":"LUSAN CLORHEXIDINA  25 ML","DD":"HARTMANN","FRF":67,"FRP":67,"MRF":9,"MRP":10,"MF":8.47,"MFD":9.54,"MQt":1.23,"MPz":2,"MPzD":34.55,"MPr":5.33}
,{"DP":"THERMACARE CUELLO HOMBROS Y MUÑECAS 6 PARCHES","DD":"PFIZER","FRF":9,"FRP":21,"MRF":10,"MRP":25,"MF":8.07,"MFD":-0.47,"MQt":1.17,"MPz":0.557,"MPzD":1.02,"MPr":14.49}
,{"DP":"TIRITAS CLASSIC 19 X 72 20 U","DD":"HARTMANN","FRF":74,"FRP":74,"MRF":11,"MRP":4,"MF":6.97,"MFD":-1.82,"MQt":1.02,"MPz":3,"MPzD":14.2,"MPr":2.77}
,{"DP":"THERMACARE ADAPTABLE 3 PARCHES","DD":"PFIZER","FRF":3,"FRP":6,"MRF":12,"MRP":22,"MF":6.86,"MFD":10.98,"MQt":1,"MPz":0.724,"MPzD":11.62,"MPr":9.48}
,{"DP":"ESPARADRAPO HIPOALERGICO TEJIDO RESISTENTE 5 M X 2,50 CM","DD":"HARTMANN","FRF":65,"FRP":65,"MRF":13,"MRP":5,"MF":6.73,"MFD":-1.16,"MQt":0.98,"MPz":3,"MPzD":12.58,"MPr":2.56}
,{"DP":"THERMACARE CUELLO HOMBROS Y MUÑECAS ","DD":"PFIZER","FRF":19,"FRP":24,"MRF":14,"MRP":21,"MF":4.89,"MFD":-2.54,"MQt":0.71,"MPz":0.773,"MPzD":0,"MPr":6.32}
,{"DP":"ESPARADRAPO HIPOALERGICO DE PAPEL 5 M X 2,5 CM","DD":"HARTMANN","FRF":64,"FRP":64,"MRF":15,"MRP":11,"MF":4.66,"MFD":7.89,"MQt":0.68,"MPz":2,"MPzD":18.21,"MPr":2.51}
,{"DP":"LUSAN POVIDONA  40 ML","DD":"HARTMANN","FRF":68,"FRP":68,"MRF":16,"MRP":13,"MF":4.53,"MFD":36.5,"MQt":0.66,"MPz":1,"MPzD":8.82,"MPr":3.71}
,{"DP":"COSMOPOR STERIL 7.2 CM X  5 CM  5 APOSITOS","DD":"HARTMANN","FRF":63,"FRP":63,"MRF":17,"MRP":14,"MF":4.48,"MFD":18.18,"MQt":0.65,"MPz":1,"MPzD":-2.12,"MPr":3.67}
,{"DP":"MASCARILLA PROTECCION 5 U","DD":"3M ESPAÑA","FRF":25,"FRP":38,"MRF":18,"MRP":24,"MF":3.65,"MFD":-25.37,"MQt":0.53,"MPz":0.659,"MPzD":-8.33,"MPr":5.54}
,{"DP":"TIRITAS CLASSIC 1 M X 6 CM 10 U","DD":"HARTMANN","FRF":73,"FRP":73,"MRF":19,"MRP":15,"MF":3.38,"MFD":-17.12,"MQt":0.49,"MPz":1,"MPzD":-27.45,"MPr":3.05}
,{"DP":"ESPARADRAPO HIPOALERGICO TEJIDO RESISTENTE BLANCO 5 M X 2,50 CM","DD":"HARTMANN","FRF":66,"FRP":66,"MRF":20,"MRP":16,"MF":3.24,"MFD":9.72,"MQt":0.47,"MPz":1,"MPzD":-13.95,"MPr":2.55}
,{"DP":"ACOFAR AGUA OXIGENADA 5% 250 ML","DD":"ACOFARMA DISTRIBUCIÓN S A","FRF":60,"FRP":60,"MRF":21,"MRP":17,"MF":3.03,"MFD":6.77,"MQt":0.44,"MPz":1,"MPzD":-25.1,"MPr":2.08}
,{"DP":"ACOFAR ALCOHOL ETILICO 96º REFORZADO 250 ML","DD":"ACOFARMA DISTRIBUCIÓN S A","FRF":61,"FRP":61,"MRF":22,"MRP":18,"MF":2.94,"MFD":-4.13,"MQt":0.43,"MPz":1,"MPzD":-28.57,"MPr":2}
,{"DP":"COMPEED AMPOLLAS T- PEQ 6 U","DD":"JOHNSON & JOHNSON","FRF":10,"FRP":13,"MRF":23,"MRP":28,"MF":2.74,"MFD":-29.25,"MQt":0.4,"MPz":0.378,"MPzD":-33.4,"MPr":7.24}
,{"DP":"PINZAS DEPILAR P RECTA PAVONADA 7,5 CM","DD":"INDUSTRIAS BETER","FRF":13,"FRP":8,"MRF":24,"MRP":26,"MF":2.36,"MFD":30.46,"MQt":0.34,"MPz":0.535,"MPzD":26.89,"MPr":4.4}
,{"DP":"APOSAN ALCOHOL 96º CL DE BENZALCONIO 250 ML","DD":"COFARES","FRF":62,"FRP":62,"MRF":25,"MRP":19,"MF":2.06,"MFD":-15.6,"MQt":0.3,"MPz":1,"MPzD":-20.26,"MPr":1.91}]
,"datiDettRefC":[
{"DP":"COMPEED CALENTURAS 15 PARCHES","DD":"JOHNSON & JOHNSON","FRF":22,"FRP":37,"CRF":1,"CRP":6,"CF":10.05,"CFD":28.91,"CQt":2.9,"CPz":0.964,"CPzD":35.95,"CPr":10.43}
,{"DP":"MEDICOMP COMPRESAS NON WOVEN 10 X 10 CM 25 SOBRES 2 U","DD":"HARTMANN","FRF":70,"FRP":70,"CRF":2,"CRP":1,"CF":9.04,"CFD":-27.97,"CQt":2.61,"CPz":2,"CPzD":-21.43,"CPr":4.92}
,{"DP":"COMPEED AMPOLLAS T- MED 5 U","DD":"JOHNSON & JOHNSON","FRF":17,"FRP":23,"CRF":3,"CRP":4,"CF":8.85,"CFD":16.76,"CQt":2.55,"CPz":1,"CPzD":-8.33,"CPr":7.05}
,{"DP":"THERMACARE ZONA LUMBAR Y CADERA ","DD":"PFIZER","FRF":72,"FRP":72,"CRF":4,"CRP":7,"CF":8.67,"CFD":6.35,"CQt":2.5,"CPz":0.945,"CPzD":8.28,"CPr":9.17}
,{"DP":"THERMACARE ZONA LUMBAR Y CADERA 4 PARCHES","DD":"PFIZER","FRF":18,"FRP":35,"CRF":5,"CRP":17,"CF":6.7,"CFD":-0.25,"CQt":1.93,"CPz":0.491,"CPzD":0.02,"CPr":13.66}
,{"DP":"MEDICOMP COMPRESAS 10 X 10 CM 10 SOBRES 2 U","DD":"HARTMANN","FRF":69,"FRP":69,"CRF":6,"CRP":2,"CF":6.48,"CFD":34.2,"CQt":1.87,"CPz":2,"CPzD":42.86,"CPr":3.36}
,{"DP":"BETER ACCESSORIOS","DD":"","FRF":45,"FRP":48,"CRF":7,"CRP":8,"CF":5.8,"CFD":-45.05,"CQt":1.67,"CPz":0.909,"CPzD":-38.28,"CPr":6.38}
,{"DP":"ESPARADRAPO HIPOALERGICO TEJIDO RESISTENTE 5 M X 2,50 CM","DD":"HARTMANN","FRF":65,"FRP":65,"CRF":8,"CRP":3,"CF":5.19,"CFD":48.06,"CQt":1.5,"CPz":2,"CPzD":48.65,"CPr":2.72}
,{"DP":"TIRITAS CLASSIC 19 X 72 20 U","DD":"HARTMANN","FRF":74,"FRP":74,"CRF":9,"CRP":5,"CF":4.11,"CFD":24.21,"CQt":1.19,"CPz":1,"CPzD":-15.38,"CPr":2.86}
,{"DP":"LUSAN CLORHEXIDINA  25 ML","DD":"HARTMANN","FRF":67,"FRP":67,"CRF":10,"CRP":13,"CF":3.59,"CFD":11.04,"CQt":1.03,"CPz":0.709,"CPzD":11.41,"CPr":5.06}
,{"DP":"STERILLIUM GEL CON VALVULA 475 ML","DD":"HARTMANN","FRF":4,"FRP":11,"CRF":11,"CRP":23,"CF":3.44,"CFD":10.97,"CQt":0.99,"CPz":0.273,"CPzD":0.1,"CPr":12.62}
,{"DP":"THERMACARE ADAPTABLE 3 PARCHES","DD":"PFIZER","FRF":3,"FRP":6,"CRF":12,"CRP":18,"CF":3.33,"CFD":22.74,"CQt":0.96,"CPz":0.364,"CPzD":25.12,"CPr":9.15}
,{"DP":"LUSAN POVIDONA  40 ML","DD":"HARTMANN","FRF":68,"FRP":68,"CRF":13,"CRP":9,"CF":2.85,"CFD":74.69,"CQt":0.82,"CPz":0.836,"CPzD":76.85,"CPr":3.4}
,{"DP":"ESPARADRAPO HIPOALERGICO TEJIDO RESISTENTE BLANCO 5 M X 2,50 CM","DD":"HARTMANN","FRF":66,"FRP":66,"CRF":14,"CRP":12,"CF":2.06,"CFD":78.01,"CQt":0.59,"CPz":0.745,"CPzD":70.73,"CPr":2.76}
,{"DP":"TIRITAS CLASSIC 1 M X 6 CM 10 U","DD":"HARTMANN","FRF":73,"FRP":73,"CRF":15,"CRP":14,"CF":2.01,"CFD":-14.62,"CQt":0.58,"CPz":0.673,"CPzD":-13.92,"CPr":2.99}
,{"DP":"THERMACARE CUELLO HOMBROS Y MUÑECAS 6 PARCHES","DD":"PFIZER","FRF":9,"FRP":21,"CRF":16,"CRP":31,"CF":1.91,"CFD":-25.91,"CQt":0.55,"CPz":0.127,"CPzD":-30.15,"CPr":14.97}
,{"DP":"ACOFAR ALCOHOL ETILICO 96º REFORZADO 250 ML","DD":"ACOFARMA DISTRIBUCIÓN S A","FRF":61,"FRP":61,"CRF":17,"CRP":10,"CF":1.82,"CFD":-31.66,"CQt":0.53,"CPz":0.836,"CPzD":-24.62,"CPr":2.18}
,{"DP":"MASCARILLA PROTECCION 5 U","DD":"3M ESPAÑA","FRF":25,"FRP":38,"CRF":18,"CRP":20,"CF":1.78,"CFD":37.38,"CQt":0.51,"CPz":0.327,"CPzD":63.5,"CPr":5.45}
,{"DP":"ESPARADRAPO HIPOALERGICO DE PAPEL 5 M X 2,5 CM","DD":"HARTMANN","FRF":64,"FRP":64,"CRF":19,"CRP":16,"CF":1.55,"CFD":2.98,"CQt":0.45,"CPz":0.618,"CPzD":9.65,"CPr":2.5}
,{"DP":"ACOFAR AGUA OXIGENADA 5% 250 ML","DD":"ACOFARMA DISTRIBUCIÓN S A","FRF":60,"FRP":60,"CRF":20,"CRP":11,"CF":1.52,"CFD":-22.01,"CQt":0.44,"CPz":0.818,"CPzD":-16.69,"CPr":1.86}
,{"DP":"THERMACARE CUELLO HOMBROS Y MUÑECAS ","DD":"PFIZER","FRF":19,"FRP":24,"CRF":21,"CRP":26,"CF":1.36,"CFD":-25.02,"CQt":0.39,"CPz":0.2,"CPzD":-31.25,"CPr":6.78}
,{"DP":"APOSAN ALCOHOL 96º CL DE BENZALCONIO 250 ML","DD":"COFARES","FRF":62,"FRP":62,"CRF":22,"CRP":15,"CF":1.29,"CFD":9.75,"CQt":0.37,"CPz":0.673,"CPzD":12.17,"CPr":1.92}
,{"DP":"COSMOPOR STERIL 7.2 CM X  5 CM  5 APOSITOS","DD":"HARTMANN","FRF":63,"FRP":63,"CRF":23,"CRP":21,"CF":1.14,"CFD":2.81,"CQt":0.33,"CPz":0.327,"CPzD":-0.08,"CPr":3.49}
,{"DP":"PINZAS DEPILAR P RECTA PAVONADA 7,5 CM","DD":"INDUSTRIAS BETER","FRF":13,"FRP":8,"CRF":24,"CRP":24,"CF":1.06,"CFD":42.49,"CQt":0.31,"CPz":0.255,"CPzD":40.25,"CPr":4.17}
,{"DP":"COMPEED AMPOLLAS T- PEQ 6 U","DD":"JOHNSON & JOHNSON","FRF":10,"FRP":13,"CRF":25,"CRP":29,"CF":1.02,"CFD":17.1,"CQt":0.29,"CPz":0.145,"CPzD":13.93,"CPr":7.02}]}