{"datiDettRefF":[
{"DP":"CUMLAUDE LAB: MUCUS 30 ML","DD":"DERMOFARM","FRF":1,"FRP":1,"FF":39.8,"FFD":300,"FQt":18.84,"FPz":4,"FPzD":300,"FPr":9.95,"MRF":3,"MRP":3,"CRF":3,"CRP":2}
,{"DP":"DUREX PLAY BASICO  PLEASURE GEL 50 ML","DD":"RECKITT BENCKISER HEALTHCARE  S A","FRF":2,"FRP":2,"FF":28.5,"FFD":null,"FQt":13.49,"FPz":3,"FPzD":null,"FPr":9.5,"MRF":13,"MRP":12,"CRF":13,"CRP":13}
,{"DP":"DUREX NATURAL XL 12 U","DD":"RECKITT BENCKISER HEALTHCARE  S A","FRF":3,"FRP":3,"FF":26.85,"FFD":50,"FQt":12.71,"FPz":3,"FPzD":50,"FPr":8.95,"MRF":10,"MRP":10,"CRF":10,"CRP":9}
,{"DP":"DUREX REAL FEEL 12 U","DD":"RECKITT BENCKISER HEALTHCARE  S A","FRF":4,"FRP":4,"FF":25,"FFD":null,"FQt":11.83,"FPz":2,"FPzD":null,"FPr":12.5,"MRF":8,"MRP":11,"CRF":4,"CRP":6}
,{"DP":"DUREX NATURAL PLUS 12 U","DD":"RECKITT BENCKISER HEALTHCARE  S A","FRF":5,"FRP":5,"FF":17.9,"FFD":0,"FQt":8.47,"FPz":2,"FPzD":0,"FPr":8.95,"MRF":4,"MRP":4,"CRF":5,"CRP":5}
,{"DP":"ACCESORIOS SEXUALIDAD","DD":"","FRF":6,"FRP":6,"FF":15.95,"FFD":-72.87,"FQt":7.55,"FPz":1,"FPzD":-75,"FPr":15.95,"MRF":2,"MRP":2,"CRF":2,"CRP":4}
,{"DP":"PRESERVATIVOS","DD":"","FRF":7,"FRP":7,"FF":13.5,"FFD":-71.76,"FQt":6.39,"FPz":1,"FPzD":-75,"FPr":13.5,"MRF":1,"MRP":1,"CRF":1,"CRP":1}
,{"DP":"CUMLAUDE LAB: HIDRATANTE INTERNO MONODOSIS 6 ML 6 U","DD":"DERMOFARM","FRF":8,"FRP":8,"FF":12.95,"FFD":11.64,"FQt":6.13,"FPz":1,"FPzD":0,"FPr":12.95,"MRF":12,"MRP":13,"CRF":11,"CRP":12}
,{"DP":"DUREX EXTRA SEGURO 12 U","DD":"RECKITT BENCKISER HEALTHCARE  S A","FRF":9,"FRP":9,"FF":10.95,"FFD":null,"FQt":5.18,"FPz":1,"FPzD":null,"FPr":10.95,"MRF":14,"MRP":14,"CRF":14,"CRP":14}
,{"DP":"DUREX SENSITIVO CONTACTO TOTAL 12 U","DD":"RECKITT BENCKISER HEALTHCARE  S A","FRF":10,"FRP":10,"FF":9.95,"FFD":-80,"FQt":4.71,"FPz":1,"FPzD":-80,"FPr":9.95,"MRF":7,"MRP":8,"CRF":9,"CRP":8}
,{"DP":"DUREX SENSITIVO SUAVE 12 U","DD":"RECKITT BENCKISER HEALTHCARE  S A","FRF":11,"FRP":11,"FF":9.95,"FFD":-80,"FQt":4.71,"FPz":1,"FPzD":-80,"FPr":9.95,"MRF":9,"MRP":9,"CRF":12,"CRP":11}
,{"DP":"DUREX NATURAL PLUS 12 PRESERVATIVOS 2 CAJAS","DD":"RECKITT BENCKISER HEALTHCARE  S A","FRF":12,"FRP":12,"FF":0,"FFD":-100,"FQt":0,"FPz":0,"FPzD":-100,"FPr":null,"MRF":5,"MRP":6,"CRF":7,"CRP":7}
,{"DP":"DUREX NATURAL PLUS 6 U","DD":"RECKITT BENCKISER HEALTHCARE  S A","FRF":13,"FRP":13,"FF":0,"FFD":null,"FQt":0,"FPz":0,"FPzD":null,"FPr":null,"MRF":11,"MRP":5,"CRF":8,"CRP":3}
,{"DP":"DUREX SENSITIVO CONTACTO TOTAL 12 PRESERVATIVOS 2 CAJAS","DD":"RECKITT BENCKISER HEALTHCARE  S A","FRF":14,"FRP":14,"FF":0,"FFD":null,"FQt":0,"FPz":0,"FPzD":null,"FPr":null,"MRF":6,"MRP":7,"CRF":6,"CRP":10}]
,"datiDettRefM":[
{"DP":"PRESERVATIVOS","DD":"","FRF":7,"FRP":7,"MRF":1,"MRP":1,"MF":40.06,"MFD":-20.69,"MQt":12.13,"MPz":3,"MPzD":-37.36,"MPr":11.49}
,{"DP":"ACCESORIOS SEXUALIDAD","DD":"","FRF":6,"FRP":6,"MRF":2,"MRP":2,"MF":27.58,"MFD":-20.36,"MQt":8.35,"MPz":2,"MPzD":-29.66,"MPr":12.57}
,{"DP":"CUMLAUDE LAB: MUCUS 30 ML","DD":"DERMOFARM","FRF":1,"FRP":1,"MRF":3,"MRP":3,"MF":22.77,"MFD":5.93,"MQt":6.89,"MPz":2,"MPzD":-12.74,"MPr":9.24}
,{"DP":"DUREX NATURAL PLUS 12 U","DD":"RECKITT BENCKISER HEALTHCARE  S A","FRF":5,"FRP":5,"MRF":4,"MRP":4,"MF":15.33,"MFD":-18.66,"MQt":4.64,"MPz":2,"MPzD":-13.55,"MPr":8.37}
,{"DP":"DUREX NATURAL PLUS 12 PRESERVATIVOS 2 CAJAS","DD":"RECKITT BENCKISER HEALTHCARE  S A","FRF":12,"FRP":12,"MRF":5,"MRP":6,"MF":14.89,"MFD":-17.75,"MQt":4.51,"MPz":1,"MPzD":-36.43,"MPr":12.3}
,{"DP":"DUREX SENSITIVO CONTACTO TOTAL 12 PRESERVATIVOS 2 CAJAS","DD":"RECKITT BENCKISER HEALTHCARE  S A","FRF":14,"FRP":14,"MRF":6,"MRP":7,"MF":14.8,"MFD":14.65,"MQt":4.48,"MPz":1,"MPzD":12.8,"MPr":14.8}
,{"DP":"DUREX SENSITIVO CONTACTO TOTAL 12 U","DD":"RECKITT BENCKISER HEALTHCARE  S A","FRF":10,"FRP":10,"MRF":7,"MRP":8,"MF":13.38,"MFD":-4.82,"MQt":4.05,"MPz":1,"MPzD":-31.99,"MPr":10.31}
,{"DP":"DUREX REAL FEEL 12 U","DD":"RECKITT BENCKISER HEALTHCARE  S A","FRF":4,"FRP":4,"MRF":8,"MRP":11,"MF":11.7,"MFD":114.93,"MQt":3.54,"MPz":0.995,"MPzD":104.53,"MPr":11.76}
,{"DP":"DUREX SENSITIVO SUAVE 12 U","DD":"RECKITT BENCKISER HEALTHCARE  S A","FRF":11,"FRP":11,"MRF":9,"MRP":9,"MF":11.5,"MFD":-6.92,"MQt":3.48,"MPz":1,"MPzD":-22.92,"MPr":10.27}
,{"DP":"DUREX NATURAL XL 12 U","DD":"RECKITT BENCKISER HEALTHCARE  S A","FRF":3,"FRP":3,"MRF":10,"MRP":10,"MF":9.87,"MFD":7.7,"MQt":2.99,"MPz":1,"MPzD":-7.04,"MPr":8.65}
,{"DP":"DUREX NATURAL PLUS 6 U","DD":"RECKITT BENCKISER HEALTHCARE  S A","FRF":13,"FRP":13,"MRF":11,"MRP":5,"MF":8.99,"MFD":-2.01,"MQt":2.72,"MPz":2,"MPzD":3.93,"MPr":4.98}
,{"DP":"CUMLAUDE LAB: HIDRATANTE INTERNO MONODOSIS 6 ML 6 U","DD":"DERMOFARM","FRF":8,"FRP":8,"MRF":12,"MRP":13,"MF":7.51,"MFD":6.78,"MQt":2.27,"MPz":0.627,"MPzD":9.43,"MPr":11.98}
,{"DP":"DUREX PLAY BASICO  PLEASURE GEL 50 ML","DD":"RECKITT BENCKISER HEALTHCARE  S A","FRF":2,"FRP":2,"MRF":13,"MRP":12,"MF":5.9,"MFD":-14.62,"MQt":1.79,"MPz":0.638,"MPzD":-14.47,"MPr":9.25}
,{"DP":"DUREX EXTRA SEGURO 12 U","DD":"RECKITT BENCKISER HEALTHCARE  S A","FRF":9,"FRP":9,"MRF":14,"MRP":14,"MF":2.29,"MFD":-33.62,"MQt":0.69,"MPz":0.222,"MPzD":-35.83,"MPr":10.31}]
,"datiDettRefC":[
{"DP":"PRESERVATIVOS","DD":"","FRF":7,"FRP":7,"CRF":1,"CRP":1,"CF":14.61,"CFD":-13.23,"CQt":11.95,"CPz":1,"CPzD":-40.22,"CPr":11.01}
,{"DP":"ACCESORIOS SEXUALIDAD","DD":"","FRF":6,"FRP":6,"CRF":2,"CRP":4,"CF":10.79,"CFD":-16.31,"CQt":8.83,"CPz":0.927,"CPzD":-13.58,"CPr":11.64}
,{"DP":"CUMLAUDE LAB: MUCUS 30 ML","DD":"DERMOFARM","FRF":1,"FRP":1,"CRF":3,"CRP":2,"CF":10.02,"CFD":28.01,"CQt":8.2,"CPz":1,"CPzD":17.02,"CPr":10.02}
,{"DP":"DUREX REAL FEEL 12 U","DD":"RECKITT BENCKISER HEALTHCARE  S A","FRF":4,"FRP":4,"CRF":4,"CRP":6,"CF":5.76,"CFD":103,"CQt":4.71,"CPz":0.509,"CPzD":86.63,"CPr":11.31}
,{"DP":"DUREX NATURAL PLUS 12 U","DD":"RECKITT BENCKISER HEALTHCARE  S A","FRF":5,"FRP":5,"CRF":5,"CRP":5,"CF":5.1,"CFD":-34.74,"CQt":4.17,"CPz":0.636,"CPzD":-40.71,"CPr":8.02}
,{"DP":"DUREX SENSITIVO CONTACTO TOTAL 12 PRESERVATIVOS 2 CAJAS","DD":"RECKITT BENCKISER HEALTHCARE  S A","FRF":14,"FRP":14,"CRF":6,"CRP":10,"CF":5.09,"CFD":-0.07,"CQt":4.17,"CPz":0.345,"CPzD":-5.13,"CPr":14.74}
,{"DP":"DUREX NATURAL PLUS 12 PRESERVATIVOS 2 CAJAS","DD":"RECKITT BENCKISER HEALTHCARE  S A","FRF":12,"FRP":12,"CRF":7,"CRP":7,"CF":4.83,"CFD":-2.15,"CQt":3.95,"CPz":0.4,"CPzD":-8.33,"CPr":12.08}
,{"DP":"DUREX NATURAL PLUS 6 U","DD":"RECKITT BENCKISER HEALTHCARE  S A","FRF":13,"FRP":13,"CRF":8,"CRP":3,"CF":4.61,"CFD":33.65,"CQt":3.77,"CPz":0.964,"CPzD":35.95,"CPr":4.78}
,{"DP":"DUREX SENSITIVO CONTACTO TOTAL 12 U","DD":"RECKITT BENCKISER HEALTHCARE  S A","FRF":10,"FRP":10,"CRF":9,"CRP":8,"CF":3.88,"CFD":42.21,"CQt":3.17,"CPz":0.382,"CPzD":40.07,"CPr":10.16}
,{"DP":"DUREX NATURAL XL 12 U","DD":"RECKITT BENCKISER HEALTHCARE  S A","FRF":3,"FRP":3,"CRF":10,"CRP":9,"CF":3.35,"CFD":23.27,"CQt":2.74,"CPz":0.382,"CPzD":16.72,"CPr":8.77}
,{"DP":"CUMLAUDE LAB: HIDRATANTE INTERNO MONODOSIS 6 ML 6 U","DD":"DERMOFARM","FRF":8,"FRP":8,"CRF":11,"CRP":12,"CF":3.26,"CFD":7.79,"CQt":2.66,"CPz":0.255,"CPzD":7.88,"CPr":12.79}
,{"DP":"DUREX SENSITIVO SUAVE 12 U","DD":"RECKITT BENCKISER HEALTHCARE  S A","FRF":11,"FRP":11,"CRF":12,"CRP":11,"CF":2.65,"CFD":-33.17,"CQt":2.16,"CPz":0.273,"CPzD":-34.72,"CPr":9.7}
,{"DP":"DUREX PLAY BASICO  PLEASURE GEL 50 ML","DD":"RECKITT BENCKISER HEALTHCARE  S A","FRF":2,"FRP":2,"CRF":13,"CRP":13,"CF":1.85,"CFD":-35.53,"CQt":1.51,"CPz":0.218,"CPzD":-29.47,"CPr":8.48}
,{"DP":"DUREX EXTRA SEGURO 12 U","DD":"RECKITT BENCKISER HEALTHCARE  S A","FRF":9,"FRP":9,"CRF":14,"CRP":14,"CF":0,"CFD":-100,"CQt":0,"CPz":0,"CPzD":-100,"CPr":null}]}