{"datiDettRefF":[
{"DP":"TOBILLERA T- MED","DD":"3M ESPAÑA","FRF":1,"FRP":1,"FF":49.5,"FFD":null,"FQt":20.09,"FPz":3,"FPzD":null,"FPr":16.5,"MRF":10,"MRP":9,"CRF":9,"CRP":9}
,{"DP":"TOBILLERA DCHA T- 1","DD":"PRO-ORTO","FRF":2,"FRP":3,"FF":31.65,"FFD":5.68,"FQt":12.84,"FPz":1,"FPzD":0,"FPr":31.65,"MRF":12,"MRP":13,"CRF":13,"CRP":13}
,{"DP":"PANTY COMP NORMAL 140 DEN NEGRO T-2","DD":"BSN MEDICAL","FRF":3,"FRP":4,"FF":25.5,"FFD":null,"FQt":10.35,"FPz":1,"FPzD":null,"FPr":25.5,"MRF":15,"MRP":16,"CRF":16,"CRP":16}
,{"DP":"RODILLERA ESTABILIZADORA T-L","DD":"3M ESPAÑA","FRF":4,"FRP":5,"FF":24.5,"FFD":null,"FQt":9.94,"FPz":1,"FPzD":null,"FPr":24.5,"MRF":11,"MRP":11,"CRF":7,"CRP":7}
,{"DP":"FAJA BEIGE T- 2","DD":"CINFA","FRF":5,"FRP":6,"FF":21.5,"FFD":null,"FQt":8.72,"FPz":1,"FPzD":null,"FPr":21.5,"MRF":5,"MRP":10,"CRF":5,"CRP":6}
,{"DP":"SCHOLL PARTY FEET APOYO ALMOHADILLA PLANTAR 1 PAR","DD":"RECKITT BENCKISER HEALTHCARE  S A","FRF":6,"FRP":2,"FF":15,"FFD":null,"FQt":6.09,"FPz":2,"FPzD":null,"FPr":7.5,"MRF":3,"MRP":4,"CRF":4,"CRP":4}
,{"DP":"MUÑEQUERA T- S M","DD":"3M ESPAÑA","FRF":7,"FRP":7,"FF":11.5,"FFD":null,"FQt":4.67,"FPz":1,"FPzD":null,"FPr":11.5,"MRF":8,"MRP":8,"CRF":8,"CRP":8}
,{"DP":"COLLARIN CERVICAL T- GDE","DD":"BSN MEDICAL","FRF":8,"FRP":8,"FF":9.95,"FFD":null,"FQt":4.04,"FPz":1,"FPzD":null,"FPr":9.95,"MRF":17,"MRP":17,"CRF":17,"CRP":17}
,{"DP":"COLLARIN CERVICAL T- MED","DD":"BSN MEDICAL","FRF":9,"FRP":9,"FF":9.95,"FFD":null,"FQt":4.04,"FPz":1,"FPzD":null,"FPr":9.95,"MRF":16,"MRP":15,"CRF":15,"CRP":15}
,{"DP":"TUBO ELASTICO RECORTABLE ELAST RECUBIERTO 11 MM","DD":"LABLOSAN","FRF":10,"FRP":10,"FF":8.75,"FFD":-12.06,"FQt":3.55,"FPz":1,"FPzD":0,"FPr":8.75,"MRF":13,"MRP":14,"CRF":14,"CRP":14}
,{"DP":"TALONERA PROTECTORA 1 PAR","DD":"RECKITT BENCKISER HEALTHCARE  S A","FRF":11,"FRP":11,"FF":8.25,"FFD":18.71,"FQt":3.35,"FPz":1,"FPzD":0,"FPr":8.25,"MRF":6,"MRP":6,"CRF":10,"CRP":10}
,{"DP":"BOLSA AGUA CALIENTE","DD":"","FRF":12,"FRP":12,"FF":7.75,"FFD":null,"FQt":3.14,"FPz":1,"FPzD":null,"FPr":7.75,"MRF":9,"MRP":7,"CRF":11,"CRP":11}
,{"DP":"COMPEED CALLOS ACTIVOS 6 APOSITOS MEDIANOS","DD":"JOHNSON & JOHNSON","FRF":13,"FRP":13,"FF":7.6,"FFD":-3.18,"FQt":3.08,"FPz":1,"FPzD":0,"FPr":7.6,"MRF":2,"MRP":3,"CRF":3,"CRP":3}
,{"DP":"COMPEED DUREZAS T- GDE 2 U","DD":"JOHNSON & JOHNSON","FRF":14,"FRP":14,"FF":5.85,"FFD":6.36,"FQt":2.37,"FPz":1,"FPzD":0,"FPr":5.85,"MRF":7,"MRP":5,"CRF":6,"CRP":5}
,{"DP":"PROTECTOR BUCAL VARIOS","DD":"","FRF":15,"FRP":15,"FF":5.23,"FFD":null,"FQt":2.12,"FPz":1,"FPzD":null,"FPr":5.23,"MRF":14,"MRP":12,"CRF":12,"CRP":12}
,{"DP":"SEPARADEDOS PLANO T - S 2 U","DD":"MASERMIN","FRF":16,"FRP":16,"FF":3.95,"FFD":null,"FQt":1.6,"FPz":1,"FPzD":null,"FPr":3.95,"MRF":18,"MRP":18,"CRF":18,"CRP":18}
,{"DP":"MASCARILLAS PROTECTORAS","DD":"","FRF":17,"FRP":17,"FF":0,"FFD":null,"FQt":0,"FPz":0,"FPzD":null,"FPr":null,"MRF":4,"MRP":2,"CRF":2,"CRP":2}
,{"DP":"PASTILLEROS","DD":"","FRF":18,"FRP":18,"FF":0,"FFD":null,"FQt":0,"FPz":0,"FPzD":null,"FPr":null,"MRF":1,"MRP":1,"CRF":1,"CRP":1}]
,"datiDettRefM":[
{"DP":"PASTILLEROS","DD":"","FRF":18,"FRP":18,"MRF":1,"MRP":1,"MF":12.52,"MFD":5.73,"MQt":2.18,"MPz":2,"MPzD":24.16,"MPr":6.89}
,{"DP":"COMPEED CALLOS ACTIVOS 6 APOSITOS MEDIANOS","DD":"JOHNSON & JOHNSON","FRF":13,"FRP":13,"MRF":2,"MRP":3,"MF":6.98,"MFD":-20.49,"MQt":1.22,"MPz":0.93,"MPzD":-20.71,"MPr":7.51}
,{"DP":"SCHOLL PARTY FEET APOYO ALMOHADILLA PLANTAR 1 PAR","DD":"RECKITT BENCKISER HEALTHCARE  S A","FRF":6,"FRP":2,"MRF":3,"MRP":4,"MF":4.11,"MFD":6.82,"MQt":0.72,"MPz":0.546,"MPzD":-2.87,"MPr":7.52}
,{"DP":"MASCARILLAS PROTECTORAS","DD":"","FRF":17,"FRP":17,"MRF":4,"MRP":2,"MF":2.38,"MFD":-31.53,"MQt":0.42,"MPz":1,"MPzD":-13.95,"MPr":2.16}
,{"DP":"FAJA BEIGE T- 2","DD":"CINFA","FRF":5,"FRP":6,"MRF":5,"MRP":10,"MF":1.78,"MFD":31.56,"MQt":0.31,"MPz":0.076,"MPzD":27.82,"MPr":23.58}
,{"DP":"TALONERA PROTECTORA 1 PAR","DD":"RECKITT BENCKISER HEALTHCARE  S A","FRF":11,"FRP":11,"MRF":6,"MRP":6,"MF":1.55,"MFD":46.31,"MQt":0.27,"MPz":0.222,"MPzD":41.62,"MPr":7}
,{"DP":"COMPEED DUREZAS T- GDE 2 U","DD":"JOHNSON & JOHNSON","FRF":14,"FRP":14,"MRF":7,"MRP":5,"MF":1.47,"MFD":58.1,"MQt":0.26,"MPz":0.259,"MPzD":54.56,"MPr":5.67}
,{"DP":"MUÑEQUERA T- S M","DD":"3M ESPAÑA","FRF":7,"FRP":7,"MRF":8,"MRP":8,"MF":1.37,"MFD":102.07,"MQt":0.24,"MPz":0.119,"MPzD":100.14,"MPr":11.51}
,{"DP":"BOLSA AGUA CALIENTE","DD":"","FRF":12,"FRP":12,"MRF":9,"MRP":7,"MF":1.35,"MFD":-50.82,"MQt":0.24,"MPz":0.146,"MPzD":-49.98,"MPr":9.25}
,{"DP":"TOBILLERA T- MED","DD":"3M ESPAÑA","FRF":1,"FRP":1,"MRF":10,"MRP":9,"MF":1.11,"MFD":-5.95,"MQt":0.19,"MPz":0.086,"MPzD":-0.56,"MPr":12.83}
,{"DP":"RODILLERA ESTABILIZADORA T-L","DD":"3M ESPAÑA","FRF":4,"FRP":5,"MRF":11,"MRP":11,"MF":0.66,"MFD":53.76,"MQt":0.12,"MPz":0.027,"MPzD":66.5,"MPr":24.51}
,{"DP":"TOBILLERA DCHA T- 1","DD":"PRO-ORTO","FRF":2,"FRP":3,"MRF":12,"MRP":13,"MF":0.57,"MFD":-36.96,"MQt":0.1,"MPz":0.022,"MPzD":-49.13,"MPr":26.24}
,{"DP":"TUBO ELASTICO RECORTABLE ELAST RECUBIERTO 11 MM","DD":"LABLOSAN","FRF":10,"FRP":10,"MRF":13,"MRP":14,"MF":0.21,"MFD":94.19,"MQt":0.04,"MPz":0.022,"MPzD":103.5,"MPr":9.86}
,{"DP":"PROTECTOR BUCAL VARIOS","DD":"","FRF":15,"FRP":15,"MRF":14,"MRP":12,"MF":0.14,"MFD":-86.45,"MQt":0.02,"MPz":0.027,"MPzD":-70.62,"MPr":5.13}
,{"DP":"PANTY COMP NORMAL 140 DEN NEGRO T-2","DD":"BSN MEDICAL","FRF":3,"FRP":4,"MRF":15,"MRP":16,"MF":0.14,"MFD":-3.95,"MQt":0.02,"MPz":0.005,"MPzD":-7.5,"MPr":25.5}
,{"DP":"COLLARIN CERVICAL T- MED","DD":"BSN MEDICAL","FRF":9,"FRP":9,"MRF":16,"MRP":15,"MF":0.12,"MFD":null,"MQt":0.02,"MPz":0.011,"MPzD":null,"MPr":11.42}
,{"DP":"COLLARIN CERVICAL T- GDE","DD":"BSN MEDICAL","FRF":8,"FRP":8,"MRF":17,"MRP":17,"MF":0.05,"MFD":null,"MQt":0.01,"MPz":0.005,"MPzD":null,"MPr":9.95}
,{"DP":"SEPARADEDOS PLANO T - S 2 U","DD":"MASERMIN","FRF":16,"FRP":16,"MRF":18,"MRP":18,"MF":0.02,"MFD":null,"MQt":0,"MPz":0.005,"MPzD":null,"MPr":3.95}]
,"datiDettRefC":[
{"DP":"PASTILLEROS","DD":"","FRF":18,"FRP":18,"CRF":1,"CRP":1,"CF":8.54,"CFD":-10.32,"CQt":3.72,"CPz":2,"CPzD":18.28,"CPr":4.89}
,{"DP":"MASCARILLAS PROTECTORAS","DD":"","FRF":17,"FRP":17,"CRF":2,"CRP":2,"CF":2.07,"CFD":-21.35,"CQt":0.9,"CPz":0.709,"CPzD":55.98,"CPr":2.93}
,{"DP":"COMPEED CALLOS ACTIVOS 6 APOSITOS MEDIANOS","DD":"JOHNSON & JOHNSON","FRF":13,"FRP":13,"CRF":3,"CRP":3,"CF":1.9,"CFD":-14.98,"CQt":0.83,"CPz":0.255,"CPzD":-12.34,"CPr":7.46}
,{"DP":"SCHOLL PARTY FEET APOYO ALMOHADILLA PLANTAR 1 PAR","DD":"RECKITT BENCKISER HEALTHCARE  S A","FRF":6,"FRP":2,"CRF":4,"CRP":4,"CF":1.75,"CFD":97.73,"CQt":0.76,"CPz":0.236,"CPzD":62.25,"CPr":7.38}
,{"DP":"FAJA BEIGE T- 2","DD":"CINFA","FRF":5,"FRP":6,"CRF":5,"CRP":6,"CF":1.24,"CFD":37.43,"CQt":0.54,"CPz":0.055,"CPzD":51.25,"CPr":22.81}
,{"DP":"COMPEED DUREZAS T- GDE 2 U","DD":"JOHNSON & JOHNSON","FRF":14,"FRP":14,"CRF":6,"CRP":5,"CF":0.63,"CFD":65.38,"CQt":0.27,"CPz":0.109,"CPzD":49.88,"CPr":5.73}
,{"DP":"RODILLERA ESTABILIZADORA T-L","DD":"3M ESPAÑA","FRF":4,"FRP":5,"CRF":7,"CRP":7,"CF":0.45,"CFD":null,"CQt":0.2,"CPz":0.018,"CPzD":null,"CPr":24.95}
,{"DP":"MUÑEQUERA T- S M","DD":"3M ESPAÑA","FRF":7,"FRP":7,"CRF":8,"CRP":8,"CF":0.2,"CFD":-70.96,"CQt":0.09,"CPz":0.018,"CPzD":-67,"CPr":11}
,{"DP":"TOBILLERA T- MED","DD":"3M ESPAÑA","FRF":1,"FRP":1,"CRF":9,"CRP":9,"CF":0.15,"CFD":null,"CQt":0.07,"CPz":0.018,"CPzD":null,"CPr":8.2}
,{"DP":"TALONERA PROTECTORA 1 PAR","DD":"RECKITT BENCKISER HEALTHCARE  S A","FRF":11,"FRP":11,"CRF":10,"CRP":10,"CF":0.12,"CFD":-6.47,"CQt":0.05,"CPz":0.018,"CPzD":-1,"CPr":6.5}
,{"DP":"BOLSA AGUA CALIENTE","DD":"","FRF":12,"FRP":12,"CRF":11,"CRP":11,"CF":0,"CFD":-100,"CQt":0,"CPz":0,"CPzD":-100,"CPr":null}
,{"DP":"PROTECTOR BUCAL VARIOS","DD":"","FRF":15,"FRP":15,"CRF":12,"CRP":12,"CF":0,"CFD":-100,"CQt":0,"CPz":0,"CPzD":-100,"CPr":null}
,{"DP":"TOBILLERA DCHA T- 1","DD":"PRO-ORTO","FRF":2,"FRP":3,"CRF":13,"CRP":13,"CF":0,"CFD":null,"CQt":0,"CPz":0,"CPzD":null,"CPr":null}
,{"DP":"TUBO ELASTICO RECORTABLE ELAST RECUBIERTO 11 MM","DD":"LABLOSAN","FRF":10,"FRP":10,"CRF":14,"CRP":14,"CF":0,"CFD":null,"CQt":0,"CPz":0,"CPzD":null,"CPr":null}
,{"DP":"COLLARIN CERVICAL T- MED","DD":"BSN MEDICAL","FRF":9,"FRP":9,"CRF":15,"CRP":15,"CF":0,"CFD":null,"CQt":0,"CPz":0,"CPzD":null,"CPr":null}
,{"DP":"PANTY COMP NORMAL 140 DEN NEGRO T-2","DD":"BSN MEDICAL","FRF":3,"FRP":4,"CRF":16,"CRP":16,"CF":0,"CFD":null,"CQt":0,"CPz":0,"CPzD":null,"CPr":null}
,{"DP":"COLLARIN CERVICAL T- GDE","DD":"BSN MEDICAL","FRF":8,"FRP":8,"CRF":17,"CRP":17,"CF":0,"CFD":null,"CQt":0,"CPz":0,"CPzD":null,"CPr":null}
,{"DP":"SEPARADEDOS PLANO T - S 2 U","DD":"MASERMIN","FRF":16,"FRP":16,"CRF":18,"CRP":18,"CF":0,"CFD":null,"CQt":0,"CPz":0,"CPzD":null,"CPr":null}]}