{"datiDettRefF":[
{"DP":"PROCOX 0.918 MGML SUSPENSION ORAL 7.5 ML","DD":"BAYER HISPANIA S.L.","FRF":1,"FRP":1,"FF":46.83,"FFD":null,"FQt":43.75,"FPz":3,"FPzD":null,"FPr":15.61,"MRF":6,"MRP":6,"CRF":6,"CRP":6}
,{"DP":"BENEFORTIN SABOR 5 MG","DD":"BOEHRINGER INGELHEIM, S.A.","FRF":2,"FRP":2,"FF":21.95,"FFD":null,"FQt":20.51,"FPz":1,"FPzD":null,"FPr":21.95,"MRF":4,"MRP":5,"CRF":4,"CRP":5}
,{"DP":"FORTEKOR SABOR 2.5 MG 28 COMPRIMIDOS","DD":"NOVARTIS","FRF":3,"FRP":3,"FF":17.95,"FFD":null,"FQt":16.77,"FPz":1,"FPzD":null,"FPr":17.95,"MRF":3,"MRP":3,"CRF":5,"CRP":4}
,{"DP":"SOLMYCIN 300 300 MGML 12 FRASCOS 250 ML","DD":"ZOETIS","FRF":4,"FRP":4,"FF":13.65,"FFD":null,"FQt":12.75,"FPz":1,"FPzD":null,"FPr":13.65,"MRF":7,"MRP":7,"CRF":7,"CRP":7}
,{"DP":"ZIPYRAN PLUS SABOR 2 COMPRIMIDOS","DD":"CALIER","FRF":5,"FRP":5,"FF":6.65,"FFD":null,"FQt":6.21,"FPz":1,"FPzD":null,"FPr":6.65,"MRF":5,"MRP":4,"CRF":3,"CRP":3}
,{"DP":"MASTICAL 1250 MG (500 MG CA) 90 COMPRIMIDOS MASTICABLES","DD":"TAKEDA FARMACEUTICA ESPAÑA S.A.","FRF":6,"FRP":6,"FF":0,"FFD":null,"FQt":0,"FPz":0,"FPzD":null,"FPr":null,"MRF":2,"MRP":2,"CRF":1,"CRP":1}
,{"DP":"VETERINARIA VARIOS","DD":"","FRF":7,"FRP":7,"FF":0,"FFD":null,"FQt":0,"FPz":0,"FPzD":null,"FPr":null,"MRF":1,"MRP":1,"CRF":2,"CRP":2}]
,"datiDettRefM":[
{"DP":"VETERINARIA VARIOS","DD":"","FRF":7,"FRP":7,"MRF":1,"MRP":1,"MF":10.17,"MFD":23.22,"MQt":5.19,"MPz":2,"MPzD":30.28,"MPr":5.55}
,{"DP":"MASTICAL 1250 MG (500 MG CA) 90 COMPRIMIDOS MASTICABLES","DD":"TAKEDA FARMACEUTICA ESPAÑA S.A.","FRF":6,"FRP":6,"MRF":2,"MRP":2,"MF":4.36,"MFD":-0.08,"MQt":2.23,"MPz":1,"MPzD":-5.13,"MPr":4.12}
,{"DP":"FORTEKOR SABOR 2.5 MG 28 COMPRIMIDOS","DD":"NOVARTIS","FRF":3,"FRP":3,"MRF":3,"MRP":3,"MF":1.82,"MFD":-20.99,"MQt":0.93,"MPz":0.097,"MPzD":-21.98,"MPr":18.73}
,{"DP":"BENEFORTIN SABOR 5 MG","DD":"BOEHRINGER INGELHEIM, S.A.","FRF":2,"FRP":2,"MRF":4,"MRP":5,"MF":1.11,"MFD":44.23,"MQt":0.57,"MPz":0.043,"MPzD":32.58,"MPr":25.78}
,{"DP":"ZIPYRAN PLUS SABOR 2 COMPRIMIDOS","DD":"CALIER","FRF":5,"FRP":5,"MRF":5,"MRP":4,"MF":0.84,"MFD":22.57,"MQt":0.43,"MPz":0.097,"MPzD":-14.55,"MPr":8.59}
,{"DP":"PROCOX 0.918 MGML SUSPENSION ORAL 7.5 ML","DD":"BAYER HISPANIA S.L.","FRF":1,"FRP":1,"MRF":6,"MRP":6,"MF":0.25,"MFD":null,"MQt":0.13,"MPz":0.016,"MPzD":null,"MPr":15.61}
,{"DP":"SOLMYCIN 300 300 MGML 12 FRASCOS 250 ML","DD":"ZOETIS","FRF":4,"FRP":4,"MRF":7,"MRP":7,"MF":0.07,"MFD":null,"MQt":0.04,"MPz":0.005,"MPzD":null,"MPr":13.65}]
,"datiDettRefC":[
{"DP":"MASTICAL 1250 MG (500 MG CA) 90 COMPRIMIDOS MASTICABLES","DD":"TAKEDA FARMACEUTICA ESPAÑA S.A.","FRF":6,"FRP":6,"CRF":1,"CRP":1,"CF":4.12,"CFD":11.79,"CQt":3.98,"CPz":1,"CPzD":12.24,"CPr":4.12}
,{"DP":"VETERINARIA VARIOS","DD":"","FRF":7,"FRP":7,"CRF":2,"CRP":2,"CF":2.33,"CFD":-26.12,"CQt":2.25,"CPz":0.182,"CPzD":-37.44,"CPr":12.82}
,{"DP":"ZIPYRAN PLUS SABOR 2 COMPRIMIDOS","DD":"CALIER","FRF":5,"FRP":5,"CRF":3,"CRP":3,"CF":1.55,"CFD":58.06,"CQt":1.49,"CPz":0.164,"CPzD":12.75,"CPr":9.45}
,{"DP":"BENEFORTIN SABOR 5 MG","DD":"BOEHRINGER INGELHEIM, S.A.","FRF":2,"FRP":2,"CRF":4,"CRP":5,"CF":0.99,"CFD":-18.72,"CQt":0.96,"CPz":0.036,"CPzD":-34,"CPr":27.35}
,{"DP":"FORTEKOR SABOR 2.5 MG 28 COMPRIMIDOS","DD":"NOVARTIS","FRF":3,"FRP":3,"CRF":5,"CRP":4,"CF":0.92,"CFD":-32.81,"CQt":0.89,"CPz":0.055,"CPzD":-24.37,"CPr":16.85}
,{"DP":"PROCOX 0.918 MGML SUSPENSION ORAL 7.5 ML","DD":"BAYER HISPANIA S.L.","FRF":1,"FRP":1,"CRF":6,"CRP":6,"CF":0,"CFD":null,"CQt":0,"CPz":0,"CPzD":null,"CPr":null}
,{"DP":"SOLMYCIN 300 300 MGML 12 FRASCOS 250 ML","DD":"ZOETIS","FRF":4,"FRP":4,"CRF":7,"CRP":7,"CF":0,"CFD":null,"CQt":0,"CPz":0,"CPzD":null,"CPr":null}]}