{"datiDettRefF":[
{"DP":"HYLO GEL 10 ML","DD":"BRILL PHARMA S L","FRF":1,"FRP":9,"FF":192.5,"FFD":210.48,"FQt":4.91,"FPz":11,"FPzD":175,"FPr":17.5,"MRF":8,"MRP":21,"CRF":8,"CRP":17}
,{"DP":"HYABAK 0.15% 10 ML","DD":"THEA","FRF":2,"FRP":8,"FF":158.05,"FFD":88.15,"FQt":4.03,"FPz":13,"FPzD":85.71,"FPr":12.16,"MRF":4,"MRP":6,"CRF":4,"CRP":10}
,{"DP":"HYLO COMOD 10 ML","DD":"BRILL PHARMA S L","FRF":3,"FRP":11,"FF":156.5,"FFD":93.21,"FQt":3.99,"FPz":10,"FPzD":66.67,"FPr":15.65,"MRF":10,"MRP":22,"CRF":9,"CRP":18}
,{"DP":"RICOLA","DD":"DIAFARM","FRF":4,"FRP":3,"FF":150.07,"FFD":-42.01,"FQt":3.83,"FPz":61,"FPzD":-37.76,"FPr":2.46,"MRF":6,"MRP":2,"CRF":6,"CRP":2}
,{"DP":"VITANATUR COLAGENO ANTIOX PLAN","DD":"","FRF":5,"FRP":21,"FF":141.28,"FFD":-20.28,"FQt":3.6,"FPz":4,"FPzD":-20,"FPr":35.32,"MRF":91,"MRP":144,"CRF":144,"CRP":146}
,{"DP":"SUERO FISIOLOGICO MONODOSIS MONODOSIS 5 ML 30 U","DD":"DISTROSUR","FRF":6,"FRP":6,"FF":114.71,"FFD":56.07,"FQt":2.93,"FPz":22,"FPzD":57.14,"FPr":5.21,"MRF":63,"MRP":91,"CRF":73,"CRP":76}
,{"DP":"MUSTELA TOALLITAS PACK 4 UNIDA","DD":"","FRF":7,"FRP":12,"FF":106.11,"FFD":null,"FQt":2.71,"FPz":10,"FPzD":null,"FPr":10.61,"MRF":94,"MRP":134,"CRF":136,"CRP":138}
,{"DP":"FULLMARKS SPRAY 150 ML","DD":"RECKITT BENCKISER HEALTHCARE  S A","FRF":8,"FRP":28,"FF":89.85,"FFD":null,"FQt":2.29,"FPz":3,"FPzD":null,"FPr":29.95,"MRF":24,"MRP":92,"CRF":52,"CRP":89}
,{"DP":"THEALOZ DUO 10 ML","DD":"THEA","FRF":9,"FRP":17,"FF":84.35,"FFD":-37.61,"FQt":2.15,"FPz":5,"FPzD":-37.5,"FPr":16.87,"MRF":7,"MRP":13,"CRF":5,"CRP":16}
,{"DP":"DR SCHOLL STOP VERRUGAS 80 ML","DD":"RECKITT BENCKISER HEALTHCARE  S A","FRF":10,"FRP":29,"FF":77.25,"FFD":61.27,"FQt":1.97,"FPz":3,"FPzD":50,"FPr":25.75,"MRF":72,"MRP":128,"CRF":55,"CRP":90}
,{"DP":"PENDIENTES","DD":"","FRF":11,"FRP":15,"FF":75,"FFD":50,"FQt":1.91,"FPz":6,"FPzD":50,"FPr":12.5,"MRF":3,"MRP":5,"CRF":2,"CRP":5}
,{"DP":"LACER GINGILACER DUPLO 125 ML+","DD":"","FRF":12,"FRP":18,"FF":64.75,"FFD":null,"FQt":1.65,"FPz":5,"FPzD":null,"FPr":12.95,"MRF":107,"MRP":142,"CRF":142,"CRP":144}
,{"DP":"HELL CYSTEEL 28 CAPSULAS","DD":"","FRF":13,"FRP":30,"FF":59.4,"FFD":null,"FQt":1.52,"FPz":3,"FPzD":null,"FPr":19.8,"MRF":109,"MRP":149,"CRF":148,"CRP":150}
,{"DP":"PRANAROM SPRAY PURIFICANTE","DD":"PRANAROM","FRF":14,"FRP":22,"FF":56.86,"FFD":201.64,"FQt":1.45,"FPz":4,"FPzD":300,"FPr":14.21,"MRF":49,"MRP":109,"CRF":36,"CRP":71}
,{"DP":"LIERAC CICA-FILLER SERUM ANTIA","DD":"","FRF":15,"FRP":59,"FF":50.15,"FFD":null,"FQt":1.28,"FPz":1,"FPzD":null,"FPr":50.15,"MRF":96,"MRP":154,"CRF":152,"CRP":154}
,{"DP":"POMPEIA OLEUM INTIMO 50ML","DD":"","FRF":16,"FRP":60,"FF":49.95,"FFD":null,"FQt":1.27,"FPz":1,"FPzD":null,"FPr":49.95,"MRF":111,"MRP":165,"CRF":162,"CRP":164}
,{"DP":"R&G THE FANTASIE CREMA CORPORA","DD":"","FRF":17,"FRP":61,"FF":49.9,"FFD":null,"FQt":1.27,"FPz":1,"FPzD":null,"FPr":49.9,"MRF":112,"MRP":166,"CRF":163,"CRP":165}
,{"DP":"VICHY DESODORANTE BOLA VERDE P","DD":"","FRF":18,"FRP":31,"FF":49.5,"FFD":null,"FQt":1.26,"FPz":3,"FPzD":null,"FPr":16.5,"MRF":113,"MRP":150,"CRF":149,"CRP":151}
,{"DP":"LIERAC CICA-FILLER CREMA ANTIA","DD":"","FRF":19,"FRP":62,"FF":49,"FFD":null,"FQt":1.25,"FPz":1,"FPzD":null,"FPr":49,"MRF":92,"MRP":148,"CRF":147,"CRP":149}
,{"DP":"PHYTONOVATHRIX CHAMPU ENERGIZA","DD":"","FRF":20,"FRP":23,"FF":47.6,"FFD":null,"FQt":1.21,"FPz":4,"FPzD":null,"FPr":11.9,"MRF":86,"MRP":130,"CRF":134,"CRP":136}
,{"DP":"PARA`KITO PULSERA COULEUR ","DD":"MILO","FRF":21,"FRP":39,"FF":47,"FFD":null,"FQt":1.2,"FPz":2,"FPzD":null,"FPr":23.5,"MRF":93,"MRP":138,"CRF":139,"CRP":141}
,{"DP":"BM AVD MICOTHERAPY 60 CAPS","DD":"","FRF":22,"FRP":63,"FF":46.95,"FFD":null,"FQt":1.2,"FPz":1,"FPzD":null,"FPr":46.95,"MRF":114,"MRP":167,"CRF":164,"CRP":166}
,{"DP":"ACOFARMA CAPSULES GASTRORESIST","DD":"","FRF":23,"FRP":64,"FF":44.95,"FFD":null,"FQt":1.15,"FPz":1,"FPzD":null,"FPr":44.95,"MRF":115,"MRP":168,"CRF":165,"CRP":167}
,{"DP":"VITA-POS POMADA OFTALMICA 5 G","DD":"BRILL PHARMA S L","FRF":24,"FRP":32,"FF":44.85,"FFD":52.03,"FQt":1.14,"FPz":3,"FPzD":50,"FPr":14.95,"MRF":23,"MRP":57,"CRF":23,"CRP":58}
,{"DP":"JUANOLAS: BUCOFÁRINGEOS","DD":"ANGELINI FARMACÉUTICA S A","FRF":25,"FRP":10,"FF":44.8,"FFD":-47.29,"FQt":1.14,"FPz":11,"FPzD":-50,"FPr":4.07,"MRF":5,"MRP":3,"CRF":7,"CRP":3}]
,"datiDettRefM":[
{"DP":"VACUNA ALERGIA","DD":"","FRF":208,"FRP":208,"MRF":1,"MRP":20,"MF":835.98,"MFD":3.21,"MQt":13.62,"MPz":3,"MPzD":8.82,"MPr":318.88}
,{"DP":"SERVICIOS VARIOS FARMACIA","DD":"","FRF":202,"FRP":202,"MRF":2,"MRP":4,"MF":153.17,"MFD":-27.51,"MQt":2.5,"MPz":22,"MPzD":-7.1,"MPr":6.92}
,{"DP":"PENDIENTES","DD":"","FRF":11,"FRP":15,"MRF":3,"MRP":5,"MF":131.84,"MFD":25.18,"MQt":2.15,"MPz":15,"MPzD":21.92,"MPr":8.62}
,{"DP":"HYABAK 0.15% 10 ML","DD":"THEA","FRF":2,"FRP":8,"MRF":4,"MRP":6,"MF":101.01,"MFD":7.26,"MQt":1.65,"MPz":9,"MPzD":15.22,"MPr":11.87}
,{"DP":"JUANOLAS: BUCOFÁRINGEOS","DD":"ANGELINI FARMACÉUTICA S A","FRF":25,"FRP":10,"MRF":5,"MRP":3,"MF":76.67,"MFD":-6.89,"MQt":1.25,"MPz":25,"MPzD":-13.15,"MPr":3.07}
,{"DP":"RICOLA","DD":"DIAFARM","FRF":4,"FRP":3,"MRF":6,"MRP":2,"MF":72.53,"MFD":-2.24,"MQt":1.18,"MPz":29,"MPzD":-0.96,"MPr":2.47}
,{"DP":"THEALOZ DUO 10 ML","DD":"THEA","FRF":9,"FRP":17,"MRF":7,"MRP":13,"MF":64.05,"MFD":5.79,"MQt":1.04,"MPz":4,"MPzD":10.12,"MPr":16.62}
,{"DP":"HYLO GEL 10 ML","DD":"BRILL PHARMA S L","FRF":1,"FRP":9,"MRF":8,"MRP":21,"MF":54.24,"MFD":17.44,"MQt":0.88,"MPz":3,"MPzD":-1.25,"MPr":15.88}
,{"DP":"RHINOMER LIMPIEZA NASAL F-3 NEBULIZADOR 180 ML","DD":"NOVARTIS","FRF":201,"FRP":201,"MRF":9,"MRP":10,"MF":44.81,"MFD":-8.34,"MQt":0.73,"MPz":5,"MPzD":-6.47,"MPr":9.26}
,{"DP":"HYLO COMOD 10 ML","DD":"BRILL PHARMA S L","FRF":3,"FRP":11,"MRF":10,"MRP":22,"MF":44.26,"MFD":23.24,"MQt":0.72,"MPz":3,"MPzD":12.58,"MPr":14.22}
,{"DP":"RHINOMER LIMPIEZA NASAL F-2 NEBULIZADOR 180 ML","DD":"NOVARTIS","FRF":200,"FRP":200,"MRF":11,"MRP":14,"MF":41.64,"MFD":-16.49,"MQt":0.68,"MPz":4,"MPzD":-26.59,"MPr":9.32}
,{"DP":"AQUORAL GOTAS OFTALMICAS LUBRICANTES ESTERIL MONODOSIS 0.5 ML 20 U","DD":"ESTEVE","FRF":46,"FRP":35,"MRF":12,"MRP":23,"MF":35.63,"MFD":12.48,"MQt":0.58,"MPz":3,"MPzD":-4.97,"MPr":10.19}
,{"DP":"HYLO DUAL 10 ML","DD":"BRILL PHARMA S L","FRF":32,"FRP":41,"MRF":13,"MRP":32,"MF":33.38,"MFD":3.23,"MQt":0.54,"MPz":2,"MPzD":20.52,"MPr":19.48}
,{"DP":"SYSTANE ULTRA 10 ML","DD":"ALCON CUSI","FRF":54,"FRP":48,"MRF":14,"MRP":24,"MF":32.37,"MFD":-3.52,"MQt":0.53,"MPz":3,"MPzD":0.91,"MPr":11.17}
,{"DP":"LUBRISTIL SOLUCION OFTALMICA 30 MONODOSIS 0.3 ML","DD":"ANGELINI FARMACÉUTICA S A","FRF":30,"FRP":33,"MRF":15,"MRP":33,"MF":29.72,"MFD":-7.06,"MQt":0.48,"MPz":2,"MPzD":-10.41,"MPr":13.88}
,{"DP":"SYSTANE HYDRATACION GOTAS OFTA","DD":"","FRF":205,"FRP":205,"MRF":16,"MRP":34,"MF":25.7,"MFD":-3.98,"MQt":0.42,"MPz":2,"MPzD":1.37,"MPr":13.82}
,{"DP":"FULLMARKS LOCION 100 ML","DD":"RECKITT BENCKISER HEALTHCARE  S A","FRF":186,"FRP":186,"MRF":17,"MRP":54,"MF":24.9,"MFD":-15.69,"MQt":0.41,"MPz":1,"MPzD":-30.19,"MPr":20.84}
,{"DP":"AQUORAL FORTE C A HIALURONICO 0.4% 0.5 ML 30 MONODOSIS","DD":"ESTEVE","FRF":179,"FRP":179,"MRF":18,"MRP":55,"MF":21.16,"MFD":-11.22,"MQt":0.34,"MPz":1,"MPzD":-29.39,"MPr":17.1}
,{"DP":"FISIOLOGIC SOLUCION SALINA NASAL Y OFTALMICA 5 ML 30 MONODOSIS","DD":"FERRER INTERNACIONAL","FRF":184,"FRP":184,"MRF":19,"MRP":11,"MF":19.41,"MFD":-36.2,"MQt":0.32,"MPz":5,"MPzD":-27.73,"MPr":4.21}
,{"DP":"SYSTANE COMPLETE 10 ML","DD":"ALCON CUSI","FRF":204,"FRP":204,"MRF":20,"MRP":56,"MF":19.38,"MFD":null,"MQt":0.32,"MPz":1,"MPzD":null,"MPr":15.2}
,{"DP":"RHINOMER BABY LIMPIEZA NASAL F- EXTRA SUAVE ESTERIL NEBULIZADOR 115 ML","DD":"NOVARTIS","FRF":198,"FRP":198,"MRF":21,"MRP":35,"MF":18.25,"MFD":3.57,"MQt":0.3,"MPz":2,"MPzD":6.32,"MPr":9.54}
,{"DP":"LUSAN SUERO FISIOLOGICO NASAL MONODOSIS 5 ML 30 U","DD":"HARTMANN","FRF":192,"FRP":192,"MRF":22,"MRP":15,"MF":16.85,"MFD":6.99,"MQt":0.27,"MPz":4,"MPzD":2.21,"MPr":3.85}
,{"DP":"VITA-POS POMADA OFTALMICA 5 G","DD":"BRILL PHARMA S L","FRF":24,"FRP":32,"MRF":23,"MRP":57,"MF":16.58,"MFD":1.93,"MQt":0.27,"MPz":1,"MPzD":-8.42,"MPr":14.96}
,{"DP":"FULLMARKS SPRAY 150 ML","DD":"RECKITT BENCKISER HEALTHCARE  S A","FRF":8,"FRP":28,"MRF":24,"MRP":92,"MF":16.39,"MFD":8.72,"MQt":0.27,"MPz":0.67,"MPzD":-31.14,"MPr":24.45}
,{"DP":"AQUORAL GOTAS OFTALMICAS LUBRICANTES ESTERIL MULTIDOSIS 10 ML","DD":"ESTEVE","FRF":87,"FRP":102,"MRF":25,"MRP":58,"MF":16.27,"MFD":52.69,"MQt":0.27,"MPz":1,"MPzD":11.45,"MPr":12.18}]
,"datiDettRefC":[
{"DP":"VACUNA ALERGIA","DD":"","FRF":208,"FRP":208,"CRF":1,"CRP":15,"CF":508.69,"CFD":8.56,"CQt":18.4,"CPz":2,"CPzD":23.6,"CPr":325.33}
,{"DP":"PENDIENTES","DD":"","FRF":11,"FRP":15,"CRF":2,"CRP":5,"CF":61.15,"CFD":28.54,"CQt":2.21,"CPz":7,"CPzD":26.64,"CPr":8.51}
,{"DP":"SERVICIOS VARIOS FARMACIA","DD":"","FRF":202,"FRP":202,"CRF":3,"CRP":4,"CF":51.11,"CFD":1.25,"CQt":1.85,"CPz":9,"CPzD":-26.12,"CPr":5.8}
,{"DP":"HYABAK 0.15% 10 ML","DD":"THEA","FRF":2,"FRP":8,"CRF":4,"CRP":10,"CF":35.77,"CFD":-12.11,"CQt":1.29,"CPz":3,"CPzD":-6.78,"CPr":12.86}
,{"DP":"THEALOZ DUO 10 ML","DD":"THEA","FRF":9,"FRP":17,"CRF":5,"CRP":16,"CF":35.3,"CFD":-1.14,"CQt":1.28,"CPz":2,"CPzD":-5.17,"CPr":17.03}
,{"DP":"RICOLA","DD":"DIAFARM","FRF":4,"FRP":3,"CRF":6,"CRP":2,"CF":35.14,"CFD":16.54,"CQt":1.27,"CPz":14,"CPzD":17.92,"CPr":2.46}
,{"DP":"JUANOLAS: BUCOFÁRINGEOS","DD":"ANGELINI FARMACÉUTICA S A","FRF":25,"FRP":10,"CRF":7,"CRP":3,"CF":34.04,"CFD":-15.66,"CQt":1.23,"CPz":13,"CPzD":-19.48,"CPr":2.7}
,{"DP":"HYLO GEL 10 ML","DD":"BRILL PHARMA S L","FRF":1,"FRP":9,"CRF":8,"CRP":17,"CF":26.42,"CFD":6.55,"CQt":0.96,"CPz":2,"CPzD":26.44,"CPr":15.62}
,{"DP":"HYLO COMOD 10 ML","DD":"BRILL PHARMA S L","FRF":3,"FRP":11,"CRF":9,"CRP":18,"CF":21.54,"CFD":42.11,"CQt":0.78,"CPz":2,"CPzD":77.42,"CPr":13.77}
,{"DP":"SYSTANE HYDRATACION GOTAS OFTA","DD":"","FRF":205,"FRP":205,"CRF":10,"CRP":31,"CF":19.55,"CFD":9.23,"CQt":0.71,"CPz":1,"CPzD":-25.68,"CPr":13.78}
,{"DP":"RHINOMER LIMPIEZA NASAL F-3 NEBULIZADOR 180 ML","DD":"NOVARTIS","FRF":201,"FRP":201,"CRF":11,"CRP":19,"CF":16.9,"CFD":-23.05,"CQt":0.61,"CPz":2,"CPzD":-15.38,"CPr":9.59}
,{"DP":"RHINOMER LIMPIEZA NASAL F-2 NEBULIZADOR 180 ML","DD":"NOVARTIS","FRF":200,"FRP":200,"CRF":12,"CRP":20,"CF":15.64,"CFD":-27.11,"CQt":0.57,"CPz":2,"CPzD":-12.7,"CPr":9.56}
,{"DP":"LUBRISTIL SOLUCION OFTALMICA 30 MONODOSIS 0.3 ML","DD":"ANGELINI FARMACÉUTICA S A","FRF":30,"FRP":33,"CRF":13,"CRP":32,"CF":15.08,"CFD":1.97,"CQt":0.55,"CPz":1,"CPzD":-1.79,"CPr":13.38}
,{"DP":"SYSTANE ULTRA 10 ML","DD":"ALCON CUSI","FRF":54,"FRP":48,"CRF":14,"CRP":33,"CF":14.75,"CFD":-11.24,"CQt":0.53,"CPz":1,"CPzD":-29.49,"CPr":11.59}
,{"DP":"AQUORAL GOTAS OFTALMICAS LUBRICANTES ESTERIL MONODOSIS 0.5 ML 20 U","DD":"ESTEVE","FRF":46,"FRP":35,"CRF":15,"CRP":34,"CF":14.69,"CFD":-7.4,"CQt":0.53,"CPz":1,"CPzD":-32.93,"CPr":10.77}
,{"DP":"AMBIENTADOR BETRES ON ","DD":"","FRF":175,"FRP":175,"CRF":16,"CRP":21,"CF":13,"CFD":-23.82,"CQt":0.47,"CPz":2,"CPzD":-44.16,"CPr":5.34}
,{"DP":"SYSTANE COMPLETE 10 ML","DD":"ALCON CUSI","FRF":204,"FRP":204,"CRF":17,"CRP":47,"CF":12.98,"CFD":null,"CQt":0.47,"CPz":0.8,"CPzD":null,"CPr":16.23}
,{"DP":"AQUORAL FORTE C A HIALURONICO 0.4% 0.5 ML 30 MONODOSIS","DD":"ESTEVE","FRF":179,"FRP":179,"CRF":18,"CRP":51,"CF":12.43,"CFD":-9.53,"CQt":0.45,"CPz":0.673,"CPzD":-11.87,"CPr":18.48}
,{"DP":"HYLO DUAL 10 ML","DD":"BRILL PHARMA S L","FRF":32,"FRP":41,"CRF":19,"CRP":59,"CF":11.72,"CFD":-25.18,"CQt":0.42,"CPz":0.564,"CPzD":-26.14,"CPr":20.79}
,{"DP":"OPTIBEN OJOS SECOS GOTAS 10 ML","DD":"CINFA","FRF":193,"FRP":193,"CRF":20,"CRP":22,"CF":11.41,"CFD":63.86,"CQt":0.41,"CPz":2,"CPzD":71.88,"CPr":5.98}
,{"DP":"APOSAN SUERO FISIOLOGICO NASAL MONODOSIS 5 ML 30 U","DD":"COFARES","FRF":177,"FRP":177,"CRF":21,"CRP":23,"CF":9.31,"CFD":148.27,"CQt":0.34,"CPz":2,"CPzD":139.13,"CPr":4.23}
,{"DP":"STADA SUERO FISIOLOGICO 5 ML 30 MONODOSIS","DD":"STADA S L","FRF":203,"FRP":203,"CRF":22,"CRP":24,"CF":8.84,"CFD":26.65,"CQt":0.32,"CPz":2,"CPzD":35.8,"CPr":4.63}
,{"DP":"VITA-POS POMADA OFTALMICA 5 G","DD":"BRILL PHARMA S L","FRF":24,"FRP":32,"CRF":23,"CRP":58,"CF":8.74,"CFD":9.27,"CQt":0.32,"CPz":0.582,"CPzD":10.38,"CPr":15.03}
,{"DP":"FULLMARKS LOCION 100 ML","DD":"RECKITT BENCKISER HEALTHCARE  S A","FRF":186,"FRP":186,"CRF":24,"CRP":68,"CF":7.87,"CFD":42.21,"CQt":0.28,"CPz":0.364,"CPzD":33.47,"CPr":21.65}
,{"DP":"RHINOMER BABY LIMPIEZA NASAL F- EXTRA SUAVE ESTERIL NEBULIZADOR 115 ML","DD":"NOVARTIS","FRF":198,"FRP":198,"CRF":25,"CRP":46,"CF":7.7,"CFD":-0.69,"CQt":0.28,"CPz":0.818,"CPzD":-0.02,"CPr":9.41}]}