{"datiDettRefF":[
{"DP":"LIERAC FACIAL","DD":"LIERAC","FRF":1,"FRP":38,"FF":619.02,"FFD":-52.67,"FQt":1.87,"FPz":10,"FPzD":-56.52,"FPr":61.9,"MRF":18,"MRP":167,"CRF":124,"CRP":589}
,{"DP":"SAUCO VIT C AN JARABE 120 G","DD":"APOTECA NATURA","FRF":2,"FRP":5,"FF":598.56,"FFD":null,"FQt":1.8,"FPz":48,"FPzD":null,"FPr":12.47,"MRF":90,"MRP":89,"CRF":55,"CRP":58}
,{"DP":"NICOTINELL MINT 2 MG 96 COMPRIMIDOS PARA CHUPAR","DD":"NOVARTIS","FRF":3,"FRP":59,"FF":339.12,"FFD":307.99,"FQt":1.02,"FPz":8,"FPzD":300,"FPr":42.39,"MRF":897,"MRP":1265,"CRF":1046,"CRP":1221}
,{"DP":"LACTIBIANE ATB 14 CAPS","DD":"PILEJE SLU","FRF":4,"FRP":10,"FF":320.85,"FFD":45.84,"FQt":0.97,"FPz":23,"FPzD":43.75,"FPr":13.95,"MRF":332,"MRP":550,"CRF":480,"CRP":668}
,{"DP":"CAUDALIE FACIAL","DD":"CAUDALIE","FRF":5,"FRP":46,"FF":316.5,"FFD":16.76,"FQt":0.95,"FPz":9,"FPzD":-35.71,"FPr":35.17,"MRF":3,"MRP":18,"CRF":4,"CRP":36}
,{"DP":"GELOCATIL GRIPE FENILEFRINA 10 SOBRES","DD":"NOVAG","FRF":6,"FRP":8,"FF":265.06,"FFD":36.47,"FQt":0.8,"FPz":28,"FPzD":27.27,"FPr":9.47,"MRF":67,"MRP":66,"CRF":130,"CRP":148}
,{"DP":"ABSORB INC ORINA SUP-NOC ANAT 80 U","DD":"BARNA IMPORT MEDICA","FRF":7,"FRP":110,"FF":263.5,"FFD":25,"FQt":0.79,"FPz":5,"FPzD":25,"FPr":52.7,"MRF":244,"MRP":962,"CRF":135,"CRP":724}
,{"DP":"NEOBIANACID ACIDEZ Y REFLUJO 45 COMP MASTICABLES","DD":"ABOCA SpA SOCIETA' AGRICOLA","FRF":8,"FRP":20,"FF":244.8,"FFD":52.24,"FQt":0.74,"FPz":18,"FPzD":50,"FPr":13.6,"MRF":23,"MRP":41,"CRF":20,"CRP":37}
,{"DP":"PHYTOCYANE","DD":"LIERAC","FRF":9,"FRP":86,"FF":243,"FFD":462.5,"FQt":0.73,"FPz":6,"FPzD":500,"FPr":40.5,"MRF":533,"MRP":1025,"CRF":629,"CRP":964}
,{"DP":"HUPAVIR 20 SOBRES","DD":"NTD LABS","FRF":10,"FRP":87,"FF":227.7,"FFD":null,"FQt":0.69,"FPz":6,"FPzD":null,"FPr":37.95,"MRF":699,"MRP":1114,"CRF":722,"CRP":1045}
,{"DP":"ABSORB INC ORINA SUP-NOC ANAT T- MED 80 U","DD":"PROCTER & GAMBLE ESPAÑA","FRF":11,"FRP":141,"FF":210.8,"FFD":null,"FQt":0.64,"FPz":4,"FPzD":null,"FPr":52.7,"MRF":251,"MRP":965,"CRF":160,"CRP":762}
,{"DP":"FRENADOL COMPLEX 10 SOBRES","DD":"JOHNSON & JOHNSON","FRF":12,"FRP":15,"FF":209,"FFD":121.16,"FQt":0.63,"FPz":20,"FPzD":100,"FPr":10.45,"MRF":2,"MRP":2,"CRF":2,"CRP":1}
,{"DP":"OLEOCAPS 1 30 CAPS","DD":"PRANAROM","FRF":13,"FRP":13,"FF":207.55,"FFD":-16.56,"FQt":0.63,"FPz":22,"FPzD":-12,"FPr":9.43,"MRF":342,"MRP":336,"CRF":542,"CRP":647}
,{"DP":"ESPIDIDOL 400 MG 12 COMPRIMIDOS RECUBIERTOS","DD":"ZAMBON","FRF":14,"FRP":6,"FF":207.09,"FFD":11.43,"FQt":0.62,"FPz":39,"FPzD":11.43,"FPr":5.31,"MRF":11,"MRP":4,"CRF":27,"CRP":11}
,{"DP":"FLUIMUCIL FORTE 600 MG 20 COMPRIMIDOS EFERVESCENTES","DD":"ZAMBON","FRF":15,"FRP":9,"FF":194.04,"FFD":-16.93,"FQt":0.58,"FPz":28,"FPzD":-17.65,"FPr":6.93,"MRF":4,"MRP":3,"CRF":5,"CRP":3}
,{"DP":"HYLO GEL 10 ML","DD":"BRILL PHARMA S L","FRF":16,"FRP":33,"FF":192.5,"FFD":210.48,"FQt":0.58,"FPz":11,"FPzD":175,"FPr":17.5,"MRF":88,"MRP":173,"CRF":109,"CRP":141}
,{"DP":"RECONNECT 30 COMP","DD":"VITAE N NUTRITION","FRF":17,"FRP":88,"FF":185.1,"FFD":-40,"FQt":0.56,"FPz":6,"FPzD":-40,"FPr":30.85,"MRF":697,"MRP":1082,"CRF":827,"CRP":1078}
,{"DP":"XLS MEDICAL FORTE X5 180 CAPS","DD":"PERRIGO ESPAÑA S.A.","FRF":18,"FRP":295,"FF":179.9,"FFD":null,"FQt":0.54,"FPz":2,"FPzD":null,"FPr":89.95,"MRF":337,"MRP":1094,"CRF":571,"CRP":1107}
,{"DP":"LACTIBIANE TOLERANCE PILEJE 2.5 G 30 CAPS","DD":"PILEJE SLU","FRF":19,"FRP":89,"FF":179.7,"FFD":20.4,"FQt":0.54,"FPz":6,"FPzD":20,"FPr":29.95,"MRF":287,"MRP":850,"CRF":281,"CRP":740}
,{"DP":"LIPIKAR BAUME AP+ 400 ML","DD":"LA ROCHE POSAY","FRF":20,"FRP":60,"FF":163.6,"FFD":36.68,"FQt":0.49,"FPz":8,"FPzD":33.33,"FPr":20.45,"MRF":391,"MRP":839,"CRF":694,"CRP":966}
,{"DP":"IBEROGAST GOTAS ORALES SOLUCION 50 ML","DD":"BAYER HISPANIA S.L.","FRF":21,"FRP":61,"FF":159.6,"FFD":-27.27,"FQt":0.48,"FPz":8,"FPzD":-27.27,"FPr":19.95,"MRF":250,"MRP":524,"CRF":340,"CRP":686}
,{"DP":"HYABAK 0.15% 10 ML","DD":"THEA","FRF":22,"FRP":26,"FF":158.05,"FFD":88.15,"FQt":0.48,"FPz":13,"FPzD":85.71,"FPr":12.16,"MRF":27,"MRP":42,"CRF":72,"CRP":83}
,{"DP":"HYLO COMOD 10 ML","DD":"BRILL PHARMA S L","FRF":23,"FRP":39,"FF":156.5,"FFD":93.21,"FQt":0.47,"FPz":10,"FPzD":66.67,"FPr":15.65,"MRF":123,"MRP":180,"CRF":139,"CRP":150}
,{"DP":"IMMUNOMIX PLUS 50 CAPSULAS","DD":"ABOCA SpA SOCIETA' AGRICOLA","FRF":24,"FRP":47,"FF":151.2,"FFD":-20,"FQt":0.46,"FPz":9,"FPzD":-10,"FPr":16.8,"MRF":109,"MRP":176,"CRF":112,"CRP":254}
,{"DP":"RICOLA","DD":"DIAFARM","FRF":25,"FRP":3,"FF":150.07,"FFD":-42.01,"FQt":0.45,"FPz":61,"FPzD":-37.76,"FPr":2.46,"MRF":47,"MRP":5,"CRF":75,"CRP":7}]
,"datiDettRefM":[
{"DP":"VACUNA ALERGIA","DD":"","FRF":1516,"FRP":1515,"MRF":1,"MRP":166,"MF":835.98,"MFD":3.21,"MQt":1.83,"MPz":3,"MPzD":8.82,"MPr":318.88}
,{"DP":"FRENADOL COMPLEX 10 SOBRES","DD":"JOHNSON & JOHNSON","FRF":12,"FRP":15,"MRF":2,"MRP":2,"MF":482.65,"MFD":-8.4,"MQt":1.05,"MPz":46,"MPzD":-17.73,"MPr":10.43}
,{"DP":"CAUDALIE FACIAL","DD":"CAUDALIE","FRF":5,"FRP":46,"MRF":3,"MRP":18,"MF":323.71,"MFD":-3.48,"MQt":0.71,"MPz":14,"MPzD":-10.66,"MPr":22.39}
,{"DP":"FLUIMUCIL FORTE 600 MG 20 COMPRIMIDOS EFERVESCENTES","DD":"ZAMBON","FRF":15,"FRP":9,"MRF":4,"MRP":3,"MF":299.27,"MFD":-3.36,"MQt":0.65,"MPz":43,"MPzD":-5.71,"MPr":6.92}
,{"DP":"CUIDADO DE LA TOS - 180 G","DD":"APOTECA NATURA","FRF":57,"FRP":67,"MRF":5,"MRP":8,"MF":294.2,"MFD":16.51,"MQt":0.64,"MPz":24,"MPzD":13.96,"MPr":12.16}
,{"DP":"GRINTUSS JARABE CON POLIRESIN ADULTOS 180 ML","DD":"ABOCA SpA SOCIETA' AGRICOLA","FRF":71,"FRP":76,"MRF":6,"MRP":10,"MF":242.18,"MFD":-11.24,"MQt":0.53,"MPz":21,"MPzD":-10.67,"MPr":11.8}
,{"DP":"GRINTUSS PEDIATRIC POLIRESIN - JARABE 180 G ","DD":"ABOCA SpA SOCIETA' AGRICOLA","FRF":116,"FRP":119,"MRF":7,"MRP":13,"MF":234.68,"MFD":-8.99,"MQt":0.51,"MPz":20,"MPzD":-9.09,"MPr":11.89}
,{"DP":"FLUTOX 3.54 MGML JARABE 200 ML","DD":"ZAMBON","FRF":200,"FRP":130,"MRF":8,"MRP":6,"MF":226.25,"MFD":-2.43,"MQt":0.49,"MPz":26,"MPzD":-5.15,"MPr":8.82}
,{"DP":"VOLTADOL FORTE 20 MGG GEL TOPICO 50 G","DD":"NOVARTIS","FRF":34,"FRP":25,"MRF":9,"MRP":11,"MF":209.35,"MFD":-12.18,"MQt":0.46,"MPz":21,"MPzD":-15.98,"MPr":9.97}
,{"DP":"FRENADOL DESCONGESTIVO 16 CAPSULAS","DD":"JOHNSON & JOHNSON","FRF":285,"FRP":225,"MRF":10,"MRP":15,"MF":203.03,"MFD":-5.81,"MQt":0.44,"MPz":19,"MPzD":-16.94,"MPr":10.42}
,{"DP":"ESPIDIDOL 400 MG 12 COMPRIMIDOS RECUBIERTOS","DD":"ZAMBON","FRF":14,"FRP":6,"MRF":11,"MRP":4,"MF":187.14,"MFD":226.13,"MQt":0.41,"MPz":35,"MPzD":223.27,"MPr":5.31}
,{"DP":"ALMAX FORTE 1.5 G 24 SOBRES SUSPENSION ORAL","DD":"ALMIRALL S.A.","FRF":63,"FRP":43,"MRF":12,"MRP":16,"MF":174.55,"MFD":8.44,"MQt":0.38,"MPz":18,"MPzD":-2.15,"MPr":9.45}
,{"DP":"GAFAS","DD":"","FRF":40,"FRP":64,"MRF":13,"MRP":23,"MF":153.17,"MFD":1.72,"MQt":0.33,"MPz":13,"MPzD":-5.98,"MPr":11.89}
,{"DP":"SERVICIOS VARIOS FARMACIA","DD":"","FRF":1510,"FRP":1509,"MRF":14,"MRP":9,"MF":153.17,"MFD":-27.51,"MQt":0.33,"MPz":22,"MPzD":-7.1,"MPr":6.92}
,{"DP":"FLORA INTESTINAL SOBRES BUCODISPERSABLES 1 GRAMO 10 SOBRES","DD":"APOTECA NATURA","FRF":1538,"FRP":1537,"MRF":15,"MRP":27,"MF":148.62,"MFD":-6.28,"MQt":0.32,"MPz":11,"MPzD":-9.88,"MPr":13.26}
,{"DP":"ALMAX 500 MG 48 COMPRIMIDOS MASTICABLES","DD":"ALMIRALL S.A.","FRF":74,"FRP":52,"MRF":16,"MRP":19,"MF":135.19,"MFD":7.69,"MQt":0.3,"MPz":14,"MPzD":-2.56,"MPr":9.45}
,{"DP":"PENDIENTES","DD":"","FRF":93,"FRP":94,"MRF":17,"MRP":17,"MF":131.84,"MFD":25.18,"MQt":0.29,"MPz":15,"MPzD":21.92,"MPr":8.62}
,{"DP":"LIERAC FACIAL","DD":"LIERAC","FRF":1,"FRP":38,"MRF":18,"MRP":167,"MF":127.96,"MFD":-53.34,"MQt":0.28,"MPz":3,"MPzD":-37.29,"MPr":50.58}
,{"DP":"ABSORB INC ORINA NOC ANAT T- GDE 80 U","DD":"INDAS","FRF":1453,"FRP":1452,"MRF":19,"MRP":168,"MF":119.71,"MFD":12.75,"MQt":0.26,"MPz":3,"MPzD":23.61,"MPr":43.94}
,{"DP":"TIRAS REACTIVAS GLUCEMIA 50 U","DD":"ROCHE DIAGNOSTICS","FRF":188,"FRP":525,"MRF":20,"MRP":112,"MF":118.5,"MFD":1.41,"MQt":0.26,"MPz":4,"MPzD":-1.2,"MPr":28.66}
,{"DP":"TIRAS REACTIVAS GLUCEMIA 50 U","DD":"BAYER HISPANIA S.L.","FRF":1437,"FRP":1436,"MRF":21,"MRP":85,"MF":118.27,"MFD":3.97,"MQt":0.26,"MPz":5,"MPzD":8.7,"MPr":25.15}
,{"DP":"DORMIDINA 25 MG 14 COMPRIMIDOS","DD":"ESTEVE","FRF":52,"FRP":27,"MRF":22,"MRP":20,"MF":116.7,"MFD":1.68,"MQt":0.25,"MPz":14,"MPzD":-3,"MPr":8.08}
,{"DP":"NEOBIANACID ACIDEZ Y REFLUJO 45 COMP MASTICABLES","DD":"ABOCA SpA SOCIETA' AGRICOLA","FRF":8,"FRP":20,"MRF":23,"MRP":41,"MF":115.04,"MFD":13.27,"MQt":0.25,"MPz":9,"MPzD":12.2,"MPr":13.06}
,{"DP":"RESPIBIEN 0.5 MGML NEBULIZADOR NASAL 15 ML","DD":"CINFA","FRF":331,"FRP":135,"MRF":24,"MRP":14,"MF":113.7,"MFD":-6.87,"MQt":0.25,"MPz":20,"MPzD":-10.86,"MPr":5.64}
,{"DP":"LIZIPAINA 20 COMPRIMIDOS PARA CHUPAR","DD":"BOEHRINGER INGELHEIM, S.A.","FRF":1135,"FRP":1146,"MRF":25,"MRP":21,"MF":109.14,"MFD":-14.72,"MQt":0.24,"MPz":14,"MPzD":-15.3,"MPr":7.97}]
,"datiDettRefC":[
{"DP":"VACUNA ALERGIA","DD":"","FRF":1516,"FRP":1515,"CRF":1,"CRP":125,"CF":508.69,"CFD":8.56,"CQt":2.13,"CPz":2,"CPzD":23.6,"CPr":325.33}
,{"DP":"FRENADOL COMPLEX 10 SOBRES","DD":"JOHNSON & JOHNSON","FRF":12,"FRP":15,"CRF":2,"CRP":1,"CF":270.09,"CFD":3.23,"CQt":1.13,"CPz":26,"CPzD":-6.23,"CPr":10.4}
,{"DP":"CUIDADO DE LA TOS - 180 G","DD":"APOTECA NATURA","FRF":57,"FRP":67,"CRF":3,"CRP":5,"CF":212.84,"CFD":9.25,"CQt":0.89,"CPz":17,"CPzD":5.89,"CPr":12.25}
,{"DP":"CAUDALIE FACIAL","DD":"CAUDALIE","FRF":5,"FRP":46,"CRF":4,"CRP":36,"CF":179.93,"CFD":21.18,"CQt":0.75,"CPz":6,"CPzD":32,"CPr":32.66}
,{"DP":"FLUIMUCIL FORTE 600 MG 20 COMPRIMIDOS EFERVESCENTES","DD":"ZAMBON","FRF":15,"FRP":9,"CRF":5,"CRP":3,"CF":168.83,"CFD":4,"CQt":0.71,"CPz":24,"CPzD":0.84,"CPr":6.91}
,{"DP":"GRINTUSS JARABE CON POLIRESIN ADULTOS 180 ML","DD":"ABOCA SpA SOCIETA' AGRICOLA","FRF":71,"FRP":76,"CRF":6,"CRP":6,"CF":159.27,"CFD":-14.73,"CQt":0.67,"CPz":14,"CPzD":-12.2,"CPr":11.71}
,{"DP":"VOLTADOL FORTE 20 MGG GEL TOPICO 50 G","DD":"NOVARTIS","FRF":34,"FRP":25,"CRF":7,"CRP":8,"CF":131.83,"CFD":-9.12,"CQt":0.55,"CPz":13,"CPzD":-14.58,"CPr":9.96}
,{"DP":"GRINTUSS PEDIATRIC POLIRESIN - JARABE 180 G ","DD":"ABOCA SpA SOCIETA' AGRICOLA","FRF":116,"FRP":119,"CRF":8,"CRP":13,"CF":125.67,"CFD":-13.85,"CQt":0.53,"CPz":11,"CPzD":-10.5,"CPr":11.9}
,{"DP":"TIRAS REACTIVAS GLUCEMIA 50 U","DD":"BAYER HISPANIA S.L.","FRF":1437,"FRP":1436,"CRF":9,"CRP":43,"CF":119.11,"CFD":4.1,"CQt":0.5,"CPz":5,"CPzD":5.36,"CPr":24.81}
,{"DP":"FLUTOX 3.54 MGML JARABE 200 ML","DD":"ZAMBON","FRF":200,"FRP":130,"CRF":10,"CRP":9,"CF":116.34,"CFD":10.58,"CQt":0.49,"CPz":13,"CPzD":4.84,"CPr":8.83}
,{"DP":"TIRAS REACTIVAS GLUCEMIA 50 U","DD":"ABBOTT LABORATORIES","FRF":1436,"FRP":1435,"CRF":11,"CRP":79,"CF":105.64,"CFD":1.48,"CQt":0.44,"CPz":3,"CPzD":-17.5,"CPr":31.75}
,{"DP":"FRENADOL DESCONGESTIVO 16 CAPSULAS","DD":"JOHNSON & JOHNSON","FRF":285,"FRP":225,"CRF":12,"CRP":15,"CF":100.41,"CFD":-1.24,"CQt":0.42,"CPz":10,"CPzD":-7.25,"CPr":10.38}
,{"DP":"ABSORB INC ORINA NOC ANAT T- GDE 80 U","DD":"INDAS","FRF":1453,"FRP":1452,"CRF":13,"CRP":126,"CF":97.33,"CFD":29.39,"CQt":0.41,"CPz":2,"CPzD":17.02,"CPr":44.24}
,{"DP":"BRONCOLSAN JARABE 200 G","DD":"PLANTA MEDICA Srl","FRF":30,"FRP":24,"CRF":14,"CRP":16,"CF":96.1,"CFD":8.1,"CQt":0.4,"CPz":9,"CPzD":7.61,"CPr":10.92}
,{"DP":"FLORA INTESTINAL SOBRES BUCODISPERSABLES 1 GRAMO 10 SOBRES","DD":"APOTECA NATURA","FRF":1538,"FRP":1537,"CRF":15,"CRP":23,"CF":89.97,"CFD":-3.27,"CQt":0.38,"CPz":7,"CPzD":0.26,"CPr":13.52}
,{"DP":"ALMAX FORTE 1.5 G 24 SOBRES SUSPENSION ORAL","DD":"ALMIRALL S.A.","FRF":63,"FRP":43,"CRF":16,"CRP":17,"CF":85.28,"CFD":3.37,"CQt":0.36,"CPz":9,"CPzD":-4.62,"CPr":9.44}
,{"DP":"TIRAS REACTIVAS GLUCEMIA 50 U","DD":"ROCHE DIAGNOSTICS","FRF":188,"FRP":525,"CRF":17,"CRP":80,"CF":80.15,"CFD":6.12,"CQt":0.34,"CPz":3,"CPzD":-6.25,"CPr":23.7}
,{"DP":"GAFAS","DD":"","FRF":40,"FRP":64,"CRF":18,"CRP":19,"CF":79.66,"CFD":2.38,"CQt":0.33,"CPz":8,"CPzD":32.53,"CPr":10.26}
,{"DP":"ALMAX 500 MG 48 COMPRIMIDOS MASTICABLES","DD":"ALMIRALL S.A.","FRF":74,"FRP":52,"CRF":19,"CRP":20,"CF":77.8,"CFD":2.51,"CQt":0.33,"CPz":8,"CPzD":-7.95,"CPr":9.43}
,{"DP":"NEOBIANACID ACIDEZ Y REFLUJO 45 COMP MASTICABLES","DD":"ABOCA SpA SOCIETA' AGRICOLA","FRF":8,"FRP":20,"CRF":20,"CRP":37,"CF":75.59,"CFD":10.06,"CQt":0.32,"CPz":6,"CPzD":13.01,"CPr":13.11}
,{"DP":"TIRAS REACTIVAS GLUCEMIA 1 VIAL 50 U","DD":"LIFESCAN ESPAÑA","FRF":1433,"FRP":1432,"CRF":21,"CRP":81,"CF":75.25,"CFD":-24.48,"CQt":0.31,"CPz":3,"CPzD":-27.63,"CPr":22.99}
,{"DP":"CUIDADO E HIGIENE DE LA NARIZ","DD":"APOTECA NATURA","FRF":242,"FRP":216,"CRF":22,"CRP":38,"CF":73.02,"CFD":0.75,"CQt":0.31,"CPz":6,"CPzD":2.8,"CPr":12.4}
,{"DP":"ABSORB INC ORINA DIA ANAT 80 U","DD":"INDAS","FRF":1445,"FRP":1444,"CRF":23,"CRP":127,"CF":70.75,"CFD":3.09,"CQt":0.3,"CPz":2,"CPzD":-9.09,"CPr":31.13}
,{"DP":"ABSORB INC ORINA DIA ANAT T- GDE 80 U","DD":"INDAS","FRF":1449,"FRP":1448,"CRF":24,"CRP":128,"CF":66.34,"CFD":10.53,"CQt":0.28,"CPz":2,"CPzD":3.77,"CPr":30.92}
,{"DP":"ABSORB INC ORINA SUP-NOC ANAT T- GDE 80 U","DD":"INDAS","FRF":1457,"FRP":1456,"CRF":25,"CRP":239,"CF":65.64,"CFD":-3.06,"CQt":0.27,"CPz":1,"CPzD":-22.54,"CPr":52.32}]}