{"datiDettRefF":[
{"DP":"NAN H.A. 800 G","DD":"NESTLE ESPAÑA","FRF":1,"FRP":4,"FF":131.75,"FFD":null,"FQt":16.91,"FPz":5,"FPzD":null,"FPr":26.35,"MRF":58,"MRP":76,"CRF":49,"CRP":68}
,{"DP":"MERITENE 30 G 15 SOBRES CHOCOLATE","DD":"NESTLE ESPAÑA","FRF":2,"FRP":5,"FF":99.8,"FFD":100,"FQt":12.81,"FPz":4,"FPzD":100,"FPr":24.95,"MRF":19,"MRP":33,"CRF":14,"CRP":22}
,{"DP":"BIMANAN SUSTITUTIVOS","DD":"NUTRITION & SANTE","FRF":3,"FRP":2,"FF":76.25,"FFD":-70.23,"FQt":9.79,"FPz":17,"FPzD":-43.33,"FPr":4.49,"MRF":11,"MRP":1,"CRF":5,"CRP":1}
,{"DP":"SIKEN SUSTITUTIVOS","DD":"DIAFARM","FRF":4,"FRP":1,"FF":73.63,"FFD":-65.02,"FQt":9.45,"FPz":54,"FPzD":-22.86,"FPr":1.36,"MRF":34,"MRP":2,"CRF":36,"CRP":6}
,{"DP":"BLEMIL PLUS 1 OPTIMUM 800 G","DD":"ORDESA","FRF":5,"FRP":7,"FF":53,"FFD":null,"FQt":6.8,"FPz":2,"FPzD":null,"FPr":26.5,"MRF":2,"MRP":4,"CRF":17,"CRP":28}
,{"DP":"MERITENE 30 G 15 SOBRES FRESA","DD":"NESTLE ESPAÑA","FRF":6,"FRP":8,"FF":49.9,"FFD":null,"FQt":6.4,"FPz":2,"FPzD":null,"FPr":24.95,"MRF":43,"MRP":68,"CRF":38,"CRP":56}
,{"DP":"MERITENE 30 G 15 SOBRES CAFE DESCAFEINADO","DD":"NESTLE ESPAÑA","FRF":7,"FRP":9,"FF":49,"FFD":null,"FQt":6.29,"FPz":2,"FPzD":null,"FPr":24.5,"MRF":39,"MRP":63,"CRF":24,"CRP":35}
,{"DP":"BLEMIL PLUS 3 EFECTO BIFIDUS 800 G","DD":"ORDESA","FRF":8,"FRP":10,"FF":37.9,"FFD":100,"FQt":4.86,"FPz":2,"FPzD":100,"FPr":18.95,"MRF":33,"MRP":44,"CRF":31,"CRP":38}
,{"DP":"BLEMIL PLUS FORTE 1 1200 GRAMO","DD":"","FRF":9,"FRP":12,"FF":31.5,"FFD":null,"FQt":4.04,"FPz":1,"FPzD":null,"FPr":31.5,"MRF":22,"MRP":61,"CRF":33,"CRP":54}
,{"DP":"BLEMIL PLUS 1 AR 800 G LATA","DD":"ORDESA","FRF":10,"FRP":13,"FF":26.5,"FFD":null,"FQt":3.4,"FPz":1,"FPzD":null,"FPr":26.5,"MRF":36,"MRP":64,"CRF":18,"CRP":32}
,{"DP":"SANTASAPINA BONBONS 100 G","DD":"FLOR DE LOTO","FRF":11,"FRP":3,"FF":23.21,"FFD":65.79,"FQt":2.98,"FPz":9,"FPzD":125,"FPr":2.58,"MRF":60,"MRP":65,"CRF":72,"CRP":71}
,{"DP":"ACEITE HIPOCALORICO ORDESA 500 ML","DD":"ORDESA","FRF":12,"FRP":11,"FF":18.4,"FFD":100,"FQt":2.36,"FPz":2,"FPzD":100,"FPr":9.2,"MRF":51,"MRP":69,"CRF":43,"CRP":43}
,{"DP":"AL-110 NAN SIN LACTOSA  (AL 110 SIN LACTOSA) 400 G 1 BOTE NEUTRO","DD":"NESTLE ESPAÑA","FRF":13,"FRP":14,"FF":15.5,"FFD":0,"FQt":1.99,"FPz":1,"FPzD":0,"FPr":15.5,"MRF":38,"MRP":47,"CRF":8,"CRP":9}
,{"DP":"BLEDICHEF PASTA A LA PROVENZAL Y TERNERA 200 G","DD":"NUMIL NUTRICION","FRF":14,"FRP":15,"FF":15,"FFD":-111.54,"FQt":1.93,"FPz":1,"FPzD":-125,"FPr":15,"MRF":77,"MRP":77,"CRF":77,"CRP":77}
,{"DP":"BLEVIT PLUS 8 CEREALES 1000 G","DD":"ORDESA","FRF":15,"FRP":16,"FF":14.5,"FFD":-45.96,"FQt":1.86,"FPz":1,"FPzD":-50,"FPr":14.5,"MRF":56,"MRP":73,"CRF":68,"CRP":74}
,{"DP":"MERITENE NEUTRO AL PLATO 50 G 7 SOBRES NEUTRO","DD":"NESTLE ESPAÑA","FRF":16,"FRP":17,"FF":14.2,"FFD":null,"FQt":1.82,"FPz":1,"FPzD":null,"FPr":14.2,"MRF":47,"MRP":67,"CRF":45,"CRP":59}
,{"DP":"ENSURE NUTRIVIGOR BOTELLA 4 BOTELLA 220 ML CHOCOLATE","DD":"ABBOTT LABORATORIES","FRF":17,"FRP":18,"FF":11.95,"FFD":null,"FQt":1.53,"FPz":1,"FPzD":null,"FPr":11.95,"MRF":48,"MRP":66,"CRF":48,"CRP":65}
,{"DP":"ENSURE NUTRIVIGOR BOTELLA 4 BOTELLA 220 ML VAINILLA","DD":"ABBOTT LABORATORIES","FRF":18,"FRP":19,"FF":10.5,"FFD":null,"FQt":1.35,"FPz":1,"FPzD":null,"FPr":10.5,"MRF":44,"MRP":62,"CRF":44,"CRP":50}
,{"DP":"BLEVIT  SIN GLUTE PARA BIBERON","DD":"ORDESA","FRF":19,"FRP":20,"FF":9.35,"FFD":null,"FQt":1.2,"FPz":1,"FPzD":null,"FPr":9.35,"MRF":52,"MRP":70,"CRF":62,"CRP":69}
,{"DP":"MERITENE DRINK 125 ML 4 BOTELLAS CHOCOLATE","DD":"NESTLE ESPAÑA","FRF":20,"FRP":21,"FF":8.9,"FFD":null,"FQt":1.14,"FPz":1,"FPzD":null,"FPr":8.9,"MRF":62,"MRP":71,"CRF":50,"CRP":62}
,{"DP":"BLEVIT RIZCREM 300 G","DD":"ORDESA","FRF":21,"FRP":22,"FF":7.38,"FFD":null,"FQt":0.95,"FPz":1,"FPzD":null,"FPr":7.38,"MRF":65,"MRP":72,"CRF":64,"CRP":70}
,{"DP":"NUTRIBEN FRUTAS VARIADAS POTITO INICIO 130 G","DD":"ALTER FARMACIA","FRF":22,"FRP":23,"FF":1.1,"FFD":null,"FQt":0.14,"FPz":1,"FPzD":null,"FPr":1.1,"MRF":76,"MRP":74,"CRF":73,"CRP":64}
,{"DP":"ALMIRON ADVANCE 1 800 G","DD":"NUMIL NUTRICION","FRF":23,"FRP":24,"FF":0,"FFD":null,"FQt":0,"FPz":0,"FPzD":null,"FPr":null,"MRF":3,"MRP":5,"CRF":2,"CRP":4}
,{"DP":"ALMIRON ADVANCE 2 1200 G","DD":"NUMIL NUTRICION","FRF":24,"FRP":25,"FF":0,"FFD":null,"FQt":0,"FPz":0,"FPzD":null,"FPr":null,"MRF":30,"MRP":42,"CRF":47,"CRP":67}
,{"DP":"ALMIRON ADVANCE 2 800 G","DD":"NUMIL NUTRICION","FRF":25,"FRP":26,"FF":0,"FFD":null,"FQt":0,"FPz":0,"FPzD":null,"FPr":null,"MRF":13,"MRP":7,"CRF":15,"CRP":10}]
,"datiDettRefM":[
{"DP":"NUTRAMIGEN 2 LGG (ANTES NUTRAMIGEN 2) 400 G 1 BOTE NEUTRO","DD":"MEAD JOHNSON","FRF":75,"FRP":75,"MRF":1,"MRP":12,"MF":65.24,"MFD":-16.18,"MQt":2.8,"MPz":2,"MPzD":-23.71,"MPr":29.8}
,{"DP":"BLEMIL PLUS 1 OPTIMUM 800 G","DD":"ORDESA","FRF":5,"FRP":7,"MRF":2,"MRP":4,"MF":60.67,"MFD":999,"MQt":2.6,"MPz":3,"MPzD":999,"MPr":23.14}
,{"DP":"ALMIRON ADVANCE 1 800 G","DD":"NUMIL NUTRICION","FRF":23,"FRP":24,"MRF":3,"MRP":5,"MF":54.89,"MFD":-0.45,"MQt":2.35,"MPz":3,"MPzD":-3.31,"MPr":17.15}
,{"DP":"NAN 1 OPTIPRO SUPREME 800 G","DD":"NESTLE ESPAÑA","FRF":43,"FRP":43,"MRF":4,"MRP":13,"MF":50.95,"MFD":7.43,"MQt":2.18,"MPz":2,"MPzD":-9.98,"MPr":21.57}
,{"DP":"ENFALAC 2 PREMIUM 900 G","DD":"MEAD JOHNSON","FRF":38,"FRP":38,"MRF":5,"MRP":6,"MF":49.87,"MFD":1.74,"MQt":2.14,"MPz":3,"MPzD":-1.25,"MPr":17.08}
,{"DP":"ENFAMIL PREMIUM CONFORT 800 GR","DD":"","FRF":40,"FRP":40,"MRF":6,"MRP":14,"MF":45.75,"MFD":32.88,"MQt":1.96,"MPz":2,"MPzD":33.57,"MPr":22.94}
,{"DP":"NUTRIBEN NATAL INNOVA 800 G","DD":"ALTER FARMACIA","FRF":54,"FRP":54,"MRF":7,"MRP":15,"MF":45.46,"MFD":-0.63,"MQt":1.95,"MPz":2,"MPzD":-12.11,"MPr":20.36}
,{"DP":"ALMIRON HIDROLIZADO (ALMIRON PEPTINAUT ALLERGY) 400 G 1 BOTE NEUTRO","DD":"NUMIL NUTRICION","FRF":28,"FRP":29,"MRF":8,"MRP":29,"MF":44.05,"MFD":28.48,"MQt":1.89,"MPz":1,"MPzD":-2.63,"MPr":33.26}
,{"DP":"ENFALAC 1 PREMIUM 900 G","DD":"MEAD JOHNSON","FRF":37,"FRP":37,"MRF":9,"MRP":16,"MF":40.57,"MFD":35.8,"MQt":1.74,"MPz":2,"MPzD":34.55,"MPr":21.26}
,{"DP":"NAN 2 OPTIPRO SUPREME 800 G","DD":"NESTLE ESPAÑA","FRF":45,"FRP":45,"MRF":10,"MRP":17,"MF":39.42,"MFD":8.17,"MQt":1.69,"MPz":2,"MPzD":-0.54,"MPr":17.7}
,{"DP":"BIMANAN SUSTITUTIVOS","DD":"NUTRITION & SANTE","FRF":3,"FRP":2,"MRF":11,"MRP":1,"MF":39.18,"MFD":-27.69,"MQt":1.68,"MPz":8,"MPzD":-27.52,"MPr":4.8}
,{"DP":"NUTRIBEN CONTINUACION INNOVA 800 G","DD":"ALTER FARMACIA","FRF":48,"FRP":48,"MRF":12,"MRP":18,"MF":37.94,"MFD":4.53,"MQt":1.63,"MPz":2,"MPzD":-11.06,"MPr":16.32}
,{"DP":"ALMIRON ADVANCE 2 800 G","DD":"NUMIL NUTRICION","FRF":25,"FRP":26,"MRF":13,"MRP":7,"MF":37.27,"MFD":14.9,"MQt":1.6,"MPz":3,"MPzD":23.61,"MPr":13.34}
,{"DP":"BLEMIL PLUS AC 800 G","DD":"ORDESA","FRF":34,"FRP":35,"MRF":14,"MRP":30,"MF":32.65,"MFD":35.05,"MQt":1.4,"MPz":1,"MPzD":3.93,"MPr":24.75}
,{"DP":"NAN 1 EXPERT LECHE LACTANTES 800 G","DD":"NESTLE ESPAÑA","FRF":42,"FRP":42,"MRF":15,"MRP":19,"MF":31.29,"MFD":-22.68,"MQt":1.34,"MPz":2,"MPzD":-14.35,"MPr":17.65}
,{"DP":"ALMIRON DIGEST PLUS 1 POLVO 800 G","DD":"NUMIL NUTRICION","FRF":27,"FRP":28,"MRF":16,"MRP":31,"MF":30.77,"MFD":-9.28,"MQt":1.32,"MPz":1,"MPzD":-30.45,"MPr":23.24}
,{"DP":"BLEMIL PLUS 2 OPTIMUM 800 G","DD":"ORDESA","FRF":32,"FRP":33,"MRF":17,"MRP":32,"MF":28.47,"MFD":999,"MQt":1.22,"MPz":1,"MPzD":999,"MPr":20.18}
,{"DP":"ENFALAC 3 PREMIUM 850 G","DD":"MEAD JOHNSON","FRF":39,"FRP":39,"MRF":18,"MRP":20,"MF":28.35,"MFD":-35.12,"MQt":1.21,"MPz":2,"MPzD":-34.28,"MPr":16.09}
,{"DP":"MERITENE 30 G 15 SOBRES CHOCOLATE","DD":"NESTLE ESPAÑA","FRF":2,"FRP":5,"MRF":19,"MRP":33,"MF":24.73,"MFD":-20.83,"MQt":1.06,"MPz":1,"MPzD":-36.21,"MPr":20.61}
,{"DP":"BLEMIL PLUS 2 FORTE LATA 1200 G","DD":"ORDESA","FRF":31,"FRP":32,"MRF":20,"MRP":34,"MF":23.73,"MFD":-50.71,"MQt":1.02,"MPz":1,"MPzD":-56.47,"MPr":21.1}
,{"DP":"PEDIASURE POLVO LATA 850 G VAINILLA","DD":"ABBOTT LABORATORIES","FRF":77,"FRP":77,"MRF":21,"MRP":35,"MF":23.54,"MFD":999,"MQt":1.01,"MPz":1,"MPzD":999,"MPr":19.35}
,{"DP":"BLEMIL PLUS FORTE 1 1200 GRAMO","DD":"","FRF":9,"FRP":12,"MRF":22,"MRP":61,"MF":22.75,"MFD":-58.55,"MQt":0.98,"MPz":0.881,"MPzD":-59.76,"MPr":25.82}
,{"DP":"BLEMIL PLUS 2 FORTE 800 G","DD":"ORDESA","FRF":30,"FRP":31,"MRF":23,"MRP":36,"MF":22.74,"MFD":-46.31,"MQt":0.97,"MPz":1,"MPzD":-59.25,"MPr":17.03}
,{"DP":"BLEMIL PLUS 1 FORTE 800 G","DD":"ORDESA","FRF":29,"FRP":30,"MRF":24,"MRP":37,"MF":21.82,"MFD":-56,"MQt":0.93,"MPz":1,"MPzD":-59.34,"MPr":20.28}
,{"DP":"NUTRIBEN NATAL 800 G","DD":"ALTER FARMACIA","FRF":53,"FRP":53,"MRF":25,"MRP":38,"MF":21.53,"MFD":-48.04,"MQt":0.92,"MPz":1,"MPzD":-57.86,"MPr":17.94}]
,"datiDettRefC":[
{"DP":"NUTRAMIGEN 2 LGG (ANTES NUTRAMIGEN 2) 400 G 1 BOTE NEUTRO","DD":"MEAD JOHNSON","FRF":75,"FRP":75,"CRF":1,"CRP":3,"CF":45.83,"CFD":16.32,"CQt":5.12,"CPz":2,"CPzD":46.67,"CPr":29.31}
,{"DP":"ALMIRON ADVANCE 1 800 G","DD":"NUMIL NUTRICION","FRF":23,"FRP":24,"CRF":2,"CRP":4,"CF":29.94,"CFD":43.17,"CQt":3.35,"CPz":2,"CPzD":74.6,"CPr":17.52}
,{"DP":"ALMIRON HIDROLIZADO (ALMIRON PEPTINAUT ALLERGY) 400 G 1 BOTE NEUTRO","DD":"NUMIL NUTRICION","FRF":28,"FRP":29,"CRF":3,"CRP":11,"CF":26.77,"CFD":122.32,"CQt":2.99,"CPz":0.8,"CPzD":120,"CPr":33.46}
,{"DP":"BARRITAS DIETETICAS VARIAS","DD":"NESTLE ESPAÑA","FRF":73,"FRP":73,"CRF":4,"CRP":2,"CF":22.66,"CFD":-15.44,"CQt":2.53,"CPz":3,"CPzD":-36.29,"CPr":6.52}
,{"DP":"BIMANAN SUSTITUTIVOS","DD":"NUTRITION & SANTE","FRF":3,"FRP":2,"CRF":5,"CRP":1,"CF":21.02,"CFD":-8.92,"CQt":2.35,"CPz":4,"CPzD":-17.91,"CPr":5.43}
,{"DP":"NAN 1 EXPERT LECHE LACTANTES 800 G","DD":"NESTLE ESPAÑA","FRF":42,"FRP":42,"CRF":6,"CRP":8,"CF":18.92,"CFD":40.48,"CQt":2.11,"CPz":1,"CPzD":34.15,"CPr":17.94}
,{"DP":"PEDIALAC 2 800 G","DD":"HERO","FRF":66,"FRP":66,"CRF":7,"CRP":5,"CF":15.55,"CFD":33.56,"CQt":1.74,"CPz":2,"CPzD":74.6,"CPr":10.3}
,{"DP":"AL-110 NAN SIN LACTOSA  (AL 110 SIN LACTOSA) 400 G 1 BOTE NEUTRO","DD":"NESTLE ESPAÑA","FRF":13,"FRP":14,"CRF":8,"CRP":9,"CF":15.33,"CFD":110.92,"CQt":1.71,"CPz":1,"CPzD":89.66,"CPr":14.53}
,{"DP":"NUTRIBEN NATAL 800 G","DD":"ALTER FARMACIA","FRF":53,"FRP":53,"CRF":9,"CRP":13,"CF":14.52,"CFD":37.14,"CQt":1.62,"CPz":0.782,"CPzD":34.41,"CPr":18.58}
,{"DP":"BLEMIL PLUS 2 FORTE 800 G","DD":"ORDESA","FRF":30,"FRP":31,"CRF":10,"CRP":12,"CF":14.06,"CFD":13.7,"CQt":1.57,"CPz":0.8,"CPzD":10,"CPr":17.58}
,{"DP":"BLEMIL PLUS 1 FORTE 800 G","DD":"ORDESA","FRF":29,"FRP":30,"CRF":11,"CRP":17,"CF":13.47,"CFD":-45.19,"CQt":1.51,"CPz":0.655,"CPzD":-44.58,"CPr":20.58}
,{"DP":"NUTRIBEN NATAL INNOVA 800 G","DD":"ALTER FARMACIA","FRF":54,"FRP":54,"CRF":12,"CRP":19,"CF":12.99,"CFD":-15.02,"CQt":1.45,"CPz":0.6,"CPzD":-19.51,"CPr":21.65}
,{"DP":"MERITENE 30 G 15 SOBRES VAINILLA","DD":"NESTLE ESPAÑA","FRF":74,"FRP":74,"CRF":13,"CRP":18,"CF":12.85,"CFD":-15.48,"CQt":1.44,"CPz":0.618,"CPzD":-17.1,"CPr":20.78}
,{"DP":"MERITENE 30 G 15 SOBRES CHOCOLATE","DD":"NESTLE ESPAÑA","FRF":2,"FRP":5,"CRF":14,"CRP":22,"CF":12.77,"CFD":-8.46,"CQt":1.43,"CPz":0.582,"CPzD":-13.49,"CPr":21.95}
,{"DP":"ALMIRON ADVANCE 2 800 G","DD":"NUMIL NUTRICION","FRF":25,"FRP":26,"CRF":15,"CRP":10,"CF":11.45,"CFD":-14.17,"CQt":1.28,"CPz":0.818,"CPzD":-18.2,"CPr":14}
,{"DP":"ALMIRON DIGEST PLUS 1 POLVO 800 G","DD":"NUMIL NUTRICION","FRF":27,"FRP":28,"CRF":16,"CRP":33,"CF":11.04,"CFD":-30.72,"CQt":1.23,"CPz":0.4,"CPzD":-33.33,"CPr":27.59}
,{"DP":"BLEMIL PLUS 1 OPTIMUM 800 G","DD":"ORDESA","FRF":5,"FRP":7,"CRF":17,"CRP":28,"CF":10.98,"CFD":202.23,"CQt":1.23,"CPz":0.455,"CPzD":212.81,"CPr":24.15}
,{"DP":"BLEMIL PLUS 1 AR 800 G LATA","DD":"ORDESA","FRF":10,"FRP":13,"CRF":18,"CRP":32,"CF":10.52,"CFD":499.42,"CQt":1.18,"CPz":0.418,"CPzD":474.75,"CPr":25.17}
,{"DP":"NAN 1 OPTIPRO SUPREME 800 G","DD":"NESTLE ESPAÑA","FRF":43,"FRP":43,"CRF":19,"CRP":25,"CF":10.31,"CFD":-46.67,"CQt":1.15,"CPz":0.473,"CPzD":-44.65,"CPr":21.81}
,{"DP":"ENFALAC 2 PREMIUM 900 G","DD":"MEAD JOHNSON","FRF":38,"FRP":38,"CRF":20,"CRP":26,"CF":9.92,"CFD":8.39,"CQt":1.11,"CPz":0.473,"CPzD":0.06,"CPr":20.98}
,{"DP":"NAN 2 OPTIPRO SUPREME 800 G","DD":"NESTLE ESPAÑA","FRF":45,"FRP":45,"CRF":21,"CRP":24,"CF":9.65,"CFD":30.39,"CQt":1.08,"CPz":0.509,"CPzD":39.98,"CPr":18.95}
,{"DP":"NUTRIBEN CONTINUACION 800 G","DD":"ALTER FARMACIA","FRF":47,"FRP":47,"CRF":22,"CRP":20,"CF":9.48,"CFD":-13.29,"CQt":1.06,"CPz":0.6,"CPzD":-19.51,"CPr":15.81}
,{"DP":"BLEMIL PLUS 2 FORTE LATA 1200 G","DD":"ORDESA","FRF":31,"FRP":32,"CRF":23,"CRP":34,"CF":9.37,"CFD":-11.12,"CQt":1.05,"CPz":0.4,"CPzD":-12,"CPr":23.44}
,{"DP":"MERITENE 30 G 15 SOBRES CAFE DESCAFEINADO","DD":"NESTLE ESPAÑA","FRF":7,"FRP":9,"CRF":24,"CRP":35,"CF":8.4,"CFD":22.22,"CQt":0.94,"CPz":0.4,"CPzD":15.79,"CPr":21.01}
,{"DP":"BLEMIL PLUS AC 800 G","DD":"ORDESA","FRF":34,"FRP":35,"CRF":25,"CRP":47,"CF":6.87,"CFD":-20.85,"CQt":0.77,"CPz":0.255,"CPzD":-17.5,"CPr":26.98}]}