{"datiDettRefF":[
{"DP":"SOMATULINA AUTOGEL 120 MG 1 JERINGA PRECARGADA 0.5 ML","DD":"IPSEN PHARMA","FRF":1,"FRP":662,"FF":14177.28,"FFD":100,"FQt":3.07,"FPz":12,"FPzD":100,"FPr":1181.44,"MRF":86,"MRP":5211,"CRF":115,"CRP":5425}
,{"DP":"APO-GO PFS 5 MGML 5 JERINGAS PRECARGADAS 10 ML","DD":"ITALFARMACO","FRF":2,"FRP":159,"FF":7284,"FFD":33.33,"FQt":1.58,"FPz":48,"FPzD":33.33,"FPr":151.75,"MRF":357,"MRP":3611,"CRF":301,"CRP":2915}
,{"DP":"CIALIS 20 MG 8 COMPRIMIDOS","DD":"LILLY","FRF":3,"FRP":234,"FF":5269.08,"FFD":231.13,"FQt":1.14,"FPz":36,"FPzD":227.27,"FPr":146.36,"MRF":557,"MRP":4244,"CRF":1519,"CRP":5686}
,{"DP":"CIALIS DIARIO 5 MG 28 COMPRIMIDOS","DD":"LILLY","FRF":4,"FRP":193,"FF":4955.27,"FFD":72.95,"FQt":1.07,"FPz":41,"FPzD":70.83,"FPr":120.86,"MRF":303,"MRP":2781,"CRF":537,"CRP":3515}
,{"DP":"FORMULAS MAGISTRALES","DD":"","FRF":5,"FRP":33,"FF":4780.82,"FFD":17.55,"FQt":1.03,"FPz":149,"FPzD":-12.87,"FPr":32.09,"MRF":6,"MRP":19,"CRF":1,"CRP":11}
,{"DP":"ENVARSUS 4 MG 30 COMP","DD":"","FRF":6,"FRP":260,"FF":4738.47,"FFD":null,"FQt":1.03,"FPz":33,"FPzD":null,"FPr":143.59,"MRF":681,"MRP":4254,"CRF":372,"CRP":2918}
,{"DP":"INSTANYL 200 MCGPULSACION PULVERIZADOR NASAL 10 DOSIS","DD":"TAKEDA FARMACEUTICA ESPAÑA S.A.","FRF":7,"FRP":187,"FF":3835.44,"FFD":null,"FQt":0.83,"FPz":42,"FPzD":null,"FPr":91.32,"MRF":4454,"MRP":6415,"CRF":6163,"CRP":6401}
,{"DP":"BOCOUTURE 50 U 6 VIALES","DD":"MERZ PHARMA","FRF":8,"FRP":951,"FF":3652.74,"FFD":40,"FQt":0.79,"FPz":7,"FPzD":40,"FPr":521.82,"MRF":609,"MRP":6280,"CRF":1049,"CRP":6149}
,{"DP":"PROLIA 60 MG 1 JERINGA PRECARGADA 1 ML","DD":"AMGEN","FRF":9,"FRP":503,"FF":3609.44,"FFD":23.08,"FQt":0.78,"FPz":16,"FPzD":23.08,"FPr":225.59,"MRF":4,"MRP":638,"CRF":9,"CRP":665}
,{"DP":"ELIQUIS 5 MG 60 COMPRIMIDOS RECUBIERTOS","DD":"BRISTOL MYERS SQUIBB","FRF":10,"FRP":235,"FF":3270.96,"FFD":5.88,"FQt":0.71,"FPz":36,"FPzD":5.88,"FPr":90.86,"MRF":3,"MRP":185,"CRF":4,"CRP":155}
,{"DP":"ATORVASTATINA NORMON EFG 40 MG 28 COMPRIMIDOS RECUBIERTOS","DD":"NORMON","FRF":11,"FRP":28,"FF":3076.14,"FFD":-10.22,"FQt":0.67,"FPz":167,"FPzD":-10.22,"FPr":18.42,"MRF":176,"MRP":348,"CRF":261,"CRP":485}
,{"DP":"FEMARA 2.5 MG 30 COMPRIMIDOS RECUBIERTOS","DD":"NOVARTIS","FRF":12,"FRP":261,"FF":3039.3,"FFD":37.5,"FQt":0.66,"FPz":33,"FPzD":37.5,"FPr":92.1,"MRF":232,"MRP":2095,"CRF":260,"CRP":2229}
,{"DP":"ELIQUIS 2.5 MG 60 COMPRIMIDOS RECUBIERTOS","DD":"BRISTOL MYERS SQUIBB","FRF":13,"FRP":262,"FF":2998.38,"FFD":13.79,"FQt":0.65,"FPz":33,"FPzD":13.79,"FPr":90.86,"MRF":24,"MRP":548,"CRF":26,"CRP":483}
,{"DP":"XEPLION 100 MG 1 JERINGA SUSP INYECT LIB PROL 1 ML","DD":"JANSSEN-CILAG","FRF":14,"FRP":815,"FF":2995.29,"FFD":null,"FQt":0.65,"FPz":9,"FPzD":null,"FPr":332.81,"MRF":50,"MRP":2512,"CRF":62,"CRP":2505}
,{"DP":"SPIRIVA 18 MCG 30 CAPSULAS + 1 INHALADOR HANDIHALER","DD":"BOEHRINGER INGELHEIM, S.A.","FRF":15,"FRP":89,"FF":2983,"FFD":-39.2,"FQt":0.65,"FPz":76,"FPzD":-24,"FPr":39.25,"MRF":19,"MRP":125,"CRF":22,"CRP":118}
,{"DP":"VICTOZA 6 MGML 2 PLUMAS PRECARGADAS 3 ML","DD":"NOVO NORDISK PHARMA","FRF":16,"FRP":411,"FF":2823.46,"FFD":127.07,"FQt":0.61,"FPz":21,"FPzD":133.33,"FPr":134.45,"MRF":9,"MRP":413,"CRF":11,"CRP":389}
,{"DP":"LIXIANA 60 MG 28 COMPRIMIDOS RECUBIERTOS","DD":"DAIICHI SANKYO ESPANA","FRF":17,"FRP":270,"FF":2601.6,"FFD":88.24,"FQt":0.56,"FPz":32,"FPzD":88.24,"FPr":81.3,"MRF":39,"MRP":639,"CRF":28,"CRP":461}
,{"DP":"LETROZOL NORMON EFG 2.5 MG 30 COMPRIMIDOS RECUBIERTOS","DD":"NORMON","FRF":18,"FRP":310,"FF":2578.8,"FFD":100,"FQt":0.56,"FPz":28,"FPzD":100,"FPr":92.1,"MRF":530,"MRP":3164,"CRF":702,"CRP":3535}
,{"DP":"CYMBALTA 60 MG 28 CAPSULAS GASTRORRESISTENTES","DD":"DISTA","FRF":19,"FRP":65,"FF":2486.68,"FFD":-2.71,"FQt":0.54,"FPz":93,"FPzD":8.14,"FPr":26.74,"MRF":72,"MRP":249,"CRF":109,"CRP":298}
,{"DP":"CIALIS 20 MG 4 COMPRIMIDOS","DD":"LILLY","FRF":20,"FRP":271,"FF":2474.06,"FFD":-12.46,"FQt":0.54,"FPz":32,"FPzD":-13.51,"FPr":77.31,"MRF":335,"MRP":2282,"CRF":678,"CRP":2931}
,{"DP":"DECAPEPTYL TRIMESTRAL 11.25 MG 1 VIAL POLVO + 1 AMPOLLA DISOLV 2 ML","DD":"IPSEN PHARMA","FRF":21,"FRP":875,"FF":2469.28,"FFD":null,"FQt":0.53,"FPz":8,"FPzD":null,"FPr":308.66,"MRF":225,"MRP":4230,"CRF":262,"CRP":3497}
,{"DP":"FASLODEX 250 MG 1 JERINGA PRECARGADA 5 ML","DD":"ASTRAZENECA FARMACEUTICA SPAIN","FRF":22,"FRP":876,"FF":2380.4,"FFD":-73.5,"FQt":0.51,"FPz":8,"FPzD":-71.43,"FPr":297.55,"MRF":49,"MRP":2271,"CRF":44,"CRP":1971}
,{"DP":"TRAJENTA 5 MG 30 COMPRIMIDOS RECUBIERTOS","DD":"BOEHRINGER INGELHEIM, S.A.","FRF":23,"FRP":197,"FF":2322.4,"FFD":-11.96,"FQt":0.5,"FPz":40,"FPzD":-9.09,"FPr":58.06,"MRF":13,"MRP":148,"CRF":10,"CRP":102}
,{"DP":"XARELTO 20 MG 28 COMPRIMIDOS RECUBIERTOS","DD":"BAYER HISPANIA S.L.","FRF":24,"FRP":319,"FF":2289.6,"FFD":800,"FQt":0.5,"FPz":27,"FPzD":800,"FPr":84.8,"MRF":5,"MRP":186,"CRF":5,"CRP":141}
,{"DP":"PRADAXA 150 MG 60 CAPSULAS","DD":"BOEHRINGER INGELHEIM, S.A.","FRF":25,"FRP":351,"FF":2271.5,"FFD":-26.47,"FQt":0.49,"FPz":25,"FPzD":-26.47,"FPr":90.86,"MRF":33,"MRP":666,"CRF":33,"CRP":583}]
,"datiDettRefM":[
{"DP":"BEXSERO 1 JERINGA PRECARGADA 0.5 ML","DD":"NOVARTIS","FRF":50,"FRP":567,"MRF":1,"MRP":159,"MF":8804.78,"MFD":-21.84,"MQt":0.85,"MPz":83,"MPzD":-22.06,"MPr":105.76}
,{"DP":"LANTUS SOLUSTAR","DD":"","FRF":38,"FRP":301,"MRF":2,"MRP":67,"MF":7920.14,"MFD":-7.84,"MQt":0.77,"MPz":137,"MPzD":-7.86,"MPr":57.76}
,{"DP":"ELIQUIS 5 MG 60 COMPRIMIDOS RECUBIERTOS","DD":"BRISTOL MYERS SQUIBB","FRF":10,"FRP":235,"MRF":3,"MRP":185,"MF":6991.71,"MFD":30.47,"MQt":0.68,"MPz":77,"MPzD":30.83,"MPr":91.11}
,{"DP":"PROLIA 60 MG 1 JERINGA PRECARGADA 1 ML","DD":"AMGEN","FRF":9,"FRP":503,"MRF":4,"MRP":638,"MF":6880.85,"MFD":3.56,"MQt":0.67,"MPz":30,"MPzD":1.97,"MPr":226.34}
,{"DP":"XARELTO 20 MG 28 COMPRIMIDOS RECUBIERTOS","DD":"BAYER HISPANIA S.L.","FRF":24,"FRP":319,"MRF":5,"MRP":186,"MF":6514.06,"MFD":19.83,"MQt":0.63,"MPz":77,"MPzD":20.31,"MPr":84.99}
,{"DP":"FORMULAS MAGISTRALES","DD":"","FRF":5,"FRP":33,"MRF":6,"MRP":19,"MF":6364.58,"MFD":5.67,"MQt":0.62,"MPz":234,"MPzD":5.98,"MPr":27.24}
,{"DP":"DUODART 0.50.4 MG 30 CAPSULAS","DD":"GLAXO SMITHKLINE","FRF":170,"FRP":353,"MRF":7,"MRP":18,"MF":6225.59,"MFD":-24.31,"MQt":0.6,"MPz":235,"MPzD":2.57,"MPr":26.47}
,{"DP":"TOUJEO 300UI 1 JER PR","DD":"SANOFI AVENTIS S.A.","FRF":45,"FRP":282,"MRF":8,"MRP":95,"MF":6197.08,"MFD":23.02,"MQt":0.6,"MPz":119,"MPzD":22.92,"MPr":51.95}
,{"DP":"VICTOZA 6 MGML 2 PLUMAS PRECARGADAS 3 ML","DD":"NOVO NORDISK PHARMA","FRF":16,"FRP":411,"MRF":9,"MRP":413,"MF":5955.17,"MFD":8.27,"MQt":0.58,"MPz":44,"MPzD":10.87,"MPr":134.75}
,{"DP":"JANUMET 501000 MG 56 COMPRIMIDOS RECUBIERTOS","DD":"MSD","FRF":118,"FRP":568,"MRF":10,"MRP":124,"MF":5751.95,"MFD":3.81,"MQt":0.56,"MPz":98,"MPzD":8.28,"MPr":58.73}
,{"DP":"TRULICITY 1,5 MG 4 PLUMAS PREC","DD":"LILLY","FRF":99,"FRP":1034,"MRF":11,"MRP":524,"MF":5337.34,"MFD":32.34,"MQt":0.52,"MPz":36,"MPzD":34.93,"MPr":147.84}
,{"DP":"ZEBINIX 800 MG 30 COMPRIMIDOS","DD":"LABORATORIOS BIAL","FRF":87,"FRP":1033,"MRF":12,"MRP":665,"MF":5251.78,"MFD":14.29,"MQt":0.51,"MPz":29,"MPzD":18.69,"MPr":180.76}
,{"DP":"TRAJENTA 5 MG 30 COMPRIMIDOS RECUBIERTOS","DD":"BOEHRINGER INGELHEIM, S.A.","FRF":23,"FRP":197,"MRF":13,"MRP":148,"MF":5182.24,"MFD":6.41,"MQt":0.5,"MPz":89,"MPzD":9.99,"MPr":57.97}
,{"DP":"FORSTEO 20 MCG80 MCL 1 PLUMA PRECARGADA 2.4 ML","DD":"ELANCO","FRF":3751,"FRP":3751,"MRF":14,"MRP":1544,"MF":4870.88,"MFD":2.16,"MQt":0.47,"MPz":12,"MPzD":2.12,"MPr":405.72}
,{"DP":"CLEXANE 40 MG (4000 UI) 30 JERINGAS PRECARGADAS 0.4 ML","DD":"SANOFI AVENTIS S.A.","FRF":83,"FRP":881,"MRF":15,"MRP":576,"MF":4429.49,"MFD":-6.03,"MQt":0.43,"MPz":33,"MPzD":-5.04,"MPr":135.78}
,{"DP":"EFFICIB 501000 MG 56 COMPRIMIDOS RECUBIERTOS","DD":"ALMIRALL S.A.","FRF":154,"FRP":664,"MRF":16,"MRP":204,"MF":4267.94,"MFD":0.99,"MQt":0.41,"MPz":73,"MPzD":5.82,"MPr":58.71}
,{"DP":"BETMIGA 50 MG 30 COMPRIMIDOS LIBERACION PROLONGADA","DD":"ASTELLAS PHARMA","FRF":62,"FRP":311,"MRF":17,"MRP":142,"MF":4061.79,"MFD":16.83,"MQt":0.39,"MPz":90,"MPzD":17.01,"MPr":45.16}
,{"DP":"XEPLION 150 MG 1 JERINGA SUSP INYECT LIB PROL 1.5 ML","DD":"JANSSEN-CILAG","FRF":2844,"FRP":2844,"MRF":18,"MRP":1934,"MF":4044.82,"MFD":1.01,"MQt":0.39,"MPz":9,"MPzD":8.33,"MPr":472.41}
,{"DP":"SPIRIVA 18 MCG 30 CAPSULAS + 1 INHALADOR HANDIHALER","DD":"BOEHRINGER INGELHEIM, S.A.","FRF":15,"FRP":89,"MRF":19,"MRP":125,"MF":3871.48,"MFD":-30.89,"MQt":0.37,"MPz":98,"MPzD":-14.14,"MPr":39.34}
,{"DP":"ULTIBRO BREEZHALER 8543 MCG 30 CAPSULAS INHALACION + INHALADOR","DD":"NOVARTIS","FRF":42,"FRP":436,"MRF":20,"MRP":425,"MF":3684.5,"MFD":4.6,"MQt":0.36,"MPz":43,"MPzD":5.24,"MPr":86.12}
,{"DP":"EZETROL 10 MG 28 COMPRIMIDOS","DD":"MSD","FRF":64,"FRP":198,"MRF":21,"MRP":96,"MF":3662.96,"MFD":-30.71,"MQt":0.35,"MPz":119,"MPzD":-17.87,"MPr":30.89}
,{"DP":"NOVORAPID FLEXPEN 100 UML 5 PLUMAS PRECARGADAS 3 ML","DD":"NOVO NORDISK PHARMA","FRF":46,"FRP":241,"MRF":22,"MRP":179,"MF":3637.07,"MFD":-2.69,"MQt":0.35,"MPz":78,"MPzD":-1.9,"MPr":46.37}
,{"DP":"TRESIBA 100UML 5 PLUMAS 3ML","DD":"NOVO NORDISK PHARMA","FRF":270,"FRP":1240,"MRF":23,"MRP":547,"MF":3244,"MFD":16.03,"MQt":0.31,"MPz":35,"MPzD":14.72,"MPr":91.79}
,{"DP":"ELIQUIS 2.5 MG 60 COMPRIMIDOS RECUBIERTOS","DD":"BRISTOL MYERS SQUIBB","FRF":13,"FRP":262,"MRF":24,"MRP":548,"MF":3155.1,"MFD":21.64,"MQt":0.31,"MPz":35,"MPzD":23.08,"MPr":91.05}
,{"DP":"SYMBICORT TURBUHALER 1604.5 MCGDOSIS 1 INHALADOR POLVO 120 DOSIS","DD":"ASTRAZENECA FARMACEUTICA SPAIN","FRF":47,"FRP":247,"MRF":25,"MRP":226,"MF":3107.52,"MFD":999,"MQt":0.3,"MPz":67,"MPzD":999,"MPr":46.37}]
,"datiDettRefC":[
{"DP":"FORMULAS MAGISTRALES","DD":"","FRF":5,"FRP":33,"CRF":1,"CRP":11,"CF":6444.18,"CFD":4.62,"CQt":0.85,"CPz":231,"CPzD":5.44,"CPr":27.87}
,{"DP":"LANTUS SOLUSTAR","DD":"","FRF":38,"FRP":301,"CRF":2,"CRP":61,"CF":5901.14,"CFD":-10.01,"CQt":0.78,"CPz":102,"CPzD":-10.07,"CPr":57.79}
,{"DP":"BEXSERO 1 JERINGA PRECARGADA 0.5 ML","DD":"NOVARTIS","FRF":50,"FRP":567,"CRF":3,"CRP":199,"CF":5645.94,"CFD":-25.36,"CQt":0.75,"CPz":53,"CPzD":-25.96,"CPr":105.87}
,{"DP":"ELIQUIS 5 MG 60 COMPRIMIDOS RECUBIERTOS","DD":"BRISTOL MYERS SQUIBB","FRF":10,"FRP":235,"CRF":4,"CRP":155,"CF":5479.6,"CFD":25.4,"CQt":0.72,"CPz":60,"CPzD":25.62,"CPr":91.16}
,{"DP":"XARELTO 20 MG 28 COMPRIMIDOS RECUBIERTOS","DD":"BAYER HISPANIA S.L.","FRF":24,"FRP":319,"CRF":5,"CRP":141,"CF":5337.13,"CFD":17.96,"CQt":0.71,"CPz":63,"CPzD":18.18,"CPr":84.94}
,{"DP":"TOUJEO 300UI 1 JER PR","DD":"SANOFI AVENTIS S.A.","FRF":45,"FRP":282,"CRF":6,"CRP":62,"CF":5190.11,"CFD":19.81,"CQt":0.69,"CPz":100,"CPzD":20.11,"CPr":51.95}
,{"DP":"TRULICITY 1,5 MG 4 PLUMAS PREC","DD":"LILLY","FRF":99,"FRP":1034,"CRF":7,"CRP":375,"CF":4935.61,"CFD":36.76,"CQt":0.65,"CPz":33,"CPzD":38.23,"CPr":147.77}
,{"DP":"DUODART 0.50.4 MG 30 CAPSULAS","DD":"GLAXO SMITHKLINE","FRF":170,"FRP":353,"CRF":8,"CRP":20,"CF":4928.06,"CFD":-25.44,"CQt":0.65,"CPz":186,"CPzD":1.28,"CPr":26.53}
,{"DP":"PROLIA 60 MG 1 JERINGA PRECARGADA 1 ML","DD":"AMGEN","FRF":9,"FRP":503,"CRF":9,"CRP":665,"CF":4728.9,"CFD":-1.29,"CQt":0.63,"CPz":21,"CPzD":-0.94,"CPr":226.36}
,{"DP":"TRAJENTA 5 MG 30 COMPRIMIDOS RECUBIERTOS","DD":"BOEHRINGER INGELHEIM, S.A.","FRF":23,"FRP":197,"CRF":10,"CRP":102,"CF":4663.69,"CFD":6.57,"CQt":0.62,"CPz":81,"CPzD":11.18,"CPr":57.9}
,{"DP":"VICTOZA 6 MGML 2 PLUMAS PRECARGADAS 3 ML","DD":"NOVO NORDISK PHARMA","FRF":16,"FRP":411,"CRF":11,"CRP":389,"CF":4367.07,"CFD":6.92,"CQt":0.58,"CPz":32,"CPzD":9.11,"CPr":135.01}
,{"DP":"FORSTEO 20 MCG80 MCL 1 PLUMA PRECARGADA 2.4 ML","DD":"ELANCO","FRF":3751,"FRP":3751,"CRF":12,"CRP":1324,"CF":4179.08,"CFD":-0.53,"CQt":0.55,"CPz":10,"CPzD":-3.34,"CPr":406.81}
,{"DP":"ZEBINIX 800 MG 30 COMPRIMIDOS","DD":"LABORATORIOS BIAL","FRF":87,"FRP":1033,"CRF":13,"CRP":582,"CF":4142.77,"CFD":21.02,"CQt":0.55,"CPz":23,"CPzD":26.25,"CPr":180.84}
,{"DP":"JANUMET 501000 MG 56 COMPRIMIDOS RECUBIERTOS","DD":"MSD","FRF":118,"FRP":568,"CRF":14,"CRP":133,"CF":3837.62,"CFD":-1.19,"CQt":0.51,"CPz":65,"CPzD":2.58,"CPr":58.78}
,{"DP":"EFFICIB 501000 MG 56 COMPRIMIDOS RECUBIERTOS","DD":"ALMIRALL S.A.","FRF":154,"FRP":664,"CRF":15,"CRP":149,"CF":3569.78,"CFD":-1.48,"CQt":0.47,"CPz":61,"CPzD":3.1,"CPr":58.73}
,{"DP":"BETMIGA 50 MG 30 COMPRIMIDOS LIBERACION PROLONGADA","DD":"ASTELLAS PHARMA","FRF":62,"FRP":311,"CRF":16,"CRP":109,"CF":3412.71,"CFD":14.69,"CQt":0.45,"CPz":76,"CPzD":15.63,"CPr":45.14}
,{"DP":"ULTIBRO BREEZHALER 8543 MCG 30 CAPSULAS INHALACION + INHALADOR","DD":"NOVARTIS","FRF":42,"FRP":436,"CRF":17,"CRP":355,"CF":2929.37,"CFD":9.28,"CQt":0.39,"CPz":34,"CPzD":9.29,"CPr":86.11}
,{"DP":"CLEXANE 40 MG (4000 UI) 30 JERINGAS PRECARGADAS 0.4 ML","DD":"SANOFI AVENTIS S.A.","FRF":83,"FRP":881,"CRF":18,"CRP":666,"CF":2837.58,"CFD":-11.71,"CQt":0.38,"CPz":21,"CPzD":-11.43,"CPr":135.47}
,{"DP":"NOVORAPID FLEXPEN 100 UML 5 PLUMAS PRECARGADAS 3 ML","DD":"NOVO NORDISK PHARMA","FRF":46,"FRP":241,"CRF":19,"CRP":156,"CF":2778.86,"CFD":-4.96,"CQt":0.37,"CPz":60,"CPzD":-3.54,"CPr":46.38}
,{"DP":"TRESIBA 100UML 5 PLUMAS 3ML","DD":"NOVO NORDISK PHARMA","FRF":270,"FRP":1240,"CRF":20,"CRP":443,"CF":2748.8,"CFD":20.17,"CQt":0.36,"CPz":29,"CPzD":18.5,"CPr":93.79}
,{"DP":"VELMETIA 501000 MG 56 COMPRIMIDOS RECUBIERTOS","DD":"FERRER INTERNACIONAL","FRF":61,"FRP":396,"CRF":21,"CRP":244,"CF":2728.53,"CFD":-10.03,"CQt":0.36,"CPz":46,"CPzD":-6.95,"CPr":58.74}
,{"DP":"SPIRIVA 18 MCG 30 CAPSULAS + 1 INHALADOR HANDIHALER","DD":"BOEHRINGER INGELHEIM, S.A.","FRF":15,"FRP":89,"CRF":22,"CRP":118,"CF":2719.26,"CFD":-31.2,"CQt":0.36,"CPz":69,"CPzD":-14.26,"CPr":39.38}
,{"DP":"FORXIGA 10 MG 28 COMPRIMIDOS R","DD":"","FRF":2404,"FRP":2404,"CRF":23,"CRP":204,"CF":2672.16,"CFD":22.92,"CQt":0.35,"CPz":52,"CPzD":24.19,"CPr":51.71}
,{"DP":"JARDIANCE 10 MG 30 COMPRIMIDOS","DD":"","FRF":55,"FRP":352,"CRF":24,"CRP":239,"CF":2628.33,"CFD":42.54,"CQt":0.35,"CPz":47,"CPzD":41.49,"CPr":55.51}
,{"DP":"EUCREAS 100050 MG 60 COMPRIMIDOS RECUBIERTOS","DD":"NOVARTIS","FRF":182,"FRP":765,"CRF":25,"CRP":282,"CF":2576.39,"CFD":-6.24,"CQt":0.34,"CPz":41,"CPzD":-2.08,"CPr":63.01}]}