{
"Merceologia":"cod.me120"
,"Tempo":"MAT"

,"datiTabRiass":[
{"F":6587.63,"M":4934.6345,"C":1899.5409,"Tipo":"c","H":"dt.d0011"}
,{"F": -24.48,"M": -21.3800,"C": -28.8100,"Tipo":"i","H":"dt.d0012"}
,{"F": 384.00,"M": 433.5297,"C": 181.6182,"Tipo":"n","H":"dt.d0013"}
,{"F": -36.53,"M": -21.0100,"C": -26.5200,"Tipo":"i","H":"dt.d0026"}]
,"datiDettDittaF":[
{"DD":"HEEL ESPAÑA","FRF":1,"FRP":1,"FF":3837.38,"FFD":-11.92,"FQt":68.96,"FPz":117,"FPzD":-50,"FPr":32.8,"FRef":22,"MRF":1,"MRP":2,"CRF":1,"CRP":2}
,{"DD":"BOIRON","FRF":2,"FRP":2,"FF":1380.95,"FFD":-39.06,"FQt":24.82,"FPz":93,"FPzD":-38.82,"FPr":14.85,"FRef":14,"MRF":2,"MRP":1,"CRF":2,"CRP":1}
,{"DD":"HELIOSAR SPAGYRICA","FRF":3,"FRP":3,"FF":272.27,"FFD":-21.41,"FQt":4.89,"FPz":13,"FPzD":-38.1,"FPr":20.94,"FRef":6,"MRF":5,"MRP":4,"CRF":5,"CRP":4}
,{"DD":"DHU IBERICA S A","FRF":4,"FRP":4,"FF":73.91,"FFD":-63.52,"FQt":1.33,"FPz":7,"FPzD":-65,"FPr":10.56,"FRef":2,"MRF":3,"MRP":3,"CRF":3,"CRP":3}
,{"DD":"LABOLIFE","FRF":5,"FRP":5,"FF":0,"FFD":-100,"FQt":0,"FPz":0,"FPzD":-100,"FPr":null,"FRef":0,"MRF":4,"MRP":6,"CRF":4,"CRP":5}
,{"DD":"LEHNING","FRF":6,"FRP":6,"FF":0,"FFD":null,"FQt":0,"FPz":0,"FPzD":null,"FPr":null,"FRef":0,"MRF":6,"MRP":5,"CRF":6,"CRP":6}
,{"DD":"SORIA NATURAL","FRF":7,"FRP":7,"FF":0,"FFD":null,"FQt":0,"FPz":0,"FPzD":null,"FPr":null,"FRef":0,"MRF":7,"MRP":7,"CRF":7,"CRP":7}]
,"datiDettDittaM":[
{"DD":"HEEL ESPAÑA","FRF":1,"FRP":1,"MRF":1,"MRP":2,"MF":1637.05,"MFD":-21.49,"MQt":45.11,"MPz":103,"MPzD":-24.26,"MPr":15.96,"MRef":14}
,{"DD":"BOIRON","FRF":2,"FRP":2,"MRF":2,"MRP":1,"MF":1492.33,"MFD":-12.05,"MQt":41.12,"MPz":121,"MPzD":-13.71,"MPr":12.34,"MRef":19}
,{"DD":"HELIOSAR SPAGYRICA","FRF":3,"FRP":3,"MRF":5,"MRP":4,"MF":65.97,"MFD":-46.92,"MQt":1.82,"MPz":4,"MPzD":-51.73,"MPr":18.57,"MRef":0}
,{"DD":"DHU IBERICA S A","FRF":4,"FRP":4,"MRF":3,"MRP":3,"MF":261.98,"MFD":-33.92,"MQt":7.22,"MPz":22,"MPzD":-36.11,"MPr":11.89,"MRef":3}
,{"DD":"LABOLIFE","FRF":5,"FRP":5,"MRF":4,"MRP":6,"MF":85.95,"MFD":-16.8,"MQt":2.37,"MPz":2,"MPzD":-6.33,"MPr":47.47,"MRef":1}
,{"DD":"LEHNING","FRF":6,"FRP":6,"MRF":6,"MRP":5,"MF":40.39,"MFD":-27.96,"MQt":1.11,"MPz":3,"MPzD":-18.74,"MPr":15.53,"MRef":1}
,{"DD":"SORIA NATURAL","FRF":7,"FRP":7,"MRF":7,"MRP":7,"MF":10.13,"MFD":-47.74,"MQt":0.28,"MPz":1,"MPzD":-56.57,"MPr":7.65,"MRef":1}]
,"datiDettDittaC":[
{"DD":"HEEL ESPAÑA","FRF":1,"FRP":1,"CRF":1,"CRP":2,"CF":653.62,"CFD":-19.76,"CQt":47.81,"CPz":43,"CPzD":-23.09,"CPr":15.25,"CRef":9}
,{"DD":"BOIRON","FRF":2,"FRP":2,"CRF":2,"CRP":1,"CF":566.81,"CFD":-26.02,"CQt":41.46,"CPz":48,"CPzD":-30.31,"CPr":11.74,"CRef":15}
,{"DD":"HELIOSAR SPAGYRICA","FRF":3,"FRP":3,"CRF":5,"CRP":4,"CF":27.38,"CFD":-54.34,"CQt":2,"CPz":2,"CPzD":-51.33,"CPr":17.71,"CRef":0}
,{"DD":"DHU IBERICA S A","FRF":4,"FRP":4,"CRF":3,"CRP":3,"CF":79.48,"CFD":-44.57,"CQt":5.81,"CPz":6,"CPzD":-49.23,"CPr":12.42,"CRef":1}
,{"DD":"LABOLIFE","FRF":5,"FRP":5,"CRF":4,"CRP":5,"CF":27.88,"CFD":-11.89,"CQt":2.04,"CPz":0.564,"CPzD":0.06,"CPr":49.47,"CRef":0}
,{"DD":"LEHNING","FRF":6,"FRP":6,"CRF":6,"CRP":6,"CF":7.74,"CFD":-49.12,"CQt":0.57,"CPz":0.473,"CPzD":-52.7,"CPr":16.36,"CRef":0}
,{"DD":"SORIA NATURAL","FRF":7,"FRP":7,"CRF":7,"CRP":7,"CF":1.22,"CFD":-75.49,"CQt":0.09,"CPz":0.145,"CPzD":-78.45,"CPr":8.38,"CRef":0}]
}