{
"Merceologia":"cod.me0"
,"Tempo":"MAT"

,"datiTabRiass":[
{"F":884924.28,"M":1577007.59,"C":1045754.92,"Tipo":"c","H":"dt.d0011"}
,{"F":    -4.92,"M":      2.64,"C":      1.55,"Tipo":"i","H":"dt.d0012"}
,{"F": 75336.00,"M": 139095.71,"C":  89575.82,"Tipo":"n","H":"dt.d0013"}
,{"F":   -11.17,"M":      0.32,"C":     -0.48,"Tipo":"i","H":"dt.d0026"}]
,"datiDettDittaF":[
{"DD":"NORMON","FRF":1,"FRP":1,"FF":60610.47,"FFD":2.91,"FQt":7.4,"FPz":10232,"FPzD":-2.91,"FPr":5.92,"FRef":239,"MRF":9,"MRP":2,"CRF":11,"CRP":2}
,{"DD":"LIERAC","FRF":2,"FRP":26,"FF":24708.71,"FFD":-0.42,"FQt":3.02,"FPz":725,"FPzD":-3.2,"FPr":34.08,"FRef":33,"MRF":83,"MRP":132,"CRF":125,"CRP":186}
,{"DD":"BAYER HISPANIA S.L.","FRF":3,"FRP":2,"FF":23904.7,"FFD":-10.15,"FQt":2.92,"FPz":2143,"FPzD":-11.08,"FPr":11.15,"FRef":120,"MRF":6,"MRP":4,"CRF":8,"CRP":6}
,{"DD":"ABOCA SpA SOCIETA' AGRICOLA","FRF":4,"FRP":4,"FF":22796.97,"FFD":-14.93,"FQt":2.78,"FPz":1749,"FPzD":-13.88,"FPr":13.03,"FRef":67,"MRF":13,"MRP":16,"CRF":14,"CRP":16}
,{"DD":"NOVARTIS","FRF":5,"FRP":8,"FF":22151.34,"FFD":-13.86,"FQt":2.7,"FPz":1214,"FPzD":-13.96,"FPr":18.25,"FRef":88,"MRF":1,"MRP":8,"CRF":1,"CRP":10}
,{"DD":"LA ROCHE POSAY","FRF":6,"FRP":9,"FF":20127.1,"FFD":-3.44,"FQt":2.46,"FPz":1177,"FPzD":-9.39,"FPr":17.1,"FRef":140,"MRF":92,"MRP":95,"CRF":138,"CRP":161}
,{"DD":"IPSEN PHARMA","FRF":7,"FRP":177,"FF":19543.83,"FFD":66.27,"FQt":2.39,"FPz":29,"FPzD":31.82,"FPr":673.93,"FRef":4,"MRF":75,"MRP":343,"CRF":71,"CRP":335}
,{"DD":"PFIZER","FRF":8,"FRP":3,"FF":18583.38,"FFD":-2.2,"FQt":2.27,"FPz":1804,"FPzD":-10.69,"FPr":10.3,"FRef":78,"MRF":8,"MRP":10,"CRF":6,"CRP":9}
,{"DD":"ITALFARMACO","FRF":9,"FRP":22,"FF":15957.67,"FFD":18.24,"FQt":1.95,"FPz":823,"FPzD":-8.56,"FPr":19.39,"FRef":46,"MRF":21,"MRP":17,"CRF":26,"CRP":18}
,{"DD":"LILLY","FRF":10,"FRP":81,"FF":15353.65,"FFD":42.51,"FQt":1.87,"FPz":193,"FPzD":33.1,"FPr":79.55,"FRef":11,"MRF":26,"MRP":107,"CRF":21,"CRP":101}]
,"datiDettDittaM":[
{"DD":"NORMON","FRF":1,"FRP":1,"MRF":9,"MRP":2,"MF":28034.15,"MFD":14.4,"MQt":1.93,"MPz":5697,"MPzD":9.98,"MPr":4.92,"MRef":359}
,{"DD":"BAYER HISPANIA S.L.","FRF":3,"FRP":2,"MRF":6,"MRP":4,"MF":32365.14,"MFD":0.39,"MQt":2.23,"MPz":3239,"MPzD":0.96,"MPr":9.99,"MRef":170}
,{"DD":"NOVARTIS","FRF":5,"FRP":8,"MRF":1,"MRP":8,"MF":50940.61,"MFD":-0.86,"MQt":3.51,"MPz":2563,"MPzD":-0.49,"MPr":19.88,"MRef":123}
,{"DD":"PFIZER","FRF":8,"FRP":3,"MRF":8,"MRP":10,"MF":31584.67,"MFD":-4.13,"MQt":2.18,"MPz":2454,"MPzD":-1.72,"MPr":12.87,"MRef":136}
,{"DD":"BOEHRINGER INGELHEIM, S.A.","FRF":11,"FRP":15,"MRF":4,"MRP":7,"MF":37557.28,"MFD":2.69,"MQt":2.59,"MPz":2828,"MPzD":7.24,"MPr":13.28,"MRef":84}
,{"DD":"MSD","FRF":12,"FRP":14,"MRF":5,"MRP":18,"MF":33850.68,"MFD":-6.22,"MQt":2.33,"MPz":1754,"MPzD":-1.88,"MPr":19.3,"MRef":80}
,{"DD":"GLAXO SMITHKLINE","FRF":13,"FRP":13,"MRF":3,"MRP":6,"MF":40358.06,"MFD":-1.02,"MQt":2.78,"MPz":2837,"MPzD":2.23,"MPr":14.23,"MRef":173}
,{"DD":"SANOFI AVENTIS S.A.","FRF":14,"FRP":16,"MRF":7,"MRP":12,"MF":32159.57,"MFD":-2.17,"MQt":2.22,"MPz":2021,"MPzD":-5.69,"MPr":15.92,"MRef":159}
,{"DD":"ALMIRALL S.A.","FRF":20,"FRP":20,"MRF":10,"MRP":14,"MF":24747.69,"MFD":2.06,"MQt":1.71,"MPz":1986,"MPzD":1.65,"MPr":12.46,"MRef":86}
,{"DD":"CINFA","FRF":40,"FRP":12,"MRF":2,"MRP":1,"MF":42487.93,"MFD":4.42,"MQt":2.93,"MPz":7719,"MPzD":4.02,"MPr":5.5,"MRef":522}]
,"datiDettDittaC":[
{"DD":"BAYER HISPANIA S.L.","FRF":3,"FRP":2,"CRF":8,"CRP":6,"CF":20718.29,"CFD":0.09,"CQt":2.14,"CPz":1961,"CPzD":0.17,"CPr":10.57,"CRef":130}
,{"DD":"NOVARTIS","FRF":5,"FRP":8,"CRF":1,"CRP":10,"CF":38777.67,"CFD":0.86,"CQt":4.01,"CPz":1710,"CPzD":-0.74,"CPr":22.68,"CRef":109}
,{"DD":"PFIZER","FRF":8,"FRP":3,"CRF":6,"CRP":9,"CF":21747.53,"CFD":-8.69,"CQt":2.25,"CPz":1715,"CPzD":-3.64,"CPr":12.68,"CRef":117}
,{"DD":"BOEHRINGER INGELHEIM, S.A.","FRF":11,"FRP":15,"CRF":2,"CRP":5,"CF":28466.43,"CFD":2.64,"CQt":2.95,"CPz":1975,"CPzD":5.34,"CPr":14.41,"CRef":70}
,{"DD":"MSD","FRF":12,"FRP":14,"CRF":7,"CRP":20,"CF":21588.82,"CFD":-9.65,"CQt":2.23,"CPz":1076,"CPzD":-4.41,"CPr":20.07,"CRef":73}
,{"DD":"GLAXO SMITHKLINE","FRF":13,"FRP":13,"CRF":4,"CRP":7,"CF":26226.1,"CFD":-3.07,"CQt":2.71,"CPz":1758,"CPzD":1.87,"CPr":14.92,"CRef":142}
,{"DD":"SANOFI AVENTIS S.A.","FRF":14,"FRP":16,"CRF":5,"CRP":13,"CF":22870.8,"CFD":-4.08,"CQt":2.37,"CPz":1471,"CPzD":-6.42,"CPr":15.55,"CRef":139}
,{"DD":"ASTRAZENECA FARMACEUTICA SPAIN","FRF":18,"FRP":46,"CRF":10,"CRP":39,"CF":16712.18,"CFD":-2.54,"CQt":1.73,"CPz":660,"CPzD":2.84,"CPr":25.32,"CRef":56}
,{"DD":"ALMIRALL S.A.","FRF":20,"FRP":20,"CRF":9,"CRP":15,"CF":16804.01,"CFD":-0.83,"CQt":1.74,"CPz":1275,"CPzD":0.07,"CPr":13.18,"CRef":76}
,{"DD":"CINFA","FRF":40,"FRP":12,"CRF":3,"CRP":1,"CF":27493.88,"CFD":3.33,"CQt":2.84,"CPz":4961,"CPzD":4.89,"CPr":5.54,"CRef":436}]
}