{
"Merceologia":"cod.me100"
,"Tempo":"MAT"

,"datiTabRiass":[
{"F":23745.38,"M":22669.705,"C":10638.2736,"Tipo":"c","H":"dt.d0011"}
,{"F":   -7.12,"M":    1.290,"C":   -2.6800,"Tipo":"i","H":"dt.d0012"}
,{"F": 1557.00,"M": 1942.654,"C":  967.3636,"Tipo":"n","H":"dt.d0013"}
,{"F":  -16.87,"M":   -3.870,"C":   -7.1000,"Tipo":"i","H":"dt.d0026"}]
,"datiDettDittaF":[
{"DD":"PRANAROM","FRF":1,"FRP":1,"FF":6128.61,"FFD":-17.8,"FQt":26.2,"FPz":511,"FPzD":-20.16,"FPr":11.99,"FRef":24,"MRF":1,"MRP":1,"CRF":1,"CRP":1}
,{"DD":"BAYER HISPANIA S.L.","FRF":2,"FRP":3,"FF":2291.94,"FFD":-6.77,"FQt":9.8,"FPz":101,"FPzD":-3.81,"FPr":22.69,"FRef":4,"MRF":5,"MRP":6,"CRF":6,"CRP":8}
,{"DD":"LCN 1955","FRF":3,"FRP":5,"FF":1635.9,"FFD":28.71,"FQt":6.99,"FPz":82,"FPzD":28.12,"FPr":19.95,"FRef":1,"MRF":67,"MRP":75,"CRF":110,"CRP":122}
,{"DD":"DIAFARM","FRF":4,"FRP":4,"FF":1231.57,"FFD":-39.92,"FQt":5.27,"FPz":83,"FPzD":-36.15,"FPr":14.84,"FRef":8,"MRF":4,"MRP":3,"CRF":4,"CRP":4}
,{"DD":"ROTTAPHARM S L","FRF":5,"FRP":2,"FF":1050.41,"FFD":-26.77,"FQt":4.49,"FPz":119,"FPzD":-32.77,"FPr":8.83,"FRef":3,"MRF":7,"MRP":4,"CRF":5,"CRP":3}
,{"DD":"LACER","FRF":6,"FRP":8,"FF":1014.45,"FFD":90.25,"FQt":4.34,"FPz":51,"FPzD":88.89,"FPr":19.89,"FRef":2,"MRF":71,"MRP":76,"CRF":56,"CRP":58}
,{"DD":"ARKOPHARMA","FRF":7,"FRP":6,"FF":899.56,"FFD":-21.62,"FQt":3.85,"FPz":70,"FPzD":-21.35,"FPr":12.85,"FRef":19,"MRF":3,"MRP":5,"CRF":3,"CRP":5}
,{"DD":"URIACH","FRF":8,"FRP":7,"FF":674.65,"FFD":-11.81,"FQt":2.88,"FPz":68,"FPzD":-38.18,"FPr":9.92,"FRef":14,"MRF":2,"MRP":2,"CRF":2,"CRP":2}
,{"DD":"PERRIGO ESPAÑA S.A.","FRF":9,"FRP":22,"FF":673.9,"FFD":null,"FQt":2.88,"FPz":9,"FPzD":null,"FPr":74.88,"FRef":1,"MRF":11,"MRP":45,"CRF":29,"CRP":68}
,{"DD":"ACTAFARMA","FRF":10,"FRP":16,"FF":664.55,"FFD":84.85,"FQt":2.84,"FPz":17,"FPzD":70,"FPr":39.09,"FRef":1,"MRF":12,"MRP":23,"CRF":21,"CRP":32}]
,"datiDettDittaM":[
{"DD":"PRANAROM","FRF":1,"FRP":1,"MRF":1,"MRP":1,"MF":4656.17,"MFD":5.69,"MQt":21.29,"MPz":456,"MPzD":2.03,"MPr":10.22,"MRef":49}
,{"DD":"BAYER HISPANIA S.L.","FRF":2,"FRP":3,"MRF":5,"MRP":6,"MF":814.86,"MFD":4.46,"MQt":3.73,"MPz":55,"MPzD":2.4,"MPr":14.94,"MRef":5}
,{"DD":"DIAFARM","FRF":4,"FRP":4,"MRF":4,"MRP":3,"MF":989.19,"MFD":-6.81,"MQt":4.52,"MPz":95,"MPzD":-7.21,"MPr":10.38,"MRef":10}
,{"DD":"ROTTAPHARM S L","FRF":5,"FRP":2,"MRF":7,"MRP":4,"MF":721.16,"MFD":-4.87,"MQt":3.3,"MPz":89,"MPzD":-10.61,"MPr":8.1,"MRef":5}
,{"DD":"ARKOPHARMA","FRF":7,"FRP":6,"MRF":3,"MRP":5,"MF":1073.45,"MFD":-14.7,"MQt":4.91,"MPz":75,"MPzD":-19.3,"MPr":14.34,"MRef":13}
,{"DD":"URIACH","FRF":8,"FRP":7,"MRF":2,"MRP":2,"MF":1753.66,"MFD":7.5,"MQt":8.02,"MPz":173,"MPzD":0.35,"MPr":10.13,"MRef":33}
,{"DD":"ITALFARMACO","FRF":23,"FRP":24,"MRF":9,"MRP":13,"MF":440.48,"MFD":13.68,"MQt":2.01,"MPz":25,"MPzD":10.38,"MPr":17.41,"MRef":4}
,{"DD":"ORDESA","FRF":39,"FRP":29,"MRF":10,"MRP":9,"MF":394.62,"MFD":-12.81,"MQt":1.8,"MPz":39,"MPzD":-16.61,"MPr":10.09,"MRef":4}
,{"DD":"BOEHRINGER INGELHEIM, S.A.","FRF":49,"FRP":33,"MRF":8,"MRP":8,"MF":441.63,"MFD":-7.48,"MQt":2.02,"MPz":51,"MPzD":-10.31,"MPr":8.58,"MRef":8}
,{"DD":"PRODECO PHARMA IBERICA","FRF":121,"FRP":121,"MRF":6,"MRP":7,"MF":747.58,"MFD":33.67,"MQt":3.42,"MPz":55,"MPzD":22.63,"MPr":13.52,"MRef":15}]
,"datiDettDittaC":[
{"DD":"PRANAROM","FRF":1,"FRP":1,"CRF":1,"CRP":1,"CF":2523.67,"CFD":10.68,"CQt":24.52,"CPz":242,"CPzD":5.79,"CPr":10.44,"CRef":42}
,{"DD":"BAYER HISPANIA S.L.","FRF":2,"FRP":3,"CRF":6,"CRP":8,"CF":261.91,"CFD":-5.03,"CQt":2.54,"CPz":19,"CPzD":-1.69,"CPr":14.01,"CRef":3}
,{"DD":"DIAFARM","FRF":4,"FRP":4,"CRF":4,"CRP":4,"CF":439.65,"CFD":-7.03,"CQt":4.27,"CPz":46,"CPzD":-8.33,"CPr":9.56,"CRef":10}
,{"DD":"ROTTAPHARM S L","FRF":5,"FRP":2,"CRF":5,"CRP":3,"CF":369.4,"CFD":-7.39,"CQt":3.59,"CPz":48,"CPzD":-14.84,"CPr":7.72,"CRef":5}
,{"DD":"ARKOPHARMA","FRF":7,"FRP":6,"CRF":3,"CRP":5,"CF":542.53,"CFD":-17.76,"CQt":5.27,"CPz":37,"CPzD":-26.35,"CPr":14.59,"CRef":5}
,{"DD":"URIACH","FRF":8,"FRP":7,"CRF":2,"CRP":2,"CF":909.75,"CFD":5.62,"CQt":8.84,"CPz":98,"CPzD":0.69,"CPr":9.32,"CRef":17}
,{"DD":"ITALFARMACO","FRF":23,"FRP":24,"CRF":7,"CRP":12,"CF":230.81,"CFD":15.96,"CQt":2.24,"CPz":13,"CPzD":12.24,"CPr":17.66,"CRef":2}
,{"DD":"ORDESA","FRF":39,"FRP":29,"CRF":10,"CRP":10,"CF":165.74,"CFD":-19.52,"CQt":1.61,"CPz":15,"CPzD":-24.66,"CPr":10.74,"CRef":3}
,{"DD":"BOEHRINGER INGELHEIM, S.A.","FRF":49,"FRP":33,"CRF":8,"CRP":6,"CF":211.67,"CFD":-5.65,"CQt":2.06,"CPz":26,"CPzD":-11.29,"CPr":8,"CRef":4}
,{"DD":"COFARES","FRF":89,"FRP":89,"CRF":9,"CRP":11,"CF":197.1,"CFD":-19.87,"CQt":1.91,"CPz":14,"CPzD":-15.57,"CPr":13.76,"CRef":5}]
}