{
"Merceologia":"cod.me10"
,"Tempo":"MAT"

,"datiTabRiass":[
{"F":462287.74,"M":1033141.30,"C":756054.07,"Tipo":"c","H":"dt.d0011"}
,{"F":     0.17,"M":      2.17,"C":     1.40,"Tipo":"i","H":"dt.d0012"}
,{"F": 36845.00,"M":  87764.54,"C": 62380.69,"Tipo":"n","H":"dt.d0013"}
,{"F":    -6.37,"M":      1.16,"C":     0.43,"Tipo":"i","H":"dt.d0026"}]
,"datiDettDittaF":[
{"DD":"NORMON","FRF":1,"FRP":1,"FF":60569.57,"FFD":2.84,"FQt":13.9,"FPz":10227,"FPzD":-2.96,"FPr":5.92,"FRef":236,"MRF":8,"MRP":2,"CRF":10,"CRP":2}
,{"DD":"IPSEN PHARMA","FRF":2,"FRP":94,"FF":19543.83,"FFD":66.27,"FQt":4.48,"FPz":29,"FPzD":31.82,"FPr":673.93,"FRef":4,"MRF":52,"MRP":178,"CRF":55,"CRP":184}
,{"DD":"PFIZER","FRF":3,"FRP":2,"FF":17823.86,"FFD":-1.37,"FQt":4.09,"FPz":1740,"FPzD":-10.22,"FPr":10.24,"FRef":70,"MRF":6,"MRP":6,"CRF":6,"CRP":5}
,{"DD":"LILLY","FRF":4,"FRP":42,"FF":15353.65,"FFD":42.51,"FQt":3.52,"FPz":193,"FPzD":33.1,"FPr":79.55,"FRef":11,"MRF":20,"MRP":76,"CRF":20,"CRP":78}
,{"DD":"MSD","FRF":5,"FRP":4,"FF":14801.9,"FFD":-24.37,"FQt":3.4,"FPz":960,"FPzD":-10.36,"FPr":15.42,"FRef":57,"MRF":2,"MRP":13,"CRF":5,"CRP":15}
,{"DD":"NOVARTIS","FRF":6,"FRP":11,"FF":14425.49,"FFD":-19.88,"FQt":3.31,"FPz":671,"FPzD":-9.45,"FPr":21.5,"FRef":53,"MRF":1,"MRP":14,"CRF":1,"CRP":13}
,{"DD":"ITALFARMACO","FRF":7,"FRP":13,"FF":13184.7,"FFD":24.08,"FQt":3.03,"FPz":642,"FPzD":-9.58,"FPr":20.54,"FRef":27,"MRF":25,"MRP":17,"CRF":30,"CRP":18}
,{"DD":"BOEHRINGER INGELHEIM, S.A.","FRF":8,"FRP":17,"FF":12331.47,"FFD":-27.72,"FQt":2.83,"FPz":595,"FPzD":-20.45,"FPr":20.73,"FRef":29,"MRF":4,"MRP":8,"CRF":2,"CRP":7}
,{"DD":"BAYER HISPANIA S.L.","FRF":9,"FRP":3,"FF":12260.41,"FFD":-9.04,"FQt":2.81,"FPz":1101,"FPzD":-9.61,"FPr":11.14,"FRef":62,"MRF":15,"MRP":10,"CRF":15,"CRP":11}
,{"DD":"SANOFI AVENTIS S.A.","FRF":10,"FRP":8,"FF":11921.93,"FFD":-9.09,"FQt":2.74,"FPz":821,"FPzD":-18.87,"FPr":14.52,"FRef":77,"MRF":7,"MRP":12,"CRF":4,"CRP":10}]
,"datiDettDittaM":[
{"DD":"NORMON","FRF":1,"FRP":1,"MRF":8,"MRP":2,"MF":27338.63,"MFD":14.37,"MQt":2.8,"MPz":5604,"MPzD":9.97,"MPr":4.88,"MRef":335}
,{"DD":"PFIZER","FRF":3,"FRP":2,"MRF":6,"MRP":6,"MF":30185.22,"MFD":-4.69,"MQt":3.09,"MPz":2342,"MPzD":-2.2,"MPr":12.89,"MRef":118}
,{"DD":"MSD","FRF":5,"FRP":4,"MRF":2,"MRP":13,"MF":33765.33,"MFD":-6.17,"MQt":3.45,"MPz":1745,"MPzD":-1.76,"MPr":19.35,"MRef":79}
,{"DD":"NOVARTIS","FRF":6,"FRP":11,"MRF":1,"MRP":14,"MF":42103.49,"MFD":-0.2,"MQt":4.31,"MPz":1719,"MPzD":1.82,"MPr":24.49,"MRef":81}
,{"DD":"BOEHRINGER INGELHEIM, S.A.","FRF":8,"FRP":17,"MRF":4,"MRP":8,"MF":31644.47,"MFD":4.24,"MQt":3.24,"MPz":2136,"MPzD":13.49,"MPr":14.81,"MRef":44}
,{"DD":"SANOFI AVENTIS S.A.","FRF":10,"FRP":8,"MRF":7,"MRP":12,"MF":30175.45,"MFD":-3.04,"MQt":3.09,"MPz":1816,"MPzD":-7.2,"MPr":16.62,"MRef":135}
,{"DD":"ASTRAZENECA FARMACEUTICA SPAIN","FRF":11,"FRP":21,"MRF":10,"MRP":26,"MF":24086.95,"MFD":-0.52,"MQt":2.46,"MPz":985,"MPzD":2.06,"MPr":24.45,"MRef":58}
,{"DD":"JANSSEN-CILAG","FRF":12,"FRP":29,"MRF":9,"MRP":46,"MF":24234.11,"MFD":-7.93,"MQt":2.48,"MPz":451,"MPzD":-2.87,"MPr":53.76,"MRef":52}
,{"DD":"GLAXO SMITHKLINE","FRF":13,"FRP":10,"MRF":3,"MRP":9,"MF":32976.05,"MFD":-2.87,"MQt":3.37,"MPz":2020,"MPzD":0.69,"MPr":16.33,"MRef":103}
,{"DD":"CINFA","FRF":25,"FRP":6,"MRF":5,"MRP":1,"MF":30911.94,"MFD":3.95,"MQt":3.16,"MPz":6227,"MPzD":4.01,"MPr":4.96,"MRef":333}]
,"datiDettDittaC":[
{"DD":"NORMON","FRF":1,"FRP":1,"CRF":10,"CRP":2,"CF":16274.27,"CFD":14.55,"CQt":2.29,"CPz":3263,"CPzD":10.97,"CPr":4.99,"CRef":282}
,{"DD":"PFIZER","FRF":3,"FRP":2,"CRF":6,"CRP":5,"CF":21191.65,"CFD":-9.01,"CQt":2.98,"CPz":1669,"CPzD":-3.9,"CPr":12.7,"CRef":105}
,{"DD":"MSD","FRF":5,"FRP":4,"CRF":5,"CRP":15,"CF":21549.52,"CFD":-9.6,"CQt":3.03,"CPz":1071,"CPzD":-4.33,"CPr":20.11,"CRef":72}
,{"DD":"NOVARTIS","FRF":6,"FRP":11,"CRF":1,"CRP":13,"CF":34054.82,"CFD":1.84,"CQt":4.79,"CPz":1263,"CPzD":2,"CPr":26.96,"CRef":79}
,{"DD":"BOEHRINGER INGELHEIM, S.A.","FRF":8,"FRP":17,"CRF":2,"CRP":7,"CF":25475.41,"CFD":3.77,"CQt":3.59,"CPz":1626,"CPzD":9.47,"CPr":15.67,"CRef":41}
,{"DD":"SANOFI AVENTIS S.A.","FRF":10,"FRP":8,"CRF":4,"CRP":10,"CF":21633.11,"CFD":-4.43,"CQt":3.05,"CPz":1346,"CPzD":-7.24,"CPr":16.07,"CRef":123}
,{"DD":"ASTRAZENECA FARMACEUTICA SPAIN","FRF":11,"FRP":21,"CRF":8,"CRP":28,"CF":16712.18,"CFD":-2.54,"CQt":2.35,"CPz":660,"CPzD":2.84,"CPr":25.32,"CRef":56}
,{"DD":"GLAXO SMITHKLINE","FRF":13,"FRP":10,"CRF":3,"CRP":12,"CF":21922.57,"CFD":-5.17,"CQt":3.09,"CPz":1285,"CPzD":0.03,"CPr":17.06,"CRef":85}
,{"DD":"NOVO NORDISK PHARMA","FRF":14,"FRP":57,"CRF":9,"CRP":58,"CF":16502.6,"CFD":9.8,"CQt":2.32,"CPz":251,"CPzD":3.99,"CPr":65.82,"CRef":20}
,{"DD":"CINFA","FRF":25,"FRP":6,"CRF":7,"CRP":1,"CF":20483.11,"CFD":5.01,"CQt":2.88,"CPz":4049,"CPzD":6.92,"CPr":5.06,"CRef":292}]
}