{
"Merceologia":"cod.me160"
,"Tempo":"MAT"

,"datiTabRiass":[
{"F":2946.17,"M":3344.6440,"C":1614.6313,"Tipo":"c","H":"dt.d0011"}
,{"F": -18.57,"M":   8.9700,"C":   4.5200,"Tipo":"i","H":"dt.d0012"}
,{"F": 442.00,"M": 632.7459,"C": 310.6182,"Tipo":"n","H":"dt.d0013"}
,{"F":  -8.49,"M":   6.9800,"C":   3.2800,"Tipo":"i","H":"dt.d0026"}]
,"datiDettDittaF":[
{"DD":"LA ROCHE POSAY","FRF":1,"FRP":1,"FF":737.93,"FFD":34.36,"FQt":32.79,"FPz":111,"FPzD":38.75,"FPr":6.65,"FRef":3,"MRF":10,"MRP":16,"CRF":19,"CRP":22}
,{"DD":"LIERAC","FRF":2,"FRP":4,"FF":482.74,"FFD":-37.74,"FQt":21.45,"FPz":30,"FPzD":-34.78,"FPr":16.09,"FRef":1,"MRF":16,"MRP":13,"CRF":27,"CRP":39}
,{"DD":"LAB LETI","FRF":3,"FRP":2,"FF":222.22,"FFD":-0.13,"FQt":9.87,"FPz":37,"FPzD":0,"FPr":6.01,"FRef":2,"MRF":1,"MRP":1,"CRF":1,"CRP":1}
,{"DD":"ISDIN","FRF":4,"FRP":3,"FF":191.64,"FFD":67.3,"FQt":8.52,"FPz":34,"FPzD":47.83,"FPr":5.64,"FRef":6,"MRF":2,"MRP":2,"CRF":2,"CRP":2}
,{"DD":"BDF BEIERSDORF","FRF":5,"FRP":5,"FF":106.87,"FFD":-0.35,"FQt":4.75,"FPz":23,"FPzD":-4.17,"FPr":4.65,"FRef":1,"MRF":12,"MRP":10,"CRF":12,"CRP":14}
,{"DD":"JOHNSON & JOHNSON","FRF":6,"FRP":6,"FF":84.55,"FFD":390.14,"FQt":3.76,"FPz":19,"FPzD":533.33,"FPr":4.45,"FRef":1,"MRF":3,"MRP":3,"CRF":6,"CRP":5}
,{"DD":"TREPAT-DIET","FRF":7,"FRP":8,"FF":80.31,"FFD":-8.95,"FQt":3.57,"FPz":13,"FPzD":-7.14,"FPr":6.18,"FRef":1,"MRF":52,"MRP":52,"CRF":52,"CRP":52}
,{"DD":"SANOFI AVENTIS S.A.","FRF":8,"FRP":7,"FF":74.82,"FFD":32.54,"FQt":3.32,"FPz":17,"FPzD":21.43,"FPr":4.4,"FRef":1,"MRF":24,"MRP":23,"CRF":41,"CRP":40}
,{"DD":"PHARMADIET SLU","FRF":9,"FRP":16,"FF":59.85,"FFD":-50,"FQt":2.66,"FPz":3,"FPzD":-50,"FPr":19.95,"FRef":2,"MRF":48,"MRP":53,"CRF":37,"CRP":46}
,{"DD":"ATP FARMA","FRF":10,"FRP":9,"FF":35.55,"FFD":-23.05,"FQt":1.58,"FPz":7,"FPzD":-22.22,"FPr":5.08,"FRef":2,"MRF":7,"MRP":5,"CRF":9,"CRP":12}]
,"datiDettDittaM":[
{"DD":"LA ROCHE POSAY","FRF":1,"FRP":1,"MRF":10,"MRP":16,"MF":82.52,"MFD":6.8,"MQt":2.73,"MPz":13,"MPzD":6.79,"MPr":6.34,"MRef":3}
,{"DD":"LAB LETI","FRF":3,"FRP":2,"MRF":1,"MRP":1,"MF":517.57,"MFD":7.54,"MQt":17.13,"MPz":94,"MPzD":4.85,"MPr":5.49,"MRef":5}
,{"DD":"ISDIN","FRF":4,"FRP":3,"MRF":2,"MRP":2,"MF":358.42,"MFD":70.72,"MQt":11.86,"MPz":65,"MPzD":49.64,"MPr":5.52,"MRef":9}
,{"DD":"JOHNSON & JOHNSON","FRF":6,"FRP":6,"MRF":3,"MRP":3,"MF":214.02,"MFD":11.22,"MQt":7.08,"MPz":51,"MPzD":12.76,"MPr":4.22,"MRef":3}
,{"DD":"ATP FARMA","FRF":10,"FRP":9,"MRF":7,"MRP":5,"MF":119.02,"MFD":12.87,"MQt":3.94,"MPz":23,"MPzD":13.74,"MPr":5.27,"MRef":7}
,{"DD":"PIERRE FABRE IBERICA","FRF":12,"FRP":15,"MRF":6,"MRP":6,"MF":162.59,"MFD":23.58,"MQt":5.38,"MPz":22,"MPzD":7.22,"MPr":7.44,"MRef":5}
,{"DD":"APIVITA","FRF":24,"FRP":24,"MRF":5,"MRP":4,"MF":182.05,"MFD":-3.82,"MQt":6.02,"MPz":36,"MPzD":-5.06,"MPr":5.1,"MRef":1}
,{"DD":"BIODERMA-NAOS SKIN CARE","FRF":26,"FRP":26,"MRF":8,"MRP":9,"MF":107.77,"MFD":33.19,"MQt":3.57,"MPz":20,"MPzD":44.31,"MPr":5.47,"MRef":3}
,{"DD":"NUXE","FRF":41,"FRP":41,"MRF":9,"MRP":15,"MF":97.4,"MFD":1.6,"MQt":3.22,"MPz":13,"MPzD":1.05,"MPr":7.7,"MRef":1}
,{"DD":"PRANAROM","FRF":45,"FRP":45,"MRF":4,"MRP":8,"MF":195.43,"MFD":-4.49,"MQt":6.47,"MPz":20,"MPzD":-5.66,"MPr":9.83,"MRef":1}]
,"datiDettDittaC":[
{"DD":"LAB LETI","FRF":3,"FRP":2,"CRF":1,"CRP":1,"CF":228.58,"CFD":7.08,"CQt":16.13,"CPz":41,"CPzD":3.16,"CPr":5.57,"CRef":4}
,{"DD":"ISDIN","FRF":4,"FRP":3,"CRF":2,"CRP":2,"CF":159.41,"CFD":52.14,"CQt":11.25,"CPz":30,"CPzD":41.39,"CPr":5.34,"CRef":9}
,{"DD":"JOHNSON & JOHNSON","FRF":6,"FRP":6,"CRF":6,"CRP":5,"CF":69.59,"CFD":4.49,"CQt":4.91,"CPz":16,"CPzD":0.34,"CPr":4.25,"CRef":2}
,{"DD":"ATP FARMA","FRF":10,"FRP":9,"CRF":9,"CRP":12,"CF":46.31,"CFD":-3.64,"CQt":3.27,"CPz":9,"CPzD":-2.94,"CPr":5.19,"CRef":3}
,{"DD":"PIERRE FABRE IBERICA","FRF":12,"FRP":15,"CRF":5,"CRP":6,"CF":78.4,"CFD":48.42,"CQt":5.53,"CPz":10,"CPzD":25.57,"CPr":8.04,"CRef":3}
,{"DD":"APIVITA","FRF":24,"FRP":24,"CRF":3,"CRP":3,"CF":104.94,"CFD":-10.72,"CQt":7.4,"CPz":22,"CPzD":-8.68,"CPr":4.85,"CRef":1}
,{"DD":"BIODERMA-NAOS SKIN CARE","FRF":26,"FRP":26,"CRF":10,"CRP":15,"CF":37.2,"CFD":52.97,"CQt":2.63,"CPz":5,"CPzD":53.63,"CPr":7.66,"CRef":3}
,{"DD":"INTERAPOTHEK","FRF":35,"FRP":35,"CRF":8,"CRP":4,"CF":49.45,"CFD":1.34,"CQt":3.49,"CPz":19,"CPzD":-7.69,"CPr":2.54,"CRef":4}
,{"DD":"NUXE","FRF":41,"FRP":41,"CRF":7,"CRP":13,"CF":62.57,"CFD":19.88,"CQt":4.41,"CPz":8,"CPzD":14.88,"CPr":7.93,"CRef":1}
,{"DD":"PRANAROM","FRF":45,"FRP":45,"CRF":4,"CRP":11,"CF":91.12,"CFD":-5.49,"CQt":6.43,"CPz":9,"CPzD":-9.51,"CPr":9.87,"CRef":1}]
}