{
"Merceologia":"cod.me200"
,"Tempo":"MAT"

,"datiTabRiass":[
{"F":13829.40,"M":17194.798,"C":8441.0940,"Tipo":"c","H":"dt.d0011"}
,{"F":  -11.71,"M":   -0.930,"C":  -2.5200,"Tipo":"i","H":"dt.d0012"}
,{"F":  765.00,"M": 1357.249,"C": 675.6364,"Tipo":"n","H":"dt.d0013"}
,{"F":   -9.89,"M":    0.650,"C":  -4.4800,"Tipo":"i","H":"dt.d0026"}]
,"datiDettDittaF":[
{"DD":"LA ROCHE POSAY","FRF":1,"FRP":1,"FF":2773.47,"FFD":8.3,"FQt":20.24,"FPz":150,"FPzD":6.38,"FPr":18.49,"FRef":8,"MRF":11,"MRP":14,"CRF":21,"CRP":26}
,{"DD":"LIERAC","FRF":2,"FRP":5,"FF":1158.16,"FFD":-50.93,"FQt":8.45,"FPz":33,"FPzD":-44.07,"FPr":35.1,"FRef":2,"MRF":15,"MRP":32,"CRF":30,"CRP":43}
,{"DD":"CASA PRONAT","FRF":3,"FRP":2,"FF":1091.79,"FFD":0.96,"FQt":7.97,"FPz":81,"FPzD":20.9,"FPr":13.48,"FRef":2,"MRF":1,"MRP":2,"CRF":2,"CRP":1}
,{"DD":"OUTBACKNPH","FRF":4,"FRP":3,"FF":1025.31,"FFD":38.62,"FQt":7.48,"FPz":78,"FPzD":30,"FPr":13.14,"FRef":4,"MRF":96,"MRP":98,"CRF":101,"CRP":96}
,{"DD":"BDF BEIERSDORF","FRF":5,"FRP":8,"FF":784.55,"FFD":32.95,"FQt":5.73,"FPz":25,"FPzD":19.05,"FPr":31.38,"FRef":3,"MRF":5,"MRP":9,"CRF":5,"CRP":11}
,{"DD":"NOVARTIS","FRF":6,"FRP":12,"FF":709.8,"FFD":-26.76,"FQt":5.18,"FPz":20,"FPzD":-13.04,"FPr":35.49,"FRef":4,"MRF":6,"MRP":20,"CRF":9,"CRP":19}
,{"DD":"CAUDALIE","FRF":7,"FRP":9,"FF":557,"FFD":-19.46,"FQt":4.07,"FPz":25,"FPzD":-16.67,"FPr":22.28,"FRef":1,"MRF":17,"MRP":23,"CRF":11,"CRP":18}
,{"DD":"ERN","FRF":8,"FRP":4,"FF":524.42,"FFD":37.8,"FQt":3.83,"FPz":49,"FPzD":22.5,"FPr":10.7,"FRef":4,"MRF":28,"MRP":21,"CRF":23,"CRP":14}
,{"DD":"PIERRE FABRE IBERICA","FRF":9,"FRP":6,"FF":494.54,"FFD":35.1,"FQt":3.61,"FPz":28,"FPzD":16.67,"FPr":17.66,"FRef":13,"MRF":2,"MRP":4,"CRF":1,"CRP":4}
,{"DD":"BAMA-GEVE, S.L.U.","FRF":10,"FRP":17,"FF":407.43,"FFD":39.43,"FQt":2.97,"FPz":9,"FPzD":28.57,"FPr":45.27,"FRef":3,"MRF":16,"MRP":26,"CRF":10,"CRP":25}]
,"datiDettDittaM":[
{"DD":"CASA PRONAT","FRF":3,"FRP":2,"MRF":1,"MRP":2,"MF":1329.52,"MFD":15.88,"MQt":7.92,"MPz":125,"MPzD":14.52,"MPr":10.63,"MRef":2}
,{"DD":"BDF BEIERSDORF","FRF":5,"FRP":8,"MRF":5,"MRP":9,"MF":731.16,"MFD":16.13,"MQt":4.35,"MPz":35,"MPzD":11.52,"MPr":20.88,"MRef":8}
,{"DD":"NOVARTIS","FRF":6,"FRP":12,"MRF":6,"MRP":20,"MF":609.51,"MFD":-11.98,"MQt":3.63,"MPz":17,"MPzD":-13.19,"MPr":35.26,"MRef":3}
,{"DD":"PIERRE FABRE IBERICA","FRF":9,"FRP":6,"MRF":2,"MRP":4,"MF":1321.42,"MFD":-2.16,"MQt":7.87,"MPz":87,"MPzD":0.47,"MPr":15.22,"MRef":16}
,{"DD":"ISDIN","FRF":12,"FRP":7,"MRF":4,"MRP":5,"MF":916.61,"MFD":-8.1,"MQt":5.46,"MPz":65,"MPzD":-9.35,"MPr":14.19,"MRef":18}
,{"DD":"LACER","FRF":15,"FRP":10,"MRF":9,"MRP":6,"MF":445.86,"MFD":-0.12,"MQt":2.65,"MPz":51,"MPzD":-4.81,"MPr":8.72,"MRef":5}
,{"DD":"BAYER HISPANIA S.L.","FRF":20,"FRP":13,"MRF":3,"MRP":3,"MF":994.04,"MFD":8.58,"MQt":5.92,"MPz":94,"MPzD":9.59,"MPr":10.54,"MRef":5}
,{"DD":"LAB LETI","FRF":21,"FRP":22,"MRF":10,"MRP":16,"MF":444.96,"MFD":3.5,"MQt":2.65,"MPz":22,"MPzD":7.5,"MPr":19.93,"MRef":9}
,{"DD":"BIODERMA-NAOS SKIN CARE","FRF":72,"FRP":72,"MRF":7,"MRP":7,"MF":603.82,"MFD":11.24,"MQt":3.6,"MPz":49,"MPzD":11.71,"MPr":12.35,"MRef":7}
,{"DD":"JOHNSON & JOHNSON","FRF":89,"FRP":89,"MRF":8,"MRP":11,"MF":533.64,"MFD":8.49,"MQt":3.18,"MPz":29,"MPzD":11.82,"MPr":18.16,"MRef":13}]
,"datiDettDittaC":[
{"DD":"CASA PRONAT","FRF":3,"FRP":2,"CRF":2,"CRP":1,"CF":654.09,"CFD":13.19,"CQt":7.98,"CPz":64,"CPzD":11.82,"CPr":10.26,"CRef":2}
,{"DD":"BDF BEIERSDORF","FRF":5,"FRP":8,"CRF":5,"CRP":11,"CF":364.54,"CFD":26.38,"CQt":4.45,"CPz":16,"CPzD":6.02,"CPr":22.13,"CRef":3}
,{"DD":"NOVARTIS","FRF":6,"FRP":12,"CRF":9,"CRP":19,"CF":241.4,"CFD":-4.43,"CQt":2.94,"CPz":7,"CPzD":0.52,"CPr":35.69,"CRef":2}
,{"DD":"PIERRE FABRE IBERICA","FRF":9,"FRP":6,"CRF":1,"CRP":4,"CF":673.6,"CFD":5.41,"CQt":8.22,"CPz":42,"CPzD":1.18,"CPr":15.91,"CRef":10}
,{"DD":"BAMA-GEVE, S.L.U.","FRF":10,"FRP":17,"CRF":10,"CRP":25,"CF":181.67,"CFD":10.99,"CQt":2.22,"CPz":6,"CPzD":7.49,"CPr":31.52,"CRef":3}
,{"DD":"ISDIN","FRF":12,"FRP":7,"CRF":4,"CRP":5,"CF":438.84,"CFD":-22.33,"CQt":5.35,"CPz":33,"CPzD":-24.53,"CPr":13.3,"CRef":8}
,{"DD":"LACER","FRF":15,"FRP":10,"CRF":8,"CRP":6,"CF":258.4,"CFD":1.04,"CQt":3.15,"CPz":30,"CPzD":-3.62,"CPr":8.63,"CRef":4}
,{"DD":"BAYER HISPANIA S.L.","FRF":20,"FRP":13,"CRF":3,"CRP":3,"CF":487.83,"CFD":4.2,"CQt":5.95,"CPz":46,"CPzD":3.99,"CPr":10.58,"CRef":3}
,{"DD":"CINFA","FRF":32,"FRP":29,"CRF":7,"CRP":7,"CF":281.24,"CFD":-11.95,"CQt":3.43,"CPz":28,"CPzD":-14.21,"CPr":10.09,"CRef":6}
,{"DD":"BIODERMA-NAOS SKIN CARE","FRF":72,"FRP":72,"CRF":6,"CRP":8,"CF":306.67,"CFD":23.68,"CQt":3.74,"CPz":25,"CPzD":27.43,"CPr":12.51,"CRef":6}]
}