{
"Merceologia":"cod.me20"
,"Tempo":"MAT"

,"datiTabRiass":[
{"F":93778.61,"M":234457.31,"C":175777.58,"Tipo":"c","H":"dt.d0011"}
,{"F":    4.37,"M":     3.44,"C":     2.79,"Tipo":"i","H":"dt.d0012"}
,{"F":15007.00,"M": 39449.49,"C": 27849.71,"Tipo":"n","H":"dt.d0013"}
,{"F":   -5.23,"M":     0.99,"C":     0.33,"Tipo":"i","H":"dt.d0026"}]
,"datiDettDittaF":[
{"DD":"NORMON","FRF":1,"FRP":1,"FF":59587.26,"FFD":3.53,"FQt":65.03,"FPz":9811,"FPzD":-1.97,"FPr":6.07,"FRef":225,"MRF":2,"MRP":2,"CRF":2,"CRP":2}
,{"DD":"KERN PHARMA","FRF":2,"FRP":4,"FF":4432,"FFD":39.56,"FQt":4.84,"FPz":557,"FPzD":125.51,"FPr":7.96,"FRef":36,"MRF":4,"MRP":3,"CRF":3,"CRP":3}
,{"DD":"CINFA","FRF":3,"FRP":2,"FF":4336.67,"FFD":23.1,"FQt":4.73,"FPz":826,"FPzD":-10.12,"FPr":5.25,"FRef":44,"MRF":1,"MRP":1,"CRF":1,"CRP":1}
,{"DD":"PENSA PHARMA SA","FRF":4,"FRP":3,"FF":4064.16,"FFD":-15.09,"FQt":4.44,"FPz":636,"FPzD":-31.09,"FPr":6.39,"FRef":25,"MRF":14,"MRP":13,"CRF":20,"CRP":15}
,{"DD":"MYLAN PHARMACEUTICALS S L","FRF":5,"FRP":7,"FF":3599.43,"FFD":11.59,"FQt":3.93,"FPz":333,"FPzD":-14.62,"FPr":10.81,"FRef":27,"MRF":12,"MRP":11,"CRF":17,"CRP":17}
,{"DD":"STADA S L","FRF":6,"FRP":9,"FF":2484.2,"FFD":55.42,"FQt":2.71,"FPz":226,"FPzD":45.81,"FPr":10.99,"FRef":35,"MRF":3,"MRP":4,"CRF":4,"CRP":5}
,{"DD":"ZAMBON","FRF":7,"FRP":8,"FF":1321.43,"FFD":-11.89,"FQt":1.44,"FPz":242,"FPzD":-21.17,"FPr":5.46,"FRef":6,"MRF":17,"MRP":15,"CRF":24,"CRP":18}
,{"DD":"EFFIK","FRF":8,"FRP":16,"FF":1259.07,"FFD":27.97,"FQt":1.37,"FPz":61,"FPzD":17.31,"FPr":20.64,"FRef":10,"MRF":26,"MRP":35,"CRF":34,"CRP":42}
,{"DD":"SANDOZ FARMACEUTICA S.A.","FRF":9,"FRP":12,"FF":1117.83,"FFD":31.97,"FQt":1.22,"FPz":144,"FPzD":-8.28,"FPr":7.76,"FRef":22,"MRF":5,"MRP":6,"CRF":6,"CRP":6}
,{"DD":"RATIOPHARM","FRF":10,"FRP":14,"FF":985.18,"FFD":118.7,"FQt":1.08,"FPz":82,"FPzD":121.62,"FPr":12.01,"FRef":13,"MRF":7,"MRP":7,"CRF":11,"CRP":10}]
,"datiDettDittaM":[
{"DD":"NORMON","FRF":1,"FRP":1,"MRF":2,"MRP":2,"MF":26394.38,"MFD":14.6,"MQt":11.68,"MPz":5272,"MPzD":9.8,"MPr":5.01,"MRef":318}
,{"DD":"KERN PHARMA","FRF":2,"FRP":4,"MRF":4,"MRP":3,"MF":18009.33,"MFD":5.64,"MQt":7.97,"MPz":3821,"MPzD":0.72,"MPr":4.71,"MRef":224}
,{"DD":"CINFA","FRF":3,"FRP":2,"MRF":1,"MRP":1,"MF":29285.12,"MFD":2.96,"MQt":12.95,"MPz":5890,"MPzD":3.65,"MPr":4.97,"MRef":315}
,{"DD":"STADA S L","FRF":6,"FRP":9,"MRF":3,"MRP":4,"MF":18952.64,"MFD":0.41,"MQt":8.38,"MPz":2625,"MPzD":-0.19,"MPr":7.22,"MRef":251}
,{"DD":"SANDOZ FARMACEUTICA S.A.","FRF":9,"FRP":12,"MRF":5,"MRP":6,"MF":12157.98,"MFD":-5.36,"MQt":5.38,"MPz":1999,"MPzD":-9.34,"MPr":6.08,"MRef":200}
,{"DD":"RATIOPHARM","FRF":10,"FRP":14,"MRF":7,"MRP":7,"MF":8850.73,"MFD":1.24,"MQt":3.91,"MPz":1393,"MPzD":0.66,"MPr":6.35,"MRef":142}
,{"DD":"TEVA PHARMA S.L.U.","FRF":12,"FRP":10,"MRF":9,"MRP":9,"MF":7886.01,"MFD":-4.86,"MQt":3.49,"MPz":1217,"MPzD":-6.14,"MPr":6.48,"MRef":171}
,{"DD":"KRKA FARMACEUTICA S L","FRF":22,"FRP":31,"MRF":10,"MRP":14,"MF":7383.16,"MFD":-25.55,"MQt":3.27,"MPz":751,"MPzD":-14.46,"MPr":9.83,"MRef":79}
,{"DD":"ARISTO PHARMA IBERIA S L","FRF":23,"FRP":22,"MRF":6,"MRP":5,"MF":9984.43,"MFD":-8.01,"MQt":4.42,"MPz":2189,"MPzD":-12.08,"MPr":4.56,"MRef":101}
,{"DD":"RANBAXY","FRF":58,"FRP":49,"MRF":8,"MRP":12,"MF":8681.79,"MFD":23.26,"MQt":3.84,"MPz":922,"MPzD":0.83,"MPr":9.41,"MRef":58}]
,"datiDettDittaC":[
{"DD":"NORMON","FRF":1,"FRP":1,"CRF":2,"CRP":2,"CF":15679.39,"CFD":14.88,"CQt":9.24,"CPz":3053,"CPzD":10.86,"CPr":5.14,"CRef":267}
,{"DD":"KERN PHARMA","FRF":2,"FRP":4,"CRF":3,"CRP":3,"CF":13276.94,"CFD":4.67,"CQt":7.82,"CPz":2619,"CPzD":-0.81,"CPr":5.07,"CRef":198}
,{"DD":"CINFA","FRF":3,"FRP":2,"CRF":1,"CRP":1,"CF":19366.22,"CFD":4.07,"CQt":11.41,"CPz":3809,"CPzD":6.65,"CPr":5.08,"CRef":275}
,{"DD":"STADA S L","FRF":6,"FRP":9,"CRF":4,"CRP":5,"CF":11139.52,"CFD":0.22,"CQt":6.56,"CPz":1569,"CPzD":0.17,"CPr":7.1,"CRef":202}
,{"DD":"SANDOZ FARMACEUTICA S.A.","FRF":9,"FRP":12,"CRF":6,"CRP":6,"CF":10025.27,"CFD":-1.72,"CQt":5.91,"CPz":1431,"CPzD":-4.89,"CPr":7,"CRef":186}
,{"DD":"QUALIGEN S L","FRF":19,"FRP":18,"CRF":9,"CRP":13,"CF":7473.61,"CFD":15.03,"CQt":4.4,"CPz":504,"CPzD":9.65,"CPr":14.83,"CRef":83}
,{"DD":"KRKA FARMACEUTICA S L","FRF":22,"FRP":31,"CRF":8,"CRP":9,"CF":7881.65,"CFD":-29.49,"CQt":4.64,"CPz":806,"CPzD":-18.63,"CPr":9.78,"CRef":79}
,{"DD":"ARISTO PHARMA IBERIA S L","FRF":23,"FRP":22,"CRF":5,"CRP":4,"CF":10116.91,"CFD":-10.68,"CQt":5.96,"CPz":2208,"CPzD":-14.95,"CPr":4.58,"CRef":94}
,{"DD":"RANBAXY","FRF":58,"FRP":49,"CRF":7,"CRP":8,"CF":8920.08,"CFD":21.22,"CQt":5.26,"CPz":894,"CPzD":-0.81,"CPr":9.97,"CRef":58}
,{"DD":"INDUSTRIA QUIMICA FARMACEUTICA VIR","FRF":90,"FRP":90,"CRF":10,"CRP":7,"CF":6379.42,"CFD":-1.63,"CQt":3.76,"CPz":1384,"CPzD":9.33,"CPr":4.61,"CRef":62}]
}