{
"Merceologia":"cod.me230"
,"Tempo":"MAT"

,"datiTabRiass":[
{"F":9413.91,"M":8131.6330,"C":3975.3740,"Tipo":"c","H":"dt.d0011"}
,{"F": -18.86,"M":  -2.8800,"C":   0.7200,"Tipo":"i","H":"dt.d0012"}
,{"F": 564.00,"M": 540.3514,"C": 281.7273,"Tipo":"n","H":"dt.d0013"}
,{"F": -10.76,"M":  -0.0700,"C":  -0.1300,"Tipo":"i","H":"dt.d0026"}]
,"datiDettDittaF":[
{"DD":"LIERAC","FRF":1,"FRP":1,"FF":4167.25,"FFD":-30.16,"FQt":44.27,"FPz":226,"FPzD":-15.36,"FPr":18.44,"FRef":24,"MRF":2,"MRP":2,"CRF":2,"CRP":2}
,{"DD":"ALES GROUPE","FRF":2,"FRP":2,"FF":1116.15,"FFD":-12.09,"FQt":11.86,"FPz":95,"FPzD":-2.06,"FPr":11.75,"FRef":3,"MRF":8,"MRP":5,"CRF":7,"CRP":9}
,{"DD":"VICHY","FRF":3,"FRP":3,"FF":1067.13,"FFD":44.1,"FQt":11.34,"FPz":69,"FPzD":53.33,"FPr":15.47,"FRef":25,"MRF":6,"MRP":7,"CRF":9,"CRP":12}
,{"DD":"LACER","FRF":4,"FRP":5,"FF":729,"FFD":25.48,"FQt":7.74,"FPz":23,"FPzD":9.52,"FPr":31.7,"FRef":5,"MRF":4,"MRP":6,"CRF":5,"CRP":6}
,{"DD":"PIERRE FABRE IBERICA","FRF":5,"FRP":4,"FF":688.35,"FFD":-6.24,"FQt":7.31,"FPz":40,"FPzD":-16.67,"FPr":17.21,"FRef":12,"MRF":1,"MRP":1,"CRF":1,"CRP":1}
,{"DD":"ISDIN","FRF":6,"FRP":9,"FF":272.93,"FFD":-25.82,"FQt":2.9,"FPz":10,"FPzD":-50,"FPr":27.29,"FRef":7,"MRF":9,"MRP":9,"CRF":6,"CRP":11}
,{"DD":"INTERPHARMA","FRF":7,"FRP":6,"FF":249.83,"FFD":-0.91,"FQt":2.65,"FPz":17,"FPzD":13.33,"FPr":14.7,"FRef":4,"MRF":22,"MRP":20,"CRF":21,"CRP":19}
,{"DD":"UNIPHARMA","FRF":8,"FRP":7,"FF":170.75,"FFD":75.04,"FQt":1.81,"FPz":13,"FPzD":85.71,"FPr":13.13,"FRef":2,"MRF":21,"MRP":23,"CRF":20,"CRP":23}
,{"DD":"L OREAL ESPANA  S A","FRF":9,"FRP":10,"FF":149.95,"FFD":-38.98,"FQt":1.59,"FPz":10,"FPzD":-33.33,"FPr":14.99,"FRef":2,"MRF":20,"MRP":19,"CRF":26,"CRP":25}
,{"DD":"COMBE EUROPA","FRF":10,"FRP":8,"FF":127.65,"FFD":-52.54,"FQt":1.36,"FPz":13,"FPzD":-51.85,"FPr":9.82,"FRef":5,"MRF":18,"MRP":15,"CRF":17,"CRP":15}]
,"datiDettDittaM":[
{"DD":"LIERAC","FRF":1,"FRP":1,"MRF":2,"MRP":2,"MF":1164.07,"MFD":-21.78,"MQt":14.76,"MPz":55,"MPzD":-7.67,"MPr":21.14,"MRef":13}
,{"DD":"ALES GROUPE","FRF":2,"FRP":2,"MRF":8,"MRP":5,"MF":282.43,"MFD":1.8,"MQt":3.58,"MPz":25,"MPzD":17.56,"MPr":11.47,"MRef":1}
,{"DD":"VICHY","FRF":3,"FRP":3,"MRF":6,"MRP":7,"MF":310.15,"MFD":-1.62,"MQt":3.93,"MPz":16,"MPzD":11.24,"MPr":19.53,"MRef":4}
,{"DD":"LACER","FRF":4,"FRP":5,"MRF":4,"MRP":6,"MF":439.61,"MFD":-1.97,"MQt":5.57,"MPz":23,"MPzD":-3.84,"MPr":19.28,"MRef":5}
,{"DD":"PIERRE FABRE IBERICA","FRF":5,"FRP":4,"MRF":1,"MRP":1,"MF":2238.14,"MFD":-0.21,"MQt":28.37,"MPz":137,"MPzD":-0.09,"MPr":16.32,"MRef":30}
,{"DD":"ISDIN","FRF":6,"FRP":9,"MRF":9,"MRP":9,"MF":250.49,"MFD":10.1,"MQt":3.18,"MPz":14,"MPzD":5.8,"MPr":17.47,"MRef":4}
,{"DD":"VCS-FARMA","FRF":17,"FRP":18,"MRF":7,"MRP":4,"MF":288.82,"MFD":10.45,"MQt":3.66,"MPz":27,"MPzD":8.97,"MPr":10.58,"MRef":2}
,{"DD":"APIVITA","FRF":32,"FRP":32,"MRF":3,"MRP":3,"MF":583.32,"MFD":-2.31,"MQt":7.39,"MPz":48,"MPzD":1.35,"MPr":12.26,"MRef":2}
,{"DD":"DS HEALTHCARE IBERIA","FRF":38,"FRP":38,"MRF":5,"MRP":10,"MF":347.44,"MFD":18.81,"MQt":4.4,"MPz":13,"MPzD":17.89,"MPr":27.03,"MRef":4}
,{"DD":"RUEBER","FRF":48,"FRP":48,"MRF":10,"MRP":13,"MF":165.76,"MFD":-8.31,"MQt":2.1,"MPz":9,"MPzD":-7.76,"MPr":17.95,"MRef":2}]
,"datiDettDittaC":[
{"DD":"LIERAC","FRF":1,"FRP":1,"CRF":2,"CRP":2,"CF":513.48,"CFD":-9.64,"CQt":13.77,"CPz":26,"CPzD":10.17,"CPr":19.42,"CRef":9}
,{"DD":"ALES GROUPE","FRF":2,"FRP":2,"CRF":7,"CRP":9,"CF":127.25,"CFD":19.44,"CQt":3.41,"CPz":8,"CPzD":25.36,"CPr":15.8,"CRef":1}
,{"DD":"VICHY","FRF":3,"FRP":3,"CRF":9,"CRP":12,"CF":111.14,"CFD":1.28,"CQt":2.98,"CPz":5,"CPzD":-8.03,"CPr":22.23,"CRef":0}
,{"DD":"LACER","FRF":4,"FRP":5,"CRF":5,"CRP":6,"CF":264.98,"CFD":-8.27,"CQt":7.1,"CPz":14,"CPzD":-4.11,"CPr":19.59,"CRef":4}
,{"DD":"PIERRE FABRE IBERICA","FRF":5,"FRP":4,"CRF":1,"CRP":1,"CF":787.26,"CFD":1.27,"CQt":21.11,"CPz":52,"CPzD":-0.24,"CPr":15.26,"CRef":13}
,{"DD":"ISDIN","FRF":6,"FRP":9,"CRF":6,"CRP":11,"CF":130.04,"CFD":14.29,"CQt":3.49,"CPz":7,"CPzD":6.94,"CPr":18.29,"CRef":2}
,{"DD":"OMEGA PHARMA ESPAÑA, S.A.","FRF":14,"FRP":14,"CRF":10,"CRP":10,"CF":85.89,"CFD":-12.91,"CQt":2.3,"CPz":8,"CPzD":-5.78,"CPr":11.3,"CRef":1}
,{"DD":"VCS-FARMA","FRF":17,"FRP":18,"CRF":8,"CRP":7,"CF":119.32,"CFD":-1.97,"CQt":3.2,"CPz":11,"CPzD":-3.51,"CPr":11.03,"CRef":2}
,{"DD":"APIVITA","FRF":32,"FRP":32,"CRF":4,"CRP":4,"CF":268.44,"CFD":-6.25,"CQt":7.2,"CPz":22,"CPzD":-7.63,"CPr":12.03,"CRef":2}
,{"DD":"RUEBER","FRF":48,"FRP":48,"CRF":3,"CRP":3,"CF":375.86,"CFD":14.5,"CQt":10.08,"CPz":23,"CPzD":7.2,"CPr":16,"CRef":5}]
}