{
"Merceologia":"cod.me300"
,"Tempo":"MAT"

,"datiTabRiass":[
{"F":41595.30,"M":100912.839,"C":66904.428,"Tipo":"c","H":"dt.d0011"}
,{"F":  -15.49,"M":     1.610,"C":    0.290,"Tipo":"i","H":"dt.d0012"}
,{"F": 4962.00,"M":  8959.211,"C": 5277.109,"Tipo":"n","H":"dt.d0013"}
,{"F":  -20.38,"M":    -2.020,"C":   -3.750,"Tipo":"i","H":"dt.d0026"}]
,"datiDettDittaF":[
{"DD":"PROCTER & GAMBLE ESPAÑA","FRF":1,"FRP":8,"FF":3788.54,"FFD":-17.87,"FQt":10.4,"FPz":188,"FPzD":-2.59,"FPr":20.15,"FRef":15,"MRF":4,"MRP":10,"CRF":4,"CRP":9}
,{"DD":"RECKITT BENCKISER HEALTHCARE  S A","FRF":2,"FRP":4,"FF":2927.54,"FFD":-18.55,"FQt":8.03,"FPz":295,"FPzD":-11.14,"FPr":9.92,"FRef":26,"MRF":8,"MRP":7,"CRF":15,"CRP":11}
,{"DD":"BSN MEDICAL","FRF":3,"FRP":1,"FF":2725.75,"FFD":-19.9,"FQt":7.48,"FPz":647,"FPzD":-21.39,"FPr":4.21,"FRef":53,"MRF":34,"MRP":14,"CRF":38,"CRP":19}
,{"DD":"BARNA IMPORT MEDICA","FRF":4,"FRP":17,"FF":2461.2,"FFD":-2.42,"FQt":6.75,"FPz":55,"FPzD":0,"FPr":44.75,"FRef":7,"MRF":9,"MRP":26,"CRF":8,"CRP":23}
,{"DD":"JOHNSON & JOHNSON","FRF":5,"FRP":6,"FF":1857.49,"FFD":-14.64,"FQt":5.1,"FPz":226,"FPzD":-21.53,"FPr":8.22,"FRef":11,"MRF":14,"MRP":8,"CRF":21,"CRP":12}
,{"DD":"INDAS","FRF":6,"FRP":12,"FF":1793.47,"FFD":-30.02,"FQt":4.92,"FPz":106,"FPzD":-25.87,"FPr":16.92,"FRef":10,"MRF":1,"MRP":3,"CRF":1,"CRP":3}
,{"DD":"DISTROSUR","FRF":7,"FRP":2,"FF":1501.31,"FFD":-32.76,"FQt":4.12,"FPz":369,"FPzD":-10.44,"FPr":4.07,"FRef":20,"MRF":61,"MRP":44,"CRF":59,"CRP":51}
,{"DD":"ROCHE DIAGNOSTICS","FRF":8,"FRP":22,"FF":1462.06,"FFD":17.89,"FQt":4.01,"FPz":42,"FPzD":-26.32,"FPr":34.81,"FRef":12,"MRF":5,"MRP":9,"CRF":7,"CRP":6}
,{"DD":"SCA HYGIENE PRODUCTS, S.L.","FRF":9,"FRP":18,"FF":1383.47,"FFD":-32.94,"FQt":3.8,"FPz":54,"FPzD":-43.16,"FPr":25.62,"FRef":6,"MRF":6,"MRP":19,"CRF":5,"CRP":17}
,{"DD":"COLOPLAST","FRF":10,"FRP":19,"FF":1278.55,"FFD":196.38,"FQt":3.51,"FPz":51,"FPzD":168.42,"FPr":25.07,"FRef":10,"MRF":3,"MRP":13,"CRF":2,"CRP":10}]
,"datiDettDittaM":[
{"DD":"PROCTER & GAMBLE ESPAÑA","FRF":1,"FRP":8,"MRF":4,"MRP":10,"MF":5440.28,"MFD":-6.84,"MQt":6.16,"MPz":244,"MPzD":3.11,"MPr":22.28,"MRef":22}
,{"DD":"RECKITT BENCKISER HEALTHCARE  S A","FRF":2,"FRP":4,"MRF":8,"MRP":7,"MF":2939.61,"MFD":-12.26,"MQt":3.33,"MPz":271,"MPzD":-12.09,"MPr":10.86,"MRef":47}
,{"DD":"BARNA IMPORT MEDICA","FRF":4,"FRP":17,"MRF":9,"MRP":26,"MF":2832.48,"MFD":20.85,"MQt":3.21,"MPz":71,"MPzD":20.52,"MPr":39.98,"MRef":9}
,{"DD":"INDAS","FRF":6,"FRP":12,"MRF":1,"MRP":3,"MF":8994.95,"MFD":7.76,"MQt":10.18,"MPz":383,"MPzD":6.65,"MPr":23.49,"MRef":37}
,{"DD":"ROCHE DIAGNOSTICS","FRF":8,"FRP":22,"MRF":5,"MRP":9,"MF":3892.32,"MFD":-3.02,"MQt":4.41,"MPz":256,"MPzD":-14.17,"MPr":15.22,"MRef":45}
,{"DD":"SCA HYGIENE PRODUCTS, S.L.","FRF":9,"FRP":18,"MRF":6,"MRP":19,"MF":3397.5,"MFD":-9.37,"MQt":3.85,"MPz":96,"MPzD":-7.28,"MPr":35.46,"MRef":13}
,{"DD":"COLOPLAST","FRF":10,"FRP":19,"MRF":3,"MRP":13,"MF":6286.87,"MFD":4.95,"MQt":7.12,"MPz":145,"MPzD":6.07,"MPr":43.24,"MRef":41}
,{"DD":"HARTMANN","FRF":12,"FRP":9,"MRF":2,"MRP":1,"MF":6516.03,"MFD":10.53,"MQt":7.38,"MPz":1073,"MPzD":4.74,"MPr":6.07,"MRef":135}
,{"DD":"HOLLISTER IB","FRF":17,"FRP":32,"MRF":10,"MRP":25,"MF":2738.37,"MFD":5.04,"MQt":3.1,"MPz":74,"MPzD":10.23,"MPr":37.1,"MRef":18}
,{"DD":"CINFA","FRF":18,"FRP":27,"MRF":7,"MRP":5,"MF":3257.56,"MFD":3.6,"MQt":3.69,"MPz":343,"MPzD":4.3,"MPr":9.49,"MRef":71}]
,"datiDettDittaC":[
{"DD":"PROCTER & GAMBLE ESPAÑA","FRF":1,"FRP":8,"CRF":4,"CRP":9,"CF":4120.29,"CFD":-15.9,"CQt":6.68,"CPz":132,"CPzD":-13.68,"CPr":31.15,"CRef":15}
,{"DD":"BARNA IMPORT MEDICA","FRF":4,"FRP":17,"CRF":8,"CRP":23,"CF":2351.56,"CFD":19.31,"CQt":3.81,"CPz":60,"CPzD":20.39,"CPr":39.03,"CRef":8}
,{"DD":"INDAS","FRF":6,"FRP":12,"CRF":1,"CRP":3,"CF":7423.32,"CFD":3.77,"CQt":12.03,"CPz":288,"CPzD":1.19,"CPr":25.81,"CRef":32}
,{"DD":"ROCHE DIAGNOSTICS","FRF":8,"FRP":22,"CRF":7,"CRP":6,"CF":2559.1,"CFD":-5.21,"CQt":4.15,"CPz":158,"CPzD":-32.45,"CPr":16.17,"CRef":20}
,{"DD":"SCA HYGIENE PRODUCTS, S.L.","FRF":9,"FRP":18,"CRF":5,"CRP":17,"CF":2630.16,"CFD":-8.77,"CQt":4.26,"CPz":78,"CPzD":-5.84,"CPr":33.89,"CRef":14}
,{"DD":"COLOPLAST","FRF":10,"FRP":19,"CRF":2,"CRP":10,"CF":4730.02,"CFD":2.81,"CQt":7.67,"CPz":114,"CPzD":1.9,"CPr":41.37,"CRef":37}
,{"DD":"HARTMANN","FRF":12,"FRP":9,"CRF":3,"CRP":1,"CF":4207.61,"CFD":13.59,"CQt":6.82,"CPz":616,"CPzD":8.76,"CPr":6.83,"CRef":111}
,{"DD":"HOLLISTER IB","FRF":17,"FRP":32,"CRF":9,"CRP":22,"CF":2242.33,"CFD":8.85,"CQt":3.63,"CPz":61,"CPzD":12.06,"CPr":37.02,"CRef":16}
,{"DD":"BAYER HISPANIA S.L.","FRF":41,"FRP":57,"CRF":10,"CRP":18,"CF":2217.59,"CFD":10.15,"CQt":3.59,"CPz":77,"CPzD":8.17,"CPr":28.89,"CRef":3}
,{"DD":"LIFESCAN ESPAÑA","FRF":135,"FRP":136,"CRF":6,"CRP":14,"CF":2612.27,"CFD":-1,"CQt":4.23,"CPz":87,"CPzD":-3.12,"CPr":29.97,"CRef":4}]
}