{
"Merceologia":"cod.me340"
,"Tempo":"MAT"

,"datiTabRiass":[
{"F": 33.00,"M":619.89741,"C":257.497273,"Tipo":"c","H":"dt.d0011"}
,{"F":346.55,"M":-18.14000,"C":-39.900000,"Tipo":"i","H":"dt.d0012"}
,{"F":  2.00,"M": 14.74595,"C":  6.145455,"Tipo":"n","H":"dt.d0013"}
,{"F":100.00,"M":-16.16000,"C":-38.550000,"Tipo":"i","H":"dt.d0026"}]
,"datiDettDittaF":[
{"DD":"TOVIPIE","FRF":1,"FRP":1,"FF":17.5,"FFD":null,"FQt":100,"FPz":1,"FPzD":null,"FPr":17.5,"FRef":1,"MRF":1,"MRP":1,"CRF":1,"CRP":1}]
,"datiDettDittaM":[
{"DD":"TOVIPIE","FRF":1,"FRP":1,"MRF":1,"MRP":1,"MF":12.89,"MFD":-15.11,"MQt":37.44,"MPz":0.703,"MPzD":-16.09,"MPr":18.34,"MRef":0}]
,"datiDettDittaC":[
{"DD":"TOVIPIE","FRF":1,"FRP":1,"CRF":1,"CRP":1,"CF":3.61,"CFD":-20.76,"CQt":28.62,"CPz":0.182,"CPzD":-28.5,"CPr":19.87,"CRef":0}]
}