{
"Merceologia":"cod.me350"
,"Tempo":"MAT"

,"datiTabRiass":[
{"F":3241.28,"M":3847.6757,"C":1493.7876,"Tipo":"c","H":"dt.d0011"}
,{"F":  -4.33,"M":  -5.3000,"C":  -9.3200,"Tipo":"i","H":"dt.d0012"}
,{"F": 292.00,"M": 373.4541,"C": 150.0364,"Tipo":"n","H":"dt.d0013"}
,{"F":  -3.63,"M":  -8.2400,"C": -12.1800,"Tipo":"i","H":"dt.d0026"}]
,"datiDettDittaF":[
{"DD":"RECKITT BENCKISER HEALTHCARE  S A","FRF":1,"FRP":1,"FF":2139.1,"FFD":11.11,"FQt":80.84,"FPz":201,"FPzD":9.84,"FPr":10.64,"FRef":11,"MRF":1,"MRP":1,"CRF":1,"CRP":1}
,{"DD":"DERMOFARM","FRF":2,"FRP":2,"FF":500.58,"FFD":20.66,"FQt":18.92,"FPz":46,"FPzD":6.98,"FPr":10.88,"FRef":2,"MRF":3,"MRP":3,"CRF":3,"CRP":3}
,{"DD":"PERFELENA","FRF":3,"FRP":3,"FF":6.5,"FFD":-50,"FQt":0.25,"FPz":1,"FPzD":-50,"FPr":6.5,"FRef":1,"MRF":7,"MRP":7,"CRF":7,"CRP":7}
,{"DD":"ARTSANA","FRF":4,"FRP":4,"FF":0,"FFD":null,"FQt":0,"FPz":0,"FPzD":null,"FPr":null,"FRef":0,"MRF":2,"MRP":2,"CRF":2,"CRP":2}
,{"DD":"CASEN RECORDATI S L","FRF":5,"FRP":5,"FF":0,"FFD":-100,"FQt":0,"FPz":0,"FPzD":-100,"FPr":null,"FRef":0,"MRF":4,"MRP":5,"CRF":4,"CRP":5}
,{"DD":"JOHNSON & JOHNSON","FRF":6,"FRP":6,"FF":0,"FFD":null,"FQt":0,"FPz":0,"FPzD":null,"FPr":null,"FRef":0,"MRF":5,"MRP":6,"CRF":6,"CRP":6}
,{"DD":"ORT MOGAR","FRF":7,"FRP":7,"FF":0,"FFD":null,"FQt":0,"FPz":0,"FPzD":null,"FPr":null,"FRef":0,"MRF":6,"MRP":4,"CRF":5,"CRP":4}]
,"datiDettDittaM":[
{"DD":"RECKITT BENCKISER HEALTHCARE  S A","FRF":1,"FRP":1,"MRF":1,"MRP":1,"MF":2028.85,"MFD":-5.09,"MQt":68.48,"MPz":202,"MPzD":-8.07,"MPr":10.05,"MRef":32}
,{"DD":"DERMOFARM","FRF":2,"FRP":2,"MRF":3,"MRP":3,"MF":365.16,"MFD":-0.14,"MQt":12.32,"MPz":37,"MPzD":0.91,"MPr":9.79,"MRef":2}
,{"DD":"PERFELENA","FRF":3,"FRP":3,"MRF":7,"MRP":7,"MF":1.35,"MFD":9.25,"MQt":0.05,"MPz":0.405,"MPzD":46.91,"MPr":3.34,"MRef":0}
,{"DD":"ARTSANA","FRF":4,"FRP":4,"MRF":2,"MRP":2,"MF":440.78,"MFD":-10.48,"MQt":14.88,"MPz":49,"MPzD":-13.53,"MPr":8.92,"MRef":11}
,{"DD":"CASEN RECORDATI S L","FRF":5,"FRP":5,"MRF":4,"MRP":5,"MF":26.16,"MFD":-12.04,"MQt":0.88,"MPz":2,"MPzD":9.47,"MPr":15.81,"MRef":0}
,{"DD":"JOHNSON & JOHNSON","FRF":6,"FRP":6,"MRF":5,"MRP":6,"MF":17.92,"MFD":155.15,"MQt":0.6,"MPz":1,"MPzD":117.65,"MPr":15.49,"MRef":1}
,{"DD":"ORT MOGAR","FRF":7,"FRP":7,"MRF":6,"MRP":4,"MF":13.12,"MFD":-19.32,"MQt":0.44,"MPz":4,"MPzD":-24.87,"MPr":3.14,"MRef":2}]
,"datiDettDittaC":[
{"DD":"RECKITT BENCKISER HEALTHCARE  S A","FRF":1,"FRP":1,"CRF":1,"CRP":1,"CF":772.68,"CFD":-9.39,"CQt":67.53,"CPz":80,"CPzD":-11.68,"CPr":9.67,"CRef":19}
,{"DD":"DERMOFARM","FRF":2,"FRP":2,"CRF":3,"CRP":3,"CF":139.74,"CFD":-4.44,"CQt":12.21,"CPz":14,"CPzD":-1.16,"CPr":9.99,"CRef":2}
,{"DD":"PERFELENA","FRF":3,"FRP":3,"CRF":7,"CRP":7,"CF":0.25,"CFD":-11.75,"CQt":0.02,"CPz":0.109,"CPzD":19.9,"CPr":2.31,"CRef":0}
,{"DD":"ARTSANA","FRF":4,"FRP":4,"CRF":2,"CRP":2,"CF":188.31,"CFD":-7.48,"CQt":16.46,"CPz":22,"CPzD":-14,"CPr":8.49,"CRef":7}
,{"DD":"CASEN RECORDATI S L","FRF":5,"FRP":5,"CRF":4,"CRP":5,"CF":7.9,"CFD":2.83,"CQt":0.69,"CPz":0.455,"CPzD":0.1,"CPr":17.38,"CRef":0}
,{"DD":"JOHNSON & JOHNSON","FRF":6,"FRP":6,"CRF":6,"CRP":6,"CF":3.95,"CFD":54.08,"CQt":0.34,"CPz":0.236,"CPzD":44.22,"CPr":16.69,"CRef":0}
,{"DD":"ORT MOGAR","FRF":7,"FRP":7,"CRF":5,"CRP":4,"CF":5.4,"CFD":21.17,"CQt":0.47,"CPz":0.818,"CPzD":21.59,"CPr":6.6,"CRef":0}]
}