{
"Merceologia":"cod.me90"
,"Tempo":"MAT"

,"datiTabRiass":[
{"F":55970.18,"M":84841.02,"C":45398.529,"Tipo":"c","H":"dt.d0011"}
,{"F":    0.36,"M":    5.03,"C":    2.150,"Tipo":"i","H":"dt.d0012"}
,{"F": 6855.00,"M":10808.50,"C": 5813.491,"Tipo":"n","H":"dt.d0013"}
,{"F":   -4.21,"M":    1.94,"C":   -1.190,"Tipo":"i","H":"dt.d0026"}]
,"datiDettDittaF":[
{"DD":"JOHNSON & JOHNSON","FRF":1,"FRP":4,"FF":5879.88,"FFD":1.81,"FQt":10.64,"FPz":502,"FPzD":5.91,"FPr":11.71,"FRef":25,"MRF":1,"MRP":1,"CRF":1,"CRP":1}
,{"DD":"BAYER HISPANIA S.L.","FRF":2,"FRP":2,"FF":5478.29,"FFD":-18.74,"FQt":9.91,"FPz":649,"FPzD":-19.98,"FPr":8.44,"FRef":26,"MRF":3,"MRP":4,"CRF":5,"CRP":4}
,{"DD":"ZAMBON","FRF":3,"FRP":1,"FF":5155.22,"FFD":-2.42,"FQt":9.33,"FPz":764,"FPzD":-1.93,"FPr":6.75,"FRef":10,"MRF":2,"MRP":2,"CRF":2,"CRP":2}
,{"DD":"NOVARTIS","FRF":4,"FRP":5,"FF":4891.16,"FFD":18.72,"FQt":8.85,"FPz":352,"FPzD":-12,"FPr":13.9,"FRef":16,"MRF":4,"MRP":7,"CRF":3,"CRP":5}
,{"DD":"ALMIRALL S.A.","FRF":5,"FRP":8,"FF":3283.87,"FFD":-6.59,"FQt":5.94,"FPz":322,"FPzD":-6.67,"FPr":10.2,"FRef":12,"MRF":5,"MRP":6,"CRF":6,"CRP":6}
,{"DD":"BOEHRINGER INGELHEIM, S.A.","FRF":6,"FRP":7,"FF":2578.99,"FFD":-9.24,"FQt":4.67,"FPz":327,"FPzD":-13.26,"FPr":7.89,"FRef":16,"MRF":6,"MRP":5,"CRF":7,"CRP":7}
,{"DD":"FERRER INTERNACIONAL","FRF":7,"FRP":3,"FF":2401.57,"FFD":7.67,"FQt":4.35,"FPz":577,"FPzD":-6.94,"FPr":4.16,"FRef":11,"MRF":12,"MRP":8,"CRF":14,"CRP":10}
,{"DD":"ESTEVE","FRF":8,"FRP":10,"FF":2257.09,"FFD":9.51,"FQt":4.08,"FPz":277,"FPzD":8.63,"FPr":8.15,"FRef":6,"MRF":10,"MRP":11,"CRF":11,"CRP":14}
,{"DD":"RECKITT BENCKISER HEALTHCARE  S A","FRF":9,"FRP":11,"FF":2222.3,"FFD":15.39,"FQt":4.02,"FPz":247,"FPzD":11.76,"FPr":9,"FRef":18,"MRF":8,"MRP":9,"CRF":8,"CRP":9}
,{"DD":"VILARDELL","FRF":10,"FRP":6,"FF":1799.95,"FFD":-2.68,"FQt":3.26,"FPz":334,"FPzD":-3.75,"FPr":5.39,"FRef":3,"MRF":25,"MRP":22,"CRF":28,"CRP":25}]
,"datiDettDittaM":[
{"DD":"JOHNSON & JOHNSON","FRF":1,"FRP":4,"MRF":1,"MRP":1,"MF":10738.99,"MFD":6.82,"MQt":12.84,"MPz":1080,"MPzD":1.59,"MPr":9.94,"MRef":45}
,{"DD":"BAYER HISPANIA S.L.","FRF":2,"FRP":2,"MRF":3,"MRP":4,"MF":5773.2,"MFD":1.42,"MQt":6.9,"MPz":732,"MPzD":-2.33,"MPr":7.89,"MRef":36}
,{"DD":"ZAMBON","FRF":3,"FRP":1,"MRF":2,"MRP":2,"MF":7715.21,"MFD":18.74,"MQt":9.23,"MPz":1031,"MPzD":19.32,"MPr":7.48,"MRef":14}
,{"DD":"NOVARTIS","FRF":4,"FRP":5,"MRF":4,"MRP":7,"MF":5459.04,"MFD":-2.71,"MQt":6.53,"MPz":556,"MPzD":-2.84,"MPr":9.82,"MRef":21}
,{"DD":"ALMIRALL S.A.","FRF":5,"FRP":8,"MRF":5,"MRP":6,"MF":5155.4,"MFD":5.61,"MQt":6.16,"MPz":557,"MPzD":0.41,"MPr":9.26,"MRef":16}
,{"DD":"BOEHRINGER INGELHEIM, S.A.","FRF":6,"FRP":7,"MRF":6,"MRP":5,"MF":4854.55,"MFD":-3.49,"MQt":5.81,"MPz":600,"MPzD":-7.51,"MPr":8.09,"MRef":24}
,{"DD":"ESTEVE","FRF":8,"FRP":10,"MRF":10,"MRP":11,"MF":2579.55,"MFD":-13.61,"MQt":3.08,"MPz":326,"MPzD":-14.37,"MPr":7.92,"MRef":8}
,{"DD":"RECKITT BENCKISER HEALTHCARE  S A","FRF":9,"FRP":11,"MRF":8,"MRP":9,"MF":3872.89,"MFD":4.97,"MQt":4.63,"MPz":417,"MPzD":0.9,"MPr":9.29,"MRef":27}
,{"DD":"GLAXO SMITHKLINE","FRF":12,"FRP":14,"MRF":9,"MRP":12,"MF":2611.51,"MFD":12.22,"MQt":3.12,"MPz":290,"MPzD":10.35,"MPr":8.99,"MRef":20}
,{"DD":"CINFA","FRF":16,"FRP":16,"MRF":7,"MRP":3,"MF":4853.56,"MFD":9.84,"MQt":5.8,"MPz":762,"MPzD":5.83,"MPr":6.37,"MRef":41}]
,"datiDettDittaC":[
{"DD":"JOHNSON & JOHNSON","FRF":1,"FRP":4,"CRF":1,"CRP":1,"CF":5285.47,"CFD":7.7,"CQt":11.81,"CPz":552,"CPzD":1.85,"CPr":9.58,"CRef":29}
,{"DD":"BAYER HISPANIA S.L.","FRF":2,"FRP":2,"CRF":5,"CRP":4,"CF":2862.13,"CFD":-2.17,"CQt":6.4,"CPz":364,"CPzD":-6.08,"CPr":7.86,"CRef":31}
,{"DD":"ZAMBON","FRF":3,"FRP":1,"CRF":2,"CRP":2,"CF":3972.12,"CFD":14.52,"CQt":8.88,"CPz":523,"CPzD":13.92,"CPr":7.59,"CRef":14}
,{"DD":"NOVARTIS","FRF":4,"FRP":5,"CRF":3,"CRP":5,"CF":3222.57,"CFD":-8.11,"CQt":7.2,"CPz":325,"CPzD":-7.7,"CPr":9.92,"CRef":16}
,{"DD":"ALMIRALL S.A.","FRF":5,"FRP":8,"CRF":6,"CRP":6,"CF":2834.09,"CFD":3.06,"CQt":6.33,"CPz":307,"CPzD":-2.23,"CPr":9.24,"CRef":14}
,{"DD":"BOEHRINGER INGELHEIM, S.A.","FRF":6,"FRP":7,"CRF":7,"CRP":7,"CF":2462.47,"CFD":-5.69,"CQt":5.5,"CPz":301,"CPzD":-9.85,"CPr":8.18,"CRef":21}
,{"DD":"RECKITT BENCKISER HEALTHCARE  S A","FRF":9,"FRP":11,"CRF":8,"CRP":9,"CF":1769.15,"CFD":1.4,"CQt":3.95,"CPz":187,"CPzD":-2.9,"CPr":9.47,"CRef":24}
,{"DD":"GLAXO SMITHKLINE","FRF":12,"FRP":14,"CRF":9,"CRP":13,"CF":1382.69,"CFD":13.79,"CQt":3.09,"CPz":160,"CPzD":11.22,"CPr":8.65,"CRef":16}
,{"DD":"LACER","FRF":15,"FRP":15,"CRF":10,"CRP":11,"CF":1338.44,"CFD":13.87,"CQt":2.99,"CPz":172,"CPzD":10.98,"CPr":7.77,"CRef":5}
,{"DD":"CINFA","FRF":16,"FRP":16,"CRF":4,"CRP":3,"CF":3003.22,"CFD":-0.54,"CQt":6.71,"CPz":460,"CPzD":-3,"CPr":6.53,"CRef":40}]
}