{
"Merceologia":"cod.me100"
,"Tempo":"BIM"

,"datiTabRiass":[
{"F":3839.31,"M":3651.8893,"C":1709.2900,"Tipo":"c","H":"dt.d0011"}
,{"F": -18.28,"M":  -4.4300,"C":  -4.3200,"Tipo":"i","H":"dt.d0012"}
,{"F": 261.00,"M": 320.9243,"C": 156.0364,"Tipo":"n","H":"dt.d0013"}
,{"F": -21.39,"M":  -8.6800,"C":  -9.1800,"Tipo":"i","H":"dt.d0026"}]
,"datiDettDittaF":[
{"DD":"PRANAROM","FRF":1,"FRP":1,"FF":1224.4,"FFD":-28.49,"FQt":31.89,"FPz":103,"FPzD":-29.93,"FPr":11.89,"FRef":24,"MRF":1,"MRP":1,"CRF":1,"CRP":1}
,{"DD":"BAYER HISPANIA S.L.","FRF":2,"FRP":2,"FF":462.53,"FFD":-26.36,"FQt":12.05,"FPz":18,"FPzD":-33.33,"FPr":25.7,"FRef":4,"MRF":6,"MRP":7,"CRF":6,"CRP":7}
,{"DD":"LCN 1955","FRF":3,"FRP":4,"FF":219.45,"FFD":-34.72,"FQt":5.72,"FPz":11,"FPzD":-35.29,"FPr":19.95,"FRef":1,"MRF":48,"MRP":56,"CRF":54,"CRP":59}
,{"DD":"LACER","FRF":4,"FRP":6,"FF":196.5,"FFD":392.48,"FQt":5.12,"FPz":10,"FPzD":400,"FPr":19.65,"FRef":2,"MRF":52,"MRP":58,"CRF":41,"CRP":44}
,{"DD":"PERRIGO ESPAÑA S.A.","FRF":5,"FRP":20,"FF":179.9,"FFD":null,"FQt":4.69,"FPz":2,"FPzD":null,"FPr":89.95,"FRef":1,"MRF":13,"MRP":50,"CRF":36,"CRP":52}
,{"DD":"VICHY","FRF":6,"FRP":9,"FF":148.9,"FFD":null,"FQt":3.88,"FPz":7,"FPzD":null,"FPr":21.27,"FRef":10,"MRF":41,"MRP":54,"CRF":37,"CRP":46}
,{"DD":"DIAFARM","FRF":7,"FRP":5,"FF":147.32,"FFD":67.69,"FQt":3.84,"FPz":11,"FPzD":83.33,"FPr":13.39,"FRef":8,"MRF":5,"MRP":3,"CRF":4,"CRP":4}
,{"DD":"ROTTAPHARM S L","FRF":8,"FRP":3,"FF":144.41,"FFD":-30.35,"FQt":3.76,"FPz":15,"FPzD":-34.78,"FPr":9.63,"FRef":3,"MRF":7,"MRP":4,"CRF":5,"CRP":5}
,{"DD":"VITA GREEN","FRF":9,"FRP":15,"FF":119.05,"FFD":-25.5,"FQt":3.1,"FPz":3,"FPzD":-25,"FPr":39.68,"FRef":3,"MRF":28,"MRP":53,"CRF":33,"CRP":48}
,{"DD":"URIACH","FRF":10,"FRP":7,"FF":113.6,"FFD":-15.38,"FQt":2.96,"FPz":10,"FPzD":-50,"FPr":11.36,"FRef":14,"MRF":2,"MRP":2,"CRF":2,"CRP":2}]
,"datiDettDittaM":[
{"DD":"PRANAROM","FRF":1,"FRP":1,"MRF":1,"MRP":1,"MF":788.65,"MFD":-16.08,"MQt":22.42,"MPz":80,"MPzD":-16.48,"MPr":9.9,"MRef":49}
,{"DD":"BAYER HISPANIA S.L.","FRF":2,"FRP":2,"MRF":6,"MRP":7,"MF":133.43,"MFD":6.55,"MQt":3.79,"MPz":9,"MPzD":5.25,"MPr":14.66,"MRef":5}
,{"DD":"DIAFARM","FRF":7,"FRP":5,"MRF":5,"MRP":3,"MF":137.48,"MFD":-9.92,"MQt":3.91,"MPz":13,"MPzD":-9.93,"MPr":10.48,"MRef":10}
,{"DD":"ROTTAPHARM S L","FRF":8,"FRP":3,"MRF":7,"MRP":4,"MF":110.18,"MFD":-11.78,"MQt":3.13,"MPz":12,"MPzD":-25.83,"MPr":8.97,"MRef":5}
,{"DD":"URIACH","FRF":10,"FRP":7,"MRF":2,"MRP":2,"MF":306.91,"MFD":10.93,"MQt":8.73,"MPz":30,"MPzD":6.26,"MPr":10.16,"MRef":33}
,{"DD":"ARKOPHARMA","FRF":12,"FRP":8,"MRF":3,"MRP":5,"MF":152.49,"MFD":-12.79,"MQt":4.34,"MPz":11,"MPzD":-14.17,"MPr":14.39,"MRef":13}
,{"DD":"ITALFARMACO","FRF":28,"FRP":30,"MRF":8,"MRP":14,"MF":76.5,"MFD":26.04,"MQt":2.17,"MPz":4,"MPzD":13.67,"MPr":17.28,"MRef":4}
,{"DD":"ORDESA","FRF":32,"FRP":32,"MRF":9,"MRP":9,"MF":68.69,"MFD":0.06,"MQt":1.95,"MPz":6,"MPzD":-14.15,"MPr":10.58,"MRef":4}
,{"DD":"BOEHRINGER INGELHEIM, S.A.","FRF":36,"FRP":36,"MRF":10,"MRP":8,"MF":67.27,"MFD":-8.1,"MQt":1.91,"MPz":8,"MPzD":-8.53,"MPr":8.74,"MRef":8}
,{"DD":"PRODECO PHARMA IBERICA","FRF":57,"FRP":57,"MRF":4,"MRP":6,"MF":143.87,"MFD":6.98,"MQt":4.09,"MPz":10,"MPzD":-6.23,"MPr":13.72,"MRef":15}]
,"datiDettDittaC":[
{"DD":"PRANAROM","FRF":1,"FRP":1,"CRF":1,"CRP":1,"CF":437.12,"CFD":-5.87,"CQt":26.7,"CPz":43,"CPzD":-7.04,"CPr":10.27,"CRef":42}
,{"DD":"BAYER HISPANIA S.L.","FRF":2,"FRP":2,"CRF":6,"CRP":7,"CF":41.26,"CFD":-2.65,"CQt":2.52,"CPz":3,"CPzD":5.1,"CPr":13.75,"CRef":3}
,{"DD":"DIAFARM","FRF":7,"FRP":5,"CRF":4,"CRP":4,"CF":58.48,"CFD":-9.19,"CQt":3.57,"CPz":6,"CPzD":-11.53,"CPr":9.81,"CRef":10}
,{"DD":"ROTTAPHARM S L","FRF":8,"FRP":3,"CRF":5,"CRP":5,"CF":53.16,"CFD":-16.62,"CQt":3.25,"CPz":6,"CPzD":-33.33,"CPr":8.75,"CRef":5}
,{"DD":"URIACH","FRF":10,"FRP":7,"CRF":2,"CRP":2,"CF":174.01,"CFD":23.39,"CQt":10.63,"CPz":19,"CPzD":19.02,"CPr":9.18,"CRef":17}
,{"DD":"ARKOPHARMA","FRF":12,"FRP":8,"CRF":3,"CRP":3,"CF":92.46,"CFD":10.77,"CQt":5.65,"CPz":6,"CPzD":-4.62,"CPr":16.51,"CRef":5}
,{"DD":"ITALFARMACO","FRF":28,"FRP":30,"CRF":7,"CRP":11,"CF":36.73,"CFD":40.36,"CQt":2.24,"CPz":2,"CPzD":30.95,"CPr":17.57,"CRef":2}
,{"DD":"BOEHRINGER INGELHEIM, S.A.","FRF":36,"FRP":36,"CRF":9,"CRP":6,"CF":31.15,"CFD":1.84,"CQt":1.9,"CPz":4,"CPzD":0.92,"CPr":7.9,"CRef":4}
,{"DD":"COFARES","FRF":49,"FRP":49,"CRF":8,"CRP":12,"CF":31.6,"CFD":32.75,"CQt":1.93,"CPz":2,"CPzD":5.77,"CPr":14.48,"CRef":5}
,{"DD":"PRODECO PHARMA IBERICA","FRF":57,"FRP":57,"CRF":10,"CRP":13,"CF":23.62,"CFD":-26.03,"CQt":1.44,"CPz":2,"CPzD":-16.67,"CPr":14.27,"CRef":4}]
}