{
"Merceologia":"cod.me150"
,"Tempo":"BIM"

,"datiTabRiass":[
{"F":211.35,"M":84.448703,"C": 33.062182,"Tipo":"c","H":"dt.d0011"}
,{"F": 11.56,"M":-2.230000,"C":-14.910000,"Tipo":"i","H":"dt.d0012"}
,{"F": 12.00,"M": 5.324324,"C":  1.872727,"Tipo":"n","H":"dt.d0013"}
,{"F": -7.69,"M":-5.740000,"C":-21.370000,"Tipo":"i","H":"dt.d0026"}]
,"datiDettDittaF":[
{"DD":"LIERAC","FRF":1,"FRP":2,"FF":115.3,"FFD":54.77,"FQt":54.55,"FPz":3,"FPzD":50,"FPr":38.43,"FRef":1,"MRF":2,"MRP":4,"CRF":3,"CRP":4}
,{"DD":"VICHY","FRF":2,"FRP":1,"FF":47,"FFD":83.24,"FQt":22.24,"FPz":4,"FPzD":33.33,"FPr":11.75,"FRef":7,"MRF":1,"MRP":1,"CRF":1,"CRP":1}
,{"DD":"ISDIN","FRF":3,"FRP":3,"FF":34.9,"FFD":-22.44,"FQt":16.51,"FPz":3,"FPzD":-25,"FPr":11.63,"FRef":3,"MRF":4,"MRP":3,"CRF":2,"CRP":3}
,{"DD":"PROCTER & GAMBLE ESPAÑA","FRF":4,"FRP":4,"FF":8.35,"FFD":-53.61,"FQt":3.95,"FPz":1,"FPzD":-50,"FPr":8.35,"FRef":2,"MRF":3,"MRP":2,"CRF":4,"CRP":2}
,{"DD":"INDUSTRIAS BETER","FRF":5,"FRP":5,"FF":5.8,"FFD":0,"FQt":2.74,"FPz":1,"FPzD":0,"FPr":5.8,"FRef":1,"MRF":5,"MRP":5,"CRF":5,"CRP":5}]
,"datiDettDittaM":[
{"DD":"LIERAC","FRF":1,"FRP":2,"MRF":2,"MRP":4,"MF":7.53,"MFD":1.43,"MQt":9.53,"MPz":0.222,"MPzD":-19.47,"MPr":33.97,"MRef":1}
,{"DD":"VICHY","FRF":2,"FRP":1,"MRF":1,"MRP":1,"MF":15.91,"MFD":15.79,"MQt":20.15,"MPz":1,"MPzD":-18.5,"MPr":11.82,"MRef":1}
,{"DD":"ISDIN","FRF":3,"FRP":3,"MRF":4,"MRP":3,"MF":5.41,"MFD":-3.73,"MQt":6.85,"MPz":0.368,"MPzD":-13.82,"MPr":14.72,"MRef":1}
,{"DD":"PROCTER & GAMBLE ESPAÑA","FRF":4,"FRP":4,"MRF":3,"MRP":2,"MF":6.53,"MFD":12.59,"MQt":8.27,"MPz":0.768,"MPzD":9.29,"MPr":8.51,"MRef":2}
,{"DD":"INDUSTRIAS BETER","FRF":5,"FRP":5,"MRF":5,"MRP":5,"MF":0.65,"MFD":-2.83,"MQt":0.82,"MPz":0.119,"MPzD":-4.28,"MPr":5.44,"MRef":0}]
,"datiDettDittaC":[
{"DD":"LIERAC","FRF":1,"FRP":2,"CRF":3,"CRP":4,"CF":2.28,"CFD":88.03,"CQt":6.94,"CPz":0.073,"CPzD":0.37,"CPr":31.33,"CRef":0}
,{"DD":"VICHY","FRF":2,"FRP":1,"CRF":1,"CRP":1,"CF":6.44,"CFD":30.43,"CQt":19.61,"CPz":0.509,"CPzD":11.98,"CPr":12.64,"CRef":1}
,{"DD":"ISDIN","FRF":3,"FRP":3,"CRF":2,"CRP":3,"CF":2.92,"CFD":41.04,"CQt":8.9,"CPz":0.182,"CPzD":0.1,"CPr":16.06,"CRef":0}
,{"DD":"PROCTER & GAMBLE ESPAÑA","FRF":4,"FRP":4,"CRF":4,"CRP":2,"CF":1.96,"CFD":17.92,"CQt":5.96,"CPz":0.2,"CPzD":0,"CPr":9.78,"CRef":0}
,{"DD":"INDUSTRIAS BETER","FRF":5,"FRP":5,"CRF":5,"CRP":5,"CF":0.41,"CFD":-7.96,"CQt":1.26,"CPz":0.073,"CPzD":-19.7,"CPr":5.69,"CRef":0}]
}