{
"Merceologia":"cod.me180"
,"Tempo":"BIM"

,"datiTabRiass":[
{"F":415.75,"M":555.67314,"C":239.75527,"Tipo":"c","H":"dt.d0011"}
,{"F":-44.39,"M": -1.85000,"C": -3.12000,"Tipo":"i","H":"dt.d0012"}
,{"F": 29.00,"M": 58.44865,"C": 36.83636,"Tipo":"n","H":"dt.d0013"}
,{"F":-39.58,"M":-11.42000,"C":  2.84000,"Tipo":"i","H":"dt.d0026"}]
,"datiDettDittaF":[
{"DD":"VICHY","FRF":1,"FRP":2,"FF":164.62,"FFD":-47.72,"FQt":39.6,"FPz":8,"FPzD":-38.46,"FPr":20.58,"FRef":26,"MRF":5,"MRP":5,"CRF":4,"CRP":7}
,{"DD":"BELLA AURORA LABS","FRF":2,"FRP":1,"FF":149.45,"FFD":-30,"FQt":35.95,"FPz":15,"FPzD":-37.5,"FPr":9.96,"FRef":1,"MRF":4,"MRP":1,"CRF":6,"CRP":1}
,{"DD":"LA ROCHE POSAY","FRF":3,"FRP":3,"FF":60.57,"FFD":-64.83,"FQt":14.57,"FPz":3,"FPzD":-62.5,"FPr":20.19,"FRef":9,"MRF":6,"MRP":8,"CRF":10,"CRP":10}
,{"DD":"CAUDALIE","FRF":4,"FRP":4,"FF":37.96,"FFD":-2.16,"FQt":9.13,"FPz":2,"FPzD":0,"FPr":18.98,"FRef":1,"MRF":9,"MRP":10,"CRF":9,"CRP":9}
,{"DD":"INDUSTRIAS BETER","FRF":5,"FRP":5,"FF":3.15,"FFD":null,"FQt":0.76,"FPz":1,"FPzD":null,"FPr":3.15,"FRef":1,"MRF":10,"MRP":7,"CRF":8,"CRP":5}
,{"DD":"C. ARMONIA","FRF":6,"FRP":6,"FF":0,"FFD":null,"FQt":0,"FPz":0,"FPzD":null,"FPr":null,"FRef":0,"MRF":8,"MRP":9,"CRF":5,"CRP":6}
,{"DD":"DERMOFARM","FRF":7,"FRP":7,"FF":0,"FFD":null,"FQt":0,"FPz":0,"FPzD":null,"FPr":null,"FRef":0,"MRF":1,"MRP":2,"CRF":1,"CRP":2}
,{"DD":"LAURENS COSMETICS","FRF":8,"FRP":8,"FF":0,"FFD":null,"FQt":0,"FPz":0,"FPzD":null,"FPr":null,"FRef":0,"MRF":3,"MRP":4,"CRF":3,"CRP":4}
,{"DD":"PIERRE FABRE IBERICA","FRF":9,"FRP":9,"FF":0,"FFD":null,"FQt":0,"FPz":0,"FPzD":null,"FPr":null,"FRef":3,"MRF":2,"MRP":3,"CRF":2,"CRP":3}
,{"DD":"VIÑAS","FRF":10,"FRP":10,"FF":0,"FFD":-100,"FQt":0,"FPz":0,"FPzD":-100,"FPr":null,"FRef":1,"MRF":7,"MRP":6,"CRF":7,"CRP":8}]
,"datiDettDittaM":[
{"DD":"VICHY","FRF":1,"FRP":2,"MRF":5,"MRP":5,"MF":30.47,"MFD":-11.81,"MQt":7.78,"MPz":2,"MPzD":20.52,"MPr":20.27,"MRef":0}
,{"DD":"BELLA AURORA LABS","FRF":2,"FRP":1,"MRF":4,"MRP":1,"MF":35.8,"MFD":10.65,"MQt":9.14,"MPz":9,"MPzD":-14.13,"MPr":4.2,"MRef":1}
,{"DD":"LA ROCHE POSAY","FRF":3,"FRP":3,"MRF":6,"MRP":8,"MF":21.83,"MFD":-24.17,"MQt":5.57,"MPz":1,"MPzD":-38.94,"MPr":18.27,"MRef":1}
,{"DD":"CAUDALIE","FRF":4,"FRP":4,"MRF":9,"MRP":10,"MF":8.29,"MFD":-12.42,"MQt":2.12,"MPz":0.443,"MPzD":-11.88,"MPr":18.7,"MRef":1}
,{"DD":"INDUSTRIAS BETER","FRF":5,"FRP":5,"MRF":10,"MRP":7,"MF":7.12,"MFD":-3.49,"MQt":1.82,"MPz":2,"MPzD":9.47,"MPr":4.46,"MRef":2}
,{"DD":"C. ARMONIA","FRF":6,"FRP":6,"MRF":8,"MRP":9,"MF":11.45,"MFD":574.52,"MQt":2.92,"MPz":1,"MPzD":496.77,"MPr":9.54,"MRef":0}
,{"DD":"DERMOFARM","FRF":7,"FRP":7,"MRF":1,"MRP":2,"MF":104.16,"MFD":1.52,"MQt":26.59,"MPz":6,"MPzD":-0.54,"MPr":16.61,"MRef":2}
,{"DD":"LAURENS COSMETICS","FRF":8,"FRP":8,"MRF":3,"MRP":4,"MF":41.14,"MFD":41.64,"MQt":10.5,"MPz":5,"MPzD":35.63,"MPr":7.98,"MRef":6}
,{"DD":"PIERRE FABRE IBERICA","FRF":9,"FRP":9,"MRF":2,"MRP":3,"MF":88.72,"MFD":-14.85,"MQt":22.64,"MPz":5,"MPzD":-14.59,"MPr":18.71,"MRef":8}
,{"DD":"VIÑAS","FRF":10,"FRP":10,"MRF":7,"MRP":6,"MF":19.33,"MFD":-8.63,"MQt":4.93,"MPz":2,"MPzD":3.93,"MPr":11.35,"MRef":2}]
,"datiDettDittaC":[
{"DD":"VICHY","FRF":1,"FRP":2,"CRF":4,"CRP":7,"CF":13.93,"CFD":-20.16,"CQt":8.86,"CPz":0.655,"CPzD":-18.12,"CPr":21.28,"CRef":0}
,{"DD":"BELLA AURORA LABS","FRF":2,"FRP":1,"CRF":6,"CRP":1,"CF":8.11,"CFD":2.68,"CQt":5.16,"CPz":13,"CPzD":8.66,"CPr":0.64,"CRef":1}
,{"DD":"LA ROCHE POSAY","FRF":3,"FRP":3,"CRF":10,"CRP":10,"CF":2.28,"CFD":-65.95,"CQt":1.45,"CPz":0.145,"CPzD":-60.13,"CPr":15.66,"CRef":0}
,{"DD":"CAUDALIE","FRF":4,"FRP":4,"CRF":9,"CRP":9,"CF":4.61,"CFD":-26.34,"CQt":2.93,"CPz":0.255,"CPzD":-26.18,"CPr":18.11,"CRef":1}
,{"DD":"INDUSTRIAS BETER","FRF":5,"FRP":5,"CRF":8,"CRP":5,"CF":5.09,"CFD":27.75,"CQt":3.24,"CPz":1,"CPzD":0,"CPr":3.63,"CRef":2}
,{"DD":"C. ARMONIA","FRF":6,"FRP":6,"CRF":5,"CRP":6,"CF":9.23,"CFD":6325.95,"CQt":5.87,"CPz":0.964,"CPzD":5202,"CPr":9.58,"CRef":0}
,{"DD":"DERMOFARM","FRF":7,"FRP":7,"CRF":1,"CRP":2,"CF":37.12,"CFD":-10.9,"CQt":23.62,"CPz":2,"CPzD":-17.91,"CPr":16.46,"CRef":1}
,{"DD":"LAURENS COSMETICS","FRF":8,"FRP":8,"CRF":3,"CRP":4,"CF":19.74,"CFD":67.59,"CQt":12.56,"CPz":2,"CPzD":35.8,"CPr":7.93,"CRef":1}
,{"DD":"PIERRE FABRE IBERICA","FRF":9,"FRP":9,"CRF":2,"CRP":3,"CF":36.15,"CFD":-23.1,"CQt":23,"CPz":2,"CPzD":-23.61,"CPr":18.24,"CRef":0}
,{"DD":"VIÑAS","FRF":10,"FRP":10,"CRF":7,"CRP":8,"CF":5.91,"CFD":-36.3,"CQt":3.76,"CPz":0.527,"CPzD":-36.99,"CPr":11.2,"CRef":2}]
}