{
"Merceologia":"cod.me20"
,"Tempo":"BIM"

,"datiTabRiass":[
{"F":15501.24,"M":38297.452,"C":28451.163,"Tipo":"c","H":"dt.d0011"}
,{"F":    5.87,"M":    1.160,"C":   -0.100,"Tipo":"i","H":"dt.d0012"}
,{"F": 2519.00,"M": 6393.773,"C": 4460.382,"Tipo":"n","H":"dt.d0013"}
,{"F":   -3.67,"M":   -1.600,"C":   -2.340,"Tipo":"i","H":"dt.d0026"}]
,"datiDettDittaF":[
{"DD":"NORMON","FRF":1,"FRP":1,"FF":9640.95,"FFD":1.38,"FQt":63.94,"FPz":1663,"FPzD":-0.54,"FPr":5.8,"FRef":225,"MRF":2,"MRP":2,"CRF":2,"CRP":2}
,{"DD":"CINFA","FRF":2,"FRP":3,"FF":1052.49,"FFD":110.21,"FQt":6.98,"FPz":162,"FPzD":17.39,"FPr":6.5,"FRef":44,"MRF":1,"MRP":1,"CRF":1,"CRP":1}
,{"DD":"KERN PHARMA","FRF":3,"FRP":2,"FF":923.8,"FFD":112.63,"FQt":6.13,"FPz":173,"FPzD":458.06,"FPr":5.34,"FRef":36,"MRF":4,"MRP":3,"CRF":3,"CRP":3}
,{"DD":"PENSA PHARMA SA","FRF":4,"FRP":4,"FF":879.16,"FFD":31.9,"FQt":5.83,"FPz":117,"FPzD":23.16,"FPr":7.51,"FRef":25,"MRF":14,"MRP":12,"CRF":18,"CRP":15}
,{"DD":"STADA S L","FRF":5,"FRP":5,"FF":475.3,"FFD":58.17,"FQt":3.15,"FPz":48,"FPzD":77.78,"FPr":9.9,"FRef":35,"MRF":3,"MRP":4,"CRF":4,"CRP":4}
,{"DD":"MYLAN PHARMACEUTICALS S L","FRF":6,"FRP":7,"FF":380.86,"FFD":-31.57,"FQt":2.53,"FPz":36,"FPzD":-48.57,"FPr":10.58,"FRef":27,"MRF":12,"MRP":11,"CRF":15,"CRP":16}
,{"DD":"ZAMBON","FRF":7,"FRP":8,"FF":198.4,"FFD":-21.96,"FQt":1.32,"FPz":35,"FPzD":-33.96,"FPr":5.67,"FRef":6,"MRF":18,"MRP":16,"CRF":28,"CRP":17}
,{"DD":"EXELTIS HEALTHCARE S L","FRF":8,"FRP":21,"FF":139.88,"FFD":250.05,"FQt":0.93,"FPz":6,"FPzD":500,"FPr":23.31,"FRef":2,"MRF":34,"MRP":49,"CRF":40,"CRP":56}
,{"DD":"EFFIK","FRF":9,"FRP":18,"FF":130.07,"FFD":-24.59,"FQt":0.86,"FPz":9,"FPzD":12.5,"FPr":14.45,"FRef":10,"MRF":28,"MRP":37,"CRF":35,"CRP":42}
,{"DD":"VISO FARMACÉUTICA  S L U","FRF":10,"FRP":23,"FF":119.04,"FFD":null,"FQt":0.79,"FPz":5,"FPzD":null,"FPr":23.81,"FRef":2,"MRF":16,"MRP":36,"CRF":14,"CRP":29}]
,"datiDettDittaM":[
{"DD":"NORMON","FRF":1,"FRP":1,"MRF":2,"MRP":2,"MF":4724.59,"MFD":22.51,"MQt":12.78,"MPz":948,"MPzD":18.71,"MPr":4.98,"MRef":318}
,{"DD":"CINFA","FRF":2,"FRP":3,"MRF":1,"MRP":1,"MF":5050.84,"MFD":7.03,"MQt":13.66,"MPz":995,"MPzD":4.76,"MPr":5.07,"MRef":315}
,{"DD":"KERN PHARMA","FRF":3,"FRP":2,"MRF":4,"MRP":3,"MF":3160.87,"MFD":10.28,"MQt":8.55,"MPz":672,"MPzD":3.88,"MPr":4.7,"MRef":224}
,{"DD":"STADA S L","FRF":5,"FRP":5,"MRF":3,"MRP":4,"MF":3219.82,"MFD":3.62,"MQt":8.71,"MPz":445,"MPzD":4.38,"MPr":7.23,"MRef":251}
,{"DD":"TEVA PHARMA S.L.U.","FRF":11,"FRP":13,"MRF":7,"MRP":9,"MF":1333.69,"MFD":1.2,"MQt":3.61,"MPz":207,"MPzD":-0.28,"MPr":6.43,"MRef":171}
,{"DD":"RATIOPHARM","FRF":12,"FRP":16,"MRF":6,"MRP":7,"MF":1455.82,"MFD":1.74,"MQt":3.94,"MPz":228,"MPzD":-1.86,"MPr":6.39,"MRef":142}
,{"DD":"ALTER FARMACIA","FRF":15,"FRP":19,"MRF":10,"MRP":15,"MF":1031.24,"MFD":22.68,"MQt":2.79,"MPz":94,"MPzD":15.26,"MPr":11,"MRef":110}
,{"DD":"SANDOZ FARMACEUTICA S.A.","FRF":18,"FRP":11,"MRF":5,"MRP":5,"MF":2071.04,"MFD":5.94,"MQt":5.6,"MPz":330,"MPzD":0.31,"MPr":6.28,"MRef":200}
,{"DD":"ARISTO PHARMA IBERIA S L","FRF":36,"FRP":27,"MRF":9,"MRP":6,"MF":1229.27,"MFD":-36.21,"MQt":3.32,"MPz":260,"MPzD":-35.32,"MPr":4.72,"MRef":101}
,{"DD":"RANBAXY","FRF":38,"FRP":39,"MRF":8,"MRP":13,"MF":1310.91,"MFD":4.94,"MQt":3.55,"MPz":114,"MPzD":-25.33,"MPr":11.55,"MRef":58}]
,"datiDettDittaC":[
{"DD":"NORMON","FRF":1,"FRP":1,"CRF":2,"CRP":2,"CF":2767.42,"CFD":25.82,"CQt":10.02,"CPz":550,"CPzD":26.48,"CPr":5.03,"CRef":267}
,{"DD":"CINFA","FRF":2,"FRP":3,"CRF":1,"CRP":1,"CF":3604.65,"CFD":16.54,"CQt":13.05,"CPz":686,"CPzD":14.28,"CPr":5.25,"CRef":275}
,{"DD":"KERN PHARMA","FRF":3,"FRP":2,"CRF":3,"CRP":3,"CF":2408.73,"CFD":15.29,"CQt":8.72,"CPz":461,"CPzD":4.23,"CPr":5.23,"CRef":198}
,{"DD":"STADA S L","FRF":5,"FRP":5,"CRF":4,"CRP":4,"CF":1961.84,"CFD":8.77,"CQt":7.1,"CPz":273,"CPzD":5.82,"CPr":7.19,"CRef":202}
,{"DD":"QUALIGEN S L","FRF":14,"FRP":10,"CRF":7,"CRP":12,"CF":1279.31,"CFD":13.16,"CQt":4.63,"CPz":85,"CPzD":5.51,"CPr":15.03,"CRef":83}
,{"DD":"SANDOZ FARMACEUTICA S.A.","FRF":18,"FRP":11,"CRF":5,"CRP":6,"CF":1716.5,"CFD":10.12,"CQt":6.21,"CPz":238,"CPzD":6.67,"CPr":7.22,"CRef":186}
,{"DD":"ARISTO PHARMA IBERIA S L","FRF":36,"FRP":27,"CRF":8,"CRP":5,"CF":1205.93,"CFD":-39.12,"CQt":4.36,"CPz":256,"CPzD":-36.72,"CPr":4.72,"CRef":94}
,{"DD":"RANBAXY","FRF":38,"FRP":39,"CRF":6,"CRP":10,"CF":1331.46,"CFD":4.56,"CQt":4.82,"CPz":110,"CPzD":-22.77,"CPr":12.09,"CRef":58}
,{"DD":"INDUSTRIA QUIMICA FARMACEUTICA VIR","FRF":67,"FRP":67,"CRF":10,"CRP":7,"CF":893.86,"CFD":-18.47,"CQt":3.23,"CPz":222,"CPzD":-0.88,"CPr":4.03,"CRef":62}
,{"DD":"KRKA FARMACEUTICA S L","FRF":69,"FRP":69,"CRF":9,"CRP":11,"CF":1022.99,"CFD":-46.1,"CQt":3.7,"CPz":99,"CPzD":-41.72,"CPr":10.33,"CRef":79}]
}