{
"Merceologia":"cod.me220"
,"Tempo":"BIM"

,"datiTabRiass":[
{"F":10368.91,"M":9999.780,"C":5166.816,"Tipo":"c","H":"dt.d0011"}
,{"F":   -3.90,"M":  -1.720,"C":  -1.200,"Tipo":"i","H":"dt.d0012"}
,{"F": 1079.00,"M":1193.032,"C": 643.800,"Tipo":"n","H":"dt.d0013"}
,{"F":  -10.38,"M":  -1.590,"C":   0.830,"Tipo":"i","H":"dt.d0026"}]
,"datiDettDittaF":[
{"DD":"LACER","FRF":1,"FRP":2,"FF":1478.2,"FFD":-21.68,"FQt":14.7,"FPz":158,"FPzD":-28.83,"FPr":9.36,"FRef":66,"MRF":2,"MRP":2,"CRF":2,"CRP":2}
,{"DD":"DENTAID","FRF":2,"FRP":1,"FF":1451.94,"FFD":-4.52,"FQt":14.44,"FPz":181,"FPzD":-12.56,"FPr":8.02,"FRef":63,"MRF":1,"MRP":1,"CRF":1,"CRP":1}
,{"DD":"LIERAC","FRF":3,"FRP":6,"FF":910.5,"FFD":19.93,"FQt":9.05,"FPz":48,"FPzD":45.45,"FPr":18.97,"FRef":24,"MRF":12,"MRP":28,"CRF":11,"CRP":26}
,{"DD":"SCA HYGIENE PRODUCTS, S.L.","FRF":4,"FRP":3,"FF":644.83,"FFD":54.17,"FQt":6.41,"FPz":71,"FPzD":39.22,"FPr":9.08,"FRef":18,"MRF":13,"MRP":16,"CRF":21,"CRP":18}
,{"DD":"VICHY","FRF":5,"FRP":4,"FF":626.32,"FFD":52.61,"FQt":6.23,"FPz":68,"FPzD":54.55,"FPr":9.21,"FRef":44,"MRF":14,"MRP":19,"CRF":28,"CRP":32}
,{"DD":"PROCTER & GAMBLE ESPAÑA","FRF":6,"FRP":5,"FF":519.39,"FFD":-33.91,"FQt":5.16,"FPz":66,"FPzD":-28.26,"FPr":7.87,"FRef":31,"MRF":4,"MRP":4,"CRF":4,"CRP":4}
,{"DD":"ISDIN","FRF":7,"FRP":8,"FF":502.39,"FFD":21.44,"FQt":5,"FPz":38,"FPzD":-2.56,"FPr":13.22,"FRef":40,"MRF":5,"MRP":5,"CRF":5,"CRP":7}
,{"DD":"ALES GROUPE","FRF":8,"FRP":9,"FF":280.8,"FFD":169.69,"FQt":2.79,"FPz":22,"FPzD":120,"FPr":12.76,"FRef":3,"MRF":38,"MRP":37,"CRF":46,"CRP":53}
,{"DD":"DERMOFARM","FRF":9,"FRP":10,"FF":277.23,"FFD":123.75,"FQt":2.76,"FPz":22,"FPzD":100,"FPr":12.6,"FRef":12,"MRF":24,"MRP":26,"CRF":31,"CRP":33}
,{"DD":"INDUSTRIAS BETER","FRF":10,"FRP":7,"FF":232.15,"FFD":314.18,"FQt":2.31,"FPz":39,"FPzD":143.75,"FPr":5.95,"FRef":13,"MRF":79,"MRP":66,"CRF":89,"CRP":80}]
,"datiDettDittaM":[
{"DD":"LACER","FRF":1,"FRP":2,"MRF":2,"MRP":2,"MF":952.2,"MFD":1.58,"MQt":9.96,"MPz":127,"MPzD":-2.29,"MPr":7.51,"MRef":106}
,{"DD":"DENTAID","FRF":2,"FRP":1,"MRF":1,"MRP":1,"MF":1113.6,"MFD":-1.03,"MQt":11.65,"MPz":161,"MPzD":-1.64,"MPr":6.93,"MRef":104}
,{"DD":"PROCTER & GAMBLE ESPAÑA","FRF":6,"FRP":5,"MRF":4,"MRP":4,"MF":583.37,"MFD":-4.18,"MQt":6.1,"MPz":71,"MPzD":-3.37,"MPr":8.24,"MRef":58}
,{"DD":"ISDIN","FRF":7,"FRP":8,"MRF":5,"MRP":5,"MF":532.83,"MFD":7.87,"MQt":5.57,"MPz":46,"MPzD":8.01,"MPr":11.65,"MRef":63}
,{"DD":"GLAXO SMITHKLINE","FRF":13,"FRP":13,"MRF":3,"MRP":3,"MF":674.01,"MFD":4.81,"MQt":7.05,"MPz":78,"MPzD":4.53,"MPr":8.7,"MRef":39}
,{"DD":"ITALFARMACO","FRF":16,"FRP":20,"MRF":8,"MRP":15,"MF":258.2,"MFD":3.81,"MQt":2.7,"MPz":20,"MPzD":0.98,"MPr":12.83,"MRef":8}
,{"DD":"PIERRE FABRE IBERICA","FRF":17,"FRP":22,"MRF":6,"MRP":8,"MF":430.02,"MFD":-5.06,"MQt":4.5,"MPz":28,"MPzD":-5.63,"MPr":15.52,"MRef":37}
,{"DD":"JOHNSON & JOHNSON","FRF":24,"FRP":18,"MRF":7,"MRP":6,"MF":292.18,"MFD":-1.08,"MQt":3.06,"MPz":37,"MPzD":-4.21,"MPr":7.92,"MRef":20}
,{"DD":"LAB LETI","FRF":30,"FRP":36,"MRF":10,"MRP":14,"MF":205.27,"MFD":5.48,"MQt":2.15,"MPz":21,"MPzD":6.03,"MPr":9.62,"MRef":18}
,{"DD":"IAP PHARMA PARFUMS","FRF":47,"FRP":48,"MRF":9,"MRP":10,"MF":251.44,"MFD":-2.52,"MQt":2.63,"MPz":26,"MPzD":-1.74,"MPr":9.67,"MRef":42}]
,"datiDettDittaC":[
{"DD":"LACER","FRF":1,"FRP":2,"CRF":2,"CRP":2,"CF":498.44,"CFD":-3.86,"CQt":10.16,"CPz":66,"CPzD":-8.01,"CPr":7.58,"CRef":87}
,{"DD":"DENTAID","FRF":2,"FRP":1,"CRF":1,"CRP":1,"CF":521.89,"CFD":4.58,"CQt":10.64,"CPz":74,"CPzD":3.46,"CPr":7.07,"CRef":79}
,{"DD":"PROCTER & GAMBLE ESPAÑA","FRF":6,"FRP":5,"CRF":4,"CRP":4,"CF":293.25,"CFD":-2.42,"CQt":5.98,"CPz":34,"CPzD":-3.86,"CPr":8.66,"CRef":32}
,{"DD":"ISDIN","FRF":7,"FRP":8,"CRF":5,"CRP":7,"CF":258.47,"CFD":5.69,"CQt":5.27,"CPz":21,"CPzD":5.19,"CPr":12.09,"CRef":36}
,{"DD":"GLAXO SMITHKLINE","FRF":13,"FRP":13,"CRF":3,"CRP":3,"CF":413.21,"CFD":5.78,"CQt":8.42,"CPz":45,"CPzD":4.83,"CPr":9.14,"CRef":32}
,{"DD":"ITALFARMACO","FRF":16,"FRP":20,"CRF":9,"CRP":16,"CF":120.98,"CFD":5.8,"CQt":2.47,"CPz":9,"CPzD":0.2,"CPr":13.05,"CRef":8}
,{"DD":"PIERRE FABRE IBERICA","FRF":17,"FRP":22,"CRF":6,"CRP":14,"CF":170.26,"CFD":0.75,"CQt":3.47,"CPz":12,"CPzD":1.54,"CPr":14.23,"CRef":15}
,{"DD":"JOHNSON & JOHNSON","FRF":24,"FRP":18,"CRF":8,"CRP":9,"CF":133.96,"CFD":-7.43,"CQt":2.73,"CPz":17,"CPzD":-11.79,"CPr":7.79,"CRef":15}
,{"DD":"KIN","FRF":25,"FRP":25,"CRF":10,"CRP":11,"CF":100.41,"CFD":-7.06,"CQt":2.05,"CPz":15,"CPzD":-6.36,"CPr":6.89,"CRef":27}
,{"DD":"IAP PHARMA PARFUMS","FRF":47,"FRP":48,"CRF":7,"CRP":10,"CF":150.02,"CFD":10,"CQt":3.06,"CPz":16,"CPzD":12.97,"CPr":9.53,"CRef":34}]
}