{
"Merceologia":"cod.me270"
,"Tempo":"BIM"

,"datiTabRiass":[
{"F":4286.69,"M":4673.7515,"C":2478.0100,"Tipo":"c","H":"dt.d0011"}
,{"F": -16.26,"M":  -1.4500,"C":  -2.5900,"Tipo":"i","H":"dt.d0012"}
,{"F": 492.00,"M": 593.1459,"C": 309.0909,"Tipo":"n","H":"dt.d0013"}
,{"F": -20.90,"M":  -2.9300,"C":  -3.3900,"Tipo":"i","H":"dt.d0026"}]
,"datiDettDittaF":[
{"DD":"DENTAID","FRF":1,"FRP":1,"FF":1451.94,"FFD":-4.52,"FQt":33.87,"FPz":181,"FPzD":-12.56,"FPr":8.02,"FRef":63,"MRF":1,"MRP":1,"CRF":1,"CRP":1}
,{"DD":"LACER","FRF":2,"FRP":2,"FF":1403.9,"FFD":-21.18,"FQt":32.75,"FPz":155,"FPzD":-29.22,"FPr":9.06,"FRef":59,"MRF":2,"MRP":2,"CRF":2,"CRP":2}
,{"DD":"PROCTER & GAMBLE ESPAÑA","FRF":3,"FRP":3,"FF":434.54,"FFD":-40.25,"FQt":10.14,"FPz":39,"FPzD":-45.83,"FPr":11.14,"FRef":27,"MRF":4,"MRP":4,"CRF":4,"CRP":4}
,{"DD":"GLAXO SMITHKLINE","FRF":4,"FRP":5,"FF":181.6,"FFD":-11.45,"FQt":4.24,"FPz":21,"FPzD":-12.5,"FPr":8.65,"FRef":13,"MRF":3,"MRP":3,"CRF":3,"CRP":3}
,{"DD":"PHB","FRF":5,"FRP":4,"FF":121.05,"FFD":-20.42,"FQt":2.82,"FPz":22,"FPzD":15.79,"FPr":5.5,"FRef":8,"MRF":8,"MRP":6,"CRF":6,"CRP":6}
,{"DD":"ITALFARMACO","FRF":6,"FRP":8,"FF":114.25,"FFD":341.12,"FQt":2.67,"FPz":7,"FPzD":250,"FPr":16.32,"FRef":3,"MRF":7,"MRP":10,"CRF":8,"CRP":12}
,{"DD":"SUNSTAR","FRF":7,"FRP":6,"FF":112.97,"FFD":26.52,"FQt":2.64,"FPz":21,"FPzD":23.53,"FPr":5.38,"FRef":9,"MRF":12,"MRP":9,"CRF":12,"CRP":9}
,{"DD":"RECKITT BENCKISER HEALTHCARE  S A","FRF":8,"FRP":11,"FF":99.75,"FFD":25,"FQt":2.33,"FPz":5,"FPzD":25,"FPr":19.95,"FRef":1,"MRF":17,"MRP":17,"CRF":17,"CRP":19}
,{"DD":"ISDIN","FRF":9,"FRP":7,"FF":88.3,"FFD":-37.84,"FQt":2.06,"FPz":11,"FPzD":-35.29,"FPr":8.03,"FRef":13,"MRF":5,"MRP":7,"CRF":7,"CRP":8}
,{"DD":"KIN","FRF":10,"FRP":9,"FF":88.19,"FFD":-9.04,"FQt":2.06,"FPz":7,"FPzD":16.67,"FPr":12.6,"FRef":15,"MRF":6,"MRP":5,"CRF":5,"CRP":5}]
,"datiDettDittaM":[
{"DD":"DENTAID","FRF":1,"FRP":1,"MRF":1,"MRP":1,"MF":1113.6,"MFD":-1.03,"MQt":24.36,"MPz":161,"MPzD":-1.64,"MPr":6.93,"MRef":104}
,{"DD":"LACER","FRF":2,"FRP":2,"MRF":2,"MRP":2,"MF":863.51,"MFD":1.02,"MQt":18.89,"MPz":122,"MPzD":-2.69,"MPr":7.08,"MRef":99}
,{"DD":"PROCTER & GAMBLE ESPAÑA","FRF":3,"FRP":3,"MRF":4,"MRP":4,"MF":545.8,"MFD":-5.36,"MQt":11.94,"MPz":59,"MPzD":-6.1,"MPr":9.31,"MRef":45}
,{"DD":"GLAXO SMITHKLINE","FRF":4,"FRP":5,"MRF":3,"MRP":3,"MF":670.17,"MFD":4.76,"MQt":14.66,"MPz":77,"MPzD":3.52,"MPr":8.68,"MRef":39}
,{"DD":"PHB","FRF":5,"FRP":4,"MRF":8,"MRP":6,"MF":127.84,"MFD":-9.38,"MQt":2.8,"MPz":23,"MPzD":-11.22,"MPr":5.58,"MRef":47}
,{"DD":"ITALFARMACO","FRF":6,"FRP":8,"MRF":7,"MRP":10,"MF":144.49,"MFD":1.19,"MQt":3.16,"MPz":11,"MPzD":-3.96,"MPr":12.78,"MRef":4}
,{"DD":"ISDIN","FRF":9,"FRP":7,"MRF":5,"MRP":7,"MF":190.85,"MFD":9.71,"MQt":4.18,"MPz":20,"MPzD":14.27,"MPr":9.71,"MRef":22}
,{"DD":"KIN","FRF":10,"FRP":9,"MRF":6,"MRP":5,"MF":182.73,"MFD":0.54,"MQt":4,"MPz":24,"MPzD":-6.39,"MPr":7.56,"MRef":42}
,{"DD":"VICKS","FRF":11,"FRP":12,"MRF":10,"MRP":11,"MF":98.5,"MFD":-8.05,"MQt":2.16,"MPz":10,"MPzD":-14.67,"MPr":9.47,"MRef":5}
,{"DD":"JOHNSON & JOHNSON","FRF":13,"FRP":10,"MRF":9,"MRP":8,"MF":109.54,"MFD":-16.42,"MQt":2.4,"MPz":18,"MPzD":-14.13,"MPr":6.2,"MRef":7}]
,"datiDettDittaC":[
{"DD":"DENTAID","FRF":1,"FRP":1,"CRF":1,"CRP":1,"CF":521.89,"CFD":4.58,"CQt":21.63,"CPz":74,"CPzD":3.46,"CPr":7.07,"CRef":79}
,{"DD":"LACER","FRF":2,"FRP":2,"CRF":2,"CRP":2,"CF":447.97,"CFD":-3.57,"CQt":18.57,"CPz":63,"CPzD":-8.24,"CPr":7.08,"CRef":82}
,{"DD":"PROCTER & GAMBLE ESPAÑA","FRF":3,"FRP":3,"CRF":4,"CRP":4,"CF":281.37,"CFD":-3,"CQt":11.66,"CPz":30,"CPzD":-5.55,"CPr":9.53,"CRef":29}
,{"DD":"GLAXO SMITHKLINE","FRF":4,"FRP":5,"CRF":3,"CRP":3,"CF":411.4,"CFD":5.86,"CQt":17.05,"CPz":45,"CPzD":5.18,"CPr":9.12,"CRef":32}
,{"DD":"PHB","FRF":5,"FRP":4,"CRF":6,"CRP":6,"CF":85.03,"CFD":-9.06,"CQt":3.52,"CPz":14,"CPzD":-10.15,"CPr":5.99,"CRef":28}
,{"DD":"ITALFARMACO","FRF":6,"FRP":8,"CRF":8,"CRP":12,"CF":68.47,"CFD":0.32,"CQt":2.84,"CPz":5,"CPzD":-8.33,"CPr":12.94,"CRef":4}
,{"DD":"ISDIN","FRF":9,"FRP":7,"CRF":7,"CRP":8,"CF":83.59,"CFD":1.59,"CQt":3.46,"CPz":8,"CPzD":0.69,"CPr":9.97,"CRef":15}
,{"DD":"KIN","FRF":10,"FRP":9,"CRF":5,"CRP":5,"CF":98.87,"CFD":-7.41,"CQt":4.1,"CPz":14,"CPzD":-11.7,"CPr":6.87,"CRef":27}
,{"DD":"VICKS","FRF":11,"FRP":12,"CRF":10,"CRP":10,"CF":60.06,"CFD":-15.16,"CQt":2.49,"CPz":6,"CPzD":-20.86,"CPr":9.69,"CRef":5}
,{"DD":"JOHNSON & JOHNSON","FRF":13,"FRP":10,"CRF":9,"CRP":7,"CF":66.28,"CFD":-14.5,"CQt":2.75,"CPz":10,"CPzD":-17.42,"CPr":6.43,"CRef":6}]
}