{
"Merceologia":"cod.me280"
,"Tempo":"BIM"

,"datiTabRiass":[
{"F":139.78,"M":131.23897,"C": 70.55091,"Tipo":"c","H":"dt.d0011"}
,{"F":-12.39,"M": 15.12000,"C": 13.17000,"Tipo":"i","H":"dt.d0012"}
,{"F": 40.00,"M": 31.18919,"C": 13.60000,"Tipo":"n","H":"dt.d0013"}
,{"F":-38.46,"M": -1.35000,"C":-18.61000,"Tipo":"i","H":"dt.d0026"}]
,"datiDettDittaF":[
{"DD":"OMEGA PHARMA ESPAÑA, S.A.","FRF":1,"FRP":1,"FF":57.55,"FFD":1.32,"FQt":68.57,"FPz":5,"FPzD":0,"FPr":11.51,"FRef":2,"MRF":2,"MRP":2,"CRF":2,"CRP":3}
,{"DD":"DIEPHARMEX","FRF":2,"FRP":4,"FF":10.5,"FFD":-18.92,"FQt":12.51,"FPz":1,"FPzD":0,"FPr":10.5,"FRef":1,"MRF":1,"MRP":1,"CRF":1,"CRP":1}
,{"DD":"SUAVINEX","FRF":3,"FRP":3,"FF":8.25,"FFD":-44.63,"FQt":9.83,"FPz":3,"FPzD":-50,"FPr":2.75,"FRef":2,"MRF":4,"MRP":4,"CRF":4,"CRP":4}
,{"DD":"ACOFARMA DISTRIBUCIÓN S A","FRF":4,"FRP":2,"FF":7.63,"FFD":75.81,"FQt":9.09,"FPz":4,"FPzD":33.33,"FPr":1.91,"FRef":1,"MRF":3,"MRP":3,"CRF":3,"CRP":2}]
,"datiDettDittaM":[
{"DD":"OMEGA PHARMA ESPAÑA, S.A.","FRF":1,"FRP":1,"MRF":2,"MRP":2,"MF":21.99,"MFD":14.28,"MQt":19.45,"MPz":2,"MPzD":16.35,"MPr":11.24,"MRef":2}
,{"DD":"DIEPHARMEX","FRF":2,"FRP":4,"MRF":1,"MRP":1,"MF":23.99,"MFD":-0.25,"MQt":21.21,"MPz":2,"MPzD":-9.76,"MPr":10.99,"MRef":2}
,{"DD":"SUAVINEX","FRF":3,"FRP":3,"MRF":4,"MRP":4,"MF":1.28,"MFD":-7.59,"MQt":1.13,"MPz":0.497,"MPzD":-20.05,"MPr":2.57,"MRef":1}
,{"DD":"ACOFARMA DISTRIBUCIÓN S A","FRF":4,"FRP":2,"MRF":3,"MRP":3,"MF":4.62,"MFD":32.19,"MQt":4.08,"MPz":2,"MPzD":15.99,"MPr":2.04,"MRef":2}]
,"datiDettDittaC":[
{"DD":"OMEGA PHARMA ESPAÑA, S.A.","FRF":1,"FRP":1,"CRF":2,"CRP":3,"CF":9.58,"CFD":88.79,"CQt":15.36,"CPz":0.836,"CPzD":83.92,"CPr":11.45,"CRef":2}
,{"DD":"DIEPHARMEX","FRF":2,"FRP":4,"CRF":1,"CRP":1,"CF":17.02,"CFD":-10.55,"CQt":27.29,"CPz":2,"CPzD":14.58,"CPr":11.01,"CRef":2}
,{"DD":"SUAVINEX","FRF":3,"FRP":3,"CRF":4,"CRP":4,"CF":0.18,"CFD":-52.97,"CQt":0.29,"CPz":0.091,"CPzD":-44.39,"CPr":1.99,"CRef":0}
,{"DD":"ACOFARMA DISTRIBUCIÓN S A","FRF":4,"FRP":2,"CRF":3,"CRP":2,"CF":2.87,"CFD":8.58,"CQt":4.61,"CPz":1,"CPzD":-31.25,"CPr":2.05,"CRef":2}]
}