{
"Merceologia":"cod.me310"
,"Tempo":"BIM"

,"datiTabRiass":[
{"F":487.89,"M":1010.2614,"C":545.9985,"Tipo":"c","H":"dt.d0011"}
,{"F":-27.76,"M":  -6.7500,"C": -8.5200,"Tipo":"i","H":"dt.d0012"}
,{"F": 80.00,"M": 192.9622,"C":105.4182,"Tipo":"n","H":"dt.d0013"}
,{"F": -2.44,"M":   0.7100,"C":  1.5200,"Tipo":"i","H":"dt.d0026"}]
,"datiDettDittaF":[
{"DD":"ROCHE DIAGNOSTICS","FRF":1,"FRP":3,"FF":243.36,"FFD":52.39,"FQt":54.33,"FPz":4,"FPzD":-33.33,"FPr":60.84,"FRef":4,"MRF":6,"MRP":9,"CRF":6,"CRP":10}
,{"DD":"SANDOZ FARMACEUTICA S.A.","FRF":2,"FRP":4,"FF":88.92,"FFD":85.64,"FQt":19.85,"FPz":2,"FPzD":100,"FPr":44.46,"FRef":2,"MRF":12,"MRP":13,"CRF":12,"CRP":12}
,{"DD":"NOVICO MCA","FRF":3,"FRP":1,"FF":44.76,"FFD":120.49,"FQt":9.99,"FPz":65,"FPzD":54.76,"FPr":0.69,"FRef":13,"MRF":7,"MRP":1,"CRF":8,"CRP":2}
,{"DD":"DISTROSUR","FRF":4,"FRP":2,"FF":34.75,"FFD":-77,"FQt":7.76,"FPz":5,"FPzD":-77.27,"FPr":6.95,"FRef":2,"MRF":14,"MRP":14,"CRF":14,"CRP":14}
,{"DD":"BECTON & DICKINSON","FRF":5,"FRP":5,"FF":19.9,"FFD":null,"FQt":4.44,"FPz":2,"FPzD":null,"FPr":9.95,"FRef":3,"MRF":4,"MRP":3,"CRF":2,"CRP":3}
,{"DD":"KEYLAB MEDICAL","FRF":6,"FRP":6,"FF":16.25,"FFD":-73.9,"FQt":3.63,"FPz":1,"FPzD":-75,"FPr":16.25,"FRef":2,"MRF":2,"MRP":5,"CRF":3,"CRP":5}
,{"DD":"ACOFARMA DISTRIBUCIÓN S A","FRF":7,"FRP":7,"FF":0,"FFD":null,"FQt":0,"FPz":0,"FPzD":null,"FPr":null,"FRef":1,"MRF":5,"MRP":2,"CRF":4,"CRP":1}
,{"DD":"ARTSANA","FRF":8,"FRP":8,"FF":0,"FFD":null,"FQt":0,"FPz":0,"FPzD":null,"FPr":null,"FRef":0,"MRF":9,"MRP":6,"CRF":10,"CRP":8}
,{"DD":"COFARES","FRF":9,"FRP":9,"FF":0,"FFD":null,"FQt":0,"FPz":0,"FPzD":null,"FPr":null,"FRef":0,"MRF":10,"MRP":10,"CRF":9,"CRP":7}
,{"DD":"GLAXO SMITHKLINE","FRF":10,"FRP":10,"FF":0,"FFD":null,"FQt":0,"FPz":0,"FPzD":null,"FPr":null,"FRef":0,"MRF":8,"MRP":7,"CRF":7,"CRP":6}]
,"datiDettDittaM":[
{"DD":"ROCHE DIAGNOSTICS","FRF":1,"FRP":3,"MRF":6,"MRP":9,"MF":52.59,"MFD":13.6,"MQt":5.77,"MPz":2,"MPzD":38.58,"MPr":25.4,"MRef":4}
,{"DD":"NOVICO MCA","FRF":3,"FRP":1,"MRF":7,"MRP":1,"MF":40.79,"MFD":-11.19,"MQt":4.47,"MPz":53,"MPzD":-8.46,"MPr":0.77,"MRef":27}
,{"DD":"BECTON & DICKINSON","FRF":5,"FRP":5,"MRF":4,"MRP":3,"MF":76.3,"MFD":4.08,"MQt":8.37,"MPz":18,"MPzD":3.64,"MPr":4.22,"MRef":12}
,{"DD":"KEYLAB MEDICAL","FRF":6,"FRP":6,"MRF":2,"MRP":5,"MF":119.57,"MFD":-8.11,"MQt":13.11,"MPz":7,"MPzD":-8.29,"MPr":17.43,"MRef":4}
,{"DD":"ACOFARMA DISTRIBUCIÓN S A","FRF":7,"FRP":7,"MRF":5,"MRP":2,"MF":64.06,"MFD":11.13,"MQt":7.02,"MPz":52,"MPzD":9.31,"MPr":1.22,"MRef":10}
,{"DD":"ARTSANA","FRF":8,"FRP":8,"MRF":9,"MRP":6,"MF":36.54,"MFD":-15.11,"MQt":4.01,"MPz":6,"MPzD":7.98,"MPr":6.11,"MRef":7}
,{"DD":"COFARES","FRF":9,"FRP":9,"MRF":10,"MRP":10,"MF":33.92,"MFD":-2.28,"MQt":3.72,"MPz":2,"MPzD":-1.86,"MPr":19.55,"MRef":3}
,{"DD":"GLAXO SMITHKLINE","FRF":10,"FRP":10,"MRF":8,"MRP":7,"MF":40.48,"MFD":5054.38,"MQt":4.44,"MPz":4,"MPzD":18400,"MPr":9.8,"MRef":3}
,{"DD":"HARTMANN","FRF":11,"FRP":11,"MRF":1,"MRP":4,"MF":120.27,"MFD":3.8,"MQt":13.19,"MPz":7,"MPzD":9.19,"MPr":16.51,"MRef":7}
,{"DD":"PEROXFARMA","FRF":13,"FRP":13,"MRF":3,"MRP":8,"MF":89.05,"MFD":9.22,"MQt":9.76,"MPz":2,"MPzD":1.37,"MPr":54.37,"MRef":4}]
,"datiDettDittaC":[
{"DD":"ROCHE DIAGNOSTICS","FRF":1,"FRP":3,"CRF":6,"CRP":10,"CF":28.51,"CFD":-31.42,"CQt":5.66,"CPz":0.818,"CPzD":-15.11,"CPr":34.84,"CRef":2}
,{"DD":"NOVICO MCA","FRF":3,"FRP":1,"CRF":8,"CRP":2,"CF":24.23,"CFD":5.91,"CQt":4.81,"CPz":26,"CPzD":24.13,"CPr":0.92,"CRef":20}
,{"DD":"BECTON & DICKINSON","FRF":5,"FRP":5,"CRF":2,"CRP":3,"CF":68.83,"CFD":11.49,"CQt":13.66,"CPz":15,"CPzD":12.24,"CPr":4.48,"CRef":9}
,{"DD":"KEYLAB MEDICAL","FRF":6,"FRP":6,"CRF":3,"CRP":5,"CF":56.53,"CFD":-2.19,"CQt":11.22,"CPz":3,"CPzD":-12.7,"CPr":16.72,"CRef":3}
,{"DD":"ACOFARMA DISTRIBUCIÓN S A","FRF":7,"FRP":7,"CRF":4,"CRP":1,"CF":32.34,"CFD":-7.9,"CQt":6.42,"CPz":32,"CPzD":-6.53,"CPr":1.02,"CRef":8}
,{"DD":"ARTSANA","FRF":8,"FRP":8,"CRF":10,"CRP":8,"CF":12.84,"CFD":-0.34,"CQt":2.55,"CPz":1,"CPzD":-31.25,"CPr":11.39,"CRef":4}
,{"DD":"COFARES","FRF":9,"FRP":9,"CRF":9,"CRP":7,"CF":23.09,"CFD":18.73,"CQt":4.58,"CPz":1,"CPzD":-5.17,"CPr":19.54,"CRef":3}
,{"DD":"GLAXO SMITHKLINE","FRF":10,"FRP":10,"CRF":7,"CRP":6,"CF":26.07,"CFD":null,"CQt":5.17,"CPz":3,"CPzD":null,"CPr":9.75,"CRef":2}
,{"DD":"HARTMANN","FRF":11,"FRP":11,"CRF":1,"CRP":4,"CF":72.97,"CFD":-1.85,"CQt":14.48,"CPz":4,"CPzD":0,"CPr":19.77,"CRef":6}
,{"DD":"PEROXFARMA","FRF":13,"FRP":13,"CRF":5,"CRP":11,"CF":29.72,"CFD":7.09,"CQt":5.9,"CPz":0.764,"CPzD":-12.46,"CPr":38.92,"CRef":0}]
}