{
"Merceologia":"cod.me350"
,"Tempo":"BIM"

,"datiTabRiass":[
{"F":567.62,"M":619.0857,"C":230.27255,"Tipo":"c","H":"dt.d0011"}
,{"F":  3.90,"M": -4.5400,"C": -3.60000,"Tipo":"i","H":"dt.d0012"}
,{"F": 53.00,"M": 58.8000,"C": 22.72727,"Tipo":"n","H":"dt.d0013"}
,{"F":  6.00,"M": -8.6500,"C": -8.36000,"Tipo":"i","H":"dt.d0026"}]
,"datiDettDittaF":[
{"DD":"RECKITT BENCKISER HEALTHCARE  S A","FRF":1,"FRP":1,"FF":318.05,"FFD":-10.43,"FQt":70.9,"FPz":32,"FPzD":-5.88,"FPr":9.94,"FRef":11,"MRF":1,"MRP":1,"CRF":1,"CRP":1}
,{"DD":"DERMOFARM","FRF":2,"FRP":2,"FF":130.52,"FFD":330.76,"FQt":29.1,"FPz":12,"FPzD":300,"FPr":10.88,"FRef":2,"MRF":3,"MRP":3,"CRF":3,"CRP":3}
,{"DD":"ARTSANA","FRF":3,"FRP":3,"FF":0,"FFD":null,"FQt":0,"FPz":0,"FPzD":null,"FPr":null,"FRef":0,"MRF":2,"MRP":2,"CRF":2,"CRP":2}]
,"datiDettDittaM":[
{"DD":"RECKITT BENCKISER HEALTHCARE  S A","FRF":1,"FRP":1,"MRF":1,"MRP":1,"MF":340.43,"MFD":-1.32,"MQt":68.96,"MPz":33,"MPzD":-5.96,"MPr":10.42,"MRef":32}
,{"DD":"DERMOFARM","FRF":2,"FRP":2,"MRF":3,"MRP":3,"MF":56.38,"MFD":4.19,"MQt":11.42,"MPz":6,"MPzD":9.9,"MPr":9.77,"MRef":2}
,{"DD":"ARTSANA","FRF":3,"FRP":3,"MRF":2,"MRP":2,"MF":70.98,"MFD":-6.52,"MQt":14.38,"MPz":8,"MPzD":-6.33,"MPr":8.81,"MRef":11}]
,"datiDettDittaC":[
{"DD":"RECKITT BENCKISER HEALTHCARE  S A","FRF":1,"FRP":1,"CRF":1,"CRP":1,"CF":121.57,"CFD":-6.19,"CQt":66.09,"CPz":12,"CPzD":-11.88,"CPr":9.8,"CRef":19}
,{"DD":"DERMOFARM","FRF":2,"FRP":2,"CRF":3,"CRP":3,"CF":24.33,"CFD":11.86,"CQt":13.23,"CPz":2,"CPzD":-8.33,"CPr":10.45,"CRef":2}
,{"DD":"ARTSANA","FRF":3,"FRP":3,"CRF":2,"CRP":2,"CF":30.84,"CFD":-0.44,"CQt":16.76,"CPz":4,"CPzD":5.26,"CPr":8.7,"CRef":7}]
}