{
"Merceologia":"cod.me360"
,"Tempo":"BIM"

,"datiTabRiass":[
{"F":505.90,"M":2195.4770,"C":1860.4587,"Tipo":"c","H":"dt.d0011"}
,{"F":-17.39,"M":  -2.0500,"C":  -0.6700,"Tipo":"i","H":"dt.d0012"}
,{"F":102.00,"M": 159.8324,"C": 107.9273,"Tipo":"n","H":"dt.d0013"}
,{"F":-25.55,"M":  -1.9700,"C":  -3.9200,"Tipo":"i","H":"dt.d0026"}]
,"datiDettDittaF":[
{"DD":"ROCHE DIAGNOSTICS","FRF":1,"FRP":2,"FF":137.45,"FFD":35.77,"FQt":34.41,"FPz":4,"FPzD":33.33,"FPr":34.36,"FRef":6,"MRF":1,"MRP":2,"CRF":3,"CRP":1}
,{"DD":"MENARINI","FRF":2,"FRP":3,"FF":134.5,"FFD":204.99,"FQt":33.67,"FPz":3,"FPzD":200,"FPr":44.83,"FRef":2,"MRF":5,"MRP":9,"CRF":5,"CRP":7}
,{"DD":"PROCTER & GAMBLE ESPAÑA","FRF":3,"FRP":1,"FF":114.8,"FFD":-52.34,"FQt":28.74,"FPz":10,"FPzD":-50,"FPr":11.48,"FRef":3,"MRF":6,"MRP":4,"CRF":7,"CRP":9}
,{"DD":"LA ROCHE POSAY","FRF":4,"FRP":4,"FF":11.95,"FFD":null,"FQt":2.99,"FPz":1,"FPzD":0,"FPr":11.95,"FRef":2,"MRF":16,"MRP":16,"CRF":16,"CRP":16}
,{"DD":"ACOFARMA DISTRIBUCIÓN S A","FRF":5,"FRP":5,"FF":0.8,"FFD":null,"FQt":0.2,"FPz":1,"FPzD":null,"FPr":0.8,"FRef":2,"MRF":7,"MRP":1,"CRF":9,"CRP":5}
,{"DD":"ABBOTT LABORATORIES","FRF":6,"FRP":6,"FF":0,"FFD":null,"FQt":0,"FPz":0,"FPzD":null,"FPr":null,"FRef":2,"MRF":4,"MRP":8,"CRF":4,"CRP":6}
,{"DD":"ALLIANCE HC","FRF":7,"FRP":7,"FF":0,"FFD":null,"FQt":0,"FPz":0,"FPzD":null,"FPr":null,"FRef":1,"MRF":15,"MRP":10,"CRF":12,"CRP":11}
,{"DD":"BAYER HISPANIA S.L.","FRF":8,"FRP":8,"FF":0,"FFD":null,"FQt":0,"FPz":0,"FPzD":null,"FPr":null,"FRef":2,"MRF":2,"MRP":3,"CRF":2,"CRP":3}
,{"DD":"COFARES","FRF":9,"FRP":9,"FF":0,"FFD":null,"FQt":0,"FPz":0,"FPzD":null,"FPr":null,"FRef":0,"MRF":10,"MRP":5,"CRF":10,"CRP":8}
,{"DD":"F5 PROFAS","FRF":10,"FRP":10,"FF":0,"FFD":null,"FQt":0,"FPz":0,"FPzD":null,"FPr":null,"FRef":0,"MRF":12,"MRP":13,"CRF":15,"CRP":14}]
,"datiDettDittaM":[
{"DD":"ROCHE DIAGNOSTICS","FRF":1,"FRP":2,"MRF":1,"MRP":2,"MF":435.17,"MFD":-6.71,"MQt":20.58,"MPz":19,"MPzD":-17.16,"MPr":22.74,"MRef":11}
,{"DD":"MENARINI","FRF":2,"FRP":3,"MRF":5,"MRP":9,"MF":159.08,"MFD":-11.5,"MQt":7.52,"MPz":5,"MPzD":-14.83,"MPr":30.21,"MRef":5}
,{"DD":"PROCTER & GAMBLE ESPAÑA","FRF":3,"FRP":1,"MRF":6,"MRP":4,"MF":157.72,"MFD":5.39,"MQt":7.46,"MPz":13,"MPzD":8.48,"MPr":12.61,"MRef":4}
,{"DD":"ACOFARMA DISTRIBUCIÓN S A","FRF":5,"FRP":5,"MRF":7,"MRP":1,"MF":51.81,"MFD":31.07,"MQt":2.45,"MPz":21,"MPzD":13.9,"MPr":2.51,"MRef":7}
,{"DD":"ABBOTT LABORATORIES","FRF":6,"FRP":6,"MRF":4,"MRP":8,"MF":294.33,"MFD":-0.94,"MQt":13.92,"MPz":8,"MPzD":-2.31,"MPr":36.35,"MRef":2}
,{"DD":"BAYER HISPANIA S.L.","FRF":8,"FRP":8,"MRF":2,"MRP":3,"MF":413.62,"MFD":7.01,"MQt":19.57,"MPz":13,"MPzD":1.86,"MPr":31.34,"MRef":3}
,{"DD":"COFARES","FRF":9,"FRP":9,"MRF":10,"MRP":5,"MF":30.36,"MFD":35.03,"MQt":1.44,"MPz":13,"MPzD":27.05,"MPr":2.39,"MRef":8}
,{"DD":"INTERAPOTHEK","FRF":11,"FRP":11,"MRF":9,"MRP":6,"MF":32.46,"MFD":72.37,"MQt":1.54,"MPz":11,"MPzD":29.78,"MPr":2.98,"MRef":4}
,{"DD":"LIFESCAN ESPAÑA","FRF":13,"FRP":13,"MRF":3,"MRP":7,"MF":344.44,"MFD":-4.23,"MQt":16.29,"MPz":10,"MPzD":-9.54,"MPr":33.24,"MRef":4}
,{"DD":"SANOFI AVENTIS S.A.","FRF":15,"FRP":15,"MRF":8,"MRP":11,"MF":38.8,"MFD":-37.11,"MQt":1.84,"MPz":2,"MPzD":-21.11,"MPr":24.01,"MRef":1}]
,"datiDettDittaC":[
{"DD":"ROCHE DIAGNOSTICS","FRF":1,"FRP":2,"CRF":3,"CRP":1,"CF":315.18,"CFD":2.97,"CQt":17.27,"CPz":17,"CPzD":12.79,"CPr":18.72,"CRef":11}
,{"DD":"MENARINI","FRF":2,"FRP":3,"CRF":5,"CRP":7,"CF":170.3,"CFD":-17.8,"CQt":9.33,"CPz":6,"CPzD":-18.11,"CPr":28.13,"CRef":5}
,{"DD":"PROCTER & GAMBLE ESPAÑA","FRF":3,"FRP":1,"CRF":7,"CRP":9,"CF":48.33,"CFD":12.94,"CQt":2.65,"CPz":4,"CPzD":15.18,"CPr":11.87,"CRef":4}
,{"DD":"ACOFARMA DISTRIBUCIÓN S A","FRF":5,"FRP":5,"CRF":9,"CRP":5,"CF":22.99,"CFD":-8.68,"CQt":1.26,"CPz":10,"CPzD":0,"CPr":2.22,"CRef":6}
,{"DD":"ABBOTT LABORATORIES","FRF":6,"FRP":6,"CRF":4,"CRP":6,"CF":308.52,"CFD":7.72,"CQt":16.91,"CPz":9,"CPzD":2.48,"CPr":35.65,"CRef":2}
,{"DD":"BAYER HISPANIA S.L.","FRF":8,"FRP":8,"CRF":2,"CRP":3,"CF":376.19,"CFD":17,"CQt":20.62,"CPz":12,"CPzD":1.85,"CPr":30.25,"CRef":3}
,{"DD":"COFARES","FRF":9,"FRP":9,"CRF":10,"CRP":8,"CF":10.74,"CFD":4.99,"CQt":0.59,"CPz":5,"CPzD":13.17,"CPr":2.14,"CRef":6}
,{"DD":"INTERAPOTHEK","FRF":11,"FRP":11,"CRF":8,"CRP":4,"CF":25.45,"CFD":37.29,"CQt":1.39,"CPz":11,"CPzD":24.74,"CPr":2.25,"CRef":4}
,{"DD":"LIFESCAN ESPAÑA","FRF":13,"FRP":13,"CRF":1,"CRP":2,"CF":414.92,"CFD":-4.74,"CQt":22.74,"CPz":13,"CPzD":-14.06,"CPr":31.18,"CRef":4}
,{"DD":"SANOFI AVENTIS S.A.","FRF":15,"FRP":15,"CRF":6,"CRP":10,"CF":52.32,"CFD":-31.04,"CQt":2.87,"CPz":2,"CPzD":-38.55,"CPr":24.81,"CRef":1}]
}