{
"Merceologia":"cod.me380"
,"Tempo":"BIM"

,"datiTabRiass":[
{"F":324.20,"M":396.52876,"C":192.78145,"Tipo":"c","H":"dt.d0011"}
,{"F":-18.77,"M": -4.65000,"C": -3.59000,"Tipo":"i","H":"dt.d0012"}
,{"F": 27.00,"M": 36.76757,"C": 19.21818,"Tipo":"n","H":"dt.d0013"}
,{"F":-25.00,"M": -9.21000,"C":  9.88000,"Tipo":"i","H":"dt.d0026"}]
,"datiDettDittaF":[
{"DD":"OFOPAR","FRF":1,"FRP":1,"FF":75.5,"FFD":-40.64,"FQt":92.41,"FPz":10,"FPzD":-37.5,"FPr":7.55,"FRef":2,"MRF":2,"MRP":2,"CRF":3,"CRP":3}
,{"DD":"ORRAVAN","FRF":2,"FRP":2,"FF":6.2,"FFD":null,"FQt":7.59,"FPz":1,"FPzD":null,"FPr":6.2,"FRef":2,"MRF":4,"MRP":4,"CRF":4,"CRP":4}
,{"DD":"ACOFARMA DISTRIBUCIÓN S A","FRF":3,"FRP":3,"FF":0,"FFD":null,"FQt":0,"FPz":0,"FPzD":null,"FPr":null,"FRef":0,"MRF":1,"MRP":1,"CRF":1,"CRP":1}
,{"DD":"COFARES","FRF":4,"FRP":4,"FF":0,"FFD":null,"FQt":0,"FPz":0,"FPzD":null,"FPr":null,"FRef":0,"MRF":3,"MRP":3,"CRF":2,"CRP":2}]
,"datiDettDittaM":[
{"DD":"OFOPAR","FRF":1,"FRP":1,"MRF":2,"MRP":2,"MF":16.29,"MFD":-10.62,"MQt":17.62,"MPz":2,"MPzD":-3.9,"MPr":8.84,"MRef":3}
,{"DD":"ORRAVAN","FRF":2,"FRP":2,"MRF":4,"MRP":4,"MF":2.05,"MFD":-28.16,"MQt":2.21,"MPz":0.357,"MPzD":-32.61,"MPr":5.73,"MRef":1}
,{"DD":"ACOFARMA DISTRIBUCIÓN S A","FRF":3,"FRP":3,"MRF":1,"MRP":1,"MF":17.54,"MFD":4.34,"MQt":18.97,"MPz":2,"MPzD":-1.86,"MPr":8.39,"MRef":2}
,{"DD":"COFARES","FRF":4,"FRP":4,"MRF":3,"MRP":3,"MF":12.69,"MFD":27.74,"MQt":13.72,"MPz":1,"MPzD":-4.15,"MPr":9.31,"MRef":3}]
,"datiDettDittaC":[
{"DD":"OFOPAR","FRF":1,"FRP":1,"CRF":3,"CRP":3,"CF":3.16,"CFD":249.35,"CQt":9.56,"CPz":0.327,"CPzD":259.7,"CPr":9.65,"CRef":1}
,{"DD":"ORRAVAN","FRF":2,"FRP":2,"CRF":4,"CRP":4,"CF":0.42,"CFD":-78.44,"CQt":1.28,"CPz":0.073,"CPzD":-79.92,"CPr":5.84,"CRef":0}
,{"DD":"ACOFARMA DISTRIBUCIÓN S A","FRF":3,"FRP":3,"CRF":1,"CRP":1,"CF":7.32,"CFD":8.18,"CQt":22.16,"CPz":0.818,"CPzD":-6.27,"CPr":8.95,"CRef":2}
,{"DD":"COFARES","FRF":4,"FRP":4,"CRF":2,"CRP":2,"CF":6.81,"CFD":24.13,"CQt":20.61,"CPz":0.691,"CPzD":22.6,"CPr":9.86,"CRef":2}]
}