{
"Merceologia":"cod.me40"
,"Tempo":"BIM"

,"datiTabRiass":[
{"F":31128.16,"M":67816.07,"C":49840.740,"Tipo":"c","H":"dt.d0011"}
,{"F":    6.57,"M":    1.79,"C":    0.990,"Tipo":"i","H":"dt.d0012"}
,{"F": 1174.00,"M": 2722.07,"C": 1939.655,"Tipo":"n","H":"dt.d0013"}
,{"F":   -5.48,"M":    0.44,"C":    0.080,"Tipo":"i","H":"dt.d0026"}]
,"datiDettDittaF":[
{"DD":"IPSEN PHARMA","FRF":1,"FRP":56,"FF":3544.32,"FFD":18.04,"FQt":12.05,"FPz":3,"FPzD":-57.14,"FPr":1181.44,"FRef":2,"MRF":37,"MRP":95,"CRF":37,"CRP":104}
,{"DD":"BOEHRINGER INGELHEIM, S.A.","FRF":2,"FRP":3,"FF":2206.99,"FFD":-15.29,"FQt":7.5,"FPz":67,"FPzD":6.35,"FPr":32.94,"FRef":15,"MRF":1,"MRP":6,"CRF":1,"CRP":6}
,{"DD":"NOVARTIS","FRF":3,"FRP":5,"FF":2087.41,"FFD":58.91,"FQt":7.1,"FPz":58,"FPzD":23.4,"FPr":35.99,"FRef":26,"MRF":3,"MRP":4,"CRF":2,"CRP":2}
,{"DD":"TAKEDA FARMACEUTICA ESPAÑA S.A.","FRF":4,"FRP":11,"FF":2009.02,"FFD":null,"FQt":6.83,"FPz":26,"FPzD":null,"FPr":77.27,"FRef":5,"MRF":55,"MRP":72,"CRF":54,"CRP":66}
,{"DD":"NOVO NORDISK PHARMA","FRF":5,"FRP":12,"FF":1808.26,"FFD":129.5,"FQt":6.15,"FPz":25,"FPzD":78.57,"FPr":72.33,"FRef":9,"MRF":4,"MRP":15,"CRF":4,"CRP":11}
,{"DD":"SANOFI AVENTIS S.A.","FRF":6,"FRP":6,"FF":1603.09,"FFD":14.33,"FQt":5.45,"FPz":54,"FPzD":-8.47,"FPr":29.69,"FRef":42,"MRF":2,"MRP":3,"CRF":3,"CRP":3}
,{"DD":"BRISTOL MYERS SQUIBB","FRF":7,"FRP":13,"FF":1146.82,"FFD":-12.16,"FQt":3.9,"FPz":24,"FPzD":-35.14,"FPr":47.78,"FRef":7,"MRF":12,"MRP":16,"CRF":10,"CRP":17}
,{"DD":"GLAXO SMITHKLINE","FRF":8,"FRP":2,"FF":1100.12,"FFD":14.56,"FQt":3.74,"FPz":69,"FPzD":4.55,"FPr":15.94,"FRef":25,"MRF":5,"MRP":2,"CRF":6,"CRP":4}
,{"DD":"ESTEVE","FRF":9,"FRP":7,"FF":1050.16,"FFD":22.38,"FQt":3.57,"FPz":42,"FPzD":13.51,"FPr":25,"FRef":9,"MRF":17,"MRP":23,"CRF":18,"CRP":20}
,{"DD":"PFIZER","FRF":10,"FRP":4,"FF":972.58,"FFD":-13.83,"FQt":3.31,"FPz":62,"FPzD":-21.52,"FPr":15.69,"FRef":27,"MRF":7,"MRP":5,"CRF":5,"CRP":5}]
,"datiDettDittaM":[
{"DD":"BOEHRINGER INGELHEIM, S.A.","FRF":2,"FRP":3,"MRF":1,"MRP":6,"MF":4455.52,"MFD":-0.6,"MQt":7.15,"MPz":122,"MPzD":3.17,"MPr":36.5,"MRef":25}
,{"DD":"NOVARTIS","FRF":3,"FRP":5,"MRF":3,"MRP":4,"MF":3391.28,"MFD":-1.33,"MQt":5.44,"MPz":147,"MPzD":-0.49,"MPr":23.13,"MRef":42}
,{"DD":"NOVO NORDISK PHARMA","FRF":5,"FRP":12,"MRF":4,"MRP":15,"MF":2971.23,"MFD":-7.18,"MQt":4.77,"MPz":50,"MPzD":-3.45,"MPr":59.48,"MRef":15}
,{"DD":"SANOFI AVENTIS S.A.","FRF":6,"FRP":6,"MRF":2,"MRP":3,"MF":3477.57,"MFD":-10.12,"MQt":5.58,"MPz":156,"MPzD":-8.4,"MPr":22.23,"MRef":79}
,{"DD":"GLAXO SMITHKLINE","FRF":8,"FRP":2,"MRF":5,"MRP":2,"MF":2718.86,"MFD":1.3,"MQt":4.36,"MPz":178,"MPzD":-6.16,"MPr":15.3,"MRef":55}
,{"DD":"PFIZER","FRF":10,"FRP":4,"MRF":7,"MRP":5,"MF":2498.71,"MFD":2.74,"MQt":4.01,"MPz":141,"MPzD":4.86,"MPr":17.69,"MRef":44}
,{"DD":"ASTRAZENECA FARMACEUTICA SPAIN","FRF":11,"FRP":10,"MRF":9,"MRP":8,"MF":2279.96,"MFD":0.78,"MQt":3.66,"MPz":73,"MPzD":-12.21,"MPr":31.3,"MRef":37}
,{"DD":"JANSSEN-CILAG","FRF":12,"FRP":14,"MRF":6,"MRP":24,"MF":2596.05,"MFD":-12.47,"MQt":4.17,"MPz":37,"MPzD":-7.46,"MPr":70.53,"MRef":34}
,{"DD":"MSD","FRF":14,"FRP":9,"MRF":8,"MRP":7,"MF":2400.54,"MFD":0.52,"MQt":3.85,"MPz":82,"MPzD":0.43,"MPr":29.37,"MRef":24}
,{"DD":"UCB PHARMA  S A","FRF":27,"FRP":28,"MRF":10,"MRP":19,"MF":2149.05,"MFD":9.87,"MQt":3.45,"MPz":40,"MPzD":0.49,"MPr":53.19,"MRef":21}]
,"datiDettDittaC":[
{"DD":"BOEHRINGER INGELHEIM, S.A.","FRF":2,"FRP":3,"CRF":1,"CRP":6,"CF":3572.15,"CFD":-0.48,"CQt":7.9,"CPz":92,"CPzD":4.27,"CPr":38.93,"CRef":23}
,{"DD":"NOVARTIS","FRF":3,"FRP":5,"CRF":2,"CRP":2,"CF":2927.3,"CFD":6.74,"CQt":6.47,"CPz":121,"CPzD":9.71,"CPr":24.14,"CRef":39}
,{"DD":"NOVO NORDISK PHARMA","FRF":5,"FRP":12,"CRF":4,"CRP":11,"CF":2304.59,"CFD":-9.46,"CQt":5.1,"CPz":39,"CPzD":-3.73,"CPr":58.85,"CRef":15}
,{"DD":"SANOFI AVENTIS S.A.","FRF":6,"FRP":6,"CRF":3,"CRP":3,"CF":2604.84,"CFD":-9.82,"CQt":5.76,"CPz":121,"CPzD":-8.33,"CPr":21.56,"CRef":70}
,{"DD":"BRISTOL MYERS SQUIBB","FRF":7,"FRP":13,"CRF":10,"CRP":17,"CF":1467.24,"CFD":25.3,"CQt":3.25,"CPz":33,"CPzD":37.08,"CPr":44.83,"CRef":9}
,{"DD":"GLAXO SMITHKLINE","FRF":8,"FRP":2,"CRF":6,"CRP":4,"CF":1721.93,"CFD":0.04,"CQt":3.81,"CPz":111,"CPzD":-6.32,"CPr":15.49,"CRef":44}
,{"DD":"PFIZER","FRF":10,"FRP":4,"CRF":5,"CRP":5,"CF":1734.45,"CFD":-0.3,"CQt":3.84,"CPz":101,"CPzD":4.75,"CPr":17.14,"CRef":41}
,{"DD":"ASTRAZENECA FARMACEUTICA SPAIN","FRF":11,"FRP":10,"CRF":9,"CRP":8,"CF":1576.38,"CFD":7.92,"CQt":3.49,"CPz":49,"CPzD":-2.64,"CPr":32.22,"CRef":36}
,{"DD":"MSD","FRF":14,"FRP":9,"CRF":7,"CRP":7,"CF":1685.52,"CFD":-4,"CQt":3.73,"CPz":56,"CPzD":-3.51,"CPr":29.91,"CRef":23}
,{"DD":"LILLY","FRF":25,"FRP":18,"CRF":8,"CRP":27,"CF":1619.23,"CFD":15.02,"CQt":3.58,"CPz":21,"CPzD":5.58,"CPr":77.31,"CRef":22}]
}