{
"Merceologia":"cod.me410"
,"Tempo":"BIM"

,"datiTabRiass":[
{"F":227.28,"M":392.09854,"C":200.36727,"Tipo":"c","H":"dt.d0011"}
,{"F": -7.97,"M":  6.55000,"C": 13.58000,"Tipo":"i","H":"dt.d0012"}
,{"F": 13.00,"M": 27.01622,"C": 13.07273,"Tipo":"n","H":"dt.d0013"}
,{"F":-13.33,"M":  1.15000,"C": 12.17000,"Tipo":"i","H":"dt.d0026"}]
,"datiDettDittaF":[
{"DD":"BAYER HISPANIA S.L.","FRF":1,"FRP":1,"FF":61.78,"FFD":null,"FQt":27.18,"FPz":4,"FPzD":null,"FPr":15.45,"FRef":1,"MRF":5,"MRP":10,"CRF":7,"CRP":7}
,{"DD":"ZOETIS","FRF":2,"FRP":2,"FF":60.85,"FFD":null,"FQt":26.77,"FPz":3,"FPzD":null,"FPr":20.28,"FRef":2,"MRF":2,"MRP":8,"CRF":6,"CRP":8}
,{"DD":"NOVARTIS","FRF":3,"FRP":3,"FF":44.9,"FFD":-47.11,"FQt":19.76,"FPz":2,"FPzD":-66.67,"FPr":22.45,"FRef":6,"MRF":1,"MRP":1,"CRF":1,"CRP":2}
,{"DD":"BOEHRINGER INGELHEIM, S.A.","FRF":4,"FRP":4,"FF":43.9,"FFD":-44.92,"FQt":19.32,"FPz":2,"FPzD":0,"FPr":21.95,"FRef":2,"MRF":3,"MRP":9,"CRF":3,"CRP":9}
,{"DD":"FATRO IBERICA","FRF":5,"FRP":5,"FF":9.2,"FFD":-74.3,"FQt":4.05,"FPz":1,"FPzD":-75,"FPr":9.2,"FRef":1,"MRF":11,"MRP":11,"CRF":9,"CRP":10}
,{"DD":"CALIER","FRF":6,"FRP":6,"FF":6.65,"FFD":null,"FQt":2.93,"FPz":1,"FPzD":null,"FPr":6.65,"FRef":2,"MRF":7,"MRP":2,"CRF":4,"CRP":3}
,{"DD":"MERIAL","FRF":7,"FRP":7,"FF":0,"FFD":null,"FQt":0,"FPz":0,"FPzD":null,"FPr":null,"FRef":2,"MRF":4,"MRP":4,"CRF":2,"CRP":4}
,{"DD":"SANDOZ FARMACEUTICA S.A.","FRF":8,"FRP":8,"FF":0,"FFD":null,"FQt":0,"FPz":0,"FPzD":null,"FPr":null,"FRef":0,"MRF":9,"MRP":6,"CRF":10,"CRP":5}
,{"DD":"SCHERING PLOUGH","FRF":9,"FRP":9,"FF":0,"FFD":null,"FQt":0,"FPz":0,"FPzD":null,"FPr":null,"FRef":0,"MRF":10,"MRP":7,"CRF":11,"CRP":11}
,{"DD":"TAKEDA FARMACEUTICA ESPAÑA S.A.","FRF":10,"FRP":10,"FF":0,"FFD":-100,"FQt":0,"FPz":0,"FPzD":-100,"FPr":null,"FRef":1,"MRF":8,"MRP":3,"CRF":8,"CRP":1}]
,"datiDettDittaM":[
{"DD":"BAYER HISPANIA S.L.","FRF":1,"FRP":1,"MRF":5,"MRP":10,"MF":12.97,"MFD":-18.05,"MQt":3.69,"MPz":0.768,"MPzD":-21.93,"MPr":16.9,"MRef":1}
,{"DD":"ZOETIS","FRF":2,"FRP":2,"MRF":2,"MRP":8,"MF":27.02,"MFD":-13.07,"MQt":7.69,"MPz":0.968,"MPzD":-20.05,"MPr":27.92,"MRef":1}
,{"DD":"NOVARTIS","FRF":3,"FRP":3,"MRF":1,"MRP":1,"MF":57.85,"MFD":10.57,"MQt":16.47,"MPz":2,"MPzD":-28.29,"MPr":26.17,"MRef":4}
,{"DD":"BOEHRINGER INGELHEIM, S.A.","FRF":4,"FRP":4,"MRF":3,"MRP":9,"MF":25.61,"MFD":7.04,"MQt":7.29,"MPz":0.778,"MPzD":17.02,"MPr":32.9,"MRef":0}
,{"DD":"CALIER","FRF":6,"FRP":6,"MRF":7,"MRP":2,"MF":11.04,"MFD":18.5,"MQt":3.14,"MPz":2,"MPzD":69.72,"MPr":7.17,"MRef":2}
,{"DD":"MERIAL","FRF":7,"FRP":7,"MRF":4,"MRP":4,"MF":25.4,"MFD":-9.66,"MQt":7.23,"MPz":1,"MPzD":-23.55,"MPr":19.91,"MRef":2}
,{"DD":"SANDOZ FARMACEUTICA S.A.","FRF":8,"FRP":8,"MRF":9,"MRP":6,"MF":4.9,"MFD":-8.11,"MQt":1.4,"MPz":1,"MPzD":-25.1,"MPr":3.98,"MRef":1}
,{"DD":"SCHERING PLOUGH","FRF":9,"FRP":9,"MRF":10,"MRP":7,"MF":2.53,"MFD":51.11,"MQt":0.72,"MPz":1,"MPzD":45.67,"MPr":2.14,"MRef":0}
,{"DD":"TAKEDA FARMACEUTICA ESPAÑA S.A.","FRF":10,"FRP":10,"MRF":8,"MRP":3,"MF":8.51,"MFD":-2.47,"MQt":2.42,"MPz":2,"MPzD":-5.37,"MPr":4.12,"MRef":1}
,{"DD":"VIRBAC","FRF":11,"FRP":11,"MRF":6,"MRP":5,"MF":12.38,"MFD":41.27,"MQt":3.52,"MPz":1,"MPzD":18.59,"MPr":11.99,"MRef":1}]
,"datiDettDittaC":[
{"DD":"BAYER HISPANIA S.L.","FRF":1,"FRP":1,"CRF":7,"CRP":7,"CF":8.83,"CFD":-40.71,"CQt":4.65,"CPz":0.491,"CPzD":-42.54,"CPr":18,"CRef":0}
,{"DD":"ZOETIS","FRF":2,"FRP":2,"CRF":6,"CRP":8,"CF":9.69,"CFD":-26.31,"CQt":5.1,"CPz":0.436,"CPzD":4.26,"CPr":22.22,"CRef":0}
,{"DD":"NOVARTIS","FRF":3,"FRP":3,"CRF":1,"CRP":2,"CF":36.25,"CFD":58.91,"CQt":19.08,"CPz":1,"CPzD":12.24,"CPr":28.48,"CRef":1}
,{"DD":"BOEHRINGER INGELHEIM, S.A.","FRF":4,"FRP":4,"CRF":3,"CRP":9,"CF":14.2,"CFD":159.43,"CQt":7.47,"CPz":0.4,"CPzD":175,"CPr":35.49,"CRef":0}
,{"DD":"FATRO IBERICA","FRF":5,"FRP":5,"CRF":9,"CRP":10,"CF":5.16,"CFD":1691.67,"CQt":2.72,"CPz":0.109,"CPzD":99.83,"CPr":47.27,"CRef":0}
,{"DD":"CALIER","FRF":6,"FRP":6,"CRF":4,"CRP":3,"CF":13.8,"CFD":97.38,"CQt":7.26,"CPz":1,"CPzD":-1.79,"CPr":9.73,"CRef":4}
,{"DD":"MERIAL","FRF":7,"FRP":7,"CRF":2,"CRP":4,"CF":14.82,"CFD":-9.72,"CQt":7.8,"CPz":0.782,"CPzD":-24.54,"CPr":18.95,"CRef":2}
,{"DD":"SANDOZ FARMACEUTICA S.A.","FRF":8,"FRP":8,"CRF":10,"CRP":5,"CF":3.12,"CFD":16.89,"CQt":1.64,"CPz":0.782,"CPzD":16.24,"CPr":3.99,"CRef":1}
,{"DD":"TAKEDA FARMACEUTICA ESPAÑA S.A.","FRF":10,"FRP":10,"CRF":8,"CRP":1,"CF":8.02,"CFD":18.97,"CQt":4.22,"CPz":2,"CPzD":22.22,"CPr":4.12,"CRef":1}
,{"DD":"VIRBAC","FRF":11,"FRP":11,"CRF":5,"CRP":6,"CF":10.49,"CFD":149.81,"CQt":5.52,"CPz":0.618,"CPzD":142.79,"CPr":16.96,"CRef":0}]
}