{
"Merceologia":"cod.me52"
,"Tempo":"BIM"

,"datiTabRiass":[
{"F":754.67,"M":3274.3035,"C":1039.8113,"Tipo":"c","H":"dt.d0011"}
,{"F": 32.37,"M":  -9.1100,"C":  -2.9700,"Tipo":"i","H":"dt.d0012"}
,{"F": 39.00,"M": 349.7459,"C": 106.8909,"Tipo":"n","H":"dt.d0013"}
,{"F":  2.63,"M": -14.4300,"C":  -7.0800,"Tipo":"i","H":"dt.d0026"}]
,"datiDettDittaF":[
{"DD":"ORDESA","FRF":1,"FRP":1,"FF":419.22,"FFD":-16.66,"FQt":60.52,"FPz":24,"FPzD":-11.11,"FPr":17.47,"FRef":20,"MRF":1,"MRP":3,"CRF":3,"CRP":5}
,{"DD":"NESTLE ESPAÑA","FRF":2,"FRP":2,"FF":169.15,"FFD":43.23,"FQt":24.42,"FPz":7,"FPzD":-22.22,"FPr":24.16,"FRef":9,"MRF":3,"MRP":2,"CRF":2,"CRP":3}
,{"DD":"LACTALIS NUTRICION IB","FRF":3,"FRP":4,"FF":80,"FFD":-8.05,"FQt":11.55,"FPz":2,"FPzD":0,"FPr":40,"FRef":2,"MRF":8,"MRP":8,"CRF":8,"CRP":8}
,{"DD":"NUMIL NUTRICION","FRF":4,"FRP":5,"FF":20,"FFD":-113.79,"FQt":2.89,"FPz":1,"FPzD":-120,"FPr":20,"FRef":3,"MRF":2,"MRP":4,"CRF":1,"CRP":4}
,{"DD":"ALTER FARMACIA","FRF":5,"FRP":3,"FF":4.3,"FFD":-38.57,"FQt":0.62,"FPz":3,"FPzD":-40,"FPr":1.43,"FRef":9,"MRF":4,"MRP":1,"CRF":4,"CRP":1}
,{"DD":"BEBE INNOVA","FRF":6,"FRP":6,"FF":0,"FFD":null,"FQt":0,"FPz":0,"FPzD":null,"FPr":null,"FRef":0,"MRF":9,"MRP":10,"CRF":9,"CRP":9}
,{"DD":"FERRER INTERNACIONAL","FRF":7,"FRP":7,"FF":0,"FFD":null,"FQt":0,"FPz":0,"FPzD":null,"FPr":null,"FRef":0,"MRF":7,"MRP":9,"CRF":7,"CRP":7}
,{"DD":"HERO","FRF":8,"FRP":8,"FF":0,"FFD":null,"FQt":0,"FPz":0,"FPzD":null,"FPr":null,"FRef":0,"MRF":6,"MRP":5,"CRF":5,"CRP":2}
,{"DD":"MEAD JOHNSON","FRF":9,"FRP":9,"FF":0,"FFD":null,"FQt":0,"FPz":0,"FPzD":null,"FPr":null,"FRef":0,"MRF":5,"MRP":6,"CRF":6,"CRP":6}
,{"DD":"PULEVA","FRF":10,"FRP":10,"FF":0,"FFD":null,"FQt":0,"FPz":0,"FPzD":null,"FPr":null,"FRef":0,"MRF":10,"MRP":7,"CRF":10,"CRP":10}]
,"datiDettDittaM":[
{"DD":"ORDESA","FRF":1,"FRP":1,"MRF":1,"MRP":3,"MF":673.52,"MFD":-0.9,"MQt":21.87,"MPz":42,"MPzD":-14.02,"MPr":15.88,"MRef":36}
,{"DD":"NESTLE ESPAÑA","FRF":2,"FRP":2,"MRF":3,"MRP":2,"MF":573.46,"MFD":-2.29,"MQt":18.62,"MPz":58,"MPzD":-8.53,"MPr":9.86,"MRef":82}
,{"DD":"LACTALIS NUTRICION IB","FRF":3,"FRP":4,"MRF":8,"MRP":8,"MF":67.72,"MFD":46.2,"MQt":2.2,"MPz":7,"MPzD":7.92,"MPr":10.37,"MRef":14}
,{"DD":"NUMIL NUTRICION","FRF":4,"FRP":5,"MRF":2,"MRP":4,"MF":667.66,"MFD":-4.53,"MQt":21.68,"MPz":40,"MPzD":-5.83,"MPr":16.73,"MRef":28}
,{"DD":"ALTER FARMACIA","FRF":5,"FRP":3,"MRF":4,"MRP":1,"MF":531.49,"MFD":-16.89,"MQt":17.26,"MPz":116,"MPzD":-19.17,"MPr":4.58,"MRef":127}
,{"DD":"BEBE INNOVA","FRF":6,"FRP":6,"MRF":9,"MRP":10,"MF":36.64,"MFD":-2.17,"MQt":1.19,"MPz":1,"MPzD":-30.97,"MPr":25.77,"MRef":3}
,{"DD":"FERRER INTERNACIONAL","FRF":7,"FRP":7,"MRF":7,"MRP":9,"MF":87.39,"MFD":-53.96,"MQt":2.84,"MPz":5,"MPzD":-60.85,"MPr":15.93,"MRef":11}
,{"DD":"HERO","FRF":8,"FRP":8,"MRF":6,"MRP":5,"MF":162.09,"MFD":-10.85,"MQt":5.26,"MPz":33,"MPzD":-19.25,"MPr":4.89,"MRef":45}
,{"DD":"MEAD JOHNSON","FRF":9,"FRP":9,"MRF":5,"MRP":6,"MF":236.91,"MFD":-3.62,"MQt":7.69,"MPz":13,"MPzD":-13.61,"MPr":17.96,"MRef":4}
,{"DD":"PULEVA","FRF":10,"FRP":10,"MRF":10,"MRP":7,"MF":12.11,"MFD":23.45,"MQt":0.39,"MPz":10,"MPzD":21.87,"MPr":1.25,"MRef":2}]
,"datiDettDittaC":[
{"DD":"ORDESA","FRF":1,"FRP":1,"CRF":3,"CRP":5,"CF":198.98,"CFD":9.77,"CQt":19.74,"CPz":12,"CPzD":-2.94,"CPr":16.19,"CRef":21}
,{"DD":"NESTLE ESPAÑA","FRF":2,"FRP":2,"CRF":2,"CRP":3,"CF":199.45,"CFD":16.81,"CQt":19.79,"CPz":14,"CPzD":2.12,"CPr":14.69,"CRef":24}
,{"DD":"LACTALIS NUTRICION IB","FRF":3,"FRP":4,"CRF":8,"CRP":8,"CF":11.31,"CFD":4.16,"CQt":1.12,"CPz":1,"CPzD":-28.57,"CPr":9.43,"CRef":4}
,{"DD":"NUMIL NUTRICION","FRF":4,"FRP":5,"CRF":1,"CRP":4,"CF":228.91,"CFD":-11.98,"CQt":22.71,"CPz":13,"CPzD":-16.76,"CPr":17.44,"CRef":21}
,{"DD":"ALTER FARMACIA","FRF":5,"FRP":3,"CRF":4,"CRP":1,"CF":180.09,"CFD":-15.12,"CQt":17.87,"CPz":34,"CPzD":-14.26,"CPr":5.31,"CRef":70}
,{"DD":"BEBE INNOVA","FRF":6,"FRP":6,"CRF":9,"CRP":9,"CF":2.65,"CFD":87.58,"CQt":0.26,"CPz":0.109,"CPzD":199.75,"CPr":24.28,"CRef":0}
,{"DD":"FERRER INTERNACIONAL","FRF":7,"FRP":7,"CRF":7,"CRP":7,"CF":21.62,"CFD":-17.5,"CQt":2.14,"CPz":1,"CPzD":-35.29,"CPr":16.74,"CRef":5}
,{"DD":"HERO","FRF":8,"FRP":8,"CRF":5,"CRP":2,"CF":118.58,"CFD":-0.26,"CQt":11.77,"CPz":24,"CPzD":5.18,"CPr":4.95,"CRef":40}
,{"DD":"MEAD JOHNSON","FRF":9,"FRP":9,"CRF":6,"CRP":6,"CF":41.62,"CFD":41.45,"CQt":4.13,"CPz":2,"CPzD":26.44,"CPr":20.81,"CRef":3}
,{"DD":"PULEVA","FRF":10,"FRP":10,"CRF":10,"CRP":10,"CF":0,"CFD":null,"CQt":0,"CPz":0,"CPzD":null,"CPr":null,"CRef":0}]
}