{
"Merceologia":"cod.me80"
,"Tempo":"BIM"

,"datiTabRiass":[
{"F":8498.13,"M":8025.6876,"C":3879.4907,"Tipo":"c","H":"dt.d0011"}
,{"F": -13.54,"M":   1.1200,"C":  -0.3800,"Tipo":"i","H":"dt.d0012"}
,{"F": 426.00,"M": 462.8486,"C": 230.8545,"Tipo":"n","H":"dt.d0013"}
,{"F": -10.69,"M":  -1.5800,"C":  -2.3200,"Tipo":"i","H":"dt.d0026"}]
,"datiDettDittaF":[
{"DD":"PILEJE SLU","FRF":1,"FRP":1,"FF":1924.05,"FFD":-24.63,"FQt":23.11,"FPz":105,"FPzD":-18.6,"FPr":18.32,"FRef":25,"MRF":3,"MRP":5,"CRF":4,"CRP":6}
,{"DD":"VITAE N NUTRITION","FRF":2,"FRP":5,"FF":616.31,"FFD":-15.79,"FQt":7.4,"FPz":18,"FPzD":-28,"FPr":34.24,"FRef":9,"MRF":7,"MRP":10,"CRF":13,"CRP":11}
,{"DD":"BAYER HISPANIA S.L.","FRF":3,"FRP":2,"FF":445.65,"FFD":-25,"FQt":5.35,"FPz":34,"FPzD":-12.82,"FPr":13.11,"FRef":15,"MRF":1,"MRP":2,"CRF":2,"CRP":3}
,{"DD":"TREPAT-DIET","FRF":4,"FRP":3,"FF":374.75,"FFD":18.3,"FQt":4.5,"FPz":25,"FPzD":19.05,"FPr":14.99,"FRef":4,"MRF":35,"MRP":31,"CRF":39,"CRP":39}
,{"DD":"CANTABRIA LABS","FRF":5,"FRP":9,"FF":322.95,"FFD":94.13,"FQt":3.88,"FPz":10,"FPzD":100,"FPr":32.3,"FRef":10,"MRF":6,"MRP":20,"CRF":6,"CRP":19}
,{"DD":"HEEL ESPAÑA","FRF":6,"FRP":4,"FF":302.57,"FFD":53.86,"FQt":3.63,"FPz":22,"FPzD":37.5,"FPr":13.75,"FRef":6,"MRF":26,"MRP":19,"CRF":22,"CRP":16}
,{"DD":"URIACH","FRF":7,"FRP":6,"FF":296.55,"FFD":96.72,"FQt":3.56,"FPz":18,"FPzD":63.64,"FPr":16.48,"FRef":8,"MRF":5,"MRP":3,"CRF":5,"CRP":2}
,{"DD":"LIERAC","FRF":8,"FRP":13,"FF":269.15,"FFD":-57.02,"FQt":3.23,"FPz":7,"FPzD":-46.15,"FPr":38.45,"FRef":2,"MRF":15,"MRP":37,"CRF":26,"CRP":48}
,{"DD":"ZAMBON","FRF":9,"FRP":10,"FF":244.65,"FFD":200.37,"FQt":2.94,"FPz":9,"FPzD":200,"FPr":27.18,"FRef":3,"MRF":13,"MRP":21,"CRF":18,"CRP":22}
,{"DD":"NTD LABS","FRF":10,"FRP":17,"FF":227.7,"FFD":597.4,"FQt":2.74,"FPz":6,"FPzD":500,"FPr":37.95,"FRef":1,"MRF":72,"MRP":80,"CRF":71,"CRP":77}]
,"datiDettDittaM":[
{"DD":"PILEJE SLU","FRF":1,"FRP":1,"MRF":3,"MRP":5,"MF":304.35,"MFD":11.2,"MQt":3.98,"MPz":16,"MPzD":7.21,"MPr":18.76,"MRef":20}
,{"DD":"VITAE N NUTRITION","FRF":2,"FRP":5,"MRF":7,"MRP":10,"MF":169.39,"MFD":-13.75,"MQt":2.22,"MPz":9,"MPzD":-15.61,"MPr":19.78,"MRef":16}
,{"DD":"BAYER HISPANIA S.L.","FRF":3,"FRP":2,"MRF":1,"MRP":2,"MF":402.82,"MFD":-2.53,"MQt":5.27,"MPz":27,"MPzD":-9.05,"MPr":14.68,"MRef":30}
,{"DD":"CANTABRIA LABS","FRF":5,"FRP":9,"MRF":6,"MRP":20,"MF":185.85,"MFD":12.19,"MQt":2.43,"MPz":6,"MPzD":2.68,"MPr":29.39,"MRef":11}
,{"DD":"URIACH","FRF":7,"FRP":6,"MRF":5,"MRP":3,"MF":287.78,"MFD":0.68,"MQt":3.76,"MPz":25,"MPzD":-1.45,"MPr":11.65,"MRef":20}
,{"DD":"CASEN RECORDATI S L","FRF":13,"FRP":7,"MRF":4,"MRP":4,"MF":299.98,"MFD":-5.34,"MQt":3.92,"MPz":23,"MPzD":-7.66,"MPr":13.09,"MRef":16}
,{"DD":"ITALFARMACO","FRF":19,"FRP":12,"MRF":2,"MRP":1,"MF":394.61,"MFD":4.59,"MQt":5.16,"MPz":28,"MPzD":8.07,"MPr":14.32,"MRef":11}
,{"DD":"ANGELINI FARMACÉUTICA S A","FRF":20,"FRP":24,"MRF":9,"MRP":8,"MF":157.75,"MFD":-18.14,"MQt":2.06,"MPz":10,"MPzD":-13.91,"MPr":16.04,"MRef":23}
,{"DD":"SALVAT","FRF":34,"FRP":31,"MRF":8,"MRP":7,"MF":158.04,"MFD":2.86,"MQt":2.07,"MPz":11,"MPzD":-3.28,"MPr":13.77,"MRef":8}
,{"DD":"PEROXFARMA","FRF":80,"FRP":80,"MRF":10,"MRP":15,"MF":155.72,"MFD":-5.93,"MQt":2.04,"MPz":7,"MPzD":1.65,"MPr":21.28,"MRef":13}]
,"datiDettDittaC":[
{"DD":"PILEJE SLU","FRF":1,"FRP":1,"CRF":4,"CRP":6,"CF":133.74,"CFD":17.57,"CQt":3.6,"CPz":7,"CPzD":9.69,"CPr":18.91,"CRef":10}
,{"DD":"BAYER HISPANIA S.L.","FRF":3,"FRP":2,"CRF":2,"CRP":3,"CF":169.28,"CFD":-5.16,"CQt":4.55,"CPz":11,"CPzD":-14.43,"CPr":15.07,"CRef":18}
,{"DD":"CANTABRIA LABS","FRF":5,"FRP":9,"CRF":6,"CRP":19,"CF":102.14,"CFD":9.95,"CQt":2.75,"CPz":3,"CPzD":-6.25,"CPr":31.92,"CRef":8}
,{"DD":"URIACH","FRF":7,"FRP":6,"CRF":5,"CRP":2,"CF":133.64,"CFD":-12.87,"CQt":3.59,"CPz":12,"CPzD":-16.67,"CPr":10.87,"CRef":16}
,{"DD":"THEA","FRF":12,"FRP":18,"CRF":9,"CRP":20,"CF":87.5,"CFD":9.64,"CQt":2.35,"CPz":3,"CPzD":16.2,"CPr":31.25,"CRef":2}
,{"DD":"CASEN RECORDATI S L","FRF":13,"FRP":7,"CRF":3,"CRP":4,"CF":134.1,"CFD":-4.66,"CQt":3.6,"CPz":10,"CPzD":-3.68,"CPr":13.53,"CRef":13}
,{"DD":"ESTEVE","FRF":17,"FRP":22,"CRF":8,"CRP":13,"CF":89.85,"CFD":20.94,"CQt":2.42,"CPz":4,"CPzD":31.74,"CPr":22.57,"CRef":4}
,{"DD":"ITALFARMACO","FRF":19,"FRP":12,"CRF":1,"CRP":1,"CF":189.85,"CFD":6.34,"CQt":5.1,"CPz":13,"CPzD":8.33,"CPr":14.38,"CRef":9}
,{"DD":"ANGELINI FARMACÉUTICA S A","FRF":20,"FRP":24,"CRF":7,"CRP":7,"CF":97.86,"CFD":-18.53,"CQt":2.63,"CPz":7,"CPzD":-15.2,"CPr":14.55,"CRef":16}
,{"DD":"PEROXFARMA","FRF":80,"FRP":80,"CRF":10,"CRP":14,"CF":87.48,"CFD":-15.57,"CQt":2.35,"CPz":4,"CPzD":0.92,"CPr":21.97,"CRef":8}]
}