{"datiDettRefF":[
{"DP":"VICHY HOMME TTO HIDRATANTE 24 H FORTIFICANTE 50 ML","DD":"VICHY","FRF":1,"FRP":2,"FF":21.5,"FFD":null,"FQt":49.65,"FPz":1,"FPzD":null,"FPr":21.5,"MRF":1,"MRP":2,"CRF":1,"CRP":2}
,{"DP":"VICHY HOMME DESODORANTE PIEL SENSIBLE 50 ML","DD":"VICHY","FRF":2,"FRP":1,"FF":17,"FFD":null,"FQt":39.26,"FPz":2,"FPzD":null,"FPr":8.5,"MRF":2,"MRP":1,"CRF":2,"CRP":1}
,{"DP":"MEDICIS DERMOESPUMA DE AFEITAR 50 ML","DD":"ISDIN","FRF":3,"FRP":3,"FF":4.8,"FFD":null,"FQt":11.09,"FPz":1,"FPzD":null,"FPr":4.8,"MRF":3,"MRP":3,"CRF":3,"CRP":3}]
,"datiDettRefM":[
{"DP":"VICHY HOMME TTO HIDRATANTE 24 H FORTIFICANTE 50 ML","DD":"VICHY","FRF":1,"FRP":2,"MRF":1,"MRP":2,"MF":2.57,"MFD":35.78,"MQt":5.7,"MPz":0.135,"MPzD":38.75,"MPr":19}
,{"DP":"VICHY HOMME DESODORANTE PIEL SENSIBLE 50 ML","DD":"VICHY","FRF":2,"FRP":1,"MRF":2,"MRP":1,"MF":2.2,"MFD":-22.85,"MQt":4.88,"MPz":0.249,"MPzD":-23.23,"MPr":8.83}
,{"DP":"MEDICIS DERMOESPUMA DE AFEITAR 50 ML","DD":"ISDIN","FRF":3,"FRP":3,"MRF":3,"MRP":3,"MF":0.05,"MFD":-21.52,"MQt":0.11,"MPz":0.011,"MPzD":-32.17,"MPr":4.65}]
,"datiDettRefC":[
{"DP":"VICHY HOMME TTO HIDRATANTE 24 H FORTIFICANTE 50 ML","DD":"VICHY","FRF":1,"FRP":2,"CRF":1,"CRP":2,"CF":1.24,"CFD":84.15,"CQt":6.59,"CPz":0.055,"CPzD":51.25,"CPr":22.65}
,{"DP":"VICHY HOMME DESODORANTE PIEL SENSIBLE 50 ML","DD":"VICHY","FRF":2,"FRP":1,"CRF":2,"CRP":1,"CF":0.64,"CFD":-22.27,"CQt":3.39,"CPz":0.073,"CPzD":-19.7,"CPr":8.75}
,{"DP":"MEDICIS DERMOESPUMA DE AFEITAR 50 ML","DD":"ISDIN","FRF":3,"FRP":3,"CRF":3,"CRP":3,"CF":0,"CFD":null,"CQt":0,"CPz":0,"CPzD":null,"CPr":null}]}