{"datiDettRefF":[
{"DP":"LIERAC FACIAL","DD":"LIERAC","FRF":1,"FRP":1,"FF":619.02,"FFD":-52.67,"FQt":22.85,"FPz":10,"FPzD":-56.52,"FPr":61.9,"MRF":2,"MRP":4,"CRF":6,"CRP":17}
,{"DP":"CAUDALIE FACIAL","DD":"CAUDALIE","FRF":2,"FRP":2,"FF":316.5,"FFD":16.76,"FQt":11.68,"FPz":9,"FPzD":-35.71,"FPr":35.17,"MRF":1,"MRP":1,"CRF":1,"CRP":3}
,{"DP":"NEORETIN DISCROM CONTROL SERUM BOOSTER FLUID 30 ML","DD":"CANTABRIA LABS","FRF":3,"FRP":4,"FF":113.85,"FFD":50,"FQt":4.2,"FPz":3,"FPzD":50,"FPr":37.95,"MRF":21,"MRP":35,"CRF":28,"CRP":40}
,{"DP":"REMESCAR MIRADA CANSADA 15 ML","DD":"VEMEDIA PH.","FRF":4,"FRP":8,"FF":69.9,"FFD":null,"FQt":2.58,"FPz":2,"FPzD":null,"FPr":34.95,"MRF":67,"MRP":67,"CRF":68,"CRP":68}
,{"DP":"NEORETIN DISCROM CONTROL PEELING DESPIGMENTANTE 6 DISCOS X 6 ML","DD":"CANTABRIA LABS","FRF":5,"FRP":5,"FF":64.5,"FFD":null,"FQt":2.38,"FPz":3,"FPzD":null,"FPr":21.5,"MRF":50,"MRP":54,"CRF":41,"CRP":45}
,{"DP":"HOM HEEL DERMAVEEL 30ML CREMA","DD":"HEEL ESPAÑA","FRF":6,"FRP":3,"FF":58.21,"FFD":-35,"FQt":2.15,"FPz":6,"FPzD":-33.33,"FPr":9.7,"MRF":24,"MRP":23,"CRF":26,"CRP":20}
,{"DP":"HYDREANE BB CREMA HIDRATANTE COLOR PIEL SENSIBLE MEDIUM 40 ML","DD":"LA ROCHE POSAY","FRF":7,"FRP":6,"FF":56.25,"FFD":181.95,"FQt":2.08,"FPz":3,"FPzD":200,"FPr":18.75,"MRF":64,"MRP":62,"CRF":64,"CRP":64}
,{"DP":"HYDRAPHASE XL LEGERE 50 ML","DD":"LA ROCHE POSAY","FRF":8,"FRP":9,"FF":53.9,"FFD":null,"FQt":1.99,"FPz":2,"FPzD":null,"FPr":26.95,"MRF":45,"MRP":51,"CRF":48,"CRP":50}
,{"DP":"ACTIVE C EMULSION P SECA 30 ML","DD":"LA ROCHE POSAY","FRF":9,"FRP":18,"FF":48.5,"FFD":null,"FQt":1.79,"FPz":1,"FPzD":null,"FPr":48.5,"MRF":19,"MRP":34,"CRF":17,"CRP":35}
,{"DP":"AVENE HYDRANCE LIGERA UV SPF 20 40 ML","DD":"PIERRE FABRE IBERICA","FRF":10,"FRP":10,"FF":47.9,"FFD":100,"FQt":1.77,"FPz":2,"FPzD":100,"FPr":23.95,"MRF":23,"MRP":32,"CRF":27,"CRP":34}
,{"DP":"PHYSIANE 40 ML","DD":"LA ROCHE POSAY","FRF":11,"FRP":19,"FF":47.5,"FFD":null,"FQt":1.75,"FPz":1,"FPzD":null,"FPr":47.5,"MRF":31,"MRP":47,"CRF":29,"CRP":43}
,{"DP":"ROSALIAC XL RICA P SECA Y MUY SECA 40 ML","DD":"LA ROCHE POSAY","FRF":12,"FRP":11,"FF":47,"FFD":null,"FQt":1.73,"FPz":2,"FPzD":null,"FPr":23.5,"MRF":56,"MRP":58,"CRF":45,"CRP":46}
,{"DP":"MARTIDERM PROTEOGLICANOS 30 AMP","DD":"MARTIDERM","FRF":13,"FRP":20,"FF":46.95,"FFD":null,"FQt":1.73,"FPz":1,"FPzD":null,"FPr":46.95,"MRF":10,"MRP":29,"CRF":14,"CRP":31}
,{"DP":"MARTIDERM PROTEOGLICANOS FPS 30 AMP 2 ML","DD":"MARTIDERM","FRF":14,"FRP":21,"FF":44.95,"FFD":null,"FQt":1.66,"FPz":1,"FPzD":null,"FPr":44.95,"MRF":15,"MRP":33,"CRF":22,"CRP":36}
,{"DP":"VITISES ECAD GEL REGULADOR PIGMENTACION CUTANEA 100 ML","DD":"SESDERMA","FRF":15,"FRP":22,"FF":44.8,"FFD":null,"FQt":1.65,"FPz":1,"FPzD":null,"FPr":44.8,"MRF":71,"MRP":71,"CRF":71,"CRP":71}
,{"DP":"VITISES GEL 100 ML","DD":"SESDERMA","FRF":16,"FRP":23,"FF":44.8,"FFD":null,"FQt":1.65,"FPz":1,"FPzD":null,"FPr":44.8,"MRF":72,"MRP":72,"CRF":72,"CRP":72}
,{"DP":"LIPIKAR FLUIDO 750 ML","DD":"LA ROCHE POSAY","FRF":17,"FRP":12,"FF":43,"FFD":100,"FQt":1.59,"FPz":2,"FPzD":100,"FPr":21.5,"MRF":33,"MRP":36,"CRF":55,"CRP":55}
,{"DP":"EFFACLAR DUO (+) UNIFIANT TONO CLARO 40 ML","DD":"LA ROCHE POSAY","FRF":18,"FRP":13,"FF":41.9,"FFD":98.11,"FQt":1.55,"FPz":2,"FPzD":100,"FPr":20.95,"MRF":61,"MRP":59,"CRF":62,"CRP":62}
,{"DP":"LIPIKAR AP+ STICK 20 G","DD":"LA ROCHE POSAY","FRF":19,"FRP":7,"FF":41.85,"FFD":null,"FQt":1.54,"FPz":3,"FPzD":null,"FPr":13.95,"MRF":60,"MRP":55,"CRF":54,"CRP":52}
,{"DP":"PIGMENCLAR SERUM 30 ML","DD":"LA ROCHE POSAY","FRF":20,"FRP":24,"FF":39.95,"FFD":null,"FQt":1.47,"FPz":1,"FPzD":null,"FPr":39.95,"MRF":55,"MRP":63,"CRF":65,"CRP":65}
,{"DP":"TERSOSKIN CREMA REGENERADORA FACIAL 50 ML","DD":"DERMOESTETICA DEL SUR","FRF":21,"FRP":25,"FF":39.1,"FFD":null,"FQt":1.44,"FPz":1,"FPzD":null,"FPr":39.1,"MRF":73,"MRP":73,"CRF":73,"CRP":73}
,{"DP":"URIAGE D S EMULSION 40 ML","DD":"URIAGE","FRF":22,"FRP":14,"FF":36.9,"FFD":null,"FQt":1.36,"FPz":2,"FPzD":null,"FPr":18.45,"MRF":44,"MRP":44,"CRF":32,"CRP":33}
,{"DP":"AVENE YSTHEAL EMULSION ANTIARRUGAS 30 ML","DD":"PIERRE FABRE IBERICA","FRF":23,"FRP":26,"FF":34.15,"FFD":null,"FQt":1.26,"FPz":1,"FPzD":null,"FPr":34.15,"MRF":53,"MRP":60,"CRF":46,"CRP":49}
,{"DP":"SEBIUM GLOBAL 30 ML","DD":"BIODERMA-NAOS SKIN CARE","FRF":24,"FRP":15,"FF":33.5,"FFD":100,"FQt":1.24,"FPz":2,"FPzD":100,"FPr":16.75,"MRF":16,"MRP":22,"CRF":19,"CRP":21}
,{"DP":"ROGER & GALLET MININECESER DE PRIMAVERA 2013 BOIS D´ORANGE","DD":"ROGER & GALLET","FRF":25,"FRP":27,"FF":28.7,"FFD":null,"FQt":1.06,"FPz":1,"FPzD":null,"FPr":28.7,"MRF":74,"MRP":74,"CRF":74,"CRP":74}]
,"datiDettRefM":[
{"DP":"CAUDALIE FACIAL","DD":"CAUDALIE","FRF":2,"FRP":2,"MRF":1,"MRP":1,"MF":323.71,"MFD":-3.48,"MQt":10.29,"MPz":14,"MPzD":-10.66,"MPr":22.39}
,{"DP":"LIERAC FACIAL","DD":"LIERAC","FRF":1,"FRP":1,"MRF":2,"MRP":4,"MF":127.96,"MFD":-53.34,"MQt":4.07,"MPz":3,"MPzD":-37.29,"MPr":50.58}
,{"DP":"APIVITA FACIAL","DD":"APIVITA","FRF":63,"FRP":63,"MRF":3,"MRP":2,"MF":65.95,"MFD":-25.97,"MQt":2.1,"MPz":4,"MPzD":-28.09,"MPr":15.74}
,{"DP":"FILORGA FACIAL","DD":"","FRF":67,"FRP":67,"MRF":4,"MRP":9,"MF":65.89,"MFD":-27.28,"MQt":2.09,"MPz":2,"MPzD":5.11,"MPr":43.23}
,{"DP":"NUXE FACIAL","DD":"NUXE","FRF":71,"FRP":71,"MRF":5,"MRP":5,"MF":62.09,"MFD":-39.66,"MQt":1.97,"MPz":3,"MPzD":-31.06,"MPr":21.39}
,{"DP":"DARPHIN FACIAL","DD":"DARPHIN","FRF":65,"FRP":65,"MRF":6,"MRP":15,"MF":59.25,"MFD":-30.8,"MQt":1.88,"MPz":1,"MPzD":-28.57,"MPr":57.09}
,{"DP":"MARTIDERM PACK VARIOS","DD":"MARTIDERM","FRF":70,"FRP":70,"MRF":7,"MRP":6,"MF":38.56,"MFD":12.44,"MQt":1.23,"MPz":3,"MPzD":44.53,"MPr":13.46}
,{"DP":"XHEKPON CREMA 40 ML","DD":"VECTEM","FRF":76,"FRP":76,"MRF":8,"MRP":3,"MF":30.3,"MFD":-16.15,"MQt":0.96,"MPz":4,"MPzD":-24.49,"MPr":7.41}
,{"DP":"UNIFARCO COSMETICA","DD":"","FRF":75,"FRP":75,"MRF":9,"MRP":10,"MF":23.24,"MFD":84.46,"MQt":0.74,"MPz":2,"MPzD":98.92,"MPr":13.96}
,{"DP":"MARTIDERM PROTEOGLICANOS 30 AMP","DD":"MARTIDERM","FRF":13,"FRP":20,"MRF":10,"MRP":29,"MF":21.98,"MFD":9.39,"MQt":0.7,"MPz":0.573,"MPzD":2.92,"MPr":38.36}
,{"DP":"AVENE CICALFATE CREMA REPARADORA 40 ML","DD":"PIERRE FABRE IBERICA","FRF":55,"FRP":56,"MRF":11,"MRP":11,"MF":19.91,"MFD":8.28,"MQt":0.63,"MPz":2,"MPzD":10.45,"MPr":10.65}
,{"DP":"KELUAL EMULSION 50 ML","DD":"PIERRE FABRE IBERICA","FRF":49,"FRP":50,"MRF":12,"MRP":16,"MF":19.21,"MFD":-5.86,"MQt":0.61,"MPz":1,"MPzD":-35.09,"MPr":13.21}
,{"DP":"PARABOTICA COSMETICA","DD":"","FRF":72,"FRP":72,"MRF":13,"MRP":12,"MF":18.03,"MFD":3.21,"MQt":0.57,"MPz":2,"MPzD":28.03,"MPr":11.95}
,{"DP":"COSMETICA FACIAL TRATAM VARIOS","DD":"","FRF":64,"FRP":64,"MRF":14,"MRP":17,"MF":14.8,"MFD":-46.97,"MQt":0.47,"MPz":1,"MPzD":-62.7,"MPr":11.5}
,{"DP":"MARTIDERM PROTEOGLICANOS FPS 30 AMP 2 ML","DD":"MARTIDERM","FRF":14,"FRP":21,"MRF":15,"MRP":33,"MF":14.57,"MFD":-15.91,"MQt":0.46,"MPz":0.405,"MPzD":-14.86,"MPr":35.93}
,{"DP":"SEBIUM GLOBAL 30 ML","DD":"BIODERMA-NAOS SKIN CARE","FRF":24,"FRP":15,"MRF":16,"MRP":22,"MF":14.21,"MFD":22.81,"MQt":0.45,"MPz":0.897,"MPzD":20.25,"MPr":15.84}
,{"DP":"EUCERIN AQUAPHOR POMADA REPARADORA 40 G","DD":"BDF BEIERSDORF","FRF":57,"FRP":58,"MRF":17,"MRP":18,"MF":13.94,"MFD":3.87,"MQt":0.44,"MPz":1,"MPzD":-26.29,"MPr":9.88}
,{"DP":"SANCHIS COSMETICA","DD":"","FRF":73,"FRP":73,"MRF":18,"MRP":19,"MF":13.68,"MFD":-5.11,"MQt":0.43,"MPz":1,"MPzD":10.78,"MPr":13.11}
,{"DP":"ACTIVE C EMULSION P SECA 30 ML","DD":"LA ROCHE POSAY","FRF":9,"FRP":18,"MRF":19,"MRP":34,"MF":13.33,"MFD":68.44,"MQt":0.42,"MPz":0.319,"MPzD":68.61,"MPr":41.79}
,{"DP":"REPAVAR REGENERADORA ACEITE 15 ML","DD":"FERRER INTERNACIONAL","FRF":54,"FRP":55,"MRF":20,"MRP":20,"MF":11.62,"MFD":3.04,"MQt":0.37,"MPz":1,"MPzD":-1.07,"MPr":11.62}
,{"DP":"NEORETIN DISCROM CONTROL SERUM BOOSTER FLUID 30 ML","DD":"CANTABRIA LABS","FRF":3,"FRP":4,"MRF":21,"MRP":35,"MF":10.9,"MFD":37.25,"MQt":0.35,"MPz":0.308,"MPzD":35.67,"MPr":35.37}
,{"DP":"EFFACLAR GEL LIMPIADOR PURIFICANTE 400 ML","DD":"LA ROCHE POSAY","FRF":43,"FRP":44,"MRF":22,"MRP":30,"MF":9.14,"MFD":-15.31,"MQt":0.29,"MPz":0.492,"MPzD":-15.72,"MPr":18.57}
,{"DP":"AVENE HYDRANCE LIGERA UV SPF 20 40 ML","DD":"PIERRE FABRE IBERICA","FRF":10,"FRP":10,"MRF":23,"MRP":32,"MF":8.92,"MFD":-27.52,"MQt":0.28,"MPz":0.422,"MPzD":-32.11,"MPr":21.16}
,{"DP":"HOM HEEL DERMAVEEL 30ML CREMA","DD":"HEEL ESPAÑA","FRF":6,"FRP":3,"MRF":24,"MRP":23,"MF":8.47,"MFD":-9.4,"MQt":0.27,"MPz":0.843,"MPzD":-7.72,"MPr":10.04}
,{"DP":"GERMINAL ACCION INMEDIATA 1,5 ML 5 AMP","DD":"ALTER FARMACIA","FRF":48,"FRP":49,"MRF":25,"MRP":28,"MF":8.39,"MFD":-22.66,"MQt":0.27,"MPz":0.595,"MPzD":-20.81,"MPr":14.11}]
,"datiDettRefC":[
{"DP":"CAUDALIE FACIAL","DD":"CAUDALIE","FRF":2,"FRP":2,"CRF":1,"CRP":3,"CF":179.93,"CFD":21.18,"CQt":12.81,"CPz":6,"CPzD":32,"CPr":32.66}
,{"DP":"DARPHIN FACIAL","DD":"DARPHIN","FRF":65,"FRP":65,"CRF":2,"CRP":13,"CF":49.52,"CFD":-24.11,"CQt":3.53,"CPz":0.873,"CPzD":-7.66,"CPr":56.74}
,{"DP":"NUXE FACIAL","DD":"NUXE","FRF":71,"FRP":71,"CRF":3,"CRP":4,"CF":46.96,"CFD":-47.68,"CQt":3.34,"CPz":2,"CPzD":-26.17,"CPr":29.02}
,{"DP":"APIVITA FACIAL","DD":"APIVITA","FRF":63,"FRP":63,"CRF":4,"CRP":5,"CF":40.71,"CFD":-49.78,"CQt":2.9,"CPz":2,"CPzD":-43.01,"CPr":19.14}
,{"DP":"MARTIDERM PACK VARIOS","DD":"MARTIDERM","FRF":70,"FRP":70,"CRF":5,"CRP":9,"CF":24.75,"CFD":16.26,"CQt":1.76,"CPz":1,"CPzD":-29.49,"CPr":20.63}
,{"DP":"LIERAC FACIAL","DD":"LIERAC","FRF":1,"FRP":1,"CRF":6,"CRP":17,"CF":23.35,"CFD":-67.31,"CQt":1.66,"CPz":0.636,"CPzD":-41.7,"CPr":36.69}
,{"DP":"PARABOTICA COSMETICA","DD":"","FRF":72,"FRP":72,"CRF":7,"CRP":6,"CF":22.37,"CFD":-7.89,"CQt":1.59,"CPz":2,"CPzD":-6.78,"CPr":10.79}
,{"DP":"FARLINE AMPOLLAS DE COLAGENO 2 ML 2 AMP","DD":"COFARES","FRF":66,"FRP":66,"CRF":8,"CRP":2,"CF":21.44,"CFD":999,"CQt":1.53,"CPz":7,"CPzD":999,"CPr":2.9}
,{"DP":"COSMETICA FACIAL TRATAM VARIOS","DD":"","FRF":64,"FRP":64,"CRF":9,"CRP":10,"CF":13.83,"CFD":-60.55,"CQt":0.98,"CPz":1,"CPzD":-55.65,"CPr":10.14}
,{"DP":"XHEKPON CREMA 40 ML","DD":"VECTEM","FRF":76,"FRP":76,"CRF":10,"CRP":7,"CF":13.61,"CFD":40.36,"CQt":0.97,"CPz":2,"CPzD":48.65,"CPr":7.96}
,{"DP":"AVENE CICALFATE CREMA REPARADORA 40 ML","DD":"PIERRE FABRE IBERICA","FRF":55,"FRP":56,"CRF":11,"CRP":11,"CF":12.03,"CFD":21.07,"CQt":0.86,"CPz":1,"CPzD":7.84,"CPr":10.5}
,{"DP":"KELUAL EMULSION 50 ML","DD":"PIERRE FABRE IBERICA","FRF":49,"FRP":50,"CRF":12,"CRP":15,"CF":11.2,"CFD":23.03,"CQt":0.8,"CPz":0.818,"CPzD":21.59,"CPr":13.69}
,{"DP":"FILORGA FACIAL","DD":"","FRF":67,"FRP":67,"CRF":13,"CRP":26,"CF":7.71,"CFD":-70.36,"CQt":0.55,"CPz":0.236,"CPzD":-58.13,"CPr":32.6}
,{"DP":"MARTIDERM PROTEOGLICANOS 30 AMP","DD":"MARTIDERM","FRF":13,"FRP":20,"CRF":14,"CRP":31,"CF":6.97,"CFD":-1.82,"CQt":0.5,"CPz":0.182,"CPzD":-9,"CPr":38.33}
,{"DP":"TH PHARMA DERMO","DD":"","FRF":74,"FRP":74,"CRF":15,"CRP":12,"CF":6.89,"CFD":18.04,"CQt":0.49,"CPz":1,"CPzD":3.77,"CPr":6.43}
,{"DP":"EUCERIN AQUAPHOR POMADA REPARADORA 40 G","DD":"BDF BEIERSDORF","FRF":57,"FRP":58,"CRF":16,"CRP":16,"CF":6.87,"CFD":57.98,"CQt":0.49,"CPz":0.673,"CPzD":54.23,"CPr":10.21}
,{"DP":"ACTIVE C EMULSION P SECA 30 ML","DD":"LA ROCHE POSAY","FRF":9,"FRP":18,"CRF":17,"CRP":35,"CF":6.75,"CFD":165.72,"CQt":0.48,"CPz":0.145,"CPzD":99.37,"CPr":46.44}
,{"DP":"ROSELIANE CREMA ANTIRROJECES 40 ML","DD":"URIAGE","FRF":33,"FRP":35,"CRF":18,"CRP":23,"CF":6.66,"CFD":65.08,"CQt":0.47,"CPz":0.309,"CPzD":41.62,"CPr":21.55}
,{"DP":"SEBIUM GLOBAL 30 ML","DD":"BIODERMA-NAOS SKIN CARE","FRF":24,"FRP":15,"CRF":19,"CRP":21,"CF":5.51,"CFD":47.73,"CQt":0.39,"CPz":0.345,"CPzD":45.96,"CPr":15.94}
,{"DP":"UNIFARCO COSMETICA","DD":"","FRF":75,"FRP":75,"CRF":20,"CRP":22,"CF":5.45,"CFD":1.57,"CQt":0.39,"CPz":0.345,"CPzD":-17.5,"CPr":15.78}
,{"DP":"AVENE CREMA PIELES INTOLERANTES 50 ML","DD":"PIERRE FABRE IBERICA","FRF":36,"FRP":38,"CRF":21,"CRP":27,"CF":4.81,"CFD":16.38,"CQt":0.34,"CPz":0.236,"CPzD":18,"CPr":20.35}
,{"DP":"MARTIDERM PROTEOGLICANOS FPS 30 AMP 2 ML","DD":"MARTIDERM","FRF":14,"FRP":21,"CRF":22,"CRP":36,"CF":4.49,"CFD":-25.05,"CQt":0.32,"CPz":0.145,"CPzD":-11.39,"CPr":30.87}
,{"DP":"MARTIDERM FLASH AMPOLLAS 1 AMP","DD":"MARTIDERM","FRF":69,"FRP":69,"CRF":23,"CRP":8,"CF":4.37,"CFD":1.83,"CQt":0.31,"CPz":2,"CPzD":34.15,"CPr":2.64}
,{"DP":"ENDOCARE 1 SECOND TRIPLEFLASH AMPOLLAS 2 AMP 1 ML","DD":"CANTABRIA LABS","FRF":58,"FRP":59,"CRF":24,"CRP":19,"CF":3.93,"CFD":-26.3,"CQt":0.28,"CPz":0.418,"CPzD":-30.33,"CPr":9.41}
,{"DP":"TOLERIANE ULTRA CALMANTE DIA INTENSO P ALERGICA 40 ML","DD":"LA ROCHE POSAY","FRF":34,"FRP":36,"CRF":25,"CRP":32,"CF":3.92,"CFD":15.82,"CQt":0.28,"CPz":0.182,"CPzD":11.22,"CPr":21.55}]}