{"datiDettRefF":[
{"DP":"PAÑALES NIÑOS","DD":"","FRF":1,"FRP":1,"FF":83.5,"FFD":213.32,"FQt":39.93,"FPz":7,"FPzD":133.33,"FPr":11.93,"MRF":7,"MRP":7,"CRF":7,"CRP":9}
,{"DP":"NARHINEL CONFORT ASPIRADOR NASAL 1 U +2 RECAMBIOS","DD":"NOVARTIS","FRF":2,"FRP":4,"FF":29.9,"FFD":100,"FQt":14.3,"FPz":2,"FPzD":100,"FPr":14.95,"MRF":5,"MRP":9,"CRF":4,"CRP":7}
,{"DP":"NARHINEL CONFORT ASPIRADOR RECAMBIO 20 BLANDO DESECHABLE","DD":"NOVARTIS","FRF":3,"FRP":3,"FF":26.85,"FFD":-40,"FQt":12.84,"FPz":3,"FPzD":-40,"FPr":8.95,"MRF":1,"MRP":1,"CRF":2,"CRP":2}
,{"DP":"CHUPETES","DD":"","FRF":4,"FRP":2,"FF":17.75,"FFD":-43.11,"FQt":8.49,"FPz":4,"FPzD":33.33,"FPr":4.44,"MRF":6,"MRP":4,"CRF":3,"CRP":3}
,{"DP":"PROTECTOR DE PEZONES 2 U","DD":"MEDELA","FRF":5,"FRP":5,"FF":15.7,"FFD":null,"FQt":7.51,"FPz":1,"FPzD":null,"FPr":15.7,"MRF":18,"MRP":18,"CRF":16,"CRP":17}
,{"DP":"PAÑAL INFANTIL T- 1 2-5 KG 38 U","DD":"PROCTER & GAMBLE ESPAÑA","FRF":6,"FRP":6,"FF":10.75,"FFD":null,"FQt":5.14,"FPz":1,"FPzD":null,"FPr":10.75,"MRF":10,"MRP":13,"CRF":10,"CRP":12}
,{"DP":"PROTEGESENOS 60 U","DD":"SUAVINEX","FRF":7,"FRP":7,"FF":7.95,"FFD":null,"FQt":3.8,"FPz":1,"FPzD":null,"FPr":7.95,"MRF":9,"MRP":12,"CRF":9,"CRP":10}
,{"DP":"PORTACHUPETE 2 U","DD":"SUAVINEX","FRF":8,"FRP":8,"FF":5.95,"FFD":null,"FQt":2.85,"FPz":1,"FPzD":null,"FPr":5.95,"MRF":17,"MRP":17,"CRF":18,"CRP":18}
,{"DP":"SUAVINEX ASPIRADOR NASAL ","DD":"SUAVINEX","FRF":9,"FRP":9,"FF":5.5,"FFD":null,"FQt":2.63,"FPz":1,"FPzD":null,"FPr":5.5,"MRF":15,"MRP":16,"CRF":15,"CRP":15}
,{"DP":"CHUPETE TETINA SILICONA 0-6 M","DD":"SUAVINEX","FRF":10,"FRP":10,"FF":5.25,"FFD":null,"FQt":2.51,"FPz":1,"FPzD":null,"FPr":5.25,"MRF":13,"MRP":14,"CRF":11,"CRP":11}
,{"DP":"BIBERONES","DD":"","FRF":11,"FRP":11,"FF":0,"FFD":null,"FQt":0,"FPz":0,"FPzD":null,"FPr":null,"MRF":4,"MRP":6,"CRF":1,"CRP":4}
,{"DP":"CEPILLO LIMPIABIBERON DUO","DD":"SUAVINEX","FRF":12,"FRP":18,"FF":0,"FFD":null,"FQt":0,"FPz":-1,"FPzD":null,"FPr":0,"MRF":14,"MRP":15,"CRF":12,"CRP":13}
,{"DP":"DETERGENTE TETINAS Y BIBERON 500 ML","DD":"ROCHE DIAGNOSTICS","FRF":13,"FRP":12,"FF":0,"FFD":null,"FQt":0,"FPz":0,"FPzD":null,"FPr":null,"MRF":11,"MRP":11,"CRF":14,"CRP":14}
,{"DP":"DODOT AZUL TOALLITAS HUMEDAS PARA BEBES 72 U","DD":"PROCTER & GAMBLE ESPAÑA","FRF":14,"FRP":13,"FF":0,"FFD":null,"FQt":0,"FPz":0,"FPzD":null,"FPr":null,"MRF":12,"MRP":5,"CRF":13,"CRP":8}
,{"DP":"PAÑAL INFANTIL T- 3 (4 - 10 KG) 36 PAÑALES","DD":"INDAS","FRF":15,"FRP":14,"FF":0,"FFD":null,"FQt":0,"FPz":0,"FPzD":null,"FPr":null,"MRF":8,"MRP":10,"CRF":8,"CRP":6}
,{"DP":"PAÑAL INFANTIL T- 4 (9 - 15 KG) 36 PAÑALES","DD":"INDAS","FRF":16,"FRP":15,"FF":0,"FFD":null,"FQt":0,"FPz":0,"FPzD":null,"FPr":null,"MRF":2,"MRP":2,"CRF":6,"CRP":5}
,{"DP":"PAÑAL INFANTIL T- 5 (13 - 18 KG) 30 PAÑALES","DD":"INDAS","FRF":17,"FRP":16,"FF":0,"FFD":null,"FQt":0,"FPz":0,"FPzD":null,"FPr":null,"MRF":3,"MRP":3,"CRF":5,"CRP":1}
,{"DP":"SONAJEROS","DD":"","FRF":18,"FRP":17,"FF":0,"FFD":null,"FQt":0,"FPz":0,"FPzD":null,"FPr":null,"MRF":16,"MRP":8,"CRF":17,"CRP":16}]
,"datiDettRefM":[
{"DP":"NARHINEL CONFORT ASPIRADOR RECAMBIO 20 BLANDO DESECHABLE","DD":"NOVARTIS","FRF":3,"FRP":3,"MRF":1,"MRP":1,"MF":23.68,"MFD":-21.22,"MQt":3.84,"MPz":3,"MPzD":-16.67,"MPr":8.52}
,{"DP":"PAÑAL INFANTIL T- 4 (9 - 15 KG) 36 PAÑALES","DD":"INDAS","FRF":16,"FRP":15,"MRF":2,"MRP":2,"MF":20.03,"MFD":40.09,"MQt":3.24,"MPz":3,"MPzD":32.14,"MPr":6.71}
,{"DP":"PAÑAL INFANTIL T- 5 (13 - 18 KG) 30 PAÑALES","DD":"INDAS","FRF":17,"FRP":16,"MRF":3,"MRP":3,"MF":19.71,"MFD":50.64,"MQt":3.19,"MPz":3,"MPzD":46.44,"MPr":6.81}
,{"DP":"BIBERONES","DD":"","FRF":11,"FRP":11,"MRF":4,"MRP":6,"MF":18.43,"MFD":-44.51,"MQt":2.99,"MPz":2,"MPzD":-36.86,"MPr":9.88}
,{"DP":"NARHINEL CONFORT ASPIRADOR NASAL 1 U +2 RECAMBIOS","DD":"NOVARTIS","FRF":2,"FRP":4,"MRF":5,"MRP":9,"MF":17.69,"MFD":-19.67,"MQt":2.87,"MPz":1,"MPzD":-41.27,"MPr":12.98}
,{"DP":"CHUPETES","DD":"","FRF":4,"FRP":2,"MRF":6,"MRP":4,"MF":17.69,"MFD":-41.26,"MQt":2.87,"MPz":3,"MPzD":-36.93,"MPr":6.27}
,{"DP":"PAÑALES NIÑOS","DD":"","FRF":1,"FRP":1,"MRF":7,"MRP":7,"MF":15.89,"MFD":-54.76,"MQt":2.57,"MPz":2,"MPzD":-46.99,"MPr":10.1}
,{"DP":"PAÑAL INFANTIL T- 3 (4 - 10 KG) 36 PAÑALES","DD":"INDAS","FRF":15,"FRP":14,"MRF":8,"MRP":10,"MF":9.17,"MFD":30.25,"MQt":1.49,"MPz":1,"MPzD":-10.19,"MPr":6.15}
,{"DP":"PROTEGESENOS 60 U","DD":"SUAVINEX","FRF":7,"FRP":7,"MRF":9,"MRP":12,"MF":6.47,"MFD":-23.76,"MQt":1.05,"MPz":0.886,"MPzD":-16.8,"MPr":7.29}
,{"DP":"PAÑAL INFANTIL T- 1 2-5 KG 38 U","DD":"PROCTER & GAMBLE ESPAÑA","FRF":6,"FRP":6,"MRF":10,"MRP":13,"MF":4.71,"MFD":null,"MQt":0.76,"MPz":0.595,"MPzD":null,"MPr":7.92}
,{"DP":"DETERGENTE TETINAS Y BIBERON 500 ML","DD":"ROCHE DIAGNOSTICS","FRF":13,"FRP":12,"MRF":11,"MRP":11,"MF":4.57,"MFD":-39.05,"MQt":0.74,"MPz":1,"MPzD":-44.78,"MPr":3.91}
,{"DP":"DODOT AZUL TOALLITAS HUMEDAS PARA BEBES 72 U","DD":"PROCTER & GAMBLE ESPAÑA","FRF":14,"FRP":13,"MRF":12,"MRP":5,"MF":3.74,"MFD":8.5,"MQt":0.61,"MPz":3,"MPzD":17.34,"MPr":1.21}
,{"DP":"CHUPETE TETINA SILICONA 0-6 M","DD":"SUAVINEX","FRF":10,"FRP":10,"MRF":13,"MRP":14,"MF":2.78,"MFD":22.28,"MQt":0.45,"MPz":0.568,"MPzD":18.07,"MPr":4.89}
,{"DP":"CEPILLO LIMPIABIBERON DUO","DD":"SUAVINEX","FRF":12,"FRP":18,"MRF":14,"MRP":15,"MF":1.84,"MFD":6.03,"MQt":0.3,"MPz":0.286,"MPzD":-0.17,"MPr":6.44}
,{"DP":"SUAVINEX ASPIRADOR NASAL ","DD":"SUAVINEX","FRF":9,"FRP":9,"MRF":15,"MRP":16,"MF":1.41,"MFD":-1.66,"MQt":0.23,"MPz":0.27,"MPzD":-2.06,"MPr":5.22}
,{"DP":"SONAJEROS","DD":"","FRF":18,"FRP":17,"MRF":16,"MRP":8,"MF":0.67,"MFD":-36.84,"MQt":0.11,"MPz":2,"MPzD":-4.39,"MPr":0.32}
,{"DP":"PORTACHUPETE 2 U","DD":"SUAVINEX","FRF":8,"FRP":8,"MRF":17,"MRP":17,"MF":0.58,"MFD":-27.53,"MQt":0.09,"MPz":0.108,"MPzD":-26,"MPr":5.32}
,{"DP":"PROTECTOR DE PEZONES 2 U","DD":"MEDELA","FRF":5,"FRP":5,"MRF":18,"MRP":18,"MF":0.52,"MFD":113.24,"MQt":0.08,"MPz":0.038,"MPzD":134.33,"MPr":13.69}]
,"datiDettRefC":[
{"DP":"BIBERONES","DD":"","FRF":11,"FRP":11,"CRF":1,"CRP":4,"CF":9.18,"CFD":-13.14,"CQt":3.95,"CPz":0.891,"CPzD":-15.51,"CPr":10.31}
,{"DP":"NARHINEL CONFORT ASPIRADOR RECAMBIO 20 BLANDO DESECHABLE","DD":"NOVARTIS","FRF":3,"FRP":3,"CRF":2,"CRP":2,"CF":8.95,"CFD":-10.35,"CQt":3.85,"CPz":0.982,"CPzD":-18.17,"CPr":9.12}
,{"DP":"CHUPETES","DD":"","FRF":4,"FRP":2,"CRF":3,"CRP":3,"CF":7.51,"CFD":-27.31,"CQt":3.23,"CPz":0.945,"CPzD":-45.29,"CPr":7.95}
,{"DP":"NARHINEL CONFORT ASPIRADOR NASAL 1 U +2 RECAMBIOS","DD":"NOVARTIS","FRF":2,"FRP":4,"CRF":4,"CRP":7,"CF":7.32,"CFD":-10.24,"CQt":3.15,"CPz":0.545,"CPzD":-11.84,"CPr":13.43}
,{"DP":"PAÑAL INFANTIL T- 5 (13 - 18 KG) 30 PAÑALES","DD":"INDAS","FRF":17,"FRP":16,"CRF":5,"CRP":1,"CF":6.21,"CFD":76.59,"CQt":2.67,"CPz":1,"CPzD":89.66,"CPr":5.89}
,{"DP":"PAÑAL INFANTIL T- 4 (9 - 15 KG) 36 PAÑALES","DD":"INDAS","FRF":16,"FRP":15,"CRF":6,"CRP":5,"CF":4.48,"CFD":-37.32,"CQt":1.93,"CPz":0.782,"CPzD":-28.32,"CPr":5.73}
,{"DP":"PAÑALES NIÑOS","DD":"","FRF":1,"FRP":1,"CRF":7,"CRP":9,"CF":4.42,"CFD":-38.15,"CQt":1.9,"CPz":0.418,"CPzD":-51.09,"CPr":10.57}
,{"DP":"PAÑAL INFANTIL T- 3 (4 - 10 KG) 36 PAÑALES","DD":"INDAS","FRF":15,"FRP":14,"CRF":8,"CRP":6,"CF":4.23,"CFD":49.55,"CQt":1.82,"CPz":0.636,"CPzD":59,"CPr":6.64}
,{"DP":"PROTEGESENOS 60 U","DD":"SUAVINEX","FRF":7,"FRP":7,"CRF":9,"CRP":10,"CF":2.93,"CFD":-37.83,"CQt":1.26,"CPz":0.382,"CPzD":-34.34,"CPr":7.69}
,{"DP":"PAÑAL INFANTIL T- 1 2-5 KG 38 U","DD":"PROCTER & GAMBLE ESPAÑA","FRF":6,"FRP":6,"CRF":10,"CRP":12,"CF":1.68,"CFD":null,"CQt":0.72,"CPz":0.182,"CPzD":null,"CPr":9.24}
,{"DP":"CHUPETE TETINA SILICONA 0-6 M","DD":"SUAVINEX","FRF":10,"FRP":10,"CRF":11,"CRP":11,"CF":1.33,"CFD":3.68,"CQt":0.57,"CPz":0.273,"CPzD":-6.16,"CPr":4.88}
,{"DP":"CEPILLO LIMPIABIBERON DUO","DD":"SUAVINEX","FRF":12,"FRP":18,"CRF":12,"CRP":13,"CF":1.07,"CFD":-16.19,"CQt":0.46,"CPz":0.182,"CPzD":-16.58,"CPr":5.87}
,{"DP":"DODOT AZUL TOALLITAS HUMEDAS PARA BEBES 72 U","DD":"PROCTER & GAMBLE ESPAÑA","FRF":14,"FRP":13,"CRF":13,"CRP":8,"CF":0.79,"CFD":-49.56,"CQt":0.34,"CPz":0.509,"CPzD":-50.89,"CPr":1.55}
,{"DP":"DETERGENTE TETINAS Y BIBERON 500 ML","DD":"ROCHE DIAGNOSTICS","FRF":13,"FRP":12,"CRF":14,"CRP":14,"CF":0.55,"CFD":-71.49,"CQt":0.24,"CPz":0.109,"CPzD":-72.75,"CPr":5.04}
,{"DP":"SUAVINEX ASPIRADOR NASAL ","DD":"SUAVINEX","FRF":9,"FRP":9,"CRF":15,"CRP":15,"CF":0.45,"CFD":-18.96,"CQt":0.2,"CPz":0.091,"CPzD":-16.58,"CPr":5}
,{"DP":"PROTECTOR DE PEZONES 2 U","DD":"MEDELA","FRF":5,"FRP":5,"CRF":16,"CRP":17,"CF":0.23,"CFD":-16.39,"CQt":0.1,"CPz":0.018,"CPzD":-1,"CPr":12.5}
,{"DP":"SONAJEROS","DD":"","FRF":18,"FRP":17,"CRF":17,"CRP":16,"CF":0.2,"CFD":-76.68,"CQt":0.09,"CPz":0.036,"CPzD":-50.5,"CPr":5.5}
,{"DP":"PORTACHUPETE 2 U","DD":"SUAVINEX","FRF":8,"FRP":8,"CRF":18,"CRP":18,"CF":0.09,"CFD":-70.24,"CQt":0.04,"CPz":0.018,"CPzD":-67,"CPr":5}]}