{"datiDettRefF":[
{"DP":"SAUCO VIT C AN JARABE 120 G","DD":"APOTECA NATURA","FRF":1,"FRP":1,"FF":598.56,"FFD":null,"FQt":3.91,"FPz":48,"FPzD":null,"FPr":12.47,"MRF":55,"MRP":62,"CRF":31,"CRP":41}
,{"DP":"NICOTINELL MINT 2 MG 96 COMPRIMIDOS PARA CHUPAR","DD":"NOVARTIS","FRF":2,"FRP":28,"FF":339.12,"FFD":307.99,"FQt":2.21,"FPz":8,"FPzD":300,"FPr":42.39,"MRF":428,"MRP":479,"CRF":450,"CRP":475}
,{"DP":"LACTIBIANE ATB 14 CAPS","DD":"PILEJE SLU","FRF":3,"FRP":5,"FF":320.85,"FFD":45.84,"FQt":2.09,"FPz":23,"FPzD":43.75,"FPr":13.95,"MRF":183,"MRP":250,"CRF":262,"CRP":312}
,{"DP":"GELOCATIL GRIPE FENILEFRINA 10 SOBRES","DD":"NOVAG","FRF":4,"FRP":3,"FF":265.06,"FFD":36.47,"FQt":1.73,"FPz":28,"FPzD":27.27,"FPr":9.47,"MRF":43,"MRP":48,"CRF":77,"CRP":86}
,{"DP":"NEOBIANACID ACIDEZ Y REFLUJO 45 COMP MASTICABLES","DD":"ABOCA SpA SOCIETA' AGRICOLA","FRF":5,"FRP":10,"FF":244.8,"FFD":52.24,"FQt":1.6,"FPz":18,"FPzD":50,"FPr":13.6,"MRF":14,"MRP":32,"CRF":13,"CRP":25}
,{"DP":"HUPAVIR 20 SOBRES","DD":"NTD LABS","FRF":6,"FRP":43,"FF":227.7,"FFD":null,"FQt":1.49,"FPz":6,"FPzD":null,"FPr":37.95,"MRF":349,"MRP":441,"CRF":357,"CRP":421}
,{"DP":"FRENADOL COMPLEX 10 SOBRES","DD":"JOHNSON & JOHNSON","FRF":7,"FRP":7,"FF":209,"FFD":121.16,"FQt":1.36,"FPz":20,"FPzD":100,"FPr":10.45,"MRF":1,"MRP":1,"CRF":1,"CRP":1}
,{"DP":"OLEOCAPS 1 30 CAPS","DD":"PRANAROM","FRF":8,"FRP":6,"FF":207.55,"FFD":-16.56,"FQt":1.35,"FPz":22,"FPzD":-12,"FPr":9.43,"MRF":189,"MRP":176,"CRF":292,"CRP":301}
,{"DP":"ESPIDIDOL 400 MG 12 COMPRIMIDOS RECUBIERTOS","DD":"ZAMBON","FRF":9,"FRP":2,"FF":207.09,"FFD":11.43,"FQt":1.35,"FPz":39,"FPzD":11.43,"FPr":5.31,"MRF":9,"MRP":3,"CRF":16,"CRP":7}
,{"DP":"FLUIMUCIL FORTE 600 MG 20 COMPRIMIDOS EFERVESCENTES","DD":"ZAMBON","FRF":10,"FRP":4,"FF":194.04,"FFD":-16.93,"FQt":1.27,"FPz":28,"FPzD":-17.65,"FPr":6.93,"MRF":2,"MRP":2,"CRF":3,"CRP":2}
,{"DP":"RECONNECT 30 COMP","DD":"VITAE N NUTRITION","FRF":11,"FRP":44,"FF":185.1,"FFD":-40,"FQt":1.21,"FPz":6,"FPzD":-40,"FPr":30.85,"MRF":348,"MRP":429,"CRF":392,"CRP":430}
,{"DP":"XLS MEDICAL FORTE X5 180 CAPS","DD":"PERRIGO ESPAÑA S.A.","FRF":12,"FRP":126,"FF":179.9,"FFD":null,"FQt":1.17,"FPz":2,"FPzD":null,"FPr":89.95,"MRF":185,"MRP":433,"CRF":301,"CRP":437}
,{"DP":"LACTIBIANE TOLERANCE PILEJE 2.5 G 30 CAPS","DD":"PILEJE SLU","FRF":13,"FRP":45,"FF":179.7,"FFD":20.4,"FQt":1.17,"FPz":6,"FPzD":20,"FPr":29.95,"MRF":167,"MRP":355,"CRF":161,"CRP":341}
,{"DP":"IBEROGAST GOTAS ORALES SOLUCION 50 ML","DD":"BAYER HISPANIA S.L.","FRF":14,"FRP":29,"FF":159.6,"FFD":-27.27,"FQt":1.04,"FPz":8,"FPzD":-27.27,"FPr":19.95,"MRF":147,"MRP":242,"CRF":195,"CRP":319}
,{"DP":"IMMUNOMIX PLUS 50 CAPSULAS","DD":"ABOCA SpA SOCIETA' AGRICOLA","FRF":15,"FRP":22,"FF":151.2,"FFD":-20,"FQt":0.99,"FPz":9,"FPzD":-10,"FPr":16.8,"MRF":68,"MRP":107,"CRF":64,"CRP":130}
,{"DP":"PHYTOPHANERE CAPS","DD":"LIERAC","FRF":16,"FRP":73,"FF":147,"FFD":-48.1,"FQt":0.96,"FPz":4,"FPzD":-33.33,"FPr":36.75,"MRF":52,"MRP":234,"CRF":107,"CRP":349}
,{"DP":"OLIOVITA 120 CAPS 500 MG","DD":"VITAE N NUTRITION","FRF":17,"FRP":86,"FF":146.85,"FFD":200,"FQt":0.96,"FPz":3,"FPzD":200,"FPr":48.95,"MRF":317,"MRP":446,"CRF":411,"CRP":454}
,{"DP":"NICORETTE ICE MINT 2 MG 105 CHICLES","DD":"JOHNSON & JOHNSON","FRF":18,"FRP":74,"FF":143.8,"FFD":100,"FQt":0.94,"FPz":4,"FPzD":100,"FPr":35.95,"MRF":228,"MRP":401,"CRF":432,"CRP":457}
,{"DP":"BRONCOLSAN JARABE 200 G","DD":"PLANTA MEDICA Srl","FRF":19,"FRP":12,"FF":142.35,"FFD":-43.3,"FQt":0.93,"FPz":14,"FPzD":-39.13,"FPr":10.17,"MRF":17,"MRP":25,"CRF":9,"CRP":11}
,{"DP":"NIQUITIN 1.5 MG 60 COMPRIMIDOS PARA CHUPAR MENTA","DD":"GLAXO SMITHKLINE","FRF":20,"FRP":46,"FF":140.46,"FFD":null,"FQt":0.92,"FPz":6,"FPzD":null,"FPr":23.41,"MRF":350,"MRP":412,"CRF":352,"CRP":406}
,{"DP":"VOLTADOL FORTE 20 MGG GEL TOPICO 50 G","DD":"NOVARTIS","FRF":21,"FRP":13,"FF":139.86,"FFD":191.68,"FQt":0.91,"FPz":14,"FPzD":180,"FPr":9.99,"MRF":7,"MRP":7,"CRF":5,"CRP":5}
,{"DP":"FISIOGEN FERRO FORTE CAPS 30 CAPS","DD":"ZAMBON","FRF":22,"FRP":57,"FF":136.25,"FFD":400,"FQt":0.89,"FPz":5,"FPzD":400,"FPr":27.25,"MRF":50,"MRP":139,"CRF":59,"CRP":129}
,{"DP":"FITOSTILL PLUS GOTAS OCULARES ESTERILES MONODOSIS 0.5 ML 10 AMPOLLAS","DD":"ABOCA SpA SOCIETA' AGRICOLA","FRF":23,"FRP":17,"FF":126.5,"FFD":61.35,"FQt":0.83,"FPz":11,"FPzD":57.14,"FPr":11.5,"MRF":190,"MRP":177,"CRF":239,"CRP":256}
,{"DP":"AQUILEA SUEÑO 1.95 MG 60 COMPRIMIDOS","DD":"URIACH","FRF":24,"FRP":47,"FF":125.7,"FFD":530.08,"FQt":0.82,"FPz":6,"FPzD":500,"FPr":20.95,"MRF":78,"MRP":142,"CRF":135,"CRP":226}
,{"DP":"MELATONIN PURA 60 TABLETAS","DD":"TREPAT-DIET","FRF":25,"FRP":30,"FF":119.92,"FFD":185.73,"FQt":0.78,"FPz":8,"FPzD":166.67,"FPr":14.99,"MRF":333,"MRP":377,"CRF":369,"CRP":390}]
,"datiDettRefM":[
{"DP":"FRENADOL COMPLEX 10 SOBRES","DD":"JOHNSON & JOHNSON","FRF":7,"FRP":7,"MRF":1,"MRP":1,"MF":482.65,"MFD":-8.4,"MQt":2.66,"MPz":46,"MPzD":-17.73,"MPr":10.43}
,{"DP":"FLUIMUCIL FORTE 600 MG 20 COMPRIMIDOS EFERVESCENTES","DD":"ZAMBON","FRF":10,"FRP":4,"MRF":2,"MRP":2,"MF":299.27,"MFD":-3.36,"MQt":1.65,"MPz":43,"MPzD":-5.71,"MPr":6.92}
,{"DP":"CUIDADO DE LA TOS - 180 G","DD":"APOTECA NATURA","FRF":35,"FRP":32,"MRF":3,"MRP":5,"MF":294.2,"MFD":16.51,"MQt":1.62,"MPz":24,"MPzD":13.96,"MPr":12.16}
,{"DP":"GRINTUSS JARABE CON POLIRESIN ADULTOS 180 ML","DD":"ABOCA SpA SOCIETA' AGRICOLA","FRF":42,"FRP":40,"MRF":4,"MRP":6,"MF":242.18,"MFD":-11.24,"MQt":1.34,"MPz":21,"MPzD":-10.67,"MPr":11.8}
,{"DP":"GRINTUSS PEDIATRIC POLIRESIN - JARABE 180 G ","DD":"ABOCA SpA SOCIETA' AGRICOLA","FRF":63,"FRP":61,"MRF":5,"MRP":9,"MF":234.68,"MFD":-8.99,"MQt":1.29,"MPz":20,"MPzD":-9.09,"MPr":11.89}
,{"DP":"FLUTOX 3.54 MGML JARABE 200 ML","DD":"ZAMBON","FRF":96,"FRP":69,"MRF":6,"MRP":4,"MF":226.25,"MFD":-2.43,"MQt":1.25,"MPz":26,"MPzD":-5.15,"MPr":8.82}
,{"DP":"VOLTADOL FORTE 20 MGG GEL TOPICO 50 G","DD":"NOVARTIS","FRF":21,"FRP":13,"MRF":7,"MRP":7,"MF":209.35,"MFD":-12.18,"MQt":1.15,"MPz":21,"MPzD":-15.98,"MPr":9.97}
,{"DP":"FRENADOL DESCONGESTIVO 16 CAPSULAS","DD":"JOHNSON & JOHNSON","FRF":129,"FRP":102,"MRF":8,"MRP":11,"MF":203.03,"MFD":-5.81,"MQt":1.12,"MPz":19,"MPzD":-16.94,"MPr":10.42}
,{"DP":"ESPIDIDOL 400 MG 12 COMPRIMIDOS RECUBIERTOS","DD":"ZAMBON","FRF":9,"FRP":2,"MRF":9,"MRP":3,"MF":187.14,"MFD":226.13,"MQt":1.03,"MPz":35,"MPzD":223.27,"MPr":5.31}
,{"DP":"ALMAX FORTE 1.5 G 24 SOBRES SUSPENSION ORAL","DD":"ALMIRALL S.A.","FRF":40,"FRP":20,"MRF":10,"MRP":12,"MF":174.55,"MFD":8.44,"MQt":0.96,"MPz":18,"MPzD":-2.15,"MPr":9.45}
,{"DP":"FLORA INTESTINAL SOBRES BUCODISPERSABLES 1 GRAMO 10 SOBRES","DD":"APOTECA NATURA","FRF":528,"FRP":528,"MRF":11,"MRP":20,"MF":148.62,"MFD":-6.28,"MQt":0.82,"MPz":11,"MPzD":-9.88,"MPr":13.26}
,{"DP":"ALMAX 500 MG 48 COMPRIMIDOS MASTICABLES","DD":"ALMIRALL S.A.","FRF":44,"FRP":25,"MRF":12,"MRP":13,"MF":135.19,"MFD":7.69,"MQt":0.75,"MPz":14,"MPzD":-2.56,"MPr":9.45}
,{"DP":"DORMIDINA 25 MG 14 COMPRIMIDOS","DD":"ESTEVE","FRF":31,"FRP":14,"MRF":13,"MRP":14,"MF":116.7,"MFD":1.68,"MQt":0.64,"MPz":14,"MPzD":-3,"MPr":8.08}
,{"DP":"NEOBIANACID ACIDEZ Y REFLUJO 45 COMP MASTICABLES","DD":"ABOCA SpA SOCIETA' AGRICOLA","FRF":5,"FRP":10,"MRF":14,"MRP":32,"MF":115.04,"MFD":13.27,"MQt":0.63,"MPz":9,"MPzD":12.2,"MPr":13.06}
,{"DP":"RESPIBIEN 0.5 MGML NEBULIZADOR NASAL 15 ML","DD":"CINFA","FRF":149,"FRP":71,"MRF":15,"MRP":10,"MF":113.7,"MFD":-6.87,"MQt":0.63,"MPz":20,"MPzD":-10.86,"MPr":5.64}
,{"DP":"LIZIPAINA 20 COMPRIMIDOS PARA CHUPAR","DD":"BOEHRINGER INGELHEIM, S.A.","FRF":430,"FRP":433,"MRF":16,"MRP":15,"MF":109.14,"MFD":-14.72,"MQt":0.6,"MPz":14,"MPzD":-15.3,"MPr":7.97}
,{"DP":"BRONCOLSAN JARABE 200 G","DD":"PLANTA MEDICA Srl","FRF":19,"FRP":12,"MRF":17,"MRP":25,"MF":108.43,"MFD":2.68,"MQt":0.6,"MPz":10,"MPzD":0.6,"MPr":10.81}
,{"DP":"CUIDADO E HIGIENE DE LA NARIZ","DD":"APOTECA NATURA","FRF":112,"FRP":98,"MRF":18,"MRP":36,"MF":99.76,"MFD":-5.07,"MQt":0.55,"MPz":8,"MPzD":-5.97,"MPr":12.34}
,{"DP":"PRANAROM ACEITES Y DIFUSION","DD":"PRANAROM","FRF":41,"FRP":39,"MRF":19,"MRP":26,"MF":96.69,"MFD":-23.71,"MQt":0.53,"MPz":10,"MPzD":-24.77,"MPr":9.98}
,{"DP":"VAPORUB POMADA 50 G","DD":"VICKS","FRF":460,"FRP":463,"MRF":20,"MRP":17,"MF":95.28,"MFD":-23.01,"MQt":0.53,"MPz":13,"MPzD":-26.72,"MPr":7.5}
,{"DP":"STREPSILS 24 PASTILLAS PARA CHUPAR MIEL-LIMON","DD":"RECKITT BENCKISER HEALTHCARE  S A","FRF":86,"FRP":54,"MRF":21,"MRP":21,"MF":92.2,"MFD":-10.07,"MQt":0.51,"MPz":11,"MPzD":-13.66,"MPr":8.18}
,{"DP":"FORTASEC 2 MG 20 CAPSULAS","DD":"JOHNSON & JOHNSON","FRF":419,"FRP":422,"MRF":22,"MRP":27,"MF":90.57,"MFD":999,"MQt":0.5,"MPz":10,"MPzD":999,"MPr":8.94}
,{"DP":"PROPALGINA PLUS 10 SOBRES","DD":"BAYER HISPANIA S.L.","FRF":230,"FRP":179,"MRF":23,"MRP":28,"MF":88.5,"MFD":9.63,"MQt":0.49,"MPz":10,"MPzD":-3.6,"MPr":8.7}
,{"DP":"COULDINA 20 COMPRIMIDOS EFERVESCENTES","DD":"ALTER FARMACIA","FRF":126,"FRP":100,"MRF":24,"MRP":37,"MF":87.44,"MFD":-13.26,"MQt":0.48,"MPz":8,"MPzD":-21.61,"MPr":10.49}
,{"DP":"FRENADOL FORTE 10 SOBRES","DD":"JOHNSON & JOHNSON","FRF":303,"FRP":306,"MRF":25,"MRP":38,"MF":85.4,"MFD":-12.01,"MQt":0.47,"MPz":8,"MPzD":-22.27,"MPr":10.43}]
,"datiDettRefC":[
{"DP":"FRENADOL COMPLEX 10 SOBRES","DD":"JOHNSON & JOHNSON","FRF":7,"FRP":7,"CRF":1,"CRP":1,"CF":270.09,"CFD":3.23,"CQt":2.82,"CPz":26,"CPzD":-6.23,"CPr":10.4}
,{"DP":"CUIDADO DE LA TOS - 180 G","DD":"APOTECA NATURA","FRF":35,"FRP":32,"CRF":2,"CRP":3,"CF":212.84,"CFD":9.25,"CQt":2.22,"CPz":17,"CPzD":5.89,"CPr":12.25}
,{"DP":"FLUIMUCIL FORTE 600 MG 20 COMPRIMIDOS EFERVESCENTES","DD":"ZAMBON","FRF":10,"FRP":4,"CRF":3,"CRP":2,"CF":168.83,"CFD":4,"CQt":1.76,"CPz":24,"CPzD":0.84,"CPr":6.91}
,{"DP":"GRINTUSS JARABE CON POLIRESIN ADULTOS 180 ML","DD":"ABOCA SpA SOCIETA' AGRICOLA","FRF":42,"FRP":40,"CRF":4,"CRP":4,"CF":159.27,"CFD":-14.73,"CQt":1.66,"CPz":14,"CPzD":-12.2,"CPr":11.71}
,{"DP":"VOLTADOL FORTE 20 MGG GEL TOPICO 50 G","DD":"NOVARTIS","FRF":21,"FRP":13,"CRF":5,"CRP":5,"CF":131.83,"CFD":-9.12,"CQt":1.38,"CPz":13,"CPzD":-14.58,"CPr":9.96}
,{"DP":"GRINTUSS PEDIATRIC POLIRESIN - JARABE 180 G ","DD":"ABOCA SpA SOCIETA' AGRICOLA","FRF":63,"FRP":61,"CRF":6,"CRP":8,"CF":125.67,"CFD":-13.85,"CQt":1.31,"CPz":11,"CPzD":-10.5,"CPr":11.9}
,{"DP":"FLUTOX 3.54 MGML JARABE 200 ML","DD":"ZAMBON","FRF":96,"FRP":69,"CRF":7,"CRP":6,"CF":116.34,"CFD":10.58,"CQt":1.22,"CPz":13,"CPzD":4.84,"CPr":8.83}
,{"DP":"FRENADOL DESCONGESTIVO 16 CAPSULAS","DD":"JOHNSON & JOHNSON","FRF":129,"FRP":102,"CRF":8,"CRP":10,"CF":100.41,"CFD":-1.24,"CQt":1.05,"CPz":10,"CPzD":-7.25,"CPr":10.38}
,{"DP":"BRONCOLSAN JARABE 200 G","DD":"PLANTA MEDICA Srl","FRF":19,"FRP":12,"CRF":9,"CRP":11,"CF":96.1,"CFD":8.1,"CQt":1,"CPz":9,"CPzD":7.61,"CPr":10.92}
,{"DP":"FLORA INTESTINAL SOBRES BUCODISPERSABLES 1 GRAMO 10 SOBRES","DD":"APOTECA NATURA","FRF":528,"FRP":528,"CRF":10,"CRP":15,"CF":89.97,"CFD":-3.27,"CQt":0.94,"CPz":7,"CPzD":0.26,"CPr":13.52}
,{"DP":"ALMAX FORTE 1.5 G 24 SOBRES SUSPENSION ORAL","DD":"ALMIRALL S.A.","FRF":40,"FRP":20,"CRF":11,"CRP":12,"CF":85.28,"CFD":3.37,"CQt":0.89,"CPz":9,"CPzD":-4.62,"CPr":9.44}
,{"DP":"ALMAX 500 MG 48 COMPRIMIDOS MASTICABLES","DD":"ALMIRALL S.A.","FRF":44,"FRP":25,"CRF":12,"CRP":13,"CF":77.8,"CFD":2.51,"CQt":0.81,"CPz":8,"CPzD":-7.95,"CPr":9.43}
,{"DP":"NEOBIANACID ACIDEZ Y REFLUJO 45 COMP MASTICABLES","DD":"ABOCA SpA SOCIETA' AGRICOLA","FRF":5,"FRP":10,"CRF":13,"CRP":25,"CF":75.59,"CFD":10.06,"CQt":0.79,"CPz":6,"CPzD":13.01,"CPr":13.11}
,{"DP":"CUIDADO E HIGIENE DE LA NARIZ","DD":"APOTECA NATURA","FRF":112,"FRP":98,"CRF":14,"CRP":26,"CF":73.02,"CFD":0.75,"CQt":0.76,"CPz":6,"CPzD":2.8,"CPr":12.4}
,{"DP":"RESPIBIEN 0.5 MGML NEBULIZADOR NASAL 15 ML","DD":"CINFA","FRF":149,"FRP":71,"CRF":15,"CRP":9,"CF":64.52,"CFD":-12.71,"CQt":0.67,"CPz":11,"CPzD":-19.01,"CPr":5.64}
,{"DP":"ESPIDIDOL 400 MG 12 COMPRIMIDOS RECUBIERTOS","DD":"ZAMBON","FRF":9,"FRP":2,"CRF":16,"CRP":7,"CF":63.98,"CFD":165.31,"CQt":0.67,"CPz":12,"CPzD":162.95,"CPr":5.31}
,{"DP":"PHARMAGRIP 10 SOBRES","DD":"CINFA","FRF":441,"FRP":444,"CRF":17,"CRP":16,"CF":58.04,"CFD":-17.13,"CQt":0.61,"CPz":7,"CPzD":-16.67,"CPr":8.89}
,{"DP":"GOLAMIR 2ACT 20 COMPRIMIDOS ","DD":"ABOCA SpA SOCIETA' AGRICOLA","FRF":520,"FRP":520,"CRF":18,"CRP":17,"CF":57.77,"CFD":-13.67,"CQt":0.6,"CPz":7,"CPzD":-7.23,"CPr":8.87}
,{"DP":"FORTASEC 2 MG 20 CAPSULAS","DD":"JOHNSON & JOHNSON","FRF":419,"FRP":422,"CRF":19,"CRP":27,"CF":55.46,"CFD":null,"CQt":0.58,"CPz":6,"CPzD":null,"CPr":8.94}
,{"DP":"LIZIPAINA 20 COMPRIMIDOS PARA CHUPAR","DD":"BOEHRINGER INGELHEIM, S.A.","FRF":430,"FRP":433,"CRF":20,"CRP":18,"CF":54.24,"CFD":-13.15,"CQt":0.57,"CPz":7,"CPzD":-13.29,"CPr":7.95}
,{"DP":"VAPORUB POMADA 50 G","DD":"VICKS","FRF":460,"FRP":463,"CRF":21,"CRP":19,"CF":53.58,"CFD":-17.71,"CQt":0.56,"CPz":7,"CPzD":-25.1,"CPr":7.48}
,{"DP":"FITONASAL 2ACT SPRAY 15 ML","DD":"ABOCA SpA SOCIETA' AGRICOLA","FRF":76,"FRP":42,"CRF":22,"CRP":20,"CF":51.53,"CFD":-4.88,"CQt":0.54,"CPz":7,"CPzD":-1.79,"CPr":7.62}
,{"DP":"DORMIDINA 25 MG 14 COMPRIMIDOS","DD":"ESTEVE","FRF":31,"FRP":14,"CRF":23,"CRP":28,"CF":51.02,"CFD":-2.97,"CQt":0.53,"CPz":6,"CPzD":-9.34,"CPr":8.09}
,{"DP":"PRANAROM ACEITES Y DIFUSION","DD":"PRANAROM","FRF":41,"FRP":39,"CRF":24,"CRP":29,"CF":50.63,"CFD":-17.59,"CQt":0.53,"CPz":5,"CPzD":-25.27,"CPr":9.6}
,{"DP":"ILVICO 20 COMPRIMIDOS","DD":"MERCK S L","FRF":113,"FRP":79,"CRF":25,"CRP":30,"CF":49.16,"CFD":45.06,"CQt":0.51,"CPz":5,"CPzD":31.58,"CPr":9.42}]}