{"datiDettRefF":[
{"DP":"SOMATULINA AUTOGEL 120 MG 1 JERINGA PRECARGADA 0.5 ML","DD":"IPSEN PHARMA","FRF":1,"FRP":860,"FF":3544.32,"FFD":50,"FQt":2.36,"FPz":3,"FPzD":50,"FPr":1181.44,"MRF":79,"MRP":4860,"CRF":55,"CRP":4446}
,{"DP":"LIERAC FACIAL","DD":"LIERAC","FRF":2,"FRP":44,"FF":1809.32,"FFD":-27.16,"FQt":1.21,"FPz":32,"FPzD":-31.91,"FPr":56.54,"MRF":89,"MRP":666,"CRF":468,"CRP":2029}
,{"DP":"INSTANYL 200 MCGPULSACION PULVERIZADOR NASAL 10 DOSIS","DD":"TAKEDA FARMACEUTICA ESPAÑA S.A.","FRF":3,"FRP":116,"FF":1461.12,"FFD":null,"FQt":0.97,"FPz":16,"FPzD":null,"FPr":91.32,"MRF":3473,"MRP":5161,"CRF":5286,"CRP":5287}
,{"DP":"RAPAMUNE 2 MG 30 COMPRIMIDOS RECUBIERTOS","DD":"PFIZER","FRF":4,"FRP":653,"FF":1148.6,"FFD":null,"FQt":0.77,"FPz":4,"FPzD":null,"FPr":287.15,"MRF":2032,"MRP":5202,"CRF":762,"CRP":4668}
,{"DP":"CAUDALIE FACIAL","DD":"CAUDALIE","FRF":5,"FRP":45,"FF":1057.72,"FFD":45.99,"FQt":0.71,"FPz":32,"FPzD":23.08,"FPr":33.05,"MRF":21,"MRP":69,"CRF":38,"CRP":157}
,{"DP":"BOCOUTURE 50 U 6 VIALES","DD":"MERZ PHARMA","FRF":6,"FRP":1137,"FF":1043.64,"FFD":100,"FQt":0.7,"FPz":2,"FPzD":100,"FPr":521.82,"MRF":564,"MRP":5041,"CRF":475,"CRP":4718}
,{"DP":"SAUCO VIT C AN JARABE 120 G","DD":"APOTECA NATURA","FRF":7,"FRP":11,"FF":859.44,"FFD":null,"FQt":0.57,"FPz":69,"FPzD":null,"FPr":12.46,"MRF":377,"MRP":399,"CRF":292,"CRP":275}
,{"DP":"RAPAMUNE 1 MG 100 COMPRIMIDOS RECUBIERTOS","DD":"PFIZER","FRF":8,"FRP":1138,"FF":853.8,"FFD":null,"FQt":0.57,"FPz":2,"FPzD":null,"FPr":426.9,"MRF":778,"MRP":5071,"CRF":1176,"CRP":4901}
,{"DP":"FEMARA 2.5 MG 30 COMPRIMIDOS RECUBIERTOS","DD":"NOVARTIS","FRF":9,"FRP":263,"FF":828.9,"FFD":125,"FQt":0.55,"FPz":9,"FPzD":125,"FPr":92.1,"MRF":266,"MRP":2997,"CRF":262,"CRP":1996}
,{"DP":"VICTOZA 6 MGML 2 PLUMAS PRECARGADAS 3 ML","DD":"NOVO NORDISK PHARMA","FRF":10,"FRP":413,"FF":782.22,"FFD":183.08,"FQt":0.52,"FPz":6,"FPzD":200,"FPr":130.37,"MRF":14,"MRP":543,"CRF":15,"CRP":486}
,{"DP":"CIALIS 20 MG 8 COMPRIMIDOS","DD":"LILLY","FRF":11,"FRP":525,"FF":737.9,"FFD":null,"FQt":0.49,"FPz":5,"FPzD":null,"FPr":147.58,"MRF":889,"MRP":4779,"CRF":2175,"CRP":4837}
,{"DP":"CIALIS DIARIO 5 MG 28 COMPRIMIDOS","DD":"LILLY","FRF":12,"FRP":414,"FF":737.7,"FFD":54.49,"FQt":0.49,"FPz":6,"FPzD":50,"FPr":122.95,"MRF":501,"MRP":4403,"CRF":693,"CRP":4225}
,{"DP":"LIXIANA 60 MG 28 COMPRIMIDOS RECUBIERTOS","DD":"DAIICHI SANKYO ESPANA","FRF":13,"FRP":310,"FF":650.4,"FFD":166.67,"FQt":0.43,"FPz":8,"FPzD":166.67,"FPr":81.3,"MRF":35,"MRP":656,"CRF":24,"CRP":396}
,{"DP":"FORMULAS MAGISTRALES","DD":"","FRF":14,"FRP":91,"FF":641.71,"FFD":-33.76,"FQt":0.43,"FPz":19,"FPzD":-45.71,"FPr":33.77,"MRF":8,"MRP":34,"CRF":2,"CRP":15}
,{"DP":"DECAPEPTYL TRIMESTRAL 11.25 MG 1 VIAL POLVO + 1 AMPOLLA DISOLV 2 ML","DD":"IPSEN PHARMA","FRF":15,"FRP":1139,"FF":617.32,"FFD":null,"FQt":0.41,"FPz":2,"FPzD":null,"FPr":308.66,"MRF":332,"MRP":4715,"CRF":299,"CRP":4334}
,{"DP":"LACTIBIANE ATB 14 CAPS","DD":"PILEJE SLU","FRF":16,"FRP":25,"FF":613.8,"FFD":-10.47,"FQt":0.41,"FPz":44,"FPzD":-12,"FPr":13.95,"MRF":1043,"MRP":1438,"CRF":1714,"CRP":2268}
,{"DP":"ENVARSUS 4 MG 30 COMP","DD":"","FRF":17,"FRP":654,"FF":574.36,"FFD":null,"FQt":0.38,"FPz":4,"FPzD":null,"FPr":143.59,"MRF":665,"MRP":4632,"CRF":214,"CRP":3373}
,{"DP":"GELOCATIL GRIPE FENILEFRINA 10 SOBRES","DD":"NOVAG","FRF":18,"FRP":16,"FF":568.74,"FFD":143.07,"FQt":0.38,"FPz":60,"FPzD":122.22,"FPr":9.48,"MRF":314,"MRP":274,"CRF":583,"CRP":529}
,{"DP":"SAXENDA 6 MGML 5 PLUMAS PRECARGADAS 3 ML","DD":"NOVO NORDISK PHARMA","FRF":19,"FRP":1140,"FF":566.1,"FFD":null,"FQt":0.38,"FPz":2,"FPzD":null,"FPr":283.05,"MRF":202,"MRP":4485,"CRF":329,"CRP":4335}
,{"DP":"DECAPEPTYL SEMESTRAL 22.5 MG 1 VIAL POLVO + 1 AMPOLLA DISOLVENTE 2 ML","DD":"IPSEN PHARMA","FRF":20,"FRP":1707,"FF":564.38,"FFD":-50,"FQt":0.38,"FPz":1,"FPzD":-50,"FPr":564.38,"MRF":56,"MRP":4415,"CRF":41,"CRP":3648}
,{"DP":"XEPLION 75 MG 1 JERINGA SUSP INYECT LIB PROL 0.75 ML","DD":"JANSSEN-CILAG","FRF":21,"FRP":1141,"FF":560.62,"FFD":-1.63,"FQt":0.37,"FPz":2,"FPzD":0,"FPr":280.31,"MRF":247,"MRP":4561,"CRF":534,"CRP":4525}
,{"DP":"INFLUVIS JARABE 120 G","DD":"PLANTA MEDICA Srl","FRF":22,"FRP":26,"FF":550.4,"FFD":-49.21,"FQt":0.37,"FPz":43,"FPzD":-50,"FPr":12.8,"MRF":659,"MRP":846,"CRF":370,"CRP":408}
,{"DP":"SPIRIVA 18 MCG 30 CAPSULAS + 1 INHALADOR HANDIHALER","DD":"BOEHRINGER INGELHEIM, S.A.","FRF":23,"FRP":149,"FF":549.5,"FFD":-25.33,"FQt":0.37,"FPz":14,"FPzD":-6.67,"FPr":39.25,"MRF":23,"MRP":185,"CRF":28,"CRP":156}
,{"DP":"INSTANYL 200 MCG NEBULIZADOR NASAL 6 UNIDOSIS 0.1 ML","DD":"TAKEDA FARMACEUTICA ESPAÑA S.A.","FRF":24,"FRP":224,"FF":547.9,"FFD":null,"FQt":0.37,"FPz":10,"FPzD":null,"FPr":54.79,"MRF":4514,"MRP":5247,"CRF":5317,"CRP":5318}
,{"DP":"ELIQUIS 2.5 MG 60 COMPRIMIDOS RECUBIERTOS","DD":"BRISTOL MYERS SQUIBB","FRF":25,"FRP":415,"FF":545.16,"FFD":0,"FQt":0.36,"FPz":6,"FPzD":0,"FPr":90.86,"MRF":25,"MRP":654,"CRF":27,"CRP":488}]
,"datiDettRefM":[
{"DP":"VACUNA ALERGIA","DD":"","FRF":5523,"FRP":5522,"MRF":1,"MRP":652,"MF":1707.24,"MFD":4.78,"MQt":0.66,"MPz":6,"MPzD":7.35,"MPr":306.94}
,{"DP":"BEXSERO 1 JERINGA PRECARGADA 0.5 ML","DD":"NOVARTIS","FRF":57,"FRP":863,"MRF":2,"MRP":268,"MF":1310.61,"MFD":0.7,"MQt":0.5,"MPz":12,"MPzD":-2.37,"MPr":105.88}
,{"DP":"LANTUS SOLUSTAR","DD":"","FRF":163,"FRP":869,"MRF":3,"MRP":99,"MF":1249.41,"MFD":-8.95,"MQt":0.48,"MPz":22,"MPzD":-7.27,"MPr":57.76}
,{"DP":"ELIQUIS 5 MG 60 COMPRIMIDOS RECUBIERTOS","DD":"BRISTOL MYERS SQUIBB","FRF":26,"FRP":416,"MRF":4,"MRP":206,"MF":1239.55,"MFD":27.95,"MQt":0.48,"MPz":14,"MPzD":31.94,"MPr":91.03}
,{"DP":"PROLIA 60 MG 1 JERINGA PRECARGADA 1 ML","DD":"AMGEN","FRF":110,"FRP":1709,"MRF":5,"MRP":796,"MF":1193.75,"MFD":-3.63,"MQt":0.46,"MPz":5,"MPzD":-8.78,"MPr":226.04}
,{"DP":"XARELTO 20 MG 28 COMPRIMIDOS RECUBIERTOS","DD":"BAYER HISPANIA S.L.","FRF":167,"FRP":1161,"MRF":6,"MRP":234,"MF":1127.95,"MFD":13.76,"MQt":0.43,"MPz":13,"MPzD":11.5,"MPr":84.96}
,{"DP":"TOUJEO 300UI 1 JER PR","DD":"SANOFI AVENTIS S.A.","FRF":43,"FRP":362,"MRF":7,"MRP":105,"MF":1089.09,"MFD":20.73,"MQt":0.42,"MPz":21,"MPzD":20.99,"MPr":51.93}
,{"DP":"FORMULAS MAGISTRALES","DD":"","FRF":14,"FRP":91,"MRF":8,"MRP":34,"MF":1032.22,"MFD":-0.34,"MQt":0.4,"MPz":37,"MPzD":-0.29,"MPr":28.08}
,{"DP":"JANUMET 501000 MG 56 COMPRIMIDOS RECUBIERTOS","DD":"MSD","FRF":170,"FRP":871,"MRF":9,"MRP":155,"MF":935.87,"MFD":-0.34,"MQt":0.36,"MPz":17,"MPzD":10.9,"MPr":56.3}
,{"DP":"TRULICITY 1,5 MG 4 PLUMAS PREC","DD":"LILLY","FRF":3179,"FRP":3187,"MRF":10,"MRP":653,"MF":902.53,"MFD":17.22,"MQt":0.35,"MPz":6,"MPzD":17.71,"MPr":144.94}
,{"DP":"FRENADOL COMPLEX 10 SOBRES","DD":"JOHNSON & JOHNSON","FRF":42,"FRP":37,"MRF":11,"MRP":6,"MF":891.57,"MFD":-3.03,"MQt":0.34,"MPz":86,"MPzD":-11.88,"MPr":10.42}
,{"DP":"DUODART 0.50.4 MG 30 CAPSULAS","DD":"GLAXO SMITHKLINE","FRF":752,"FRP":1255,"MRF":12,"MRP":35,"MF":879.26,"MFD":-33.88,"MQt":0.34,"MPz":37,"MPzD":-6.55,"MPr":23.51}
,{"DP":"ZEBINIX 800 MG 30 COMPRIMIDOS","DD":"LABORATORIOS BIAL","FRF":31,"FRP":861,"MRF":13,"MRP":797,"MF":869.83,"MFD":8.12,"MQt":0.33,"MPz":5,"MPzD":17.09,"MPr":170.65}
,{"DP":"VICTOZA 6 MGML 2 PLUMAS PRECARGADAS 3 ML","DD":"NOVO NORDISK PHARMA","FRF":10,"FRP":413,"MRF":14,"MRP":543,"MF":868.82,"MFD":-12.51,"MQt":0.33,"MPz":7,"MPzD":-2.26,"MPr":131}
,{"DP":"TRAJENTA 5 MG 30 COMPRIMIDOS RECUBIERTOS","DD":"BOEHRINGER INGELHEIM, S.A.","FRF":38,"FRP":361,"MRF":15,"MRP":184,"MF":853.72,"MFD":0.35,"MQt":0.33,"MPz":15,"MPzD":6.12,"MPr":55.91}
,{"DP":"FORSTEO 20 MCG80 MCL 1 PLUMA PRECARGADA 2.4 ML","DD":"ELANCO","FRF":3675,"FRP":3683,"MRF":16,"MRP":1872,"MF":705.58,"MFD":-11.78,"MQt":0.27,"MPz":2,"MPzD":1.37,"MPr":406.64}
,{"DP":"BETMIGA 50 MG 30 COMPRIMIDOS LIBERACION PROLONGADA","DD":"ASTELLAS PHARMA","FRF":109,"FRP":535,"MRF":17,"MRP":168,"MF":704.04,"MFD":14.01,"MQt":0.27,"MPz":16,"MPzD":17,"MPr":45.15}
,{"DP":"XEPLION 150 MG 1 JERINGA SUSP INYECT LIB PROL 1.5 ML","DD":"JANSSEN-CILAG","FRF":3200,"FRP":3208,"MRF":18,"MRP":2979,"MF":697.01,"MFD":8.56,"MQt":0.27,"MPz":1,"MPzD":-24.8,"MPr":472.33}
,{"DP":"EFFICIB 501000 MG 56 COMPRIMIDOS RECUBIERTOS","DD":"ALMIRALL S.A.","FRF":169,"FRP":870,"MRF":19,"MRP":269,"MF":674.51,"MFD":-2.9,"MQt":0.26,"MPz":12,"MPzD":5.87,"MPr":56.29}
,{"DP":"CLEXANE 40 MG (4000 UI) 30 JERINGAS PRECARGADAS 0.4 ML","DD":"SANOFI AVENTIS S.A.","FRF":2969,"FRP":2977,"MRF":20,"MRP":798,"MF":649.77,"MFD":-21.19,"MQt":0.25,"MPz":5,"MPzD":-17.92,"MPr":136.14}
,{"DP":"CAUDALIE FACIAL","DD":"CAUDALIE","FRF":5,"FRP":45,"MRF":21,"MRP":69,"MF":629.88,"MFD":-1.92,"MQt":0.24,"MPz":27,"MPzD":-5.83,"MPr":23.01}
,{"DP":"ULTIBRO BREEZHALER 8543 MCG 30 CAPSULAS INHALACION + INHALADOR","DD":"NOVARTIS","FRF":164,"FRP":1160,"MRF":22,"MRP":544,"MF":617.77,"MFD":2.93,"MQt":0.24,"MPz":7,"MPzD":0.39,"MPr":86.19}
,{"DP":"SPIRIVA 18 MCG 30 CAPSULAS + 1 INHALADOR HANDIHALER","DD":"BOEHRINGER INGELHEIM, S.A.","FRF":23,"FRP":149,"MRF":23,"MRP":185,"MF":599.43,"MFD":-32.16,"MQt":0.23,"MPz":15,"MPzD":-16.72,"MPr":39.31}
,{"DP":"EZETROL 10 MG 28 COMPRIMIDOS","DD":"MSD","FRF":63,"FRP":225,"MRF":24,"MRP":128,"MF":598.64,"MFD":-11.25,"MQt":0.23,"MPz":19,"MPzD":-12.93,"MPr":30.87}
,{"DP":"ELIQUIS 2.5 MG 60 COMPRIMIDOS RECUBIERTOS","DD":"BRISTOL MYERS SQUIBB","FRF":25,"FRP":415,"MRF":25,"MRP":654,"MF":572.09,"MFD":25.95,"MQt":0.22,"MPz":6,"MPzD":20.92,"MPr":91}]
,"datiDettRefC":[
{"DP":"VACUNA ALERGIA","DD":"","FRF":5523,"FRP":5522,"CRF":1,"CRP":856,"CF":1095.3,"CFD":-3.86,"CQt":0.64,"CPz":3,"CPzD":-18.72,"CPr":323.88}
,{"DP":"FORMULAS MAGISTRALES","DD":"","FRF":14,"FRP":91,"CRF":2,"CRP":15,"CF":1053.61,"CFD":6.47,"CQt":0.61,"CPz":36,"CPzD":2.8,"CPr":29.31}
,{"DP":"XARELTO 20 MG 28 COMPRIMIDOS RECUBIERTOS","DD":"BAYER HISPANIA S.L.","FRF":167,"FRP":1161,"CRF":3,"CRP":154,"CF":947.99,"CFD":8.63,"CQt":0.55,"CPz":11,"CPzD":7.27,"CPr":85.06}
,{"DP":"ELIQUIS 5 MG 60 COMPRIMIDOS RECUBIERTOS","DD":"BRISTOL MYERS SQUIBB","FRF":26,"FRP":416,"CRF":4,"CRP":183,"CF":936.54,"CFD":26.83,"CQt":0.54,"CPz":10,"CPzD":23.87,"CPr":90.85}
,{"DP":"LANTUS SOLUSTAR","DD":"","FRF":163,"FRP":869,"CRF":5,"CRP":81,"CF":919,"CFD":-11.33,"CQt":0.53,"CPz":16,"CPzD":-10.48,"CPr":57.83}
,{"DP":"TOUJEO 300UI 1 JER PR","DD":"SANOFI AVENTIS S.A.","FRF":43,"FRP":362,"CRF":6,"CRP":75,"CF":908.13,"CFD":17.16,"CQt":0.53,"CPz":17,"CPzD":13.89,"CPr":51.92}
,{"DP":"TRULICITY 1,5 MG 4 PLUMAS PREC","DD":"LILLY","FRF":3179,"FRP":3187,"CRF":7,"CRP":394,"CF":858.71,"CFD":31.46,"CQt":0.5,"CPz":6,"CPzD":38.66,"CPr":145.32}
,{"DP":"PROLIA 60 MG 1 JERINGA PRECARGADA 1 ML","DD":"AMGEN","FRF":110,"FRP":1709,"CRF":8,"CRP":637,"CF":816.23,"CFD":-9.93,"CQt":0.47,"CPz":4,"CPzD":0,"CPr":225.59}
,{"DP":"BEXSERO 1 JERINGA PRECARGADA 0.5 ML","DD":"NOVARTIS","FRF":57,"FRP":863,"CRF":9,"CRP":263,"CF":813.14,"CFD":-7.16,"CQt":0.47,"CPz":8,"CPzD":-3.51,"CPr":105.98}
,{"DP":"TRAJENTA 5 MG 30 COMPRIMIDOS RECUBIERTOS","DD":"BOEHRINGER INGELHEIM, S.A.","FRF":38,"FRP":361,"CRF":10,"CRP":115,"CF":738.16,"CFD":-2.42,"CQt":0.43,"CPz":13,"CPzD":3.03,"CPr":55.77}
,{"DP":"ZEBINIX 800 MG 30 COMPRIMIDOS","DD":"LABORATORIOS BIAL","FRF":31,"FRP":861,"CRF":11,"CRP":638,"CF":706.68,"CFD":9.09,"CQt":0.41,"CPz":4,"CPzD":15.79,"CPr":171.22}
,{"DP":"FORSTEO 20 MCG80 MCL 1 PLUMA PRECARGADA 2.4 ML","DD":"ELANCO","FRF":3675,"FRP":3683,"CRF":12,"CRP":1191,"CF":670.7,"CFD":-9.9,"CQt":0.39,"CPz":2,"CPzD":8.91,"CPr":409.87}
,{"DP":"DUODART 0.50.4 MG 30 CAPSULAS","DD":"GLAXO SMITHKLINE","FRF":752,"FRP":1255,"CRF":13,"CRP":28,"CF":660.84,"CFD":-36.86,"CQt":0.38,"CPz":28,"CPzD":-10.15,"CPr":23.51}
,{"DP":"JANUMET 501000 MG 56 COMPRIMIDOS RECUBIERTOS","DD":"MSD","FRF":170,"FRP":871,"CRF":14,"CRP":155,"CF":609.04,"CFD":-7.85,"CQt":0.35,"CPz":11,"CPzD":2.37,"CPr":56.3}
,{"DP":"VICTOZA 6 MGML 2 PLUMAS PRECARGADAS 3 ML","DD":"NOVO NORDISK PHARMA","FRF":10,"FRP":413,"CRF":15,"CRP":486,"CF":598.18,"CFD":-23.18,"CQt":0.35,"CPz":5,"CPzD":-10.71,"CPr":131.08}
,{"DP":"BETMIGA 50 MG 30 COMPRIMIDOS LIBERACION PROLONGADA","DD":"ASTELLAS PHARMA","FRF":109,"FRP":535,"CRF":16,"CRP":116,"CF":566.05,"CFD":3.45,"CQt":0.33,"CPz":13,"CPzD":7.52,"CPr":45.12}
,{"DP":"EFFICIB 501000 MG 56 COMPRIMIDOS RECUBIERTOS","DD":"ALMIRALL S.A.","FRF":169,"FRP":870,"CRF":17,"CRP":184,"CF":556.76,"CFD":-7.33,"CQt":0.32,"CPz":10,"CPzD":2.23,"CPr":56.29}
,{"DP":"ULTIBRO BREEZHALER 8543 MCG 30 CAPSULAS INHALACION + INHALADOR","DD":"NOVARTIS","FRF":164,"FRP":1160,"CRF":18,"CRP":395,"CF":512.99,"CFD":16.36,"CQt":0.3,"CPz":6,"CPzD":17.02,"CPr":86.28}
,{"DP":"FRENADOL COMPLEX 10 SOBRES","DD":"JOHNSON & JOHNSON","FRF":42,"FRP":37,"CRF":19,"CRP":7,"CF":500.58,"CFD":3.59,"CQt":0.29,"CPz":48,"CPzD":-6.22,"CPr":10.39}
,{"DP":"FORXIGA 10 MG 28 COMPRIMIDOS R","DD":"","FRF":3029,"FRP":3037,"CRF":20,"CRP":185,"CF":493.32,"CFD":18.55,"CQt":0.29,"CPz":10,"CPzD":24.72,"CPr":51.78}
,{"DP":"JARDIANCE 10 MG 30 COMPRIMIDOS","DD":"","FRF":114,"FRP":658,"CRF":21,"CRP":218,"CF":476.87,"CFD":39.53,"CQt":0.28,"CPz":9,"CPzD":46.02,"CPr":55.57}
,{"DP":"VISTABEL 50 U 2 VIALES","DD":"ALLERGAN S A","FRF":3678,"FRP":3686,"CRF":22,"CRP":1192,"CF":476.14,"CFD":84.29,"CQt":0.28,"CPz":2,"CPzD":89.66,"CPr":242.48}
,{"DP":"TRESIBA 100UML 5 PLUMAS 3ML","DD":"NOVO NORDISK PHARMA","FRF":115,"FRP":1151,"CRF":23,"CRP":487,"CF":475.83,"CFD":17.89,"CQt":0.28,"CPz":5,"CPzD":15.55,"CPr":94.48}
,{"DP":"LIXIANA 60 MG 28 COMPRIMIDOS RECUBIERTOS","DD":"DAIICHI SANKYO ESPANA","FRF":13,"FRP":310,"CRF":24,"CRP":396,"CF":474.5,"CFD":60.5,"CQt":0.28,"CPz":6,"CPzD":65.83,"CPr":81.55}
,{"DP":"VELMETIA 501000 MG 56 COMPRIMIDOS RECUBIERTOS","DD":"FERRER INTERNACIONAL","FRF":111,"FRP":657,"CRF":25,"CRP":264,"CF":448.27,"CFD":-9.66,"CQt":0.26,"CPz":8,"CPzD":-1.12,"CPr":56.42}]}