{"datiDettRefF":[
{"DP":"OLEOCAPS 1 30 CAPS","DD":"PRANAROM","FRF":1,"FRP":1,"FF":317,"FFD":-36.28,"FQt":8.26,"FPz":33,"FPzD":-34,"FPr":9.61,"MRF":14,"MRP":11,"CRF":22,"CRP":25}
,{"DP":"IBEROGAST GOTAS ORALES SOLUCION 100 ML","DD":"BAYER HISPANIA S.L.","FRF":2,"FRP":8,"FF":264.88,"FFD":40,"FQt":6.9,"FPz":7,"FPzD":40,"FPr":37.84,"MRF":25,"MRP":73,"CRF":67,"CRP":86}
,{"DP":"PRANAROM ACEITES Y DIFUSION","DD":"PRANAROM","FRF":3,"FRP":2,"FF":257.4,"FFD":-16.72,"FQt":6.7,"FPz":20,"FPzD":-25.93,"FPr":12.87,"MRF":1,"MRP":1,"CRF":1,"CRP":1}
,{"DP":"INMUNORESPIR 90 CAPS","DD":"LCN 1955","FRF":4,"FRP":4,"FF":219.45,"FFD":-34.72,"FQt":5.72,"FPz":11,"FPzD":-35.29,"FPr":19.95,"MRF":75,"MRP":85,"CRF":82,"CRP":88}
,{"DP":"XLS MEDICAL FORTE X5 180 CAPS","DD":"PERRIGO ESPAÑA S.A.","FRF":5,"FRP":27,"FF":179.9,"FFD":null,"FQt":4.69,"FPz":2,"FPzD":null,"FPr":89.95,"MRF":13,"MRP":79,"CRF":57,"CRP":90}
,{"DP":"PRIMACOL PLUS 30 CAPS","DD":"LACER","FRF":6,"FRP":6,"FF":179.55,"FFD":350,"FQt":4.68,"FPz":9,"FPzD":350,"FPr":19.95,"MRF":88,"MRP":94,"CRF":81,"CRP":87}
,{"DP":"IBEROGAST GOTAS ORALES SOLUCION 50 ML","DD":"BAYER HISPANIA S.L.","FRF":7,"FRP":7,"FF":179.55,"FFD":-59.09,"FQt":4.68,"FPz":9,"FPzD":-59.09,"FPr":19.95,"MRF":8,"MRP":21,"CRF":13,"CRP":36}
,{"DP":"PRANAROM JARABE DE LOS FUMADOR","DD":"PRANAROM","FRF":8,"FRP":3,"FF":178.8,"FFD":33.33,"FQt":4.66,"FPz":12,"FPzD":33.33,"FPr":14.9,"MRF":29,"MRP":29,"CRF":23,"CRP":33}
,{"DP":"AGIOLAX GRANULADO 250 G","DD":"ROTTAPHARM S L","FRF":9,"FRP":5,"FF":111.61,"FFD":-33.18,"FQt":2.91,"FPz":10,"FPzD":-33.33,"FPr":11.16,"MRF":7,"MRP":8,"CRF":17,"CRP":20}
,{"DP":"AROMAPAR + SPRAY ANTIPIOJOS 30 ML","DD":"PRANAROM","FRF":10,"FRP":11,"FF":99.75,"FFD":-48.85,"FQt":2.6,"FPz":5,"FPzD":-50,"FPr":19.95,"MRF":77,"MRP":80,"CRF":72,"CRP":68}
,{"DP":"CYSTICLEAN 500 MG 60 CAPSULAS","DD":"VITA GREEN","FRF":11,"FRP":28,"FF":89.8,"FFD":-43.8,"FQt":2.34,"FPz":2,"FPzD":-50,"FPr":44.9,"MRF":52,"MRP":84,"CRF":61,"CRP":83}
,{"DP":"FLORES DE BACH","DD":"DIAFARM","FRF":12,"FRP":12,"FF":74.9,"FFD":62.65,"FQt":1.95,"FPz":5,"FPzD":66.67,"FPr":14.98,"MRF":15,"MRP":22,"CRF":31,"CRP":44}
,{"DP":"AROMAFORCE JARABE BIO 150 ML","DD":"PRANAROM","FRF":13,"FRP":9,"FF":59.7,"FFD":-27.55,"FQt":1.55,"FPz":6,"FPzD":-33.33,"FPr":9.95,"MRF":11,"MRP":10,"CRF":14,"CRP":13}
,{"DP":"AROMAPIC ROLL ON CITRONELA PLUS 75 ML","DD":"PRANAROM","FRF":14,"FRP":21,"FF":59.25,"FFD":null,"FQt":1.54,"FPz":3,"FPzD":null,"FPr":19.75,"MRF":97,"MRP":98,"CRF":94,"CRP":96}
,{"DP":"PRANAROM BALSAMO RESPIRATORIO","DD":"PRANAROM","FRF":15,"FRP":10,"FF":55.75,"FFD":-16.85,"FQt":1.45,"FPz":6,"FPzD":0,"FPr":9.29,"MRF":17,"MRP":15,"CRF":15,"CRP":18}
,{"DP":"SERELYS CAPSULAS 30 CAPS","DD":"S.E.R.P. SALES","FRF":16,"FRP":29,"FF":53.9,"FFD":null,"FQt":1.4,"FPz":2,"FPzD":null,"FPr":26.95,"MRF":31,"MRP":63,"CRF":33,"CRP":58}
,{"DP":"SORIA EXTR. DAMIANA 50 CC","DD":"SORIA NATURAL","FRF":17,"FRP":16,"FF":53.5,"FFD":-21.09,"FQt":1.39,"FPz":4,"FPzD":0,"FPr":13.38,"MRF":117,"MRP":117,"CRF":117,"CRP":117}
,{"DP":"SANOFLORE ACEITE ESENCIAL YLANG-YLANG BIO PERFUME AMBIENTAL 10 ML","DD":"VICHY","FRF":18,"FRP":30,"FF":52.42,"FFD":null,"FQt":1.37,"FPz":2,"FPzD":null,"FPr":26.21,"MRF":85,"MRP":93,"CRF":83,"CRP":93}
,{"DP":"PRANAROM VARIOS","DD":"PRANAROM","FRF":19,"FRP":17,"FF":50.9,"FFD":24.3,"FQt":1.33,"FPz":4,"FPzD":33.33,"FPr":12.72,"MRF":68,"MRP":38,"CRF":86,"CRP":89}
,{"DP":"AROMAFORCE CAPSULAS PARA INHALACION BIO 15 CAPS","DD":"PRANAROM","FRF":20,"FRP":13,"FF":49.75,"FFD":null,"FQt":1.3,"FPz":5,"FPzD":null,"FPr":9.95,"MRF":81,"MRP":78,"CRF":53,"CRP":49}
,{"DP":"ROHA MAX 130 G","DD":"DIAFARM","FRF":21,"FRP":18,"FF":48.1,"FFD":null,"FQt":1.25,"FPz":4,"FPzD":null,"FPr":12.03,"MRF":22,"MRP":24,"CRF":18,"CRP":21}
,{"DP":"CISTITUS NOX 20 COMP","DD":"URIACH","FRF":22,"FRP":31,"FF":45.5,"FFD":null,"FQt":1.19,"FPz":2,"FPzD":null,"FPr":22.75,"MRF":64,"MRP":81,"CRF":76,"CRP":77}
,{"DP":"CRANBERRY CYST 30 TAB","DD":"TREPAT-DIET","FRF":23,"FRP":32,"FF":41,"FFD":2.76,"FQt":1.07,"FPz":2,"FPzD":0,"FPr":20.5,"MRF":119,"MRP":119,"CRF":119,"CRP":119}
,{"DP":"LIPOGRASIL COMP RECUBIERTOS 50 COMP","DD":"ZAMBON","FRF":24,"FRP":22,"FF":38.85,"FFD":210.8,"FQt":1.01,"FPz":3,"FPzD":200,"FPr":12.95,"MRF":24,"MRP":25,"CRF":21,"CRP":24}
,{"DP":"AJO ARKOCAP 50 CAPS","DD":"ARKOPHARMA","FRF":25,"FRP":14,"FF":38,"FFD":46.44,"FQt":0.99,"FPz":5,"FPzD":66.67,"FPr":7.6,"MRF":106,"MRP":102,"CRF":102,"CRP":99}]
,"datiDettRefM":[
{"DP":"PRANAROM ACEITES Y DIFUSION","DD":"PRANAROM","FRF":3,"FRP":2,"MRF":1,"MRP":1,"MF":194.44,"MFD":-23.7,"MQt":5.32,"MPz":20,"MPzD":-25.88,"MPr":9.72}
,{"DP":"FAVE DE FUCA 40 COMPRIMIDOS RECUBIERTOS","DD":"URIACH","FRF":46,"FRP":26,"MRF":2,"MRP":2,"MF":65.24,"MFD":-0.69,"MQt":1.79,"MPz":9,"MPzD":-7.19,"MPr":6.93}
,{"DP":"AROMAFORCE PASTILLAS 21 PASTILLAS","DD":"PRANAROM","FRF":73,"FRP":73,"MRF":3,"MRP":3,"MF":63.04,"MFD":-9.28,"MQt":1.73,"MPz":8,"MPzD":-7.79,"MPr":8.17}
,{"DP":"PRANAROM AROMAGALIC","DD":"PRANAROM","FRF":112,"FRP":112,"MRF":4,"MRP":6,"MF":58.95,"MFD":-30,"MQt":1.61,"MPz":5,"MPzD":-26.59,"MPr":12.8}
,{"DP":"FLAVIA NOCTA","DD":"ITALFARMACO","FRF":50,"FRP":54,"MRF":5,"MRP":14,"MF":55.58,"MFD":23.77,"MQt":1.52,"MPz":3,"MPzD":12.8,"MPr":17.55}
,{"DP":"IBEROGAST GOTAS ORALES SOLUCION 20 ML","DD":"BAYER HISPANIA S.L.","FRF":66,"FRP":66,"MRF":6,"MRP":7,"MF":52.18,"MFD":11.37,"MQt":1.43,"MPz":5,"MPzD":5.96,"MPr":9.93}
,{"DP":"AGIOLAX GRANULADO 250 G","DD":"ROTTAPHARM S L","FRF":9,"FRP":5,"MRF":7,"MRP":8,"MF":47.73,"MFD":-12.09,"MQt":1.31,"MPz":4,"MPzD":-17.59,"MPr":11.18}
,{"DP":"IBEROGAST GOTAS ORALES SOLUCION 50 ML","DD":"BAYER HISPANIA S.L.","FRF":7,"FRP":7,"MRF":8,"MRP":21,"MF":46.95,"MFD":11.08,"MQt":1.29,"MPz":2,"MPzD":-6.09,"MPr":19.92}
,{"DP":"PLANTABEN 3.5 G 30 SOBRES","DD":"ROTTAPHARM S L","FRF":32,"FRP":15,"MRF":9,"MRP":4,"MF":46.2,"MFD":-9.81,"MQt":1.27,"MPz":7,"MPzD":-31.23,"MPr":6.54}
,{"DP":"AROMAFORCE JARABE RESPIRACION FACIL BIO 150 ML","DD":"PRANAROM","FRF":92,"FRP":93,"MRF":10,"MRP":9,"MF":39.28,"MFD":null,"MQt":1.08,"MPz":4,"MPzD":null,"MPr":9.86}
,{"DP":"AROMAFORCE JARABE BIO 150 ML","DD":"PRANAROM","FRF":13,"FRP":9,"MRF":11,"MRP":10,"MF":38.09,"MFD":-54.34,"MQt":1.04,"MPz":4,"MPzD":-55.69,"MPr":9.26}
,{"DP":"VICKS BABYRUB 50 G","DD":"PROCTER & GAMBLE ESPAÑA","FRF":119,"FRP":119,"MRF":12,"MRP":5,"MF":37.15,"MFD":-10.67,"MQt":1.02,"MPz":6,"MPzD":-4.72,"MPr":6.66}
,{"DP":"XLS MEDICAL FORTE X5 180 CAPS","DD":"PERRIGO ESPAÑA S.A.","FRF":5,"FRP":27,"MRF":13,"MRP":79,"MF":36.44,"MFD":null,"MQt":1,"MPz":0.476,"MPzD":null,"MPr":76.62}
,{"DP":"OLEOCAPS 1 30 CAPS","DD":"PRANAROM","FRF":1,"FRP":1,"MRF":14,"MRP":11,"MF":36.42,"MFD":-49.39,"MQt":1,"MPz":4,"MPzD":-43.38,"MPr":9.75}
,{"DP":"FLORES DE BACH","DD":"DIAFARM","FRF":12,"FRP":12,"MRF":15,"MRP":22,"MF":36.23,"MFD":-14.05,"MQt":0.99,"MPz":2,"MPzD":-31.48,"MPr":14.7}
,{"DP":"ARNIDOL GEL STICK 15 ML","DD":"DIAFARM","FRF":68,"FRP":68,"MRF":16,"MRP":12,"MF":33.69,"MFD":-10.84,"MQt":0.92,"MPz":4,"MPzD":-5.85,"MPr":8.64}
,{"DP":"PRANAROM BALSAMO RESPIRATORIO","DD":"PRANAROM","FRF":15,"FRP":10,"MRF":17,"MRP":15,"MF":29.95,"MFD":-45.56,"MQt":0.82,"MPz":3,"MPzD":-43.77,"MPr":10.78}
,{"DP":"AROMAFORCE SPRAY NASAL SPRAY15 ML","DD":"PRANAROM","FRF":65,"FRP":65,"MRF":18,"MRP":16,"MF":29.58,"MFD":-17.92,"MQt":0.81,"MPz":3,"MPzD":-25,"MPr":9.08}
,{"DP":"BLEVIT DIGEST NUEVA FORMULA 150 G","DD":"ORDESA","FRF":96,"FRP":97,"MRF":19,"MRP":17,"MF":28.75,"MFD":-5.99,"MQt":0.79,"MPz":3,"MPzD":-12.87,"MPr":8.96}
,{"DP":"LIPOK 30 CAPSULAS","DD":"ASAK PHARMA","FRF":41,"FRP":48,"MRF":20,"MRP":40,"MF":28.75,"MFD":33.29,"MQt":0.79,"MPz":1,"MPzD":20.92,"MPr":25.7}
,{"DP":"AROMAFORCE CAPSULAS NARIZ GARGANTA 30 CAPS","DD":"PRANAROM","FRF":91,"FRP":92,"MRF":21,"MRP":23,"MF":27.12,"MFD":268.49,"MQt":0.74,"MPz":2,"MPzD":184.62,"MPr":11.17}
,{"DP":"ROHA MAX 130 G","DD":"DIAFARM","FRF":21,"FRP":18,"MRF":22,"MRP":24,"MF":26.7,"MFD":9.64,"MQt":0.73,"MPz":2,"MPzD":-4.64,"MPr":11.59}
,{"DP":"OXICOL CAPS 28 CAPSULAS","DD":"ACTAFARMA","FRF":109,"FRP":109,"MRF":23,"MRP":41,"MF":25.77,"MFD":-13.14,"MQt":0.71,"MPz":1,"MPzD":-37.07,"MPr":18.48}
,{"DP":"LIPOGRASIL COMP RECUBIERTOS 50 COMP","DD":"ZAMBON","FRF":24,"FRP":22,"MRF":24,"MRP":25,"MF":24.85,"MFD":-11.22,"MQt":0.68,"MPz":2,"MPzD":-18.68,"MPr":12.13}
,{"DP":"IBEROGAST GOTAS ORALES SOLUCION 100 ML","DD":"BAYER HISPANIA S.L.","FRF":2,"FRP":8,"MRF":25,"MRP":73,"MF":24.49,"MFD":-0.9,"MQt":0.67,"MPz":0.649,"MPzD":-0.77,"MPr":37.76}]
,"datiDettRefC":[
{"DP":"PRANAROM ACEITES Y DIFUSION","DD":"PRANAROM","FRF":3,"FRP":2,"CRF":1,"CRP":1,"CF":103.01,"CFD":-20.48,"CQt":6.03,"CPz":11,"CPzD":-21.53,"CPr":9.73}
,{"DP":"FAVE DE FUCA 40 COMPRIMIDOS RECUBIERTOS","DD":"URIACH","FRF":46,"FRP":26,"CRF":2,"CRP":2,"CF":34.4,"CFD":-5.02,"CQt":2.01,"CPz":5,"CPzD":-6.14,"CPr":6.93}
,{"DP":"FLAVIA NOCTA","DD":"ITALFARMACO","FRF":50,"FRP":54,"CRF":3,"CRP":8,"CF":29.54,"CFD":48.39,"CQt":1.73,"CPz":2,"CPzD":69.23,"CPr":17.85}
,{"DP":"AROMAFORCE PASTILLAS 21 PASTILLAS","DD":"PRANAROM","FRF":73,"FRP":73,"CRF":4,"CRP":3,"CF":28.95,"CFD":-4.15,"CQt":1.69,"CPz":4,"CPzD":5.77,"CPr":8.04}
,{"DP":"AROMAFORCE JARABE RESPIRACION FACIL BIO 150 ML","DD":"PRANAROM","FRF":92,"FRP":93,"CRF":5,"CRP":5,"CF":27.56,"CFD":null,"CQt":1.61,"CPz":3,"CPzD":null,"CPr":9.91}
,{"DP":"PLANTABEN 3.5 G 30 SOBRES","DD":"ROTTAPHARM S L","FRF":32,"FRP":15,"CRF":6,"CRP":4,"CF":26.82,"CFD":-19.47,"CQt":1.57,"CPz":4,"CPzD":-39.56,"CPr":6.53}
,{"DP":"PRANAROM AROMAGALIC","DD":"PRANAROM","FRF":112,"FRP":112,"CRF":7,"CRP":9,"CF":25.95,"CFD":-36.46,"CQt":1.52,"CPz":2,"CPzD":-35.29,"CPr":12.74}
,{"DP":"AQUILEA MUCUS JARABE 200 ML","DD":"URIACH","FRF":88,"FRP":89,"CRF":8,"CRP":6,"CF":22.85,"CFD":202.22,"CQt":1.34,"CPz":3,"CPzD":236.73,"CPr":8.55}
,{"DP":"AROMAFORCE SPRAY NASAL SPRAY15 ML","DD":"PRANAROM","FRF":65,"FRP":65,"CRF":9,"CRP":10,"CF":19,"CFD":9.3,"CQt":1.11,"CPz":2,"CPzD":4.76,"CPr":9.25}
,{"DP":"PRANABB BALSAMO PECTORAL 40 ML","DD":"PRANAROM","FRF":111,"FRP":111,"CRF":10,"CRP":11,"CF":18.41,"CFD":175.55,"CQt":1.08,"CPz":2,"CPzD":197.3,"CPr":10.44}
,{"DP":"VICKS BABYRUB 50 G","DD":"PROCTER & GAMBLE ESPAÑA","FRF":119,"FRP":119,"CRF":11,"CRP":7,"CF":18.29,"CFD":8.76,"CQt":1.07,"CPz":3,"CPzD":18.71,"CPr":6.75}
,{"DP":"IBEROGAST GOTAS ORALES SOLUCION 20 ML","DD":"BAYER HISPANIA S.L.","FRF":66,"FRP":66,"CRF":12,"CRP":12,"CF":17.55,"CFD":23.17,"CQt":1.03,"CPz":2,"CPzD":39.24,"CPr":9.95}
,{"DP":"IBEROGAST GOTAS ORALES SOLUCION 50 ML","DD":"BAYER HISPANIA S.L.","FRF":7,"FRP":7,"CRF":13,"CRP":36,"CF":17.36,"CFD":0.11,"CQt":1.02,"CPz":0.873,"CPzD":0.03,"CPr":19.89}
,{"DP":"AROMAFORCE JARABE BIO 150 ML","DD":"PRANAROM","FRF":13,"FRP":9,"CRF":14,"CRP":13,"CF":17.34,"CFD":-47.52,"CQt":1.01,"CPz":2,"CPzD":-40.86,"CPr":9.54}
,{"DP":"PRANAROM BALSAMO RESPIRATORIO","DD":"PRANAROM","FRF":15,"FRP":10,"CRF":15,"CRP":18,"CF":16.52,"CFD":-48.61,"CQt":0.97,"CPz":1,"CPzD":-66.26,"CPr":11.36}
,{"DP":"AROMALGIC ROLL-ON 75 ML","DD":"PRANAROM","FRF":93,"FRP":94,"CRF":16,"CRP":19,"CF":15.53,"CFD":null,"CQt":0.91,"CPz":1,"CPzD":null,"CPr":15.25}
,{"DP":"AGIOLAX GRANULADO 250 G","DD":"ROTTAPHARM S L","FRF":9,"FRP":5,"CRF":17,"CRP":20,"CF":15.46,"CFD":-16.44,"CQt":0.9,"CPz":1,"CPzD":-39.56,"CPr":11.19}
,{"DP":"ROHA MAX 130 G","DD":"DIAFARM","FRF":21,"FRP":18,"CRF":18,"CRP":21,"CF":15.04,"CFD":51.81,"CQt":0.88,"CPz":1,"CPzD":14.58,"CPr":11.99}
,{"DP":"AROMAFORCE CAPSULAS NARIZ GARGANTA 30 CAPS","DD":"PRANAROM","FRF":91,"FRP":92,"CRF":19,"CRP":22,"CF":14.3,"CFD":184.65,"CQt":0.84,"CPz":1,"CPzD":111.54,"CPr":11.08}
,{"DP":"PROPOLEO Y DROSERA JARABE 200 ML","DD":"","FRF":113,"FRP":113,"CRF":20,"CRP":23,"CF":13.97,"CFD":80.73,"CQt":0.82,"CPz":1,"CPzD":30.95,"CPr":10.38}
,{"DP":"LIPOGRASIL COMP RECUBIERTOS 50 COMP","DD":"ZAMBON","FRF":24,"FRP":22,"CRF":21,"CRP":24,"CF":13.85,"CFD":-11.53,"CQt":0.81,"CPz":1,"CPzD":-23.61,"CPr":12.49}
,{"DP":"OLEOCAPS 1 30 CAPS","DD":"PRANAROM","FRF":1,"FRP":1,"CRF":22,"CRP":25,"CF":13.19,"CFD":-67.9,"CQt":0.77,"CPz":1,"CPzD":-74.42,"CPr":10.22}
,{"DP":"PRANAROM JARABE DE LOS FUMADOR","DD":"PRANAROM","FRF":8,"FRP":3,"CRF":23,"CRP":33,"CF":12.94,"CFD":-23.39,"CQt":0.76,"CPz":0.982,"CPzD":-18.17,"CPr":13.18}
,{"DP":"BLEVIT DIGEST NUEVA FORMULA 150 G","DD":"ORDESA","FRF":96,"FRP":97,"CRF":24,"CRP":26,"CF":12.65,"CFD":-17.86,"CQt":0.74,"CPz":1,"CPzD":-36.05,"CPr":9.67}
,{"DP":"VALERIANA CLASSIC 60 GRAGEAS","DD":"BOEHRINGER INGELHEIM, S.A.","FRF":117,"FRP":117,"CRF":25,"CRP":27,"CF":12.36,"CFD":9.06,"CQt":0.72,"CPz":1,"CPzD":-22.54,"CPr":8.95}]}