{"datiDettRefF":[
{"DP":"SOMATULINA AUTOGEL 120 MG 1 JERINGA PRECARGADA 0.5 ML","DD":"IPSEN PHARMA","FRF":1,"FRP":451,"FF":3544.32,"FFD":50,"FQt":4.41,"FPz":3,"FPzD":50,"FPr":1181.44,"MRF":66,"MRP":2882,"CRF":49,"CRP":2773}
,{"DP":"INSTANYL 200 MCGPULSACION PULVERIZADOR NASAL 10 DOSIS","DD":"TAKEDA FARMACEUTICA ESPAÑA S.A.","FRF":2,"FRP":61,"FF":1461.12,"FFD":null,"FQt":1.82,"FPz":16,"FPzD":null,"FPr":91.32,"MRF":2142,"MRP":2946,"CRF":2964,"CRP":2964}
,{"DP":"RAPAMUNE 2 MG 30 COMPRIMIDOS RECUBIERTOS","DD":"PFIZER","FRF":3,"FRP":339,"FF":1148.6,"FFD":null,"FQt":1.43,"FPz":4,"FPzD":null,"FPr":287.15,"MRF":1306,"MRP":2953,"CRF":583,"CRP":2848}
,{"DP":"BOCOUTURE 50 U 6 VIALES","DD":"MERZ PHARMA","FRF":4,"FRP":581,"FF":1043.64,"FFD":100,"FQt":1.3,"FPz":2,"FPzD":100,"FPr":521.82,"MRF":407,"MRP":2925,"CRF":371,"CRP":2861}
,{"DP":"RAPAMUNE 1 MG 100 COMPRIMIDOS RECUBIERTOS","DD":"PFIZER","FRF":5,"FRP":582,"FF":853.8,"FFD":null,"FQt":1.06,"FPz":2,"FPzD":null,"FPr":426.9,"MRF":531,"MRP":2930,"CRF":865,"CRP":2906}
,{"DP":"FEMARA 2.5 MG 30 COMPRIMIDOS RECUBIERTOS","DD":"NOVARTIS","FRF":6,"FRP":141,"FF":828.9,"FFD":125,"FQt":1.03,"FPz":9,"FPzD":125,"FPr":92.1,"MRF":209,"MRP":1974,"CRF":218,"CRP":1457}
,{"DP":"VICTOZA 6 MGML 2 PLUMAS PRECARGADAS 3 ML","DD":"NOVO NORDISK PHARMA","FRF":7,"FRP":220,"FF":782.22,"FFD":183.08,"FQt":0.97,"FPz":6,"FPzD":200,"FPr":130.37,"MRF":12,"MRP":401,"CRF":14,"CRP":380}
,{"DP":"CIALIS 20 MG 8 COMPRIMIDOS","DD":"LILLY","FRF":8,"FRP":278,"FF":737.9,"FFD":null,"FQt":0.92,"FPz":5,"FPzD":null,"FPr":147.58,"MRF":599,"MRP":2857,"CRF":1512,"CRP":2897}
,{"DP":"CIALIS DIARIO 5 MG 28 COMPRIMIDOS","DD":"LILLY","FRF":9,"FRP":221,"FF":737.7,"FFD":54.49,"FQt":0.92,"FPz":6,"FPzD":50,"FPr":122.95,"MRF":362,"MRP":2705,"CRF":530,"CRP":2685}
,{"DP":"LIXIANA 60 MG 28 COMPRIMIDOS RECUBIERTOS","DD":"DAIICHI SANKYO ESPANA","FRF":10,"FRP":170,"FF":650.4,"FFD":166.67,"FQt":0.81,"FPz":8,"FPzD":166.67,"FPr":81.3,"MRF":30,"MRP":482,"CRF":22,"CRP":311}
,{"DP":"FORMULAS MAGISTRALES","DD":"","FRF":11,"FRP":46,"FF":641.71,"FFD":-33.76,"FQt":0.8,"FPz":19,"FPzD":-45.71,"FPr":33.77,"MRF":7,"MRP":22,"CRF":1,"CRP":12}
,{"DP":"DECAPEPTYL TRIMESTRAL 11.25 MG 1 VIAL POLVO + 1 AMPOLLA DISOLV 2 ML","DD":"IPSEN PHARMA","FRF":12,"FRP":583,"FF":617.32,"FFD":null,"FQt":0.77,"FPz":2,"FPzD":null,"FPr":308.66,"MRF":251,"MRP":2828,"CRF":242,"CRP":2732}
,{"DP":"ENVARSUS 4 MG 30 COMP","DD":"","FRF":13,"FRP":340,"FF":574.36,"FFD":null,"FQt":0.71,"FPz":4,"FPzD":null,"FPr":143.59,"MRF":460,"MRP":2794,"CRF":181,"CRP":2299}
,{"DP":"SAXENDA 6 MGML 5 PLUMAS PRECARGADAS 3 ML","DD":"NOVO NORDISK PHARMA","FRF":14,"FRP":584,"FF":566.1,"FFD":null,"FQt":0.7,"FPz":2,"FPzD":null,"FPr":283.05,"MRF":167,"MRP":2738,"CRF":263,"CRP":2733}
,{"DP":"DECAPEPTYL SEMESTRAL 22.5 MG 1 VIAL POLVO + 1 AMPOLLA DISOLVENTE 2 ML","DD":"IPSEN PHARMA","FRF":15,"FRP":853,"FF":564.38,"FFD":-50,"FQt":0.7,"FPz":1,"FPzD":-50,"FPr":564.38,"MRF":44,"MRP":2711,"CRF":37,"CRP":2438}
,{"DP":"XEPLION 75 MG 1 JERINGA SUSP INYECT LIB PROL 0.75 ML","DD":"JANSSEN-CILAG","FRF":16,"FRP":585,"FF":560.62,"FFD":-1.63,"FQt":0.7,"FPz":2,"FPzD":0,"FPr":280.31,"MRF":198,"MRP":2768,"CRF":413,"CRP":2805}
,{"DP":"SPIRIVA 18 MCG 30 CAPSULAS + 1 INHALADOR HANDIHALER","DD":"BOEHRINGER INGELHEIM, S.A.","FRF":17,"FRP":76,"FF":549.5,"FFD":-25.33,"FQt":0.68,"FPz":14,"FPzD":-6.67,"FPr":39.25,"MRF":20,"MRP":131,"CRF":26,"CRP":125}
,{"DP":"INSTANYL 200 MCG NEBULIZADOR NASAL 6 UNIDOSIS 0.1 ML","DD":"TAKEDA FARMACEUTICA ESPAÑA S.A.","FRF":18,"FRP":119,"FF":547.9,"FFD":null,"FQt":0.68,"FPz":10,"FPzD":null,"FPr":54.79,"MRF":2720,"MRP":2963,"CRF":2969,"CRP":2969}
,{"DP":"ELIQUIS 2.5 MG 60 COMPRIMIDOS RECUBIERTOS","DD":"BRISTOL MYERS SQUIBB","FRF":19,"FRP":222,"FF":545.16,"FFD":0,"FQt":0.68,"FPz":6,"FPzD":0,"FPr":90.86,"MRF":22,"MRP":480,"CRF":25,"CRP":382}
,{"DP":"ELIQUIS 5 MG 60 COMPRIMIDOS RECUBIERTOS","DD":"BRISTOL MYERS SQUIBB","FRF":20,"FRP":223,"FF":545.16,"FFD":-14.29,"FQt":0.68,"FPz":6,"FPzD":-14.29,"FPr":90.86,"MRF":3,"MRP":146,"CRF":3,"CRP":143}
,{"DP":"PRADAXA 150 MG 60 CAPSULAS","DD":"BOEHRINGER INGELHEIM, S.A.","FRF":21,"FRP":224,"FF":545.16,"FFD":20,"FQt":0.68,"FPz":6,"FPzD":20,"FPr":90.86,"MRF":33,"MRP":582,"CRF":35,"CRP":501}
,{"DP":"XERISTAR 60 MG 28 CAPSULAS GASTRORRESISTENTES","DD":"ESTEVE","FRF":22,"FRP":42,"FF":534.6,"FFD":99.87,"FQt":0.67,"FPz":20,"FPzD":122.22,"FPr":26.73,"MRF":125,"MRP":348,"CRF":158,"CRP":397}
,{"DP":"ATORVASTATINA NORMON EFG 40 MG 28 COMPRIMIDOS RECUBIERTOS","DD":"NORMON","FRF":23,"FRP":27,"FF":534.18,"FFD":3.57,"FQt":0.66,"FPz":29,"FPzD":3.57,"FPr":18.42,"MRF":156,"MRP":297,"CRF":245,"CRP":520}
,{"DP":"NOVORAPID FLEXPEN 100 UML 5 PLUMAS PRECARGADAS 3 ML","DD":"NOVO NORDISK PHARMA","FRF":24,"FRP":92,"FF":522.28,"FFD":122.39,"FQt":0.65,"FPz":12,"FPzD":140,"FPr":43.52,"MRF":26,"MRP":169,"CRF":24,"CRP":146}
,{"DP":"ZEBINIX 800 MG 30 COMPRIMIDOS","DD":"LABORATORIOS BIAL","FRF":25,"FRP":452,"FF":511.41,"FFD":172.72,"FQt":0.64,"FPz":3,"FPzD":200,"FPr":170.47,"MRF":11,"MRP":580,"CRF":10,"CRP":500}]
,"datiDettRefM":[
{"DP":"BEXSERO 1 JERINGA PRECARGADA 0.5 ML","DD":"NOVARTIS","FRF":42,"FRP":454,"MRF":1,"MRP":199,"MF":1310.61,"MFD":0.7,"MQt":0.77,"MPz":12,"MPzD":-2.37,"MPr":105.88}
,{"DP":"LANTUS SOLUSTAR","DD":"","FRF":96,"FRP":460,"MRF":2,"MRP":73,"MF":1249.41,"MFD":-8.95,"MQt":0.73,"MPz":22,"MPzD":-7.27,"MPr":57.76}
,{"DP":"ELIQUIS 5 MG 60 COMPRIMIDOS RECUBIERTOS","DD":"BRISTOL MYERS SQUIBB","FRF":20,"FRP":223,"MRF":3,"MRP":146,"MF":1239.55,"MFD":27.95,"MQt":0.73,"MPz":14,"MPzD":31.94,"MPr":91.03}
,{"DP":"PROLIA 60 MG 1 JERINGA PRECARGADA 1 ML","DD":"AMGEN","FRF":70,"FRP":855,"MRF":4,"MRP":579,"MF":1193.75,"MFD":-3.63,"MQt":0.7,"MPz":5,"MPzD":-8.78,"MPr":226.04}
,{"DP":"XARELTO 20 MG 28 COMPRIMIDOS RECUBIERTOS","DD":"BAYER HISPANIA S.L.","FRF":99,"FRP":603,"MRF":5,"MRP":168,"MF":1127.95,"MFD":13.76,"MQt":0.66,"MPz":13,"MPzD":11.5,"MPr":84.96}
,{"DP":"TOUJEO 300UI 1 JER PR","DD":"SANOFI AVENTIS S.A.","FRF":32,"FRP":199,"MRF":6,"MRP":78,"MF":1089.09,"MFD":20.73,"MQt":0.64,"MPz":21,"MPzD":20.99,"MPr":51.93}
,{"DP":"FORMULAS MAGISTRALES","DD":"","FRF":11,"FRP":46,"MRF":7,"MRP":22,"MF":1032.22,"MFD":-0.34,"MQt":0.61,"MPz":37,"MPzD":-0.29,"MPr":28.08}
,{"DP":"JANUMET 501000 MG 56 COMPRIMIDOS RECUBIERTOS","DD":"MSD","FRF":102,"FRP":462,"MRF":8,"MRP":112,"MF":935.87,"MFD":-0.34,"MQt":0.55,"MPz":17,"MPzD":10.9,"MPr":56.3}
,{"DP":"TRULICITY 1,5 MG 4 PLUMAS PREC","DD":"LILLY","FRF":1533,"FRP":1533,"MRF":9,"MRP":479,"MF":902.53,"MFD":17.22,"MQt":0.53,"MPz":6,"MPzD":17.71,"MPr":144.94}
,{"DP":"DUODART 0.50.4 MG 30 CAPSULAS","DD":"GLAXO SMITHKLINE","FRF":387,"FRP":651,"MRF":10,"MRP":23,"MF":879.26,"MFD":-33.88,"MQt":0.52,"MPz":37,"MPzD":-6.55,"MPr":23.51}
,{"DP":"ZEBINIX 800 MG 30 COMPRIMIDOS","DD":"LABORATORIOS BIAL","FRF":25,"FRP":452,"MRF":11,"MRP":580,"MF":869.83,"MFD":8.12,"MQt":0.51,"MPz":5,"MPzD":17.09,"MPr":170.65}
,{"DP":"VICTOZA 6 MGML 2 PLUMAS PRECARGADAS 3 ML","DD":"NOVO NORDISK PHARMA","FRF":7,"FRP":220,"MRF":12,"MRP":401,"MF":868.82,"MFD":-12.51,"MQt":0.51,"MPz":7,"MPzD":-2.26,"MPr":131}
,{"DP":"TRAJENTA 5 MG 30 COMPRIMIDOS RECUBIERTOS","DD":"BOEHRINGER INGELHEIM, S.A.","FRF":28,"FRP":198,"MRF":13,"MRP":130,"MF":853.72,"MFD":0.35,"MQt":0.5,"MPz":15,"MPzD":6.12,"MPr":55.91}
,{"DP":"FORSTEO 20 MCG80 MCL 1 PLUMA PRECARGADA 2.4 ML","DD":"ELANCO","FRF":2029,"FRP":2029,"MRF":14,"MRP":1286,"MF":705.58,"MFD":-11.78,"MQt":0.41,"MPz":2,"MPzD":1.37,"MPr":406.64}
,{"DP":"BETMIGA 50 MG 30 COMPRIMIDOS LIBERACION PROLONGADA","DD":"ASTELLAS PHARMA","FRF":69,"FRP":285,"MRF":15,"MRP":120,"MF":704.04,"MFD":14.01,"MQt":0.41,"MPz":16,"MPzD":17,"MPr":45.15}
,{"DP":"XEPLION 150 MG 1 JERINGA SUSP INYECT LIB PROL 1.5 ML","DD":"JANSSEN-CILAG","FRF":1554,"FRP":1554,"MRF":16,"MRP":1956,"MF":697.01,"MFD":8.56,"MQt":0.41,"MPz":1,"MPzD":-24.8,"MPr":472.33}
,{"DP":"EFFICIB 501000 MG 56 COMPRIMIDOS RECUBIERTOS","DD":"ALMIRALL S.A.","FRF":101,"FRP":461,"MRF":17,"MRP":200,"MF":674.51,"MFD":-2.9,"MQt":0.4,"MPz":12,"MPzD":5.87,"MPr":56.29}
,{"DP":"CLEXANE 40 MG (4000 UI) 30 JERINGAS PRECARGADAS 0.4 ML","DD":"SANOFI AVENTIS S.A.","FRF":1323,"FRP":1323,"MRF":18,"MRP":581,"MF":649.77,"MFD":-21.19,"MQt":0.38,"MPz":5,"MPzD":-17.92,"MPr":136.14}
,{"DP":"ULTIBRO BREEZHALER 8543 MCG 30 CAPSULAS INHALACION + INHALADOR","DD":"NOVARTIS","FRF":97,"FRP":602,"MRF":19,"MRP":402,"MF":617.77,"MFD":2.93,"MQt":0.36,"MPz":7,"MPzD":0.39,"MPr":86.19}
,{"DP":"SPIRIVA 18 MCG 30 CAPSULAS + 1 INHALADOR HANDIHALER","DD":"BOEHRINGER INGELHEIM, S.A.","FRF":17,"FRP":76,"MRF":20,"MRP":131,"MF":599.43,"MFD":-32.16,"MQt":0.35,"MPz":15,"MPzD":-16.72,"MPr":39.31}
,{"DP":"EZETROL 10 MG 28 COMPRIMIDOS","DD":"MSD","FRF":45,"FRP":120,"MRF":21,"MRP":95,"MF":598.64,"MFD":-11.25,"MQt":0.35,"MPz":19,"MPzD":-12.93,"MPr":30.87}
,{"DP":"ELIQUIS 2.5 MG 60 COMPRIMIDOS RECUBIERTOS","DD":"BRISTOL MYERS SQUIBB","FRF":19,"FRP":222,"MRF":22,"MRP":480,"MF":572.09,"MFD":25.95,"MQt":0.34,"MPz":6,"MPzD":20.92,"MPr":91}
,{"DP":"FORXIGA 10 MG 28 COMPRIMIDOS R","DD":"","FRF":1383,"FRP":1383,"MRF":23,"MRP":232,"MF":569.46,"MFD":22.95,"MQt":0.33,"MPz":11,"MPzD":23.11,"MPr":51.79}
,{"DP":"SYMBICORT TURBUHALER 1604.5 MCGDOSIS 1 INHALADOR POLVO 120 DOSIS","DD":"ASTRAZENECA FARMACEUTICA SPAIN","FRF":53,"FRP":227,"MRF":24,"MRP":201,"MF":567.58,"MFD":433.67,"MQt":0.33,"MPz":12,"MPzD":437.53,"MPr":46.24}
,{"DP":"TRESIBA 100UML 5 PLUMAS 3ML","DD":"NOVO NORDISK PHARMA","FRF":74,"FRP":595,"MRF":25,"MRP":481,"MF":560.48,"MFD":15.29,"MQt":0.33,"MPz":6,"MPzD":13.03,"MPr":92.25}]
,"datiDettRefC":[
{"DP":"FORMULAS MAGISTRALES","DD":"","FRF":11,"FRP":46,"CRF":1,"CRP":12,"CF":1053.61,"CFD":6.47,"CQt":0.85,"CPz":36,"CPzD":2.8,"CPr":29.31}
,{"DP":"XARELTO 20 MG 28 COMPRIMIDOS RECUBIERTOS","DD":"BAYER HISPANIA S.L.","FRF":99,"FRP":603,"CRF":2,"CRP":123,"CF":947.99,"CFD":8.63,"CQt":0.76,"CPz":11,"CPzD":7.27,"CPr":85.06}
,{"DP":"ELIQUIS 5 MG 60 COMPRIMIDOS RECUBIERTOS","DD":"BRISTOL MYERS SQUIBB","FRF":20,"FRP":223,"CRF":3,"CRP":143,"CF":936.54,"CFD":26.83,"CQt":0.76,"CPz":10,"CPzD":23.87,"CPr":90.85}
,{"DP":"LANTUS SOLUSTAR","DD":"","FRF":96,"FRP":460,"CRF":4,"CRP":66,"CF":919,"CFD":-11.33,"CQt":0.74,"CPz":16,"CPzD":-10.48,"CPr":57.83}
,{"DP":"TOUJEO 300UI 1 JER PR","DD":"SANOFI AVENTIS S.A.","FRF":32,"FRP":199,"CRF":5,"CRP":60,"CF":908.13,"CFD":17.16,"CQt":0.73,"CPz":17,"CPzD":13.89,"CPr":51.92}
,{"DP":"TRULICITY 1,5 MG 4 PLUMAS PREC","DD":"LILLY","FRF":1533,"FRP":1533,"CRF":6,"CRP":309,"CF":858.71,"CFD":31.46,"CQt":0.69,"CPz":6,"CPzD":38.66,"CPr":145.32}
,{"DP":"PROLIA 60 MG 1 JERINGA PRECARGADA 1 ML","DD":"AMGEN","FRF":70,"FRP":855,"CRF":7,"CRP":499,"CF":816.23,"CFD":-9.93,"CQt":0.66,"CPz":4,"CPzD":0,"CPr":225.59}
,{"DP":"BEXSERO 1 JERINGA PRECARGADA 0.5 ML","DD":"NOVARTIS","FRF":42,"FRP":454,"CRF":8,"CRP":207,"CF":813.14,"CFD":-7.16,"CQt":0.66,"CPz":8,"CPzD":-3.51,"CPr":105.98}
,{"DP":"TRAJENTA 5 MG 30 COMPRIMIDOS RECUBIERTOS","DD":"BOEHRINGER INGELHEIM, S.A.","FRF":28,"FRP":198,"CRF":9,"CRP":95,"CF":738.16,"CFD":-2.42,"CQt":0.6,"CPz":13,"CPzD":3.03,"CPr":55.77}
,{"DP":"ZEBINIX 800 MG 30 COMPRIMIDOS","DD":"LABORATORIOS BIAL","FRF":25,"FRP":452,"CRF":10,"CRP":500,"CF":706.68,"CFD":9.09,"CQt":0.57,"CPz":4,"CPzD":15.79,"CPr":171.22}
,{"DP":"FORSTEO 20 MCG80 MCL 1 PLUMA PRECARGADA 2.4 ML","DD":"ELANCO","FRF":2029,"FRP":2029,"CRF":11,"CRP":899,"CF":670.7,"CFD":-9.9,"CQt":0.54,"CPz":2,"CPzD":8.91,"CPr":409.87}
,{"DP":"DUODART 0.50.4 MG 30 CAPSULAS","DD":"GLAXO SMITHKLINE","FRF":387,"FRP":651,"CRF":12,"CRP":24,"CF":660.84,"CFD":-36.86,"CQt":0.53,"CPz":28,"CPzD":-10.15,"CPr":23.51}
,{"DP":"JANUMET 501000 MG 56 COMPRIMIDOS RECUBIERTOS","DD":"MSD","FRF":102,"FRP":462,"CRF":13,"CRP":124,"CF":609.04,"CFD":-7.85,"CQt":0.49,"CPz":11,"CPzD":2.37,"CPr":56.3}
,{"DP":"VICTOZA 6 MGML 2 PLUMAS PRECARGADAS 3 ML","DD":"NOVO NORDISK PHARMA","FRF":7,"FRP":220,"CRF":14,"CRP":380,"CF":598.18,"CFD":-23.18,"CQt":0.48,"CPz":5,"CPzD":-10.71,"CPr":131.08}
,{"DP":"BETMIGA 50 MG 30 COMPRIMIDOS LIBERACION PROLONGADA","DD":"ASTELLAS PHARMA","FRF":69,"FRP":285,"CRF":15,"CRP":96,"CF":566.05,"CFD":3.45,"CQt":0.46,"CPz":13,"CPzD":7.52,"CPr":45.12}
,{"DP":"EFFICIB 501000 MG 56 COMPRIMIDOS RECUBIERTOS","DD":"ALMIRALL S.A.","FRF":101,"FRP":461,"CRF":16,"CRP":144,"CF":556.76,"CFD":-7.33,"CQt":0.45,"CPz":10,"CPzD":2.23,"CPr":56.29}
,{"DP":"ULTIBRO BREEZHALER 8543 MCG 30 CAPSULAS INHALACION + INHALADOR","DD":"NOVARTIS","FRF":97,"FRP":602,"CRF":17,"CRP":310,"CF":512.99,"CFD":16.36,"CQt":0.41,"CPz":6,"CPzD":17.02,"CPr":86.28}
,{"DP":"FORXIGA 10 MG 28 COMPRIMIDOS R","DD":"","FRF":1383,"FRP":1383,"CRF":18,"CRP":145,"CF":493.32,"CFD":18.55,"CQt":0.4,"CPz":10,"CPzD":24.72,"CPr":51.78}
,{"DP":"JARDIANCE 10 MG 30 COMPRIMIDOS","DD":"","FRF":73,"FRP":344,"CRF":19,"CRP":174,"CF":476.87,"CFD":39.53,"CQt":0.38,"CPz":9,"CPzD":46.02,"CPr":55.57}
,{"DP":"VISTABEL 50 U 2 VIALES","DD":"ALLERGAN S A","FRF":2032,"FRP":2032,"CRF":20,"CRP":900,"CF":476.14,"CFD":84.29,"CQt":0.38,"CPz":2,"CPzD":89.66,"CPr":242.48}
,{"DP":"TRESIBA 100UML 5 PLUMAS 3ML","DD":"NOVO NORDISK PHARMA","FRF":74,"FRP":595,"CRF":21,"CRP":381,"CF":475.83,"CFD":17.89,"CQt":0.38,"CPz":5,"CPzD":15.55,"CPr":94.48}
,{"DP":"LIXIANA 60 MG 28 COMPRIMIDOS RECUBIERTOS","DD":"DAIICHI SANKYO ESPANA","FRF":10,"FRP":170,"CRF":22,"CRP":311,"CF":474.5,"CFD":60.5,"CQt":0.38,"CPz":6,"CPzD":65.83,"CPr":81.55}
,{"DP":"VELMETIA 501000 MG 56 COMPRIMIDOS RECUBIERTOS","DD":"FERRER INTERNACIONAL","FRF":71,"FRP":343,"CRF":23,"CRP":208,"CF":448.27,"CFD":-9.66,"CQt":0.36,"CPz":8,"CPzD":-1.12,"CPr":56.42}
,{"DP":"NOVORAPID FLEXPEN 100 UML 5 PLUMAS PRECARGADAS 3 ML","DD":"NOVO NORDISK PHARMA","FRF":24,"FRP":92,"CRF":24,"CRP":146,"CF":443.65,"CFD":-3.61,"CQt":0.36,"CPz":10,"CPzD":2.04,"CPr":43.42}
,{"DP":"ELIQUIS 2.5 MG 60 COMPRIMIDOS RECUBIERTOS","DD":"BRISTOL MYERS SQUIBB","FRF":19,"FRP":222,"CRF":25,"CRP":382,"CF":441.08,"CFD":20.81,"CQt":0.36,"CPz":5,"CPzD":25,"CPr":90.86}]}