{"datiDettRefF":[
{"DP":"SEDATIF PC 90 COMPRIMIDOS","DD":"BOIRON","FRF":1,"FRP":2,"FF":155.35,"FFD":333.33,"FQt":24.31,"FPz":13,"FPzD":333.33,"FPr":11.95,"MRF":5,"MRP":6,"CRF":4,"CRP":3}
,{"DP":"REMEDIO HOMEOPATICO SIN MARCA","DD":"","FRF":2,"FRP":1,"FF":95.2,"FFD":-44.52,"FQt":14.9,"FPz":15,"FPzD":-44.44,"FPr":6.35,"MRF":1,"MRP":1,"CRF":1,"CRP":1}
,{"DP":"OSCILLOCOCCINUM 30 DOSIS","DD":"BOIRON","FRF":3,"FRP":4,"FF":88.7,"FFD":-50.56,"FQt":13.88,"FPz":3,"FPzD":-50,"FPr":29.57,"MRF":2,"MRP":4,"CRF":2,"CRP":7}
,{"DP":"HEEL PACK DETOXIFICACION","DD":"HEEL ESPAÑA","FRF":4,"FRP":6,"FF":75.1,"FFD":100,"FQt":11.75,"FPz":2,"FPzD":100,"FPr":37.55,"MRF":12,"MRP":17,"CRF":15,"CRP":17}
,{"DP":"TRAUMEEL S 50 COMPRIMIDOS","DD":"HEEL ESPAÑA","FRF":5,"FRP":3,"FF":67.25,"FFD":419.31,"FQt":10.52,"FPz":5,"FPzD":400,"FPr":13.45,"MRF":7,"MRP":8,"CRF":5,"CRP":4}
,{"DP":"TRAUMEEL S HEEL POMADA 100 G","DD":"HEEL ESPAÑA","FRF":6,"FRP":7,"FF":33.7,"FFD":-66.67,"FQt":5.27,"FPz":2,"FPzD":-66.67,"FPr":16.85,"MRF":3,"MRP":5,"CRF":3,"CRP":2}
,{"DP":"SPASCUPREEL 50 COMPRIMIDOS","DD":"HEEL ESPAÑA","FRF":7,"FRP":8,"FF":29.9,"FFD":109.82,"FQt":4.68,"FPz":2,"FPzD":100,"FPr":14.95,"MRF":14,"MRP":16,"CRF":13,"CRP":14}
,{"DP":"SALES DE SCHUSSLER","DD":"","FRF":8,"FRP":5,"FF":22.34,"FFD":null,"FQt":3.5,"FPz":3,"FPzD":null,"FPr":7.45,"MRF":17,"MRP":15,"CRF":17,"CRP":16}
,{"DP":"EXPECTODHU 200 ML JARABE","DD":"DHU IBERICA S A","FRF":9,"FRP":9,"FF":17,"FFD":-49.85,"FQt":2.66,"FPz":2,"FPzD":-33.33,"FPr":8.5,"MRF":6,"MRP":3,"CRF":7,"CRP":6}
,{"DP":"HEEL NERVOHEEL 50 COMP","DD":"HEEL ESPAÑA","FRF":10,"FRP":10,"FF":16.5,"FFD":-74.14,"FQt":2.58,"FPz":1,"FPzD":-75,"FPr":16.5,"MRF":11,"MRP":11,"CRF":11,"CRP":12}
,{"DP":"LUFFEEL SPRAY NASAL 20 ML HEEL","DD":"HEEL ESPAÑA","FRF":11,"FRP":11,"FF":14.25,"FFD":null,"FQt":2.23,"FPz":1,"FPzD":null,"FPr":14.25,"MRF":19,"MRP":19,"CRF":19,"CRP":19}
,{"DP":"HEEL VIBURCOL SOL ORAL 15 MONO","DD":"HEEL ESPAÑA","FRF":12,"FRP":12,"FF":13.95,"FFD":null,"FQt":2.18,"FPz":1,"FPzD":null,"FPr":13.95,"MRF":18,"MRP":18,"CRF":18,"CRP":18}
,{"DP":"HOMEOVOX 40 COMP","DD":"BOIRON","FRF":13,"FRP":13,"FF":9.9,"FFD":15.12,"FQt":1.55,"FPz":1,"FPzD":0,"FPr":9.9,"MRF":16,"MRP":14,"CRF":16,"CRP":15}
,{"DP":"EUPHRALIA GOTAS OCULARES UNIDOSIS 20 VIALES","DD":"BOIRON","FRF":14,"FRP":14,"FF":0,"FFD":-100,"FQt":0,"FPz":0,"FPzD":-100,"FPr":null,"MRF":8,"MRP":7,"CRF":8,"CRP":8}
,{"DP":"HOMEOVOX 60 COMP","DD":"BOIRON","FRF":15,"FRP":15,"FF":0,"FFD":null,"FQt":0,"FPz":0,"FPzD":null,"FPr":null,"MRF":15,"MRP":13,"CRF":14,"CRP":13}
,{"DP":"OSCILLOCOCCINUM 6 MONODOSIS","DD":"BOIRON","FRF":16,"FRP":16,"FF":0,"FFD":-100,"FQt":0,"FPz":0,"FPzD":-100,"FPr":null,"MRF":10,"MRP":10,"CRF":9,"CRP":10}
,{"DP":"STODAL INFANTIL JARABE","DD":"BOIRON","FRF":17,"FRP":17,"FF":0,"FFD":null,"FQt":0,"FPz":0,"FPzD":null,"FPr":null,"MRF":13,"MRP":12,"CRF":12,"CRP":11}
,{"DP":"STODAL JBE HOMEOPATICO BOIRON","DD":"BOIRON","FRF":18,"FRP":18,"FF":0,"FFD":-100,"FQt":0,"FPz":0,"FPzD":-100,"FPr":null,"MRF":4,"MRP":2,"CRF":6,"CRP":5}
,{"DP":"TRAUMEEL S HEEL POMADA 50 G","DD":"HEEL ESPAÑA","FRF":19,"FRP":19,"FF":0,"FFD":-100,"FQt":0,"FPz":0,"FPzD":-100,"FPr":null,"MRF":9,"MRP":9,"CRF":10,"CRP":9}]
,"datiDettRefM":[
{"DP":"REMEDIO HOMEOPATICO SIN MARCA","DD":"","FRF":2,"FRP":1,"MRF":1,"MRP":1,"MF":156.37,"MFD":-32.67,"MQt":20.61,"MPz":24,"MPzD":-20.87,"MPr":6.63}
,{"DP":"OSCILLOCOCCINUM 30 DOSIS","DD":"BOIRON","FRF":3,"FRP":4,"MRF":2,"MRP":4,"MF":90.5,"MFD":-5.64,"MQt":11.93,"MPz":3,"MPzD":-8.87,"MPr":29.17}
,{"DP":"TRAUMEEL S HEEL POMADA 100 G","DD":"HEEL ESPAÑA","FRF":6,"FRP":7,"MRF":3,"MRP":5,"MF":48.44,"MFD":-15.77,"MQt":6.38,"MPz":3,"MPzD":-13.01,"MPr":16.69}
,{"DP":"STODAL JBE HOMEOPATICO BOIRON","DD":"BOIRON","FRF":18,"FRP":18,"MRF":4,"MRP":2,"MF":39.86,"MFD":-11.86,"MQt":5.25,"MPz":4,"MPzD":-15.23,"MPr":10.24}
,{"DP":"SEDATIF PC 90 COMPRIMIDOS","DD":"BOIRON","FRF":1,"FRP":2,"MRF":5,"MRP":6,"MF":37.11,"MFD":2.79,"MQt":4.89,"MPz":3,"MPzD":-1.42,"MPr":11.98}
,{"DP":"EXPECTODHU 200 ML JARABE","DD":"DHU IBERICA S A","FRF":9,"FRP":9,"MRF":6,"MRP":3,"MF":36.49,"MFD":-24.31,"MQt":4.81,"MPz":4,"MPzD":-19.04,"MPr":10.26}
,{"DP":"TRAUMEEL S 50 COMPRIMIDOS","DD":"HEEL ESPAÑA","FRF":5,"FRP":3,"MRF":7,"MRP":8,"MF":32.1,"MFD":-2.4,"MQt":4.23,"MPz":2,"MPzD":-19.74,"MPr":13.41}
,{"DP":"EUPHRALIA GOTAS OCULARES UNIDOSIS 20 VIALES","DD":"BOIRON","FRF":14,"FRP":14,"MRF":8,"MRP":7,"MF":29.06,"MFD":39.06,"MQt":3.83,"MPz":3,"MPzD":40.51,"MPr":10.5}
,{"DP":"TRAUMEEL S HEEL POMADA 50 G","DD":"HEEL ESPAÑA","FRF":19,"FRP":19,"MRF":9,"MRP":9,"MF":22.74,"MFD":-16.49,"MQt":3,"MPz":2,"MPzD":-20.6,"MPr":10.95}
,{"DP":"OSCILLOCOCCINUM 6 MONODOSIS","DD":"BOIRON","FRF":16,"FRP":16,"MRF":10,"MRP":10,"MF":18.61,"MFD":-14.68,"MQt":2.45,"MPz":1,"MPzD":-35.54,"MPr":13.29}
,{"DP":"HEEL NERVOHEEL 50 COMP","DD":"HEEL ESPAÑA","FRF":10,"FRP":10,"MRF":11,"MRP":11,"MF":18.53,"MFD":-9.71,"MQt":2.44,"MPz":1,"MPzD":-27.17,"MPr":15.58}
,{"DP":"HEEL PACK DETOXIFICACION","DD":"HEEL ESPAÑA","FRF":4,"FRP":6,"MRF":12,"MRP":17,"MF":14.91,"MFD":4.48,"MQt":1.97,"MPz":0.416,"MPzD":8.39,"MPr":35.83}
,{"DP":"STODAL INFANTIL JARABE","DD":"BOIRON","FRF":17,"FRP":17,"MRF":13,"MRP":12,"MF":13.92,"MFD":-28.63,"MQt":1.83,"MPz":1,"MPzD":-47.29,"MPr":10.69}
,{"DP":"SPASCUPREEL 50 COMPRIMIDOS","DD":"HEEL ESPAÑA","FRF":7,"FRP":8,"MRF":14,"MRP":16,"MF":10.42,"MFD":-17.68,"MQt":1.37,"MPz":0.714,"MPzD":-18.96,"MPr":14.61}
,{"DP":"HOMEOVOX 60 COMP","DD":"BOIRON","FRF":15,"FRP":15,"MRF":15,"MRP":13,"MF":10.27,"MFD":26.13,"MQt":1.35,"MPz":1,"MPzD":5.71,"MPr":9.6}
,{"DP":"HOMEOVOX 40 COMP","DD":"BOIRON","FRF":13,"FRP":13,"MRF":16,"MRP":14,"MF":9.22,"MFD":18.55,"MQt":1.22,"MPz":1,"MPzD":6.94,"MPr":8.98}
,{"DP":"SALES DE SCHUSSLER","DD":"","FRF":8,"FRP":5,"MRF":17,"MRP":15,"MF":5.48,"MFD":-36.51,"MQt":0.72,"MPz":0.757,"MPzD":-40.41,"MPr":7.24}
,{"DP":"HEEL VIBURCOL SOL ORAL 15 MONO","DD":"HEEL ESPAÑA","FRF":12,"FRP":12,"MRF":18,"MRP":18,"MF":3.8,"MFD":-41.36,"MQt":0.5,"MPz":0.292,"MPzD":-42.53,"MPr":13.02}
,{"DP":"LUFFEEL SPRAY NASAL 20 ML HEEL","DD":"HEEL ESPAÑA","FRF":11,"FRP":11,"MRF":19,"MRP":19,"MF":1.17,"MFD":-23.76,"MQt":0.15,"MPz":0.081,"MPzD":-25.08,"MPr":14.47}]
,"datiDettRefC":[
{"DP":"REMEDIO HOMEOPATICO SIN MARCA","DD":"","FRF":2,"FRP":1,"CRF":1,"CRP":1,"CF":62.83,"CFD":-41.05,"CQt":23.65,"CPz":13,"CPzD":-7.62,"CPr":4.71}
,{"DP":"OSCILLOCOCCINUM 30 DOSIS","DD":"BOIRON","FRF":3,"FRP":4,"CRF":2,"CRP":7,"CF":25.72,"CFD":-17.57,"CQt":9.68,"CPz":0.873,"CPzD":-17.22,"CPr":29.47}
,{"DP":"TRAUMEEL S HEEL POMADA 100 G","DD":"HEEL ESPAÑA","FRF":6,"FRP":7,"CRF":3,"CRP":2,"CF":21.26,"CFD":-26.45,"CQt":8,"CPz":1,"CPzD":-42.11,"CPr":16.7}
,{"DP":"SEDATIF PC 90 COMPRIMIDOS","DD":"BOIRON","FRF":1,"FRP":2,"CRF":4,"CRP":3,"CF":15.8,"CFD":23.38,"CQt":5.95,"CPz":1,"CPzD":-6.78,"CPr":12.07}
,{"DP":"TRAUMEEL S 50 COMPRIMIDOS","DD":"HEEL ESPAÑA","FRF":5,"FRP":3,"CRF":5,"CRP":4,"CF":14.29,"CFD":-21.81,"CQt":5.38,"CPz":1,"CPzD":-28.57,"CPr":13.55}
,{"DP":"STODAL JBE HOMEOPATICO BOIRON","DD":"BOIRON","FRF":18,"FRP":18,"CRF":6,"CRP":5,"CF":13.95,"CFD":-16.37,"CQt":5.25,"CPz":1,"CPzD":-43.3,"CPr":10.23}
,{"DP":"EXPECTODHU 200 ML JARABE","DD":"DHU IBERICA S A","FRF":9,"FRP":9,"CRF":7,"CRP":6,"CF":9.82,"CFD":-37.03,"CQt":3.7,"CPz":0.891,"CPzD":-40.24,"CPr":11.02}
,{"DP":"EUPHRALIA GOTAS OCULARES UNIDOSIS 20 VIALES","DD":"BOIRON","FRF":14,"FRP":14,"CRF":8,"CRP":8,"CF":9.21,"CFD":59.35,"CQt":3.47,"CPz":0.873,"CPzD":50.05,"CPr":10.55}
,{"DP":"OSCILLOCOCCINUM 6 MONODOSIS","DD":"BOIRON","FRF":16,"FRP":16,"CRF":9,"CRP":10,"CF":8.89,"CFD":-39.61,"CQt":3.34,"CPz":0.673,"CPzD":-38.31,"CPr":13.21}
,{"DP":"TRAUMEEL S HEEL POMADA 50 G","DD":"HEEL ESPAÑA","FRF":19,"FRP":19,"CRF":10,"CRP":9,"CF":7.59,"CFD":-49.42,"CQt":2.86,"CPz":0.691,"CPzD":-49.99,"CPr":10.98}
,{"DP":"HEEL NERVOHEEL 50 COMP","DD":"HEEL ESPAÑA","FRF":10,"FRP":10,"CRF":11,"CRP":12,"CF":7.38,"CFD":-29.73,"CQt":2.78,"CPz":0.473,"CPzD":-31.54,"CPr":15.62}
,{"DP":"STODAL INFANTIL JARABE","DD":"BOIRON","FRF":17,"FRP":17,"CRF":12,"CRP":11,"CF":5.2,"CFD":0,"CQt":1.96,"CPz":0.491,"CPzD":-3.55,"CPr":10.6}
,{"DP":"SPASCUPREEL 50 COMPRIMIDOS","DD":"HEEL ESPAÑA","FRF":7,"FRP":8,"CRF":13,"CRP":14,"CF":5.05,"CFD":-22.43,"CQt":1.9,"CPz":0.345,"CPzD":-24.1,"CPr":14.63}
,{"DP":"HOMEOVOX 60 COMP","DD":"BOIRON","FRF":15,"FRP":15,"CRF":14,"CRP":13,"CF":4.15,"CFD":23.49,"CQt":1.56,"CPz":0.455,"CPzD":13.75,"CPr":9.12}
,{"DP":"HEEL PACK DETOXIFICACION","DD":"HEEL ESPAÑA","FRF":4,"FRP":6,"CRF":15,"CRP":17,"CF":3.54,"CFD":0.96,"CQt":1.33,"CPz":0.091,"CPzD":0.1,"CPr":38.95}
,{"DP":"HOMEOVOX 40 COMP","DD":"BOIRON","FRF":13,"FRP":13,"CRF":16,"CRP":15,"CF":2.34,"CFD":-3.58,"CQt":0.88,"CPz":0.236,"CPzD":-18.87,"CPr":9.91}
,{"DP":"SALES DE SCHUSSLER","DD":"","FRF":8,"FRP":5,"CRF":17,"CRP":16,"CF":0.97,"CFD":-48.22,"CQt":0.36,"CPz":0.127,"CPzD":-50.11,"CPr":7.59}
,{"DP":"HEEL VIBURCOL SOL ORAL 15 MONO","DD":"HEEL ESPAÑA","FRF":12,"FRP":12,"CRF":18,"CRP":18,"CF":0.47,"CFD":-61.31,"CQt":0.18,"CPz":0.036,"CPzD":-60.4,"CPr":12.96}
,{"DP":"LUFFEEL SPRAY NASAL 20 ML HEEL","DD":"HEEL ESPAÑA","FRF":11,"FRP":11,"CRF":19,"CRP":19,"CF":0,"CFD":-100,"CQt":0,"CPz":0,"CPzD":-100,"CPr":null}]}