{"datiDettRefF":[
{"DP":"LIPIKAR BAUME AP+ 400 ML","DD":"LA ROCHE POSAY","FRF":1,"FRP":1,"FF":303.25,"FFD":94.88,"FQt":17.9,"FPz":15,"FPzD":87.5,"FPr":20.22,"MRF":10,"MRP":13,"CRF":18,"CRP":25}
,{"DP":"FISIOCREM 250 ML","DD":"CASA PRONAT","FRF":2,"FRP":5,"FF":125.16,"FFD":-43.35,"FQt":7.39,"FPz":5,"FPzD":-44.44,"FPr":25.03,"MRF":2,"MRP":4,"CRF":2,"CRP":4}
,{"DP":"FISIOCREM 60 ML","DD":"CASA PRONAT","FRF":3,"FRP":2,"FF":98.45,"FFD":489.52,"FQt":5.81,"FPz":11,"FPzD":450,"FPr":8.95,"MRF":1,"MRP":2,"CRF":1,"CRP":1}
,{"DP":"RYM QUEMADURAS 25 G","DD":"ERN","FRF":4,"FRP":3,"FF":93.5,"FFD":64.04,"FQt":5.52,"FPz":8,"FPzD":33.33,"FPr":11.69,"MRF":27,"MRP":25,"CRF":25,"CRP":19}
,{"DP":"LIPIKAR LAIT CORPORAL RELIPIDIZANTE ANTIDESEC 750 ML","DD":"LA ROCHE POSAY","FRF":5,"FRP":6,"FF":86,"FFD":-45.95,"FQt":5.08,"FPz":4,"FPzD":-50,"FPr":21.5,"MRF":29,"MRP":30,"CRF":34,"CRP":35}
,{"DP":"CAUDALIE CORPORAL","DD":"CAUDALIE","FRF":6,"FRP":7,"FF":75.6,"FFD":-25,"FQt":4.46,"FPz":3,"FPzD":-25,"FPr":25.2,"MRF":5,"MRP":9,"CRF":4,"CRP":10}
,{"DP":"TROFOLASTIN REDUCTOR DE CICATRICES 5 X 7,5 CM 5 U","DD":"NOVARTIS","FRF":7,"FRP":12,"FF":71.9,"FFD":-2.71,"FQt":4.24,"FPz":2,"FPzD":0,"FPr":35.95,"MRF":11,"MRP":19,"CRF":13,"CRP":24}
,{"DP":"THERMA PLUS CREMA EFECTO CALOR 60 ML","DD":"OUTBACKNPH","FRF":8,"FRP":4,"FF":65.7,"FFD":563.64,"FQt":3.88,"FPz":6,"FPzD":500,"FPr":10.95,"MRF":51,"MRP":48,"CRF":53,"CRP":53}
,{"DP":"LIERAC CORPORAL","DD":"LIERAC","FRF":9,"FRP":13,"FF":48.22,"FFD":-27.09,"FQt":2.85,"FPz":2,"FPzD":-33.33,"FPr":24.11,"MRF":28,"MRP":33,"CRF":30,"CRP":32}
,{"DP":"DEXERYL CREMA PROTECCION CUTANEA 500 ML","DD":"PIERRE FABRE IBERICA","FRF":10,"FRP":8,"FF":44.85,"FFD":64.29,"FQt":2.65,"FPz":3,"FPzD":50,"FPr":14.95,"MRF":8,"MRP":6,"CRF":9,"CRP":7}
,{"DP":"EUCERIN PACK CORPORAL","DD":"BDF BEIERSDORF","FRF":11,"FRP":19,"FF":39.95,"FFD":null,"FQt":2.36,"FPz":1,"FPzD":null,"FPr":39.95,"MRF":6,"MRP":10,"CRF":5,"CRP":11}
,{"DP":"LIPIKAR 400 ML","DD":"LA ROCHE POSAY","FRF":12,"FRP":9,"FF":37.5,"FFD":-9.22,"FQt":2.21,"FPz":3,"FPzD":50,"FPr":12.5,"MRF":35,"MRP":34,"CRF":46,"CRP":46}
,{"DP":"ANDINA CREMA DECOLORANTE 100 ML","DD":"FARDI","FRF":13,"FRP":14,"FF":37,"FFD":16.72,"FQt":2.18,"FPz":2,"FPzD":0,"FPr":18.5,"MRF":32,"MRP":31,"CRF":39,"CRP":38}
,{"DP":"BIO - OIL 125 ML","DD":"CEDERROTH DISTREX S.A.U.","FRF":14,"FRP":15,"FF":35.9,"FFD":-2.97,"FQt":2.12,"FPz":2,"FPzD":0,"FPr":17.95,"MRF":26,"MRP":28,"CRF":24,"CRP":26}
,{"DP":"ARCTIC PLUS GEL EFECTO FRIO 60 ML","DD":"OUTBACKNPH","FRF":15,"FRP":10,"FF":32.85,"FFD":null,"FQt":1.94,"FPz":3,"FPzD":null,"FPr":10.95,"MRF":55,"MRP":56,"CRF":56,"CRP":56}
,{"DP":"CICAPLAST CREMA REPARADORA 40 ML","DD":"LA ROCHE POSAY","FRF":16,"FRP":11,"FF":32.85,"FFD":50,"FQt":1.94,"FPz":3,"FPzD":50,"FPr":10.95,"MRF":37,"MRP":35,"CRF":33,"CRP":31}
,{"DP":"EUCERIN PIEL SENSIBLE PH-5 LOCION 1 L","DD":"BDF BEIERSDORF","FRF":17,"FRP":20,"FF":30.1,"FFD":null,"FQt":1.78,"FPz":1,"FPzD":null,"FPr":30.1,"MRF":20,"MRP":29,"CRF":20,"CRP":28}
,{"DP":"HIALDERM EMULSION CORPORAL 500 ML","DD":"DIAFARM","FRF":18,"FRP":21,"FF":28,"FFD":null,"FQt":1.65,"FPz":1,"FPzD":null,"FPr":28,"MRF":43,"MRP":45,"CRF":38,"CRP":41}
,{"DP":"XEMOSE CREMA EMOLIENTE UNIVERSAL 400 ML","DD":"URIAGE","FRF":19,"FRP":22,"FF":27.75,"FFD":null,"FQt":1.64,"FPz":1,"FPzD":null,"FPr":27.75,"MRF":30,"MRP":32,"CRF":22,"CRP":27}
,{"DP":"LIPIKAR SURGRAS CREMA DE DUCHA CONCENTRADA 750 ML","DD":"LA ROCHE POSAY","FRF":20,"FRP":16,"FF":27.55,"FFD":-73.97,"FQt":1.63,"FPz":2,"FPzD":-71.43,"FPr":13.78,"MRF":40,"MRP":39,"CRF":35,"CRP":34}
,{"DP":"ATOPIC PIEL LOCION CORPORAL 500 ML","DD":"FERRER INTERNACIONAL","FRF":21,"FRP":23,"FF":26.95,"FFD":5.69,"FQt":1.59,"FPz":1,"FPzD":0,"FPr":26.95,"MRF":39,"MRP":41,"CRF":50,"CRP":50}
,{"DP":"NIACIDERM CREMA 200 ML","DD":"CENTRUM EF SA","FRF":22,"FRP":24,"FF":24.95,"FFD":null,"FQt":1.47,"FPz":1,"FPzD":null,"FPr":24.95,"MRF":50,"MRP":52,"CRF":55,"CRP":55}
,{"DP":"DERMILID SCRUB LIMPIADOR PIEL GRASA 50 ML","DD":"DERMILID F","FRF":23,"FRP":25,"FF":23.95,"FFD":null,"FQt":1.41,"FPz":1,"FPzD":null,"FPr":23.95,"MRF":47,"MRP":49,"CRF":54,"CRP":54}
,{"DP":"BIO-OIL GEL PARA PIEL SECA 200 ML","DD":"ORKLA CEDERROTH","FRF":24,"FRP":26,"FF":21.95,"FFD":null,"FQt":1.3,"FPz":1,"FPzD":null,"FPr":21.95,"MRF":36,"MRP":37,"CRF":36,"CRP":36}
,{"DP":"MARTIDERM CREMA EXFOLIANTE CORPORAL 200 ML","DD":"MARTIDERM","FRF":25,"FRP":27,"FF":20.95,"FFD":null,"FQt":1.24,"FPz":1,"FPzD":null,"FPr":20.95,"MRF":45,"MRP":47,"CRF":52,"CRP":52}]
,"datiDettRefM":[
{"DP":"FISIOCREM 60 ML","DD":"CASA PRONAT","FRF":3,"FRP":2,"MRF":1,"MRP":2,"MF":125.4,"MFD":29.82,"MQt":5.55,"MPz":16,"MPzD":24.58,"MPr":7.74}
,{"DP":"FISIOCREM 250 ML","DD":"CASA PRONAT","FRF":2,"FRP":5,"MRF":2,"MRP":4,"MF":107.84,"MFD":16.42,"MQt":4.77,"MPz":5,"MPzD":6.69,"MPr":19.99}
,{"DP":"BEPANTHOL POMADA PROTECTORA 30 G","DD":"BAYER HISPANIA S.L.","FRF":30,"FRP":17,"MRF":3,"MRP":3,"MF":84.86,"MFD":7.19,"MQt":3.75,"MPz":10,"MPzD":13.15,"MPr":8.87}
,{"DP":"ATODERM CREMA 500 ML CON DISPENSADOR","DD":"BIODERMA-NAOS SKIN CARE","FRF":45,"FRP":45,"MRF":4,"MRP":5,"MF":50.76,"MFD":28.42,"MQt":2.25,"MPz":5,"MPzD":36.03,"MPr":10.96}
,{"DP":"CAUDALIE CORPORAL","DD":"CAUDALIE","FRF":6,"FRP":7,"MRF":5,"MRP":9,"MF":47.03,"MFD":-39.32,"MQt":2.08,"MPz":2,"MPzD":-46.45,"MPr":21.38}
,{"DP":"EUCERIN PACK CORPORAL","DD":"BDF BEIERSDORF","FRF":11,"FRP":19,"MRF":6,"MRP":10,"MF":46.52,"MFD":141.86,"MQt":2.06,"MPz":2,"MPzD":72.9,"MPr":24.45}
,{"DP":"BEPANTHOL POMADA PROTECTORA 100 G","DD":"BAYER HISPANIA S.L.","FRF":47,"FRP":47,"MRF":7,"MRP":11,"MF":35.96,"MFD":-2.16,"MQt":1.59,"MPz":2,"MPzD":-5.13,"MPr":17.41}
,{"DP":"DEXERYL CREMA PROTECCION CUTANEA 500 ML","DD":"PIERRE FABRE IBERICA","FRF":10,"FRP":8,"MRF":8,"MRP":6,"MF":34.64,"MFD":-14.42,"MQt":1.53,"MPz":3,"MPzD":-16.67,"MPr":12.25}
,{"DP":"CANNABIX CBD CREMA 60 ML","DD":"URIACH","FRF":49,"FRP":49,"MRF":9,"MRP":12,"MF":32.49,"MFD":null,"MQt":1.44,"MPz":2,"MPzD":null,"MPr":14.24}
,{"DP":"LIPIKAR BAUME AP+ 400 ML","DD":"LA ROCHE POSAY","FRF":1,"FRP":1,"MRF":10,"MRP":13,"MF":32.39,"MFD":15.37,"MQt":1.43,"MPz":2,"MPzD":33.09,"MPr":19.71}
,{"DP":"TROFOLASTIN REDUCTOR DE CICATRICES 5 X 7,5 CM 5 U","DD":"NOVARTIS","FRF":7,"FRP":12,"MRF":11,"MRP":19,"MF":32.32,"MFD":9.95,"MQt":1.43,"MPz":1,"MPzD":7.56,"MPr":31.98}
,{"DP":"NUXE CORPORAL","DD":"NUXE","FRF":54,"FRP":54,"MRF":12,"MRP":20,"MF":29.28,"MFD":-19.8,"MQt":1.3,"MPz":1,"MPzD":-34.16,"MPr":22.96}
,{"DP":"PURELAN 100 37 G","DD":"MEDELA","FRF":34,"FRP":35,"MRF":13,"MRP":14,"MF":26.47,"MFD":-0.14,"MQt":1.17,"MPz":2,"MPzD":19.35,"MPr":15.85}
,{"DP":"ACOFARDERM GEL DERMATOLOGICO ALOE VERA Y VIT E 1 L","DD":"ACOFARMA DISTRIBUCIÓN S A","FRF":44,"FRP":44,"MRF":14,"MRP":1,"MF":24.22,"MFD":6.13,"MQt":1.07,"MPz":20,"MPzD":9.5,"MPr":1.19}
,{"DP":"LETI AT-4 LECHE CORPORAL 500 ML","DD":"LAB LETI","FRF":52,"FRP":52,"MRF":15,"MRP":21,"MF":24.22,"MFD":-10.79,"MQt":1.07,"MPz":1,"MPzD":-4.64,"MPr":23.96}
,{"DP":"HALIBUT POMADA REGENERADORA 45 G","DD":"URIACH","FRF":51,"FRP":51,"MRF":16,"MRP":7,"MF":22.41,"MFD":10.04,"MQt":0.99,"MPz":3,"MPzD":24.44,"MPr":8.57}
,{"DP":"AVENE CICALFATE CREMA REPARADORA 100 ML","DD":"PIERRE FABRE IBERICA","FRF":46,"FRP":46,"MRF":17,"MRP":22,"MF":22.1,"MFD":23.84,"MQt":0.98,"MPz":1,"MPzD":-8.87,"MPr":16.69}
,{"DP":"TALQUISTINA 50 G","DD":"LACER","FRF":40,"FRP":40,"MRF":18,"MRP":8,"MF":21.4,"MFD":-5.68,"MQt":0.95,"MPz":3,"MPzD":3.54,"MPr":7.97}
,{"DP":"A-DERMA EXOMEGA CREMA EMOLIENTE 400 ML","DD":"PIERRE FABRE IBERICA","FRF":43,"FRP":43,"MRF":19,"MRP":23,"MF":21.29,"MFD":2.14,"MQt":0.94,"MPz":1,"MPzD":-3.65,"MPr":20.3}
,{"DP":"EUCERIN PIEL SENSIBLE PH-5 LOCION 1 L","DD":"BDF BEIERSDORF","FRF":17,"FRP":20,"MRF":20,"MRP":29,"MF":16.42,"MFD":-38.82,"MQt":0.73,"MPz":0.643,"MPzD":-41.11,"MPr":25.52}
,{"DP":"MENALIND CREMA PROTECTORA 200 ML","DD":"HARTMANN","FRF":53,"FRP":53,"MRF":21,"MRP":15,"MF":15.68,"MFD":25.49,"MQt":0.69,"MPz":2,"MPzD":63,"MPr":9.39}
,{"DP":"BIO - OIL 60 ML","DD":"CEDERROTH DISTREX S.A.U.","FRF":48,"FRP":48,"MRF":22,"MRP":24,"MF":14.95,"MFD":-10.12,"MQt":0.66,"MPz":1,"MPzD":-31.48,"MPr":11.47}
,{"DP":"PHYSIORELAX FORTE 75 ML","DD":"DFT EL GLOBO","FRF":55,"FRP":55,"MRF":23,"MRP":16,"MF":14.73,"MFD":-4.48,"MQt":0.65,"MPz":2,"MPzD":17.83,"MPr":9.27}
,{"DP":"DEXERYL CREMA PROTECCION CUTANEA 250 ML","DD":"PIERRE FABRE IBERICA","FRF":50,"FRP":50,"MRF":24,"MRP":17,"MF":14.43,"MFD":9.59,"MQt":0.64,"MPz":2,"MPzD":-0.8,"MPr":6.58}
,{"DP":"TALQUISTINA CREMA 50 ML","DD":"LACER","FRF":57,"FRP":57,"MRF":25,"MRP":18,"MF":13.77,"MFD":8.12,"MQt":0.61,"MPz":2,"MPzD":23.33,"MPr":8.01}]
,"datiDettRefC":[
{"DP":"FISIOCREM 60 ML","DD":"CASA PRONAT","FRF":3,"FRP":2,"CRF":1,"CRP":1,"CF":74.2,"CFD":43.85,"CQt":6.62,"CPz":9,"CPzD":33.06,"CPr":7.88}
,{"DP":"FISIOCREM 250 ML","DD":"CASA PRONAT","FRF":2,"FRP":5,"CRF":2,"CRP":4,"CF":44.15,"CFD":14.19,"CQt":3.94,"CPz":2,"CPzD":4.76,"CPr":20.75}
,{"DP":"BEPANTHOL POMADA PROTECTORA 30 G","DD":"BAYER HISPANIA S.L.","FRF":30,"FRP":17,"CRF":3,"CRP":3,"CF":38.01,"CFD":-14.55,"CQt":3.39,"CPz":4,"CPzD":-18.82,"CPr":8.71}
,{"DP":"CAUDALIE CORPORAL","DD":"CAUDALIE","FRF":6,"FRP":7,"CRF":4,"CRP":10,"CF":30.93,"CFD":-41.17,"CQt":2.76,"CPz":1,"CPzD":-56.69,"CPr":22.68}
,{"DP":"EUCERIN PACK CORPORAL","DD":"BDF BEIERSDORF","FRF":11,"FRP":19,"CRF":5,"CRP":11,"CF":26.48,"CFD":188.71,"CQt":2.36,"CPz":1,"CPzD":139.13,"CPr":26.48}
,{"DP":"CANNABIX CBD CREMA 60 ML","DD":"URIACH","FRF":49,"FRP":49,"CRF":6,"CRP":5,"CF":22.43,"CFD":null,"CQt":2,"CPz":2,"CPzD":null,"CPr":14.18}
,{"DP":"ATODERM CREMA 500 ML CON DISPENSADOR","DD":"BIODERMA-NAOS SKIN CARE","FRF":45,"FRP":45,"CRF":7,"CRP":6,"CF":20.34,"CFD":49.89,"CQt":1.81,"CPz":2,"CPzD":64.18,"CPr":11.19}
,{"DP":"NUXE CORPORAL","DD":"NUXE","FRF":54,"FRP":54,"CRF":8,"CRP":12,"CF":19.2,"CFD":-20.8,"CQt":1.71,"CPz":1,"CPzD":-15.38,"CPr":19.2}
,{"DP":"DEXERYL CREMA PROTECCION CUTANEA 500 ML","DD":"PIERRE FABRE IBERICA","FRF":10,"FRP":8,"CRF":9,"CRP":7,"CF":19.09,"CFD":26.47,"CQt":1.7,"CPz":2,"CPzD":61.76,"CPr":12.5}
,{"DP":"BEPANTHOL POMADA PROTECTORA 100 G","DD":"BAYER HISPANIA S.L.","FRF":47,"FRP":47,"CRF":10,"CRP":13,"CF":18.64,"CFD":20.73,"CQt":1.66,"CPz":1,"CPzD":10,"CPr":17.67}
,{"DP":"HALIBUT POMADA REGENERADORA 45 G","DD":"URIACH","FRF":51,"FRP":51,"CRF":11,"CRP":8,"CF":15.47,"CFD":4.3,"CQt":1.38,"CPz":2,"CPzD":13.4,"CPr":8.6}
,{"DP":"TALQUISTINA 50 G","DD":"LACER","FRF":40,"FRP":40,"CRF":12,"CRP":9,"CF":13.05,"CFD":1.59,"CQt":1.16,"CPz":2,"CPzD":23.6,"CPr":7.89}
,{"DP":"TROFOLASTIN REDUCTOR DE CICATRICES 5 X 7,5 CM 5 U","DD":"NOVARTIS","FRF":7,"FRP":12,"CRF":13,"CRP":24,"CF":12.57,"CFD":5.44,"CQt":1.12,"CPz":0.364,"CPzD":-9,"CPr":34.56}
,{"DP":"AVENE CICALFATE CREMA REPARADORA 100 ML","DD":"PIERRE FABRE IBERICA","FRF":46,"FRP":46,"CRF":14,"CRP":16,"CF":12.04,"CFD":52.3,"CQt":1.07,"CPz":0.709,"CPzD":49.98,"CPr":16.99}
,{"DP":"ACOFARDERM GEL DERMATOLOGICO ALOE VERA Y VIT E 1 L","DD":"ACOFARMA DISTRIBUCIÓN S A","FRF":44,"FRP":44,"CRF":15,"CRP":2,"CF":11.07,"CFD":26.38,"CQt":0.99,"CPz":6,"CPzD":13.01,"CPr":1.72}
,{"DP":"TALQUISTINA CREMA 50 ML","DD":"LACER","FRF":57,"FRP":57,"CRF":16,"CRP":14,"CF":9.66,"CFD":5.44,"CQt":0.86,"CPz":1,"CPzD":-14.06,"CPr":7.93}
,{"DP":"DEXERYL CREMA PROTECCION CUTANEA 250 ML","DD":"PIERRE FABRE IBERICA","FRF":50,"FRP":50,"CRF":17,"CRP":15,"CF":8.09,"CFD":13.96,"CQt":0.72,"CPz":1,"CPzD":-5.17,"CPr":6.74}
,{"DP":"LIPIKAR BAUME AP+ 400 ML","DD":"LA ROCHE POSAY","FRF":1,"FRP":1,"CRF":18,"CRP":25,"CF":7.91,"CFD":2.59,"CQt":0.71,"CPz":0.364,"CPzD":0.1,"CPr":21.74}
,{"DP":"PURELAN 100 37 G","DD":"MEDELA","FRF":34,"FRP":35,"CRF":19,"CRP":23,"CF":7.8,"CFD":-37.09,"CQt":0.7,"CPz":0.418,"CPzD":-43.93,"CPr":18.65}
,{"DP":"EUCERIN PIEL SENSIBLE PH-5 LOCION 1 L","DD":"BDF BEIERSDORF","FRF":17,"FRP":20,"CRF":20,"CRP":28,"CF":7.38,"CFD":-48.94,"CQt":0.66,"CPz":0.273,"CPzD":-51.56,"CPr":27.07}
,{"DP":"BIO - OIL 60 ML","DD":"CEDERROTH DISTREX S.A.U.","FRF":48,"FRP":48,"CRF":21,"CRP":18,"CF":7.33,"CFD":-9.65,"CQt":0.65,"CPz":0.636,"CPzD":-10.31,"CPr":11.52}
,{"DP":"XEMOSE CREMA EMOLIENTE UNIVERSAL 400 ML","DD":"URIAGE","FRF":19,"FRP":22,"CRF":22,"CRP":27,"CF":7.18,"CFD":124.88,"CQt":0.64,"CPz":0.291,"CPzD":100.06,"CPr":24.67}
,{"DP":"LETI AT-4 LECHE CORPORAL 500 ML","DD":"LAB LETI","FRF":52,"FRP":52,"CRF":23,"CRP":29,"CF":6.62,"CFD":-31.08,"CQt":0.59,"CPz":0.255,"CPzD":-33.21,"CPr":26.02}
,{"DP":"BIO - OIL 125 ML","DD":"CEDERROTH DISTREX S.A.U.","FRF":14,"FRP":15,"CRF":24,"CRP":26,"CF":6.42,"CFD":27.71,"CQt":0.57,"CPz":0.364,"CPzD":25.12,"CPr":17.66}
,{"DP":"RYM QUEMADURAS 25 G","DD":"ERN","FRF":4,"FRP":3,"CRF":25,"CRP":19,"CF":6.17,"CFD":6.11,"CQt":0.55,"CPz":0.636,"CPzD":6,"CPr":9.7}]}