{"datiDettRefF":[
{"DP":"PHYTOCYANE","DD":"LIERAC","FRF":1,"FRP":16,"FF":333.9,"FFD":246.73,"FQt":3.22,"FPz":9,"FPzD":200,"FPr":37.1,"MRF":42,"MRP":291,"CRF":60,"CRP":241}
,{"DP":"IRRIGADOR BUCAL ELECTRICO VIAJES CON ADAPTADOR","DD":"DENTAID","FRF":2,"FRP":125,"FF":210,"FFD":null,"FQt":2.03,"FPz":2,"FPzD":null,"FPr":105,"MRF":164,"MRP":458,"CRF":286,"CRP":456}
,{"DP":"CAUDALIE MANOS Y PIES","DD":"CAUDALIE","FRF":3,"FRP":4,"FF":200.55,"FFD":24.49,"FQt":1.93,"FPz":22,"FPzD":22.22,"FPr":9.12,"MRF":84,"MRP":72,"CRF":95,"CRP":100}
,{"DP":"TENA PROTECTIVE UNDERWEAR DISCREET T - MED 12 U","DD":"SCA HYGIENE PRODUCTS, S.L.","FRF":4,"FRP":6,"FF":196,"FFD":91.87,"FQt":1.89,"FPz":16,"FPzD":77.78,"FPr":12.25,"MRF":380,"MRP":423,"CRF":414,"CRP":437}
,{"DP":"PAPILOCARE GEL VAGINAL 7 CANULAS 5 ML","DD":"PROCARE HEALTH IBERIA","FRF":5,"FRP":39,"FF":176.28,"FFD":-8.43,"FQt":1.7,"FPz":6,"FPzD":-14.29,"FPr":29.38,"MRF":32,"MRP":175,"CRF":61,"CRP":236}
,{"DP":"PHYTO COLOR TINTES","DD":"ALES GROUPE","FRF":6,"FRP":5,"FF":168.3,"FFD":93.18,"FQt":1.62,"FPz":18,"FPzD":100,"FPr":9.35,"MRF":30,"MRP":38,"CRF":100,"CRP":102}
,{"DP":"PHYTOPROGENIUM","DD":"LIERAC","FRF":7,"FRP":9,"FF":148.5,"FFD":646.23,"FQt":1.43,"FPz":15,"FPzD":999,"FPr":9.9,"MRF":74,"MRP":68,"CRF":121,"CRP":162}
,{"DP":"VITIS ENCIAS COLUTORIO BUCAL 1 L","DD":"DENTAID","FRF":8,"FRP":17,"FF":143.55,"FFD":125,"FQt":1.38,"FPz":9,"FPzD":125,"FPr":15.95,"MRF":15,"MRP":33,"CRF":19,"CRP":36}
,{"DP":"GINGILACER COLUTORIO 1000 ML","DD":"LACER","FRF":9,"FRP":24,"FF":136.6,"FFD":-32.45,"FQt":1.32,"FPz":8,"FPzD":-33.33,"FPr":17.07,"MRF":45,"MRP":93,"CRF":50,"CRP":135}
,{"DP":"LACER COLUTORIO 1000 ML","DD":"LACER","FRF":10,"FRP":18,"FF":131.45,"FFD":88.46,"FQt":1.27,"FPz":9,"FPzD":80,"FPr":14.61,"MRF":127,"MRP":186,"CRF":144,"CRP":217}
,{"DP":"LACER PACK VARIOS","DD":"LACER","FRF":11,"FRP":13,"FF":129.5,"FFD":-65.38,"FQt":1.25,"FPz":10,"FPzD":-66.67,"FPr":12.95,"MRF":24,"MRP":36,"CRF":40,"CRP":48}
,{"DP":"CEPILLO DENTAL ADULTO ","DD":"DENTAID","FRF":12,"FRP":3,"FF":129.39,"FFD":6.83,"FQt":1.25,"FPz":25,"FPzD":0,"FPr":5.18,"MRF":7,"MRP":1,"CRF":11,"CRP":3}
,{"DP":"LACER OROS COLUTORIO 500 ML","DD":"LACER","FRF":13,"FRP":11,"FF":126,"FFD":31.46,"FQt":1.22,"FPz":12,"FPzD":33.33,"FPr":10.5,"MRF":26,"MRP":37,"CRF":27,"CRP":40}
,{"DP":"GINGILACER COLUTORIO 500 ML","DD":"LACER","FRF":14,"FRP":12,"FF":119.4,"FFD":14.26,"FQt":1.15,"FPz":12,"FPzD":9.09,"FPr":9.95,"MRF":4,"MRP":9,"CRF":6,"CRP":10}
,{"DP":"PHYTOMILLESIME","DD":"ALES GROUPE","FRF":15,"FRP":66,"FF":112.5,"FFD":null,"FQt":1.08,"FPz":4,"FPzD":null,"FPr":28.12,"MRF":433,"MRP":483,"CRF":490,"CRP":490}
,{"DP":"CEPILLO DENTAL ADULTO MEDIO","DD":"DENTAID","FRF":16,"FRP":2,"FF":108.51,"FFD":6.27,"FQt":1.05,"FPz":26,"FPzD":0,"FPr":4.17,"MRF":23,"MRP":4,"CRF":48,"CRP":13}
,{"DP":"ABSORB INC ORINA LIGERA 12 U","DD":"SCA HYGIENE PRODUCTS, S.L.","FRF":17,"FRP":10,"FF":104.7,"FFD":88.31,"FQt":1.01,"FPz":14,"FPzD":75,"FPr":7.48,"MRF":158,"MRP":138,"CRF":191,"CRP":166}
,{"DP":"STERADENT TRIPLE ACCION PLUS 90 COMP","DD":"RECKITT BENCKISER HEALTHCARE  S A","FRF":18,"FRP":53,"FF":99.75,"FFD":25,"FQt":0.96,"FPz":5,"FPzD":25,"FPr":19.95,"MRF":87,"MRP":177,"CRF":104,"CRP":242}
,{"DP":"GERMISDIN HIGIENE CORPORAL PIEL SECA 1 L","DD":"ISDIN","FRF":19,"FRP":40,"FF":93,"FFD":59.25,"FQt":0.9,"FPz":6,"FPzD":50,"FPr":15.5,"MRF":137,"MRP":190,"CRF":132,"CRP":216}
,{"DP":"PHYTOJOBA","DD":"LIERAC","FRF":20,"FRP":34,"FF":89.3,"FFD":382.44,"FQt":0.86,"FPz":7,"FPzD":600,"FPr":12.76,"MRF":196,"MRP":292,"CRF":186,"CRP":270}
,{"DP":"PODEXIN CALLOS Y DUREZAS TTO PODOLOGICO 50 ML","DD":"VICHY","FRF":21,"FRP":14,"FF":88,"FFD":null,"FQt":0.85,"FPz":10,"FPzD":null,"FPr":8.8,"MRF":361,"MRP":381,"CRF":375,"CRP":384}
,{"DP":"PHYTODENSIUM","DD":"LIERAC","FRF":22,"FRP":67,"FF":88,"FFD":402.86,"FQt":0.85,"FPz":4,"FPzD":300,"FPr":22,"MRF":280,"MRP":393,"CRF":209,"CRP":329}
,{"DP":"FLUOCARIL BI-FLUORE 250 DUPLO 125 ML 2 U","DD":"PROCTER & GAMBLE ESPAÑA","FRF":23,"FRP":19,"FF":85.89,"FFD":15.68,"FQt":0.83,"FPz":9,"FPzD":0,"FPr":9.54,"MRF":5,"MRP":7,"CRF":7,"CRP":11}
,{"DP":"LACERBLANC WHITE FLASH KIT DENTAL BLANQUEADOR ","DD":"LACER","FRF":24,"FRP":126,"FF":85,"FFD":null,"FQt":0.82,"FPz":2,"FPzD":null,"FPr":42.5,"MRF":132,"MRP":369,"CRF":178,"CRP":351}
,{"DP":"ABSORB INC ORINA LIGERA 30 U","DD":"SCA HYGIENE PRODUCTS, S.L.","FRF":25,"FRP":54,"FF":82.5,"FFD":451.84,"FQt":0.8,"FPz":5,"FPzD":400,"FPr":16.5,"MRF":464,"MRP":487,"CRF":492,"CRP":492}]
,"datiDettRefM":[
{"DP":"COLONIAS","DD":"","FRF":31,"FRP":35,"MRF":1,"MRP":2,"MF":117.65,"MFD":-16.63,"MQt":1.18,"MPz":15,"MPzD":-23.11,"MPr":7.97}
,{"DP":"COREGA ULTRA CREMA EXTRA FUERTE 75 ML","DD":"GLAXO SMITHKLINE","FRF":105,"FRP":139,"MRF":2,"MRP":6,"MF":102.01,"MFD":-13.32,"MQt":1.02,"MPz":9,"MPzD":-12.28,"MPr":11.54}
,{"DP":"COREGA CREMA EXTRA FUERTE SIN SABOR 70 G","DD":"GLAXO SMITHKLINE","FRF":209,"FRP":241,"MRF":3,"MRP":8,"MF":87.1,"MFD":-10.22,"MQt":0.87,"MPz":8,"MPzD":-7.04,"MPr":11.53}
,{"DP":"GINGILACER COLUTORIO 500 ML","DD":"LACER","FRF":14,"FRP":12,"MRF":4,"MRP":9,"MF":74.4,"MFD":-0.86,"MQt":0.74,"MPz":8,"MPzD":-5.67,"MPr":9.19}
,{"DP":"FLUOCARIL BI-FLUORE 250 DUPLO 125 ML 2 U","DD":"PROCTER & GAMBLE ESPAÑA","FRF":23,"FRP":19,"MRF":5,"MRP":7,"MF":73.36,"MFD":-10.96,"MQt":0.73,"MPz":9,"MPzD":-16.75,"MPr":7.9}
,{"DP":"APIVITA CAPILAR","DD":"APIVITA","FRF":352,"FRP":354,"MRF":6,"MRP":14,"MF":71.61,"MFD":-10.35,"MQt":0.72,"MPz":6,"MPzD":-8.11,"MPr":11.37}
,{"DP":"CEPILLO DENTAL ADULTO ","DD":"DENTAID","FRF":12,"FRP":3,"MRF":7,"MRP":1,"MF":70.72,"MFD":1.52,"MQt":0.71,"MPz":16,"MPzD":0.27,"MPr":4.48}
,{"DP":"KUKIDENT COMPLETE NEUTRO 70 G","DD":"PROCTER & GAMBLE ESPAÑA","FRF":231,"FRP":257,"MRF":8,"MRP":11,"MF":68.84,"MFD":-9.84,"MQt":0.69,"MPz":7,"MPzD":-7.5,"MPr":10.35}
,{"DP":"ALOCLAIR SPRAY PLUS 15 ML","DD":"ITALFARMACO","FRF":59,"FRP":93,"MRF":9,"MRP":20,"MF":63.98,"MFD":8.13,"MQt":0.64,"MPz":5,"MPzD":4.99,"MPr":12.77}
,{"DP":"FUNSOL POLVO 60 G","DD":"BAYER HISPANIA S.L.","FRF":345,"FRP":348,"MRF":10,"MRP":12,"MF":62.29,"MFD":20.92,"MQt":0.62,"MPz":7,"MPzD":12.32,"MPr":8.48}
,{"DP":"ALOCLAIR GEL PLUS 8 ML","DD":"ITALFARMACO","FRF":116,"FRP":144,"MRF":11,"MRP":21,"MF":59.62,"MFD":-0.66,"MQt":0.6,"MPz":5,"MPzD":-4.15,"MPr":11.8}
,{"DP":"LACER COLUTORIO CLORHEXIDINA 500 ML","DD":"LACER","FRF":30,"FRP":22,"MRF":12,"MRP":13,"MF":52.26,"MFD":-1.8,"MQt":0.52,"MPz":7,"MPzD":3.35,"MPr":8.02}
,{"DP":"COREGA SELLADO MAXIMO 70 G","DD":"GLAXO SMITHKLINE","FRF":388,"FRP":389,"MRF":13,"MRP":32,"MF":50.08,"MFD":21.78,"MQt":0.5,"MPz":4,"MPzD":18.21,"MPr":12.24}
,{"DP":"CEPILLO DIENTES VARIOS","DD":"","FRF":381,"FRP":382,"MRF":14,"MRP":54,"MF":50.01,"MFD":-45.49,"MQt":0.5,"MPz":3,"MPzD":-48.08,"MPr":15.07}
,{"DP":"VITIS ENCIAS COLUTORIO BUCAL 1 L","DD":"DENTAID","FRF":8,"FRP":17,"MRF":15,"MRP":33,"MF":49.05,"MFD":2.7,"MQt":0.49,"MPz":4,"MPzD":10.28,"MPr":13.29}
,{"DP":"KUKIDENT PRO DOBLE ACCION NEUTRO 60 G","DD":"VICKS","FRF":129,"FRP":146,"MRF":16,"MRP":22,"MF":48.85,"MFD":-11.6,"MQt":0.49,"MPz":5,"MPzD":-6.85,"MPr":10.51}
,{"DP":"NEUTROGENA CREMA DE MANOS CONCENTRADA 50 ML 2 U","DD":"JOHNSON & JOHNSON","FRF":133,"FRP":148,"MRF":17,"MRP":34,"MF":48.41,"MFD":3.89,"MQt":0.48,"MPz":4,"MPzD":-5.73,"MPr":11.25}
,{"DP":"PERIO AID TRATAMIENTO COLUTORIO SIN ALCOHOL 500 ML","DD":"DENTAID","FRF":162,"FRP":154,"MRF":18,"MRP":23,"MF":46.77,"MFD":-6.15,"MQt":0.47,"MPz":5,"MPzD":-11.48,"MPr":9.3}
,{"DP":"LETIBALM PEDIATRICO 10 ML","DD":"LAB LETI","FRF":494,"FRP":494,"MRF":19,"MRP":10,"MF":44.92,"MFD":19.65,"MQt":0.45,"MPz":8,"MPzD":13.93,"MPr":5.48}
,{"DP":"ISDIN SI-NAILS 2,5 ML","DD":"ISDIN","FRF":49,"FRP":129,"MRF":20,"MRP":89,"MF":43.06,"MFD":null,"MQt":0.43,"MPz":2,"MPzD":null,"MPr":22.57}
,{"DP":"MELAGYN GEL 200 ML","DD":"GYNEA LABORATORIOS","FRF":70,"FRP":73,"MRF":21,"MRP":35,"MF":42.7,"MFD":-2.86,"MQt":0.43,"MPz":4,"MPzD":-16.85,"MPr":9.55}
,{"DP":"AINARA GEL HIDRATANTE VAGINAL 30 G","DD":"ITALFARMACO","FRF":211,"FRP":243,"MRF":22,"MRP":55,"MF":40.35,"MFD":6.21,"MQt":0.4,"MPz":3,"MPzD":-0.72,"MPr":12.8}
,{"DP":"CEPILLO DENTAL ADULTO MEDIO","DD":"DENTAID","FRF":16,"FRP":2,"MRF":23,"MRP":4,"MF":39.79,"MFD":-6.31,"MQt":0.4,"MPz":11,"MPzD":-5.83,"MPr":3.71}
,{"DP":"LACER PACK VARIOS","DD":"LACER","FRF":11,"FRP":13,"MRF":24,"MRP":36,"MF":38.21,"MFD":-26.92,"MQt":0.38,"MPz":4,"MPzD":-25.63,"MPr":10}
,{"DP":"LACER COLUTORIO 500 ML","DD":"LACER","FRF":190,"FRP":167,"MRF":25,"MRP":24,"MF":38.01,"MFD":16.19,"MQt":0.38,"MPz":5,"MPzD":15.62,"MPr":7.87}]
,"datiDettRefC":[
{"DP":"COLONIAS","DD":"","FRF":31,"FRP":35,"CRF":1,"CRP":2,"CF":89.13,"CFD":-20.03,"CQt":1.72,"CPz":11,"CPzD":-23.03,"CPr":8.06}
,{"DP":"COREGA ULTRA CREMA EXTRA FUERTE 75 ML","DD":"GLAXO SMITHKLINE","FRF":105,"FRP":139,"CRF":2,"CRP":5,"CF":68.98,"CFD":-5.9,"CQt":1.34,"CPz":6,"CPzD":-4.35,"CPr":11.6}
,{"DP":"COREGA CREMA EXTRA FUERTE SIN SABOR 70 G","DD":"GLAXO SMITHKLINE","FRF":209,"FRP":241,"CRF":3,"CRP":6,"CF":54.6,"CFD":-14.55,"CQt":1.06,"CPz":5,"CPzD":-10.71,"CPr":11.6}
,{"DP":"KUKIDENT COMPLETE NEUTRO 70 G","DD":"PROCTER & GAMBLE ESPAÑA","FRF":231,"FRP":257,"CRF":4,"CRP":7,"CF":49.13,"CFD":13.2,"CQt":0.95,"CPz":5,"CPzD":19.05,"CPr":10.9}
,{"DP":"CEPILLO DIENTES VARIOS","DD":"","FRF":381,"FRP":382,"CRF":5,"CRP":14,"CF":40.14,"CFD":-48.01,"CQt":0.78,"CPz":3,"CPzD":-24.31,"CPr":13.22}
,{"DP":"GINGILACER COLUTORIO 500 ML","DD":"LACER","FRF":14,"FRP":12,"CRF":6,"CRP":10,"CF":38.64,"CFD":-15.88,"CQt":0.75,"CPz":4,"CPzD":-22.26,"CPr":9.32}
,{"DP":"FLUOCARIL BI-FLUORE 250 DUPLO 125 ML 2 U","DD":"PROCTER & GAMBLE ESPAÑA","FRF":23,"FRP":19,"CRF":7,"CRP":11,"CF":35.02,"CFD":-19.83,"CQt":0.68,"CPz":4,"CPzD":-24.14,"CPr":7.89}
,{"DP":"ALOCLAIR SPRAY PLUS 15 ML","DD":"ITALFARMACO","FRF":59,"FRP":93,"CRF":8,"CRP":15,"CF":33.4,"CFD":7.16,"CQt":0.65,"CPz":3,"CPzD":23.13,"CPr":13.22}
,{"DP":"FUNSOL POLVO 60 G","DD":"BAYER HISPANIA S.L.","FRF":345,"FRP":348,"CRF":9,"CRP":12,"CF":33.09,"CFD":-3.6,"CQt":0.64,"CPz":4,"CPzD":-2.65,"CPr":8.5}
,{"DP":"COREGA SELLADO MAXIMO 70 G","DD":"GLAXO SMITHKLINE","FRF":388,"FRP":389,"CRF":10,"CRP":31,"CF":30.77,"CFD":15.02,"CQt":0.6,"CPz":2,"CPzD":-7.56,"CPr":12.35}
,{"DP":"CEPILLO DENTAL ADULTO ","DD":"DENTAID","FRF":12,"FRP":3,"CRF":11,"CRP":3,"CF":29.39,"CFD":11.31,"CQt":0.57,"CPz":7,"CPzD":18.1,"CPr":4.5}
,{"DP":"APIVITA CAPILAR","DD":"APIVITA","FRF":352,"FRP":354,"CRF":12,"CRP":32,"CF":27.97,"CFD":-26.88,"CQt":0.54,"CPz":2,"CPzD":-36.78,"CPr":11.31}
,{"DP":"COREGA ULTRA CREMA EXTRA FUERTE 40 ML","DD":"GLAXO SMITHKLINE","FRF":391,"FRP":392,"CRF":13,"CRP":16,"CF":27.72,"CFD":-4.39,"CQt":0.54,"CPz":3,"CPzD":-19.12,"CPr":8.07}
,{"DP":"KUKIDENT PRO DOBLE ACCION NEUTRO 60 G","DD":"VICKS","FRF":129,"FRP":146,"CRF":14,"CRP":33,"CF":26.83,"CFD":-26.99,"CQt":0.52,"CPz":2,"CPzD":-41.18,"CPr":11.01}
,{"DP":"ALOCLAIR GEL PLUS 8 ML","DD":"ITALFARMACO","FRF":116,"FRP":144,"CRF":15,"CRP":34,"CF":26.52,"CFD":-4.63,"CQt":0.51,"CPz":2,"CPzD":-15.38,"CPr":11.86}
,{"DP":"LACER COLUTORIO CLORHEXIDINA 500 ML","DD":"LACER","FRF":30,"FRP":22,"CRF":16,"CRP":17,"CF":26.5,"CFD":-15.91,"CQt":0.51,"CPz":3,"CPzD":-22.9,"CPr":7.92}
,{"DP":"ALGASIV 30 U INFERIOR","DD":"COMBE EUROPA","FRF":363,"FRP":364,"CRF":17,"CRP":35,"CF":25.66,"CFD":17.33,"CQt":0.5,"CPz":2,"CPzD":0,"CPr":10.86}
,{"DP":"PERIO AID TRATAMIENTO COLUTORIO SIN ALCOHOL 500 ML","DD":"DENTAID","FRF":162,"FRP":154,"CRF":18,"CRP":18,"CF":25.55,"CFD":-11.46,"CQt":0.49,"CPz":3,"CPzD":-9.84,"CPr":9.25}
,{"DP":"VITIS ENCIAS COLUTORIO BUCAL 1 L","DD":"DENTAID","FRF":8,"FRP":17,"CRF":19,"CRP":36,"CF":24.96,"CFD":19.94,"CQt":0.48,"CPz":2,"CPzD":34.15,"CPr":14.3}
,{"DP":"MITOSYL POMADA PROTECTORA 65 G","DD":"SANOFI AVENTIS S.A.","FRF":136,"FRP":111,"CRF":20,"CRP":19,"CF":24.84,"CFD":-2.81,"CQt":0.48,"CPz":3,"CPzD":0.61,"CPr":8.59}
,{"DP":"COREGA TOTAL CREMA FIJADORA 75 ML","DD":"GLAXO SMITHKLINE","FRF":390,"FRP":391,"CRF":21,"CRP":37,"CF":23.17,"CFD":-11.63,"CQt":0.45,"CPz":2,"CPzD":-9.09,"CPr":12.02}
,{"DP":"ISDIN SI-NAILS 2,5 ML","DD":"ISDIN","FRF":49,"FRP":129,"CRF":22,"CRP":78,"CF":22.68,"CFD":null,"CQt":0.44,"CPz":1,"CPzD":null,"CPr":22.27}
,{"DP":"NEUTROGENA CREMA DE MANOS CONCENTRADA 50 ML 2 U","DD":"JOHNSON & JOHNSON","FRF":133,"FRP":148,"CRF":23,"CRP":38,"CF":22.26,"CFD":21.37,"CQt":0.43,"CPz":2,"CPzD":19.57,"CPr":11.44}
,{"DP":"ORALDINE ANTISEPTICO 400 ML","DD":"JOHNSON & JOHNSON","FRF":308,"FRP":314,"CRF":24,"CRP":20,"CF":22.22,"CFD":-11.65,"CQt":0.43,"CPz":3,"CPzD":-14.06,"CPr":7.5}
,{"DP":"MELAGYN GEL 200 ML","DD":"GYNEA LABORATORIOS","FRF":70,"FRP":73,"CRF":25,"CRP":39,"CF":21.47,"CFD":-8.21,"CQt":0.42,"CPz":2,"CPzD":-19.71,"CPr":9.68}]}