{"datiDettRefF":[
{"DP":"TENA PROTECTIVE UNDERWEAR DISCREET T - MED 12 U","DD":"SCA HYGIENE PRODUCTS, S.L.","FRF":1,"FRP":1,"FF":196,"FFD":91.87,"FQt":11.37,"FPz":16,"FPzD":77.78,"FPr":12.25,"MRF":56,"MRP":64,"CRF":61,"CRP":64}
,{"DP":"PAPILOCARE GEL VAGINAL 7 CANULAS 5 ML","DD":"PROCARE HEALTH IBERIA","FRF":2,"FRP":11,"FF":176.28,"FFD":-8.43,"FQt":10.23,"FPz":6,"FPzD":-14.29,"FPr":29.38,"MRF":4,"MRP":24,"CRF":7,"CRP":38}
,{"DP":"ABSORB INC ORINA LIGERA 12 U","DD":"SCA HYGIENE PRODUCTS, S.L.","FRF":3,"FRP":2,"FF":104.7,"FFD":88.31,"FQt":6.08,"FPz":14,"FPzD":75,"FPr":7.48,"MRF":20,"MRP":15,"CRF":27,"CRP":25}
,{"DP":"ABSORB INC ORINA LIGERA 30 U","DD":"SCA HYGIENE PRODUCTS, S.L.","FRF":4,"FRP":13,"FF":82.5,"FFD":451.84,"FQt":4.79,"FPz":5,"FPzD":400,"FPr":16.5,"MRF":73,"MRP":75,"CRF":75,"CRP":75}
,{"DP":"ABSORB INC ORINA LIGERA 20 U","DD":"SCA HYGIENE PRODUCTS, S.L.","FRF":5,"FRP":4,"FF":78.75,"FFD":16.67,"FQt":4.57,"FPz":9,"FPzD":0,"FPr":8.75,"MRF":21,"MRP":16,"CRF":16,"CRP":12}
,{"DP":"GERMISDIN HIGIENE INTIMA TOALLITAS 20 TOALLITAS","DD":"ISDIN","FRF":6,"FRP":5,"FF":60.8,"FFD":46.51,"FQt":3.53,"FPz":8,"FPzD":33.33,"FPr":7.6,"MRF":58,"MRP":53,"CRF":54,"CRP":55}
,{"DP":"CUMLAUDE LAB: HIGIENE INTIMA DIARIA GEL 500 ML","DD":"DERMOFARM","FRF":7,"FRP":14,"FF":58.74,"FFD":null,"FQt":3.41,"FPz":5,"FPzD":null,"FPr":11.75,"MRF":28,"MRP":42,"CRF":38,"CRP":43}
,{"DP":"ABSORB INC ORINA LIGERA 16 U","DD":"SCA HYGIENE PRODUCTS, S.L.","FRF":8,"FRP":9,"FF":49.55,"FFD":27.05,"FQt":2.88,"FPz":7,"FPzD":16.67,"FPr":7.08,"MRF":64,"MRP":58,"CRF":53,"CRP":54}
,{"DP":"RILASTIL CUMLAUDE LAB: VIDERAGE 30 ML","DD":"DERMOFARM","FRF":9,"FRP":23,"FF":46.2,"FFD":null,"FQt":2.68,"FPz":2,"FPzD":null,"FPr":23.1,"MRF":55,"MRP":70,"CRF":66,"CRP":69}
,{"DP":"HEMOFARM PLUS TOALLITAS SOBRE 60 TOALLITAS CIERRRE TAPA DURA","DD":"DIAFARM","FRF":10,"FRP":6,"FF":45.25,"FFD":162.32,"FQt":2.63,"FPz":8,"FPzD":166.67,"FPr":5.66,"MRF":61,"MRP":52,"CRF":65,"CRP":58}
,{"DP":"MELAGYN GEL 200 ML","DD":"GYNEA LABORATORIOS","FRF":11,"FRP":15,"FF":39.4,"FFD":18.67,"FQt":2.29,"FPz":4,"FPzD":0,"FPr":9.85,"MRF":1,"MRP":3,"CRF":1,"CRP":2}
,{"DP":"COMPRESAS TOCOLOGICAS NORMAL CON ALAS 16 COMPRESAS","DD":"PROCTER & GAMBLE ESPAÑA","FRF":12,"FRP":3,"FF":34.7,"FFD":30.7,"FQt":2.01,"FPz":10,"FPzD":11.11,"FPr":3.47,"MRF":27,"MRP":4,"CRF":37,"CRP":7}
,{"DP":"TENA MEN PROTECTIVE UNDERWEAR L4 M L 10 U","DD":"SCA HYGIENE PRODUCTS, S.L.","FRF":13,"FRP":24,"FF":33.9,"FFD":null,"FQt":1.97,"FPz":2,"FPzD":null,"FPr":16.95,"MRF":44,"MRP":55,"CRF":63,"CRP":66}
,{"DP":"CUMLAUDE LAB: HIGIENE INTIMA CLX MOUSSE 200 ML","DD":"DERMOFARM","FRF":14,"FRP":18,"FF":32.55,"FFD":205.63,"FQt":1.89,"FPz":3,"FPzD":200,"FPr":10.85,"MRF":59,"MRP":62,"CRF":56,"CRP":60}
,{"DP":"CUMLAUDE LAB: HIDRATANTE EXTERNO 30 ML","DD":"DERMOFARM","FRF":15,"FRP":19,"FF":32.25,"FFD":-18.56,"FQt":1.87,"FPz":3,"FPzD":-25,"FPr":10.75,"MRF":13,"MRP":12,"CRF":29,"CRP":39}
,{"DP":"INTIMINA COPA MENSTRUAL COMPACT T- A","DD":"EUROLAB FARMA","FRF":16,"FRP":33,"FF":29.95,"FFD":null,"FQt":1.74,"FPz":1,"FPzD":null,"FPr":29.95,"MRF":34,"MRP":57,"CRF":24,"CRP":47}
,{"DP":"INTIMINA COPA MENSTRUAL T- A","DD":"EUROLAB FARMA","FRF":17,"FRP":34,"FF":29.95,"FFD":null,"FQt":1.74,"FPz":1,"FPzD":null,"FPr":29.95,"MRF":31,"MRP":54,"CRF":33,"CRP":51}
,{"DP":"GERMISDIN HIGIENE INTIMA 500 ML","DD":"ISDIN","FRF":18,"FRP":25,"FF":28.4,"FFD":126.29,"FQt":1.65,"FPz":2,"FPzD":100,"FPr":14.2,"MRF":18,"MRP":28,"CRF":25,"CRP":40}
,{"DP":"TAMPONES","DD":"","FRF":19,"FRP":10,"FF":27.65,"FFD":-64.01,"FQt":1.6,"FPz":7,"FPzD":-61.11,"FPr":3.95,"MRF":6,"MRP":1,"CRF":23,"CRP":6}
,{"DP":"TENA LADY MINI PLUS 16 U","DD":"SCA HYGIENE PRODUCTS, S.L.","FRF":20,"FRP":12,"FF":26.91,"FFD":-30.82,"FQt":1.56,"FPz":6,"FPzD":-33.33,"FPr":4.49,"MRF":43,"MRP":37,"CRF":47,"CRP":37}
,{"DP":"LACTACYD INTIMO GEL SUAVE 400 ML","DD":"OMEGA PHARMA ESPAÑA, S.A.","FRF":21,"FRP":26,"FF":24.3,"FFD":-32.33,"FQt":1.41,"FPz":2,"FPzD":-33.33,"FPr":12.15,"MRF":65,"MRP":68,"CRF":68,"CRP":70}
,{"DP":"LILY CUP ONE COPA MENSTRUAL T-U","DD":"LILICON IMD","FRF":22,"FRP":35,"FF":24.25,"FFD":null,"FQt":1.41,"FPz":1,"FPzD":null,"FPr":24.25,"MRF":54,"MRP":69,"CRF":50,"CRP":57}
,{"DP":"CUMLAUDE LAB: OVULOS CLX 10 OVULOS","DD":"DERMOFARM","FRF":23,"FRP":27,"FF":23.9,"FFD":-32.2,"FQt":1.39,"FPz":2,"FPzD":-33.33,"FPr":11.95,"MRF":11,"MRP":11,"CRF":14,"CRP":29}
,{"DP":"COMPRESAS TOCOLOGICAS SUPER CON ALAS 12 COMPRESAS","DD":"PROCTER & GAMBLE ESPAÑA","FRF":24,"FRP":7,"FF":23.6,"FFD":-9.61,"FQt":1.37,"FPz":8,"FPzD":-11.11,"FPr":2.95,"MRF":49,"MRP":39,"CRF":52,"CRP":28}
,{"DP":"COMPRESAS TOCOLOGICAS SUPERPLUS 10 COMPRESAS","DD":"PROCTER & GAMBLE ESPAÑA","FRF":25,"FRP":8,"FF":23.6,"FFD":null,"FQt":1.37,"FPz":8,"FPzD":null,"FPr":2.95,"MRF":52,"MRP":41,"CRF":59,"CRP":46}]
,"datiDettRefM":[
{"DP":"MELAGYN GEL 200 ML","DD":"GYNEA LABORATORIOS","FRF":11,"FRP":15,"MRF":1,"MRP":3,"MF":42.7,"MFD":-2.86,"MQt":3.21,"MPz":4,"MPzD":-16.85,"MPr":9.55}
,{"DP":"AINARA GEL HIDRATANTE VAGINAL 30 G","DD":"ITALFARMACO","FRF":36,"FRP":42,"MRF":2,"MRP":5,"MF":40.35,"MFD":6.21,"MQt":3.03,"MPz":3,"MPzD":-0.72,"MPr":12.8}
,{"DP":"ZELESSE SOL LIMPIADORA HIGIENE INTIMA 250 ML","DD":"ITALFARMACO","FRF":26,"FRP":28,"MRF":3,"MRP":6,"MF":37.02,"MFD":3.69,"MQt":2.78,"MPz":3,"MPzD":-4.64,"MPr":11.28}
,{"DP":"PAPILOCARE GEL VAGINAL 7 CANULAS 5 ML","DD":"PROCARE HEALTH IBERIA","FRF":2,"FRP":11,"MRF":4,"MRP":24,"MF":35.74,"MFD":9.26,"MQt":2.69,"MPz":1,"MPzD":-21.94,"MPr":25.72}
,{"DP":"MUVAGYN PROBIOTICO CAPSULA VAGINAL 10 CAPS VAGINALES","DD":"CASEN RECORDATI S L","FRF":71,"FRP":71,"MRF":5,"MRP":7,"MF":34.08,"MFD":-4.36,"MQt":2.56,"MPz":2,"MPzD":-0.8,"MPr":17.66}
,{"DP":"TAMPONES","DD":"","FRF":19,"FRP":10,"MRF":6,"MRP":1,"MF":27.33,"MFD":1.87,"MQt":2.05,"MPz":6,"MPzD":0.36,"MPr":4.45}
,{"DP":"ABSORB INC ORINA LIGERA 60 X 90 30 U","DD":"HARTMANN","FRF":57,"FRP":57,"MRF":7,"MRP":8,"MF":27.03,"MFD":-0.47,"MQt":2.03,"MPz":2,"MPzD":1.09,"MPr":13.66}
,{"DP":"VAGINESIL GEL HIDRATANTE VAGINAL 30 G","DD":"COMBE EUROPA","FRF":73,"FRP":73,"MRF":8,"MRP":9,"MF":21.64,"MFD":-6.86,"MQt":1.63,"MPz":2,"MPzD":-25.25,"MPr":8.84}
,{"DP":"EPIXELLE SOLUCION LIMPIADORA 200 ML","DD":"ITALFARMACO","FRF":68,"FRP":68,"MRF":9,"MRP":25,"MF":20.98,"MFD":22.83,"MQt":1.58,"MPz":1,"MPzD":8.19,"MPr":18.75}
,{"DP":"LETIFEM PAEDIATRIC GEL INTIMO 250 ML","DD":"LAB LETI","FRF":42,"FRP":46,"MRF":10,"MRP":10,"MF":20.56,"MFD":-3.8,"MQt":1.55,"MPz":2,"MPzD":3.64,"MPr":11.46}
,{"DP":"CUMLAUDE LAB: OVULOS CLX 10 OVULOS","DD":"DERMOFARM","FRF":23,"FRP":27,"MRF":11,"MRP":11,"MF":20.32,"MFD":16.78,"MQt":1.53,"MPz":2,"MPzD":28.92,"MPr":11.25}
,{"DP":"MELAGYN HIDRATANTE VAGINAL TUB","DD":"","FRF":38,"FRP":43,"MRF":12,"MRP":26,"MF":18.85,"MFD":16.93,"MQt":1.42,"MPz":1,"MPzD":-18.14,"MPr":13.21}
,{"DP":"CUMLAUDE LAB: HIDRATANTE EXTERNO 30 ML","DD":"DERMOFARM","FRF":15,"FRP":19,"MRF":13,"MRP":12,"MF":17.86,"MFD":17.55,"MQt":1.34,"MPz":2,"MPzD":28.92,"MPr":9.81}
,{"DP":"COMPRESAS","DD":"","FRF":43,"FRP":21,"MRF":14,"MRP":2,"MF":16.58,"MFD":-10.4,"MQt":1.25,"MPz":5,"MPzD":-7.04,"MPr":3.42}
,{"DP":"VELASTISA INTIM HIDRATANTE GINECOLOGICO V V 30 G","DD":"ISDIN","FRF":74,"FRP":74,"MRF":15,"MRP":27,"MF":16.13,"MFD":3.81,"MQt":1.21,"MPz":1,"MPzD":-28.85,"MPr":11.05}
,{"DP":"ABSORB INC ORINA LIGERA LEVEL-3 16 U","DD":"SCA HYGIENE PRODUCTS, S.L.","FRF":61,"FRP":61,"MRF":16,"MRP":13,"MF":15.74,"MFD":11,"MQt":1.18,"MPz":2,"MPzD":0,"MPr":7.24}
,{"DP":"ABSORB INC ORINA LIGERA LEVEL-2  20 U","DD":"SCA HYGIENE PRODUCTS, S.L.","FRF":60,"FRP":60,"MRF":17,"MRP":14,"MF":14.69,"MFD":7.39,"MQt":1.1,"MPz":2,"MPzD":6.02,"MPr":6.97}
,{"DP":"GERMISDIN HIGIENE INTIMA 500 ML","DD":"ISDIN","FRF":18,"FRP":25,"MRF":18,"MRP":28,"MF":14.68,"MFD":-12.61,"MQt":1.1,"MPz":1,"MPzD":-27.73,"MPr":12.18}
,{"DP":"ZELESSE CREMA INTIMA 30 G","DD":"ITALFARMACO","FRF":75,"FRP":75,"MRF":19,"MRP":29,"MF":14.53,"MFD":5.24,"MQt":1.09,"MPz":1,"MPzD":-14.75,"MPr":12.05}
,{"DP":"ABSORB INC ORINA LIGERA 12 U","DD":"SCA HYGIENE PRODUCTS, S.L.","FRF":3,"FRP":2,"MRF":20,"MRP":15,"MF":13.38,"MFD":12.94,"MQt":1.01,"MPz":2,"MPzD":2.21,"MPr":6.45}
,{"DP":"ABSORB INC ORINA LIGERA 20 U","DD":"SCA HYGIENE PRODUCTS, S.L.","FRF":5,"FRP":4,"MRF":21,"MRP":16,"MF":13.31,"MFD":-1.34,"MQt":1,"MPz":2,"MPzD":-7.5,"MPr":6.5}
,{"DP":"ABSORB INC ORINA LIGERA 24 U","DD":"SCA HYGIENE PRODUCTS, S.L.","FRF":35,"FRP":30,"MRF":22,"MRP":17,"MF":13.12,"MFD":-1.36,"MQt":0.99,"MPz":2,"MPzD":-9.98,"MPr":5.94}
,{"DP":"ABSORB INC ORINA LIGERA LEVEL-1  24 U","DD":"SCA HYGIENE PRODUCTS, S.L.","FRF":59,"FRP":59,"MRF":23,"MRP":18,"MF":12.99,"MFD":-0.04,"MQt":0.98,"MPz":2,"MPzD":13.15,"MPr":7.58}
,{"DP":"CUMLAUDE LAB: HIDRATANTE EXTERNO CLX 30 ML","DD":"DERMOFARM","FRF":29,"FRP":29,"MRF":24,"MRP":30,"MF":12.45,"MFD":22.96,"MQt":0.94,"MPz":1,"MPzD":-2.63,"MPr":10.06}
,{"DP":"INDASEC EXTRA COMPRESA PERDIDAS LEVES 22 ABSORB","DD":"INDAS","FRF":69,"FRP":69,"MRF":25,"MRP":19,"MF":11.86,"MFD":7.19,"MQt":0.89,"MPz":2,"MPzD":12.46,"MPr":6.24}]
,"datiDettRefC":[
{"DP":"MELAGYN GEL 200 ML","DD":"GYNEA LABORATORIOS","FRF":11,"FRP":15,"CRF":1,"CRP":2,"CF":21.47,"CFD":-8.21,"CQt":3.21,"CPz":2,"CPzD":-19.71,"CPr":9.68}
,{"DP":"AINARA GEL HIDRATANTE VAGINAL 30 G","DD":"ITALFARMACO","FRF":36,"FRP":42,"CRF":2,"CRP":3,"CF":20.37,"CFD":5.6,"CQt":3.04,"CPz":2,"CPzD":32.53,"CPr":13.03}
,{"DP":"ABSORB INC ORINA LIGERA 60 X 90 30 U","DD":"HARTMANN","FRF":57,"FRP":57,"CRF":3,"CRP":8,"CF":16.68,"CFD":-5.99,"CQt":2.49,"CPz":1,"CPzD":-14.06,"CPr":14.11}
,{"DP":"MUVAGYN PROBIOTICO CAPSULA VAGINAL 10 CAPS VAGINALES","DD":"CASEN RECORDATI S L","FRF":71,"FRP":71,"CRF":4,"CRP":27,"CF":14.55,"CFD":1.39,"CQt":2.17,"CPz":0.8,"CPzD":0,"CPr":18.19}
,{"DP":"ZELESSE SOL LIMPIADORA HIGIENE INTIMA 250 ML","DD":"ITALFARMACO","FRF":26,"FRP":28,"CRF":5,"CRP":9,"CF":14.19,"CFD":11.36,"CQt":2.12,"CPz":1,"CPzD":-8.33,"CPr":12.01}
,{"DP":"VAGINESIL GEL HIDRATANTE VAGINAL 30 G","DD":"COMBE EUROPA","FRF":73,"FRP":73,"CRF":6,"CRP":4,"CF":13.79,"CFD":10.57,"CQt":2.06,"CPz":2,"CPzD":41.03,"CPr":8.82}
,{"DP":"PAPILOCARE GEL VAGINAL 7 CANULAS 5 ML","DD":"PROCARE HEALTH IBERIA","FRF":2,"FRP":11,"CRF":7,"CRP":38,"CF":13.75,"CFD":50.38,"CQt":2.05,"CPz":0.545,"CPzD":49.88,"CPr":25.2}
,{"DP":"VELASTISA INTIM HIDRATANTE GINECOLOGICO V V 30 G","DD":"ISDIN","FRF":74,"FRP":74,"CRF":8,"CRP":10,"CF":12.59,"CFD":38.7,"CQt":1.88,"CPz":1,"CPzD":17.02,"CPr":10.99}
,{"DP":"INDASEC MINI COMPRESA PERDIDAS LEVES 22 ABSORB","DD":"INDAS","FRF":70,"FRP":70,"CRF":9,"CRP":1,"CF":12.09,"CFD":99.2,"CQt":1.81,"CPz":3,"CPzD":87.5,"CPr":3.63}
,{"DP":"MELAGYN HIDRATANTE VAGINAL TUB","DD":"","FRF":38,"FRP":43,"CRF":10,"CRP":22,"CF":11.83,"CFD":92.53,"CQt":1.77,"CPz":0.891,"CPzD":88.48,"CPr":13.28}
,{"DP":"ZELESSE CREMA INTIMA 30 G","DD":"ITALFARMACO","FRF":75,"FRP":75,"CRF":11,"CRP":23,"CF":10.39,"CFD":114.36,"CQt":1.55,"CPz":0.836,"CPzD":99.91,"CPr":12.43}
,{"DP":"LETIFEM PAEDIATRIC GEL INTIMO 250 ML","DD":"LAB LETI","FRF":42,"FRP":46,"CRF":12,"CRP":24,"CF":9.92,"CFD":-10.6,"CQt":1.48,"CPz":0.836,"CPzD":-11.58,"CPr":11.86}
,{"DP":"ABSORB INC ORINA LIGERA F MIDI 300 ML 14 U","DD":"HARTMANN","FRF":58,"FRP":58,"CRF":13,"CRP":5,"CF":8.91,"CFD":15.17,"CQt":1.33,"CPz":2,"CPzD":3.77,"CPr":4.46}
,{"DP":"CUMLAUDE LAB: OVULOS CLX 10 OVULOS","DD":"DERMOFARM","FRF":23,"FRP":27,"CRF":14,"CRP":29,"CF":8.44,"CFD":118.85,"CQt":1.26,"CPz":0.709,"CPzD":105.24,"CPr":11.9}
,{"DP":"ABSORB INC ORINA LIGERA LEVEL-2  20 U","DD":"SCA HYGIENE PRODUCTS, S.L.","FRF":60,"FRP":60,"CRF":15,"CRP":11,"CF":8.12,"CFD":27.76,"CQt":1.21,"CPz":1,"CPzD":17.02,"CPr":7.7}
,{"DP":"ABSORB INC ORINA LIGERA 20 U","DD":"SCA HYGIENE PRODUCTS, S.L.","FRF":5,"FRP":4,"CRF":16,"CRP":12,"CF":7.9,"CFD":65.51,"CQt":1.18,"CPz":1,"CPzD":25,"CPr":6.69}
,{"DP":"INDASEC MAXI COMPRESA PERDIDAS LEVES 15 ABSORB","DD":"INDAS","FRF":50,"FRP":50,"CRF":17,"CRP":13,"CF":7.65,"CFD":3.7,"CQt":1.14,"CPz":1,"CPzD":-9.84,"CPr":6.68}
,{"DP":"INDASEC NORMAL COMPRESA PERDIDAS LEVES 26 ABSORB","DD":"INDAS","FRF":40,"FRP":31,"CRF":18,"CRP":14,"CF":7.64,"CFD":-22.42,"CQt":1.14,"CPz":1,"CPzD":-45,"CPr":5.45}
,{"DP":"EPIXELLE SOLUCION LIMPIADORA 200 ML","DD":"ITALFARMACO","FRF":68,"FRP":68,"CRF":19,"CRP":42,"CF":7.56,"CFD":-17.99,"CQt":1.13,"CPz":0.4,"CPzD":-21.43,"CPr":18.89}
,{"DP":"CUMLAUDE LAB: HIDRATANTE EXTERNO CLX 30 ML","DD":"DERMOFARM","FRF":29,"FRP":29,"CRF":20,"CRP":32,"CF":6.98,"CFD":161.83,"CQt":1.04,"CPz":0.655,"CPzD":140.17,"CPr":10.66}
,{"DP":"ABSORB INC ORINA LIGERA 24 U","DD":"SCA HYGIENE PRODUCTS, S.L.","FRF":35,"FRP":30,"CRF":21,"CRP":15,"CF":6.81,"CFD":-20.84,"CQt":1.02,"CPz":1,"CPzD":-31.25,"CPr":6.14}
,{"DP":"ABSORB INC ORINA LIGERA MAXI 660 ML 14 U","DD":"HARTMANN","FRF":62,"FRP":62,"CRF":22,"CRP":16,"CF":6.8,"CFD":-12.63,"CQt":1.02,"CPz":1,"CPzD":-23.61,"CPr":6.03}
,{"DP":"TAMPONES","DD":"","FRF":19,"FRP":10,"CRF":23,"CRP":6,"CF":6.8,"CFD":-3,"CQt":1.02,"CPz":2,"CPzD":14.58,"CPr":3.78}
,{"DP":"INTIMINA COPA MENSTRUAL COMPACT T- A","DD":"EUROLAB FARMA","FRF":16,"FRP":33,"CRF":24,"CRP":47,"CF":6.69,"CFD":999,"CQt":1,"CPz":0.236,"CPzD":999,"CPr":28.32}
,{"DP":"GERMISDIN HIGIENE INTIMA 500 ML","DD":"ISDIN","FRF":18,"FRP":25,"CRF":25,"CRP":40,"CF":6.56,"CFD":-12.18,"CQt":0.98,"CPz":0.527,"CPzD":-9.42,"CPr":12.44}]}