{"datiDettRefF":[
{"DP":"IRRIGADOR BUCAL ELECTRICO VIAJES CON ADAPTADOR","DD":"DENTAID","FRF":1,"FRP":63,"FF":210,"FFD":null,"FQt":4.9,"FPz":2,"FPzD":null,"FPr":105,"MRF":96,"MRP":220,"CRF":153,"CRP":220}
,{"DP":"VITIS ENCIAS COLUTORIO BUCAL 1 L","DD":"DENTAID","FRF":2,"FRP":7,"FF":143.55,"FFD":125,"FQt":3.35,"FPz":9,"FPzD":125,"FPr":15.95,"MRF":12,"MRP":24,"CRF":16,"CRP":23}
,{"DP":"GINGILACER COLUTORIO 1000 ML","DD":"LACER","FRF":3,"FRP":11,"FF":136.6,"FFD":-32.45,"FQt":3.19,"FPz":8,"FPzD":-33.33,"FPr":17.07,"MRF":27,"MRP":61,"CRF":34,"CRP":80}
,{"DP":"LACER COLUTORIO 1000 ML","DD":"LACER","FRF":4,"FRP":8,"FF":131.45,"FFD":88.46,"FQt":3.07,"FPz":9,"FPzD":80,"FPr":14.61,"MRF":75,"MRP":105,"CRF":83,"CRP":117}
,{"DP":"LACER PACK VARIOS","DD":"LACER","FRF":5,"FRP":6,"FF":129.5,"FFD":-65.38,"FQt":3.02,"FPz":10,"FPzD":-66.67,"FPr":12.95,"MRF":16,"MRP":25,"CRF":28,"CRP":30}
,{"DP":"CEPILLO DENTAL ADULTO ","DD":"DENTAID","FRF":6,"FRP":2,"FF":129.39,"FFD":6.83,"FQt":3.02,"FPz":25,"FPzD":0,"FPr":5.18,"MRF":5,"MRP":1,"CRF":9,"CRP":1}
,{"DP":"LACER OROS COLUTORIO 500 ML","DD":"LACER","FRF":7,"FRP":4,"FF":126,"FFD":31.46,"FQt":2.94,"FPz":12,"FPzD":33.33,"FPr":10.5,"MRF":18,"MRP":26,"CRF":20,"CRP":25}
,{"DP":"GINGILACER COLUTORIO 500 ML","DD":"LACER","FRF":8,"FRP":5,"FF":119.4,"FFD":14.26,"FQt":2.79,"FPz":12,"FPzD":9.09,"FPr":9.95,"MRF":3,"MRP":6,"CRF":5,"CRP":5}
,{"DP":"CEPILLO DENTAL ADULTO MEDIO","DD":"DENTAID","FRF":9,"FRP":1,"FF":108.51,"FFD":6.27,"FQt":2.53,"FPz":26,"FPzD":0,"FPr":4.17,"MRF":15,"MRP":2,"CRF":32,"CRP":7}
,{"DP":"STERADENT TRIPLE ACCION PLUS 90 COMP","DD":"RECKITT BENCKISER HEALTHCARE  S A","FRF":10,"FRP":24,"FF":99.75,"FFD":25,"FQt":2.33,"FPz":5,"FPzD":25,"FPr":19.95,"MRF":51,"MRP":100,"CRF":64,"CRP":129}
,{"DP":"FLUOCARIL BI-FLUORE 250 DUPLO 125 ML 2 U","DD":"PROCTER & GAMBLE ESPAÑA","FRF":11,"FRP":9,"FF":85.89,"FFD":15.68,"FQt":2,"FPz":9,"FPzD":0,"FPr":9.54,"MRF":4,"MRP":4,"CRF":6,"CRP":6}
,{"DP":"LACERBLANC WHITE FLASH KIT DENTAL BLANQUEADOR ","DD":"LACER","FRF":12,"FRP":64,"FF":85,"FFD":null,"FQt":1.98,"FPz":2,"FPzD":null,"FPr":42.5,"MRF":78,"MRP":190,"CRF":99,"CRP":184}
,{"DP":"LACER COLUTORIO CLORHEXIDINA 500 ML","DD":"LACER","FRF":13,"FRP":10,"FF":74.25,"FFD":-41.37,"FQt":1.73,"FPz":9,"FPzD":-43.75,"FPr":8.25,"MRF":9,"MRP":8,"CRF":13,"CRP":11}
,{"DP":"CEPILLO DENTAL ELECTRICO ","DD":"PROCTER & GAMBLE ESPAÑA","FRF":14,"FRP":97,"FF":68.5,"FFD":null,"FQt":1.6,"FPz":1,"FPzD":null,"FPr":68.5,"MRF":62,"MRP":192,"CRF":121,"CRP":195}
,{"DP":"DESENSIN REPAIR PASTA DENTAL 125 ML","DD":"DENTAID","FRF":15,"FRP":17,"FF":63.9,"FFD":48.6,"FQt":1.49,"FPz":6,"FPzD":50,"FPr":10.65,"MRF":153,"MRP":171,"CRF":157,"CRP":172}
,{"DP":"CEPILLO DENTAL ADULTO SUAVE","DD":"DENTAID","FRF":16,"FRP":3,"FF":62.61,"FFD":-11.94,"FQt":1.46,"FPz":16,"FPzD":-11.11,"FPr":3.91,"MRF":53,"MRP":11,"CRF":80,"CRP":50}
,{"DP":"PAROGENCYL CONTROL ENCIAS COLUTORIO 500 ML 2U","DD":"PROCTER & GAMBLE ESPAÑA","FRF":17,"FRP":25,"FF":58.85,"FFD":27.93,"FQt":1.37,"FPz":5,"FPzD":25,"FPr":11.77,"MRF":91,"MRP":110,"CRF":67,"CRP":99}
,{"DP":"CEPILLO DENTAL ELECTRICO INFANTIL +3AÑOS SUAVE","DD":"PROCTER & GAMBLE ESPAÑA","FRF":18,"FRP":65,"FF":57,"FFD":null,"FQt":1.33,"FPz":2,"FPzD":null,"FPr":28.5,"MRF":101,"MRP":184,"CRF":136,"CRP":196}
,{"DP":"PACK PHB PETIT GEL DENTIFRICO INFANTIL + CEPILLO C REGALO","DD":"PHB","FRF":19,"FRP":18,"FF":53.74,"FFD":null,"FQt":1.25,"FPz":6,"FPzD":null,"FPr":8.96,"MRF":160,"MRP":169,"CRF":122,"CRP":124}
,{"DP":"VITIS BLANQUEADORA PASTA DENTIFRICA 150 ML","DD":"DENTAID","FRF":20,"FRP":32,"FF":51.8,"FFD":null,"FQt":1.21,"FPz":4,"FPzD":null,"FPr":12.95,"MRF":180,"MRP":196,"CRF":184,"CRP":197}
,{"DP":"CEPILLO DENTAL ADULTO MEDIO DUPLO","DD":"DENTAID","FRF":21,"FRP":19,"FF":48.9,"FFD":-45.67,"FQt":1.14,"FPz":6,"FPzD":-50,"FPr":8.15,"MRF":49,"MRP":33,"CRF":47,"CRP":39}
,{"DP":"CEPILLO DENTAL INTERPROXIMAL MINI CONICO 6 U","DD":"DENTAID","FRF":22,"FRP":12,"FF":48.3,"FFD":53.33,"FQt":1.13,"FPz":8,"FPzD":33.33,"FPr":6.04,"MRF":132,"MRP":133,"CRF":156,"CRP":138}
,{"DP":"ALOCLAIR SPRAY PLUS 15 ML","DD":"ITALFARMACO","FRF":23,"FRP":44,"FF":44.25,"FFD":null,"FQt":1.03,"FPz":3,"FPzD":null,"FPr":14.75,"MRF":7,"MRP":12,"CRF":7,"CRP":9}
,{"DP":"SOFT PICKS ADVANCED 30 U","DD":"SUNSTAR","FRF":24,"FRP":16,"FF":44.1,"FFD":600,"FQt":1.03,"FPz":7,"FPzD":600,"FPr":6.3,"MRF":176,"MRP":165,"CRF":146,"CRP":141}
,{"DP":"KIN ENJUAGUE BUCAL 500 ML","DD":"KIN","FRF":25,"FRP":98,"FF":43.04,"FFD":-20,"FQt":1,"FPz":1,"FPzD":0,"FPr":43.04,"MRF":213,"MRP":212,"CRF":170,"CRP":143}]
,"datiDettRefM":[
{"DP":"COREGA ULTRA CREMA EXTRA FUERTE 75 ML","DD":"GLAXO SMITHKLINE","FRF":43,"FRP":68,"MRF":1,"MRP":3,"MF":102.01,"MFD":-13.32,"MQt":2.18,"MPz":9,"MPzD":-12.28,"MPr":11.54}
,{"DP":"COREGA CREMA EXTRA FUERTE SIN SABOR 70 G","DD":"GLAXO SMITHKLINE","FRF":85,"FRP":102,"MRF":2,"MRP":5,"MF":87.1,"MFD":-10.22,"MQt":1.86,"MPz":8,"MPzD":-7.04,"MPr":11.53}
,{"DP":"GINGILACER COLUTORIO 500 ML","DD":"LACER","FRF":8,"FRP":5,"MRF":3,"MRP":6,"MF":74.4,"MFD":-0.86,"MQt":1.59,"MPz":8,"MPzD":-5.67,"MPr":9.19}
,{"DP":"FLUOCARIL BI-FLUORE 250 DUPLO 125 ML 2 U","DD":"PROCTER & GAMBLE ESPAÑA","FRF":11,"FRP":9,"MRF":4,"MRP":4,"MF":73.36,"MFD":-10.96,"MQt":1.57,"MPz":9,"MPzD":-16.75,"MPr":7.9}
,{"DP":"CEPILLO DENTAL ADULTO ","DD":"DENTAID","FRF":6,"FRP":2,"MRF":5,"MRP":1,"MF":70.72,"MFD":1.52,"MQt":1.51,"MPz":16,"MPzD":0.27,"MPr":4.48}
,{"DP":"KUKIDENT COMPLETE NEUTRO 70 G","DD":"PROCTER & GAMBLE ESPAÑA","FRF":93,"FRP":107,"MRF":6,"MRP":7,"MF":68.84,"MFD":-9.84,"MQt":1.47,"MPz":7,"MPzD":-7.5,"MPr":10.35}
,{"DP":"ALOCLAIR SPRAY PLUS 15 ML","DD":"ITALFARMACO","FRF":23,"FRP":44,"MRF":7,"MRP":12,"MF":63.98,"MFD":8.13,"MQt":1.37,"MPz":5,"MPzD":4.99,"MPr":12.77}
,{"DP":"ALOCLAIR GEL PLUS 8 ML","DD":"ITALFARMACO","FRF":50,"FRP":70,"MRF":8,"MRP":13,"MF":59.62,"MFD":-0.66,"MQt":1.28,"MPz":5,"MPzD":-4.15,"MPr":11.8}
,{"DP":"LACER COLUTORIO CLORHEXIDINA 500 ML","DD":"LACER","FRF":13,"FRP":10,"MRF":9,"MRP":8,"MF":52.26,"MFD":-1.8,"MQt":1.12,"MPz":7,"MPzD":3.35,"MPr":8.02}
,{"DP":"COREGA SELLADO MAXIMO 70 G","DD":"GLAXO SMITHKLINE","FRF":176,"FRP":177,"MRF":10,"MRP":23,"MF":50.08,"MFD":21.78,"MQt":1.07,"MPz":4,"MPzD":18.21,"MPr":12.24}
,{"DP":"CEPILLO DIENTES VARIOS","DD":"","FRF":169,"FRP":170,"MRF":11,"MRP":38,"MF":50.01,"MFD":-45.49,"MQt":1.07,"MPz":3,"MPzD":-48.08,"MPr":15.07}
,{"DP":"VITIS ENCIAS COLUTORIO BUCAL 1 L","DD":"DENTAID","FRF":2,"FRP":7,"MRF":12,"MRP":24,"MF":49.05,"MFD":2.7,"MQt":1.05,"MPz":4,"MPzD":10.28,"MPr":13.29}
,{"DP":"KUKIDENT PRO DOBLE ACCION NEUTRO 60 G","DD":"VICKS","FRF":57,"FRP":71,"MRF":13,"MRP":14,"MF":48.85,"MFD":-11.6,"MQt":1.05,"MPz":5,"MPzD":-6.85,"MPr":10.51}
,{"DP":"PERIO AID TRATAMIENTO COLUTORIO SIN ALCOHOL 500 ML","DD":"DENTAID","FRF":69,"FRP":73,"MRF":14,"MRP":15,"MF":46.77,"MFD":-6.15,"MQt":1,"MPz":5,"MPzD":-11.48,"MPr":9.3}
,{"DP":"CEPILLO DENTAL ADULTO MEDIO","DD":"DENTAID","FRF":9,"FRP":1,"MRF":15,"MRP":2,"MF":39.79,"MFD":-6.31,"MQt":0.85,"MPz":11,"MPzD":-5.83,"MPr":3.71}
,{"DP":"LACER PACK VARIOS","DD":"LACER","FRF":5,"FRP":6,"MRF":16,"MRP":25,"MF":38.21,"MFD":-26.92,"MQt":0.82,"MPz":4,"MPzD":-25.63,"MPr":10}
,{"DP":"LACER COLUTORIO 500 ML","DD":"LACER","FRF":78,"FRP":78,"MRF":17,"MRP":16,"MF":38.01,"MFD":16.19,"MQt":0.81,"MPz":5,"MPzD":15.62,"MPr":7.87}
,{"DP":"LACER OROS COLUTORIO 500 ML","DD":"LACER","FRF":7,"FRP":4,"MRF":18,"MRP":26,"MF":37.91,"MFD":-2.96,"MQt":0.81,"MPz":4,"MPzD":-1.6,"MPr":9.89}
,{"DP":"COREGA ULTRA CREMA EXTRA FUERTE 40 ML","DD":"GLAXO SMITHKLINE","FRF":179,"FRP":180,"MRF":19,"MRP":17,"MF":37.02,"MFD":-14.67,"MQt":0.79,"MPz":5,"MPzD":-8.78,"MPr":8.08}
,{"DP":"LACER PASTA CON FLUOR 125 ML","DD":"LACER","FRF":66,"FRP":56,"MRF":20,"MRP":9,"MF":35.54,"MFD":-7.49,"MQt":0.76,"MPz":6,"MPzD":-1.42,"MPr":6.23}
,{"DP":"ALGASIV 30 U INFERIOR","DD":"COMBE EUROPA","FRF":151,"FRP":152,"MRF":21,"MRP":39,"MF":34.9,"MFD":2.48,"MQt":0.75,"MPz":3,"MPzD":-3.98,"MPr":10.87}
,{"DP":"ORALDINE ANTISEPTICO PACK 400 ML +200 ML","DD":"JOHNSON & JOHNSON","FRF":199,"FRP":199,"MRF":22,"MRP":18,"MF":34.66,"MFD":-30.52,"MQt":0.74,"MPz":5,"MPzD":-27.9,"MPr":7.03}
,{"DP":"ORALDINE ANTISEPTICO 400 ML","DD":"JOHNSON & JOHNSON","FRF":125,"FRP":129,"MRF":23,"MRP":19,"MF":33.9,"MFD":-6.96,"MQt":0.73,"MPz":5,"MPzD":-4.34,"MPr":7.14}
,{"DP":"COREGA CREMA EXTRA FUERTE SIN SABOR 40 ML","DD":"GLAXO SMITHKLINE","FRF":101,"FRP":109,"MRF":24,"MRP":27,"MF":33.09,"MFD":-13.55,"MQt":0.71,"MPz":4,"MPzD":-17.32,"MPr":7.96}
,{"DP":"COREGA TOTAL CREMA FIJADORA 75 ML","DD":"GLAXO SMITHKLINE","FRF":178,"FRP":179,"MRF":25,"MRP":40,"MF":32.4,"MFD":-16.54,"MQt":0.69,"MPz":3,"MPzD":-13.82,"MPr":11.78}]
,"datiDettRefC":[
{"DP":"COREGA ULTRA CREMA EXTRA FUERTE 75 ML","DD":"GLAXO SMITHKLINE","FRF":43,"FRP":68,"CRF":1,"CRP":2,"CF":68.98,"CFD":-5.9,"CQt":2.78,"CPz":6,"CPzD":-4.35,"CPr":11.6}
,{"DP":"COREGA CREMA EXTRA FUERTE SIN SABOR 70 G","DD":"GLAXO SMITHKLINE","FRF":85,"FRP":102,"CRF":2,"CRP":3,"CF":54.6,"CFD":-14.55,"CQt":2.2,"CPz":5,"CPzD":-10.71,"CPr":11.6}
,{"DP":"KUKIDENT COMPLETE NEUTRO 70 G","DD":"PROCTER & GAMBLE ESPAÑA","FRF":93,"FRP":107,"CRF":3,"CRP":4,"CF":49.13,"CFD":13.2,"CQt":1.98,"CPz":5,"CPzD":19.05,"CPr":10.9}
,{"DP":"CEPILLO DIENTES VARIOS","DD":"","FRF":169,"FRP":170,"CRF":4,"CRP":8,"CF":40.14,"CFD":-48.01,"CQt":1.62,"CPz":3,"CPzD":-24.31,"CPr":13.22}
,{"DP":"GINGILACER COLUTORIO 500 ML","DD":"LACER","FRF":8,"FRP":5,"CRF":5,"CRP":5,"CF":38.64,"CFD":-15.88,"CQt":1.56,"CPz":4,"CPzD":-22.26,"CPr":9.32}
,{"DP":"FLUOCARIL BI-FLUORE 250 DUPLO 125 ML 2 U","DD":"PROCTER & GAMBLE ESPAÑA","FRF":11,"FRP":9,"CRF":6,"CRP":6,"CF":35.02,"CFD":-19.83,"CQt":1.41,"CPz":4,"CPzD":-24.14,"CPr":7.89}
,{"DP":"ALOCLAIR SPRAY PLUS 15 ML","DD":"ITALFARMACO","FRF":23,"FRP":44,"CRF":7,"CRP":9,"CF":33.4,"CFD":7.16,"CQt":1.35,"CPz":3,"CPzD":23.13,"CPr":13.22}
,{"DP":"COREGA SELLADO MAXIMO 70 G","DD":"GLAXO SMITHKLINE","FRF":176,"FRP":177,"CRF":8,"CRP":19,"CF":30.77,"CFD":15.02,"CQt":1.24,"CPz":2,"CPzD":-7.56,"CPr":12.35}
,{"DP":"CEPILLO DENTAL ADULTO ","DD":"DENTAID","FRF":6,"FRP":2,"CRF":9,"CRP":1,"CF":29.39,"CFD":11.31,"CQt":1.19,"CPz":7,"CPzD":18.1,"CPr":4.5}
,{"DP":"COREGA ULTRA CREMA EXTRA FUERTE 40 ML","DD":"GLAXO SMITHKLINE","FRF":179,"FRP":180,"CRF":10,"CRP":10,"CF":27.72,"CFD":-4.39,"CQt":1.12,"CPz":3,"CPzD":-19.12,"CPr":8.07}
,{"DP":"KUKIDENT PRO DOBLE ACCION NEUTRO 60 G","DD":"VICKS","FRF":57,"FRP":71,"CRF":11,"CRP":20,"CF":26.83,"CFD":-26.99,"CQt":1.08,"CPz":2,"CPzD":-41.18,"CPr":11.01}
,{"DP":"ALOCLAIR GEL PLUS 8 ML","DD":"ITALFARMACO","FRF":50,"FRP":70,"CRF":12,"CRP":21,"CF":26.52,"CFD":-4.63,"CQt":1.07,"CPz":2,"CPzD":-15.38,"CPr":11.86}
,{"DP":"LACER COLUTORIO CLORHEXIDINA 500 ML","DD":"LACER","FRF":13,"FRP":10,"CRF":13,"CRP":11,"CF":26.5,"CFD":-15.91,"CQt":1.07,"CPz":3,"CPzD":-22.9,"CPr":7.92}
,{"DP":"ALGASIV 30 U INFERIOR","DD":"COMBE EUROPA","FRF":151,"FRP":152,"CRF":14,"CRP":22,"CF":25.66,"CFD":17.33,"CQt":1.04,"CPz":2,"CPzD":0,"CPr":10.86}
,{"DP":"PERIO AID TRATAMIENTO COLUTORIO SIN ALCOHOL 500 ML","DD":"DENTAID","FRF":69,"FRP":73,"CRF":15,"CRP":12,"CF":25.55,"CFD":-11.46,"CQt":1.03,"CPz":3,"CPzD":-9.84,"CPr":9.25}
,{"DP":"VITIS ENCIAS COLUTORIO BUCAL 1 L","DD":"DENTAID","FRF":2,"FRP":7,"CRF":16,"CRP":23,"CF":24.96,"CFD":19.94,"CQt":1.01,"CPz":2,"CPzD":34.15,"CPr":14.3}
,{"DP":"COREGA TOTAL CREMA FIJADORA 75 ML","DD":"GLAXO SMITHKLINE","FRF":178,"FRP":179,"CRF":17,"CRP":24,"CF":23.17,"CFD":-11.63,"CQt":0.93,"CPz":2,"CPzD":-9.09,"CPr":12.02}
,{"DP":"ORALDINE ANTISEPTICO 400 ML","DD":"JOHNSON & JOHNSON","FRF":125,"FRP":129,"CRF":18,"CRP":13,"CF":22.22,"CFD":-11.65,"CQt":0.9,"CPz":3,"CPzD":-14.06,"CPr":7.5}
,{"DP":"COREGA CREMA EXTRA FUERTE SIN SABOR 40 ML","DD":"GLAXO SMITHKLINE","FRF":101,"FRP":109,"CRF":19,"CRP":14,"CF":21.08,"CFD":-5.82,"CQt":0.85,"CPz":3,"CPzD":7.14,"CPr":8.11}
,{"DP":"LACER OROS COLUTORIO 500 ML","DD":"LACER","FRF":7,"FRP":4,"CRF":20,"CRP":25,"CF":21.05,"CFD":7.86,"CQt":0.85,"CPz":2,"CPzD":-2.65,"CPr":9.81}
,{"DP":"ORALDINE ANTISEPTICO PACK 400 ML +200 ML","DD":"JOHNSON & JOHNSON","FRF":199,"FRP":199,"CRF":21,"CRP":15,"CF":20.95,"CFD":-20.87,"CQt":0.85,"CPz":3,"CPzD":-14.51,"CPr":7.39}
,{"DP":"LACER COLUTORIO 500 ML","DD":"LACER","FRF":78,"FRP":78,"CRF":22,"CRP":26,"CF":19.79,"CFD":0.56,"CQt":0.8,"CPz":2,"CPzD":-23.61,"CPr":8.06}
,{"DP":"LACER PASTA CON FLUOR 125 ML","DD":"LACER","FRF":66,"FRP":56,"CRF":23,"CRP":16,"CF":19.17,"CFD":2.19,"CQt":0.77,"CPz":3,"CPzD":8.55,"CPr":6.89}
,{"DP":"ODDENT GEL ORAL FORTE 8 ML","DD":"MENARINI","FRF":195,"FRP":195,"CRF":24,"CRP":27,"CF":18.68,"CFD":36.11,"CQt":0.75,"CPz":2,"CPzD":52.78,"CPr":11.17}
,{"DP":"KUKIDENT COMPLETE CLASICO 70 G","DD":"PROCTER & GAMBLE ESPAÑA","FRF":91,"FRP":106,"CRF":25,"CRP":28,"CF":18.09,"CFD":7.01,"CQt":0.73,"CPz":2,"CPzD":30.95,"CPr":11.31}]}