{"datiDettRefF":[
{"DP":"ABSORB INC ORINA SUP-NOC ANAT 80 U","DD":"BARNA IMPORT MEDICA","FRF":1,"FRP":33,"FF":263.5,"FFD":25,"FQt":3.6,"FPz":5,"FPzD":25,"FPr":52.7,"MRF":49,"MRP":189,"CRF":41,"CRP":188}
,{"DP":"COLECTOR BOLSA RECOG ORINA C-A N - 2 DIAMETRO-25 MM 30+30 U","DD":"COLOPLAST","FRF":2,"FRP":34,"FF":249.55,"FFD":null,"FQt":3.41,"FPz":5,"FPzD":null,"FPr":49.91,"MRF":347,"MRP":434,"CRF":434,"CRP":434}
,{"DP":"GAFAS","DD":"","FRF":3,"FRP":5,"FF":242.5,"FFD":-8.14,"FQt":3.31,"FPz":16,"FPzD":-11.11,"FPr":15.16,"MRF":1,"MRP":1,"CRF":6,"CRP":1}
,{"DP":"ABSORB INC ORINA SUP-NOC ANAT T- MED 80 U","DD":"PROCTER & GAMBLE ESPAÑA","FRF":4,"FRP":46,"FF":210.8,"FFD":33.33,"FQt":2.88,"FPz":4,"FPzD":33.33,"FPr":52.7,"MRF":56,"MRP":301,"CRF":52,"CRP":245}
,{"DP":"TENSIOMETRO DIGITAL CON ADAPTADOR DE CORRIENTE DE BRAZO","DD":"ROCHE DIAGNOSTICS","FRF":5,"FRP":61,"FF":167.86,"FFD":40,"FQt":2.29,"FPz":3,"FPzD":50,"FPr":55.95,"MRF":111,"MRP":337,"CRF":110,"CRP":322}
,{"DP":"COMFEEL PLUS TRANSPARENTE 15 X 15 CM 3 U","DD":"COLOPLAST","FRF":6,"FRP":24,"FF":166.38,"FFD":null,"FQt":2.27,"FPz":6,"FPzD":null,"FPr":27.73,"MRF":269,"MRP":381,"CRF":409,"CRP":409}
,{"DP":"EXTRACTOR DE LECHE ELECTRICO ","DD":"MEDELA","FRF":7,"FRP":129,"FF":149.95,"FFD":null,"FQt":2.05,"FPz":1,"FPzD":null,"FPr":149.95,"MRF":132,"MRP":391,"CRF":413,"CRP":413}
,{"DP":"PAÑALES NIÑOS","DD":"","FRF":8,"FRP":6,"FF":142.45,"FFD":-12.42,"FQt":1.95,"FPz":15,"FPzD":0,"FPr":9.5,"MRF":81,"MRP":71,"CRF":144,"CRP":222}
,{"DP":"ALGODON ARROLLADO PURO 100 G","DD":"INDAS","FRF":9,"FRP":8,"FF":139.3,"FFD":40,"FQt":1.9,"FPz":14,"FPzD":40,"FPr":9.95,"MRF":383,"MRP":405,"CRF":419,"CRP":419}
,{"DP":"CRIOTERM TERAPIA DE FRIO Y CALOR BOLSA DE GEL + BANDA MULTIUSO","DD":"ORIGINAL FARMA S.L.","FRF":10,"FRP":11,"FF":137.5,"FFD":null,"FQt":1.88,"FPz":11,"FPzD":null,"FPr":12.5,"MRF":320,"MRP":368,"CRF":341,"CRP":365}
,{"DP":"BOLSAS COLOST RES SINT MIC FIL MIDI TRANSP 15-55 MM 30 U","DD":"HOLLISTER IB","FRF":11,"FRP":88,"FF":135.28,"FFD":0,"FQt":1.85,"FPz":2,"FPzD":0,"FPr":67.64,"MRF":202,"MRP":392,"CRF":72,"CRP":305}
,{"DP":"ABSORB INC ORINA NOC ANAT T- GDE 80 U","DD":"HARTMANN","FRF":12,"FRP":62,"FF":131.73,"FFD":null,"FQt":1.8,"FPz":3,"FPzD":null,"FPr":43.91,"MRF":53,"MRP":191,"CRF":45,"CRP":181}
,{"DP":"STERILLIUM GEL CON VALVULA 475 ML","DD":"HARTMANN","FRF":13,"FRP":15,"FF":99.32,"FFD":25.48,"FQt":1.36,"FPz":7,"FPzD":40,"FPr":14.19,"MRF":104,"MRP":121,"CRF":149,"CRP":257}
,{"DP":"TIRAS REACTIVAS GLUCEMIA 50 U","DD":"ROCHE DIAGNOSTICS","FRF":14,"FRP":89,"FF":93,"FFD":3.63,"FQt":1.27,"FPz":2,"FPzD":0,"FPr":46.5,"MRF":3,"MRP":13,"CRF":4,"CRP":7}
,{"DP":"CAMARA DE INHALACION INFANTIL 1 U","DD":"SANDOZ FARMACEUTICA S.A.","FRF":15,"FRP":90,"FF":88.92,"FFD":85.64,"FQt":1.22,"FPz":2,"FPzD":100,"FPr":44.46,"MRF":159,"MRP":349,"CRF":226,"CRP":352}
,{"DP":"TIRAS REACTIVAS GLUCEMIA 50 TIRAS REACTIVAS","DD":"MENARINI","FRF":16,"FRP":91,"FF":88.2,"FFD":100,"FQt":1.21,"FPz":2,"FPzD":100,"FPr":44.1,"MRF":45,"MRP":109,"CRF":22,"CRP":36}
,{"DP":"ABSORB INC ORINA NOC ANAT 80 U","DD":"SCA HYGIENE PRODUCTS, S.L.","FRF":17,"FRP":92,"FF":87.82,"FFD":100,"FQt":1.2,"FPz":2,"FPzD":100,"FPr":43.91,"MRF":76,"MRP":307,"CRF":58,"CRP":235}
,{"DP":"ABSORB INC ORINA NOC ANAT T- MED 80 U","DD":"PROCTER & GAMBLE ESPAÑA","FRF":18,"FRP":93,"FF":87.82,"FFD":null,"FQt":1.2,"FPz":2,"FPzD":null,"FPr":43.91,"MRF":26,"MRP":102,"CRF":42,"CRP":118}
,{"DP":"PRESERVATIVOS","DD":"","FRF":19,"FRP":16,"FF":87.15,"FFD":-8.84,"FQt":1.19,"FPz":7,"FPzD":-12.5,"FPr":12.45,"MRF":30,"MRP":20,"CRF":61,"CRP":67}
,{"DP":"ABSORB INC ORINA SUP-NOC RECT 80 U + 4 M","DD":"INDAS","FRF":20,"FRP":94,"FF":87.02,"FFD":-52.41,"FQt":1.19,"FPz":2,"FPzD":-33.33,"FPr":43.51,"MRF":75,"MRP":304,"CRF":63,"CRP":249}
,{"DP":"THERMACARE ZONA LUMBAR Y CADERA 4 PARCHES","DD":"PFIZER","FRF":21,"FRP":25,"FF":86.25,"FFD":-15.02,"FQt":1.18,"FPz":6,"FPzD":-14.29,"FPr":14.38,"MRF":68,"MRP":69,"CRF":86,"CRP":127}
,{"DP":"ABSORB INC ORINA DIA RECT 80 U","DD":"INDAS","FRF":22,"FRP":63,"FF":77.85,"FFD":0,"FQt":1.06,"FPz":3,"FPzD":0,"FPr":25.95,"MRF":114,"MRP":311,"CRF":90,"CRP":256}
,{"DP":"THERMACARE ADAPTABLE 3 PARCHES","DD":"PFIZER","FRF":23,"FRP":13,"FF":77.05,"FFD":674.37,"FQt":1.05,"FPz":8,"FPzD":700,"FPr":9.63,"MRF":149,"MRP":215,"CRF":139,"CRP":212}
,{"DP":"MANGUITO TENSIOMETRO DIGITAL 23-43 CM","DD":"ROCHE DIAGNOSTICS","FRF":24,"FRP":130,"FF":75.5,"FFD":null,"FQt":1.03,"FPz":1,"FPzD":null,"FPr":75.5,"MRF":409,"MRP":446,"CRF":445,"CRP":445}
,{"DP":"CLEARBLUE DIGITAL PRUEBA EMBARAZO ","DD":"PROCTER & GAMBLE ESPAÑA","FRF":25,"FRP":26,"FF":75,"FFD":-14.29,"FQt":1.02,"FPz":6,"FPzD":-14.29,"FPr":12.5,"MRF":20,"MRP":16,"CRF":50,"CRP":40}]
,"datiDettRefM":[
{"DP":"GAFAS","DD":"","FRF":3,"FRP":5,"MRF":1,"MRP":1,"MF":296,"MFD":-4.51,"MQt":1.87,"MPz":25,"MPzD":-9.76,"MPr":11.88}
,{"DP":"ABSORB INC ORINA NOC ANAT T- GDE 80 U","DD":"INDAS","FRF":388,"FRP":387,"MRF":2,"MRP":25,"MF":239.23,"MFD":10.7,"MQt":1.51,"MPz":5,"MPzD":1.43,"MPr":43.86}
,{"DP":"TIRAS REACTIVAS GLUCEMIA 50 U","DD":"ROCHE DIAGNOSTICS","FRF":14,"FRP":89,"MRF":3,"MRP":13,"MF":234.1,"MFD":-5.1,"MQt":1.48,"MPz":8,"MPzD":-7.9,"MPr":28.45}
,{"DP":"TIRAS REACTIVAS GLUCEMIA 50 U","DD":"BAYER HISPANIA S.L.","FRF":360,"FRP":359,"MRF":4,"MRP":10,"MF":233.49,"MFD":-0.23,"MQt":1.47,"MPz":9,"MPzD":-3.87,"MPr":25.01}
,{"DP":"TIRAS REACTIVAS GLUCEMIA 50 U","DD":"ABBOTT LABORATORIES","FRF":359,"FRP":358,"MRF":5,"MRP":19,"MF":174.13,"MFD":-2.87,"MQt":1.1,"MPz":6,"MPzD":-2.29,"MPr":29.26}
,{"DP":"TIRAS REACTIVAS GLUCEMIA 100 U","DD":"BAYER HISPANIA S.L.","FRF":355,"FRP":354,"MRF":6,"MRP":60,"MF":162.75,"MFD":20.27,"MQt":1.03,"MPz":3,"MPzD":21.44,"MPr":55.35}
,{"DP":"ABSORB INC ORINA DIA ANAT T- GDE 80 U","DD":"INDAS","FRF":382,"FRP":381,"MRF":7,"MRP":26,"MF":141.74,"MFD":12.67,"MQt":0.89,"MPz":5,"MPzD":23.66,"MPr":31.07}
,{"DP":"ABSORB INC ORINA DIA ANAT 80 U","DD":"INDAS","FRF":69,"FRP":141,"MRF":8,"MRP":27,"MF":141.22,"MFD":3.91,"MQt":0.89,"MPz":5,"MPzD":15.77,"MPr":31.36}
,{"DP":"ABSORB INC ORINA NOC ANAT T- GDE 80 U","DD":"PROCTER & GAMBLE ESPAÑA","FRF":390,"FRP":389,"MRF":9,"MRP":61,"MF":135.14,"MFD":-1.71,"MQt":0.85,"MPz":3,"MPzD":-3.81,"MPr":44.17}
,{"DP":"ABSORB INC ORINA SUP-NOC ANAT T- GDE 80 U","DD":"INDAS","FRF":397,"FRP":396,"MRF":10,"MRP":62,"MF":132.26,"MFD":-9.43,"MQt":0.83,"MPz":3,"MPzD":7.98,"MPr":52.62}
,{"DP":"TIRAS REACTIVAS GLUCEMIA 1 VIAL 50 U","DD":"LIFESCAN ESPAÑA","FRF":353,"FRP":352,"MRF":11,"MRP":28,"MF":129.87,"MFD":-8.44,"MQt":0.82,"MPz":5,"MPzD":-9.22,"MPr":26.09}
,{"DP":"ABSORB INC ORINA DIA ANAT 80 U 4 MALLAS","DD":"PROCTER & GAMBLE ESPAÑA","FRF":378,"FRP":377,"MRF":12,"MRP":41,"MF":122.18,"MFD":-9.7,"MQt":0.77,"MPz":4,"MPzD":-7.62,"MPr":31.13}
,{"DP":"TIRAS REACTIVAS GLUCEMIA 100 U","DD":"ABBOTT LABORATORIES","FRF":354,"FRP":353,"MRF":13,"MRP":93,"MF":119.43,"MFD":1.82,"MQt":0.75,"MPz":2,"MPzD":-1.6,"MPr":56.22}
,{"DP":"ABSORB INC ORINA NOC ANAT T- MED 80 U","DD":"INDAS","FRF":393,"FRP":392,"MRF":14,"MRP":63,"MF":116.99,"MFD":-5.04,"MQt":0.74,"MPz":3,"MPzD":7.14,"MPr":43.99}
,{"DP":"ABSORB INC ORINA SUP-NOC ANAT T- GDE 80 U","DD":"PROCTER & GAMBLE ESPAÑA","FRF":398,"FRP":397,"MRF":15,"MRP":94,"MF":115.64,"MFD":-15.54,"MQt":0.73,"MPz":2,"MPzD":-22.92,"MPr":52.82}
,{"DP":"TIRAS REACTIVAS GLUCEMIA 100 U","DD":"ROCHE DIAGNOSTICS","FRF":357,"FRP":356,"MRF":16,"MRP":95,"MF":110.84,"MFD":7.9,"MQt":0.7,"MPz":2,"MPzD":10.78,"MPr":54.83}
,{"DP":"ABSORB INC ORINA NOC ANAT 80 U","DD":"BARNA IMPORT MEDICA","FRF":384,"FRP":383,"MRF":17,"MRP":96,"MF":101.01,"MFD":22.97,"MQt":0.64,"MPz":2,"MPzD":6.94,"MPr":43.97}
,{"DP":"CAMARA DE INHALACION ","DD":"KEYLAB MEDICAL","FRF":67,"FRP":54,"MRF":18,"MRP":4,"MF":97.7,"MFD":-11.11,"MQt":0.62,"MPz":13,"MPzD":-13.8,"MPr":7.35}
,{"DP":"ABSORB INC ORINA NOC ANAT T- GDE 80 U","DD":"EUROPROSAN","FRF":387,"FRP":386,"MRF":19,"MRP":97,"MF":96.13,"MFD":39.11,"MQt":0.61,"MPz":2,"MPzD":27.59,"MPr":43.91}
,{"DP":"CLEARBLUE DIGITAL PRUEBA EMBARAZO ","DD":"PROCTER & GAMBLE ESPAÑA","FRF":25,"FRP":26,"MRF":20,"MRP":16,"MF":92.29,"MFD":7.5,"MQt":0.58,"MPz":7,"MPzD":4.77,"MPr":13.11}
,{"DP":"ABSORB INC ORINA SUP-NOC ANAT T- GDE 80 U","DD":"SCA HYGIENE PRODUCTS, S.L.","FRF":399,"FRP":398,"MRF":21,"MRP":98,"MF":91.15,"MFD":-25.04,"MQt":0.58,"MPz":2,"MPzD":-13.15,"MPr":52.7}
,{"DP":"ABSORB INC ORINA DIA RECT 80 U + 4 MALLAS","DD":"PROCTER & GAMBLE ESPAÑA","FRF":383,"FRP":382,"MRF":22,"MRP":64,"MF":88.88,"MFD":-11.85,"MQt":0.56,"MPz":3,"MPzD":-22.81,"MPr":25.94}
,{"DP":"ABSORB INC ORINA NOC ANAT T- MED 80 U","DD":"BARNA IMPORT MEDICA","FRF":392,"FRP":391,"MRF":23,"MRP":99,"MF":86.86,"MFD":19.71,"MQt":0.55,"MPz":2,"MPzD":20.92,"MPr":43.91}
,{"DP":"ABSORB INC ORINA SUP-NOC ANAT T- GDE 80 U","DD":"EUROPROSAN","FRF":396,"FRP":395,"MRF":24,"MRP":100,"MF":86.49,"MFD":31.43,"MQt":0.55,"MPz":2,"MPzD":60.17,"MPr":52.8}
,{"DP":"ABSORB INC ORINA NOC ANAT T- GDE 80 U","DD":"SCA HYGIENE PRODUCTS, S.L.","FRF":391,"FRP":390,"MRF":25,"MRP":101,"MF":83.43,"MFD":-18.68,"MQt":0.53,"MPz":2,"MPzD":-14.35,"MPr":43.98}]
,"datiDettRefC":[
{"DP":"TIRAS REACTIVAS GLUCEMIA 50 U","DD":"BAYER HISPANIA S.L.","FRF":360,"FRP":359,"CRF":1,"CRP":2,"CF":244.09,"CFD":7.11,"CQt":2.33,"CPz":10,"CPzD":4.96,"CPr":24.82}
,{"DP":"TIRAS REACTIVAS GLUCEMIA 50 U","DD":"ABBOTT LABORATORIES","FRF":359,"FRP":358,"CRF":2,"CRP":6,"CF":218.02,"CFD":6.35,"CQt":2.08,"CPz":7,"CPzD":-1.53,"CPr":31.15}
,{"DP":"ABSORB INC ORINA NOC ANAT T- GDE 80 U","DD":"INDAS","FRF":388,"FRP":387,"CRF":3,"CRP":14,"CF":200.75,"CFD":20.19,"CQt":1.91,"CPz":5,"CPzD":32.21,"CPr":43.99}
,{"DP":"TIRAS REACTIVAS GLUCEMIA 50 U","DD":"ROCHE DIAGNOSTICS","FRF":14,"FRP":89,"CRF":4,"CRP":7,"CF":169.45,"CFD":-4.55,"CQt":1.61,"CPz":7,"CPzD":-4.94,"CPr":24.08}
,{"DP":"TIRAS REACTIVAS GLUCEMIA 1 VIAL 50 U","DD":"LIFESCAN ESPAÑA","FRF":353,"FRP":352,"CRF":5,"CRP":8,"CF":161.57,"CFD":-17.03,"CQt":1.54,"CPz":7,"CPzD":-14.63,"CPr":23.08}
,{"DP":"GAFAS","DD":"","FRF":3,"FRP":5,"CRF":6,"CRP":1,"CF":157.23,"CFD":-1.66,"CQt":1.5,"CPz":15,"CPzD":21.86,"CPr":10.52}
,{"DP":"ABSORB INC ORINA DIA ANAT 80 U","DD":"INDAS","FRF":69,"FRP":141,"CRF":7,"CRP":15,"CF":143.77,"CFD":11.79,"CQt":1.37,"CPz":5,"CPzD":21.68,"CPr":31.13}
,{"DP":"ABSORB INC ORINA DIA ANAT T- GDE 80 U","DD":"INDAS","FRF":382,"FRP":381,"CRF":8,"CRP":21,"CF":138.9,"CFD":4.4,"CQt":1.32,"CPz":4,"CPzD":-6.38,"CPr":30.93}
,{"DP":"ABSORB INC ORINA SUP-NOC ANAT T- GDE 80 U","DD":"INDAS","FRF":397,"FRP":396,"CRF":9,"CRP":34,"CF":131.31,"CFD":-8.33,"CQt":1.25,"CPz":3,"CPzD":10,"CPr":52.34}
,{"DP":"TIRAS REACTIVAS GLUCEMIA 100 U","DD":"BAYER HISPANIA S.L.","FRF":355,"FRP":354,"CRF":10,"CRP":49,"CF":123.29,"CFD":51.52,"CQt":1.17,"CPz":2,"CPzD":23.6,"CPr":56.98}
,{"DP":"ABSORB INC ORINA SUP-NOC ANAT T- GDE 80 U","DD":"PROCTER & GAMBLE ESPAÑA","FRF":398,"FRP":397,"CRF":11,"CRP":50,"CF":119.78,"CFD":-20.88,"CQt":1.14,"CPz":2,"CPzD":-30.38,"CPr":52.7}
,{"DP":"ABSORB INC ORINA DIA ANAT 80 U 4 MALLAS","DD":"PROCTER & GAMBLE ESPAÑA","FRF":378,"FRP":377,"CRF":12,"CRP":35,"CF":109.13,"CFD":-19.1,"CQt":1.04,"CPz":3,"CPzD":-30.38,"CPr":31.43}
,{"DP":"ABSORB INC ORINA NOC ANAT T- GDE 80 U","DD":"PROCTER & GAMBLE ESPAÑA","FRF":390,"FRP":389,"CRF":13,"CRP":51,"CF":90.93,"CFD":-32.96,"CQt":0.87,"CPz":2,"CPzD":-35.29,"CPr":43.87}
,{"DP":"TIRAS REACTIVAS GLUCEMIA 50 U","DD":"LIFESCAN ESPAÑA","FRF":361,"FRP":360,"CRF":14,"CRP":22,"CF":90.51,"CFD":-25.34,"CQt":0.86,"CPz":4,"CPzD":-17.91,"CPr":24.4}
,{"DP":"TIRAS REACTIVAS GLUCEMIA 100 U","DD":"ABBOTT LABORATORIES","FRF":354,"FRP":353,"CRF":15,"CRP":52,"CF":90.51,"CFD":11.16,"CQt":0.86,"CPz":2,"CPzD":19.57,"CPr":54.7}
,{"DP":"TIRAS REACTIVAS GLUCEMIA 100 U","DD":"ROCHE DIAGNOSTICS","FRF":357,"FRP":356,"CRF":16,"CRP":53,"CF":87.2,"CFD":23.2,"CQt":0.83,"CPz":2,"CPzD":39.24,"CPr":48.44}
,{"DP":"ABSORB INC ORINA SUP-NOC ANAT T- GDE 80 U","DD":"EUROPROSAN","FRF":396,"FRP":395,"CRF":17,"CRP":54,"CF":86.24,"CFD":40.62,"CQt":0.82,"CPz":2,"CPzD":71.88,"CPr":52.7}
,{"DP":"TIRAS REACTIVAS GLUCEMIA 100 U","DD":"LIFESCAN ESPAÑA","FRF":356,"FRP":355,"CRF":18,"CRP":112,"CF":85.2,"CFD":46.89,"CQt":0.81,"CPz":1,"CPzD":0,"CPr":59.32}
,{"DP":"ABSORB INC ORINA NOC ANAT T- GDE 80 U","DD":"EUROPROSAN","FRF":387,"FRP":386,"CRF":19,"CRP":55,"CF":84.63,"CFD":10.42,"CQt":0.81,"CPz":2,"CPzD":14.58,"CPr":43.91}
,{"DP":"ABSORB INC ORINA NOC ANAT T- MED 80 U","DD":"INDAS","FRF":393,"FRP":392,"CRF":20,"CRP":56,"CF":83.83,"CFD":0,"CQt":0.8,"CPz":2,"CPzD":4.76,"CPr":43.5}
,{"DP":"ABSORB INC ORINA NOC ANAT 80 U","DD":"BARNA IMPORT MEDICA","FRF":384,"FRP":383,"CRF":21,"CRP":57,"CF":83.8,"CFD":35.25,"CQt":0.8,"CPz":2,"CPzD":41.03,"CPr":43.89}
,{"DP":"TIRAS REACTIVAS GLUCEMIA 50 TIRAS REACTIVAS","DD":"MENARINI","FRF":16,"FRP":91,"CRF":22,"CRP":36,"CF":77.77,"CFD":-8.44,"CQt":0.74,"CPz":3,"CPzD":-8.84,"CPr":25.31}
,{"DP":"TIRAS REACTIVAS GLUCEMIA 2 VIALES 100 U","DD":"LIFESCAN ESPAÑA","FRF":358,"FRP":357,"CRF":23,"CRP":113,"CF":76.39,"CFD":25.13,"CQt":0.73,"CPz":1,"CPzD":0,"CPr":73.71}
,{"DP":"ABSORB INC ORINA DIA ANAT INICIA 80 U","DD":"INDAS","FRF":380,"FRP":379,"CRF":24,"CRP":37,"CF":75.12,"CFD":-0.79,"CQt":0.72,"CPz":3,"CPzD":4.43,"CPr":26.15}
,{"DP":"ABSORB INC ORINA DIA RECT 80 U + 4 MALLAS","DD":"PROCTER & GAMBLE ESPAÑA","FRF":383,"FRP":382,"CRF":25,"CRP":38,"CF":74.99,"CFD":-19.7,"CQt":0.71,"CPz":3,"CPzD":-16.67,"CPr":25.94}]}