{"datiDettRefF":[
{"DP":"TOBILLERA DCHA T- 1","DD":"PRO-ORTO","FRF":1,"FRP":3,"FF":63.3,"FFD":5.68,"FQt":10.71,"FPz":2,"FPzD":0,"FPr":31.65,"MRF":24,"MRP":25,"CRF":30,"CRP":30}
,{"DP":"TOBILLERA T- MED","DD":"3M ESPAÑA","FRF":2,"FRP":1,"FF":49.5,"FFD":null,"FQt":8.38,"FPz":3,"FPzD":null,"FPr":16.5,"MRF":21,"MRP":20,"CRF":21,"CRP":20}
,{"DP":"ACTIMOVE LUMBAR T- XL","DD":"BSN MEDICAL","FRF":3,"FRP":6,"FF":35.65,"FFD":null,"FQt":6.03,"FPz":1,"FPzD":null,"FPr":35.65,"MRF":34,"MRP":37,"CRF":37,"CRP":37}
,{"DP":"ESTABILIIZADOR DE MUÑECA DCHA T- SM","DD":"3M ESPAÑA","FRF":4,"FRP":7,"FF":32.5,"FFD":null,"FQt":5.5,"FPz":1,"FPzD":null,"FPr":32.5,"MRF":25,"MRP":27,"CRF":20,"CRP":22}
,{"DP":"ALMOHADILLA DOBLE PROTECCION T - P","DD":"CINFA","FRF":5,"FRP":8,"FF":28.5,"FFD":null,"FQt":4.82,"FPz":1,"FPzD":null,"FPr":28.5,"MRF":26,"MRP":26,"CRF":23,"CRP":24}
,{"DP":"PANTY COMP NORMAL 140 DEN NEGRO T-2","DD":"BSN MEDICAL","FRF":6,"FRP":9,"FF":25.5,"FFD":null,"FQt":4.32,"FPz":1,"FPzD":null,"FPr":25.5,"MRF":36,"MRP":38,"CRF":38,"CRP":38}
,{"DP":"RODILLERA ESTABILIZADORA T-L","DD":"3M ESPAÑA","FRF":7,"FRP":10,"FF":24.5,"FFD":null,"FQt":4.15,"FPz":1,"FPzD":null,"FPr":24.5,"MRF":29,"MRP":31,"CRF":22,"CRP":23}
,{"DP":"ESTABILIIZADOR DEL PULGAR T- SM","DD":"3M ESPAÑA","FRF":8,"FRP":11,"FF":23.95,"FFD":null,"FQt":4.05,"FPz":1,"FPzD":null,"FPr":23.95,"MRF":16,"MRP":21,"CRF":28,"CRP":28}
,{"DP":"FAJA BEIGE T- 2","DD":"CINFA","FRF":9,"FRP":12,"FF":21.5,"FFD":null,"FQt":3.64,"FPz":1,"FPzD":null,"FPr":21.5,"MRF":18,"MRP":22,"CRF":16,"CRP":18}
,{"DP":"DR SCHOLL GELACTIV PROFESIONAL HOMBRE 1 PAR","DD":"RECKITT BENCKISER HEALTHCARE  S A","FRF":10,"FRP":13,"FF":19.95,"FFD":17.7,"FQt":3.38,"FPz":1,"FPzD":0,"FPr":19.95,"MRF":6,"MRP":9,"CRF":3,"CRP":3}
,{"DP":"DR SCHOLL GELACTIV SPORT HOMBRE 1 PAR","DD":"RECKITT BENCKISER HEALTHCARE  S A","FRF":11,"FRP":14,"FF":19.9,"FFD":13.71,"FQt":3.37,"FPz":1,"FPzD":0,"FPr":19.9,"MRF":9,"MRP":14,"CRF":8,"CRP":12}
,{"DP":"SEPARADEDOS PRIMER DEDO T- MED","DD":"LABLOSAN","FRF":12,"FRP":2,"FF":19.5,"FFD":null,"FQt":3.3,"FPz":3,"FPzD":null,"FPr":6.5,"MRF":37,"MRP":34,"CRF":34,"CRP":34}
,{"DP":"PROTECTOR JUANETES HALLUX VALGUS T-PEQ","DD":"CINFA","FRF":13,"FRP":15,"FF":18.35,"FFD":null,"FQt":3.11,"FPz":1,"FPzD":null,"FPr":18.35,"MRF":17,"MRP":19,"CRF":15,"CRP":16}
,{"DP":"DR SCHOLL GELACTIV USO DIARIO MUJER 1 PAR","DD":"RECKITT BENCKISER HEALTHCARE  S A","FRF":14,"FRP":16,"FF":17.5,"FFD":3.24,"FQt":2.96,"FPz":1,"FPzD":0,"FPr":17.5,"MRF":4,"MRP":8,"CRF":5,"CRP":5}
,{"DP":"TOBILLERA T-L","DD":"3M ESPAÑA","FRF":15,"FRP":17,"FF":16.5,"FFD":0,"FQt":2.79,"FPz":1,"FPzD":0,"FPr":16.5,"MRF":28,"MRP":29,"CRF":24,"CRP":25}
,{"DP":"TOBILLERA T-S","DD":"3M ESPAÑA","FRF":16,"FRP":18,"FF":16.5,"FFD":null,"FQt":2.79,"FPz":1,"FPzD":null,"FPr":16.5,"MRF":27,"MRP":28,"CRF":25,"CRP":26}
,{"DP":"MUÑEQUERA DEPORTISTA T- S M","DD":"3M ESPAÑA","FRF":17,"FRP":19,"FF":15.95,"FFD":null,"FQt":2.7,"FPz":1,"FPzD":null,"FPr":15.95,"MRF":23,"MRP":23,"CRF":26,"CRP":27}
,{"DP":"MUÑEQUERAS VARIAS","DD":"","FRF":18,"FRP":20,"FF":15.95,"FFD":null,"FQt":2.7,"FPz":1,"FPzD":null,"FPr":15.95,"MRF":3,"MRP":2,"CRF":6,"CRP":7}
,{"DP":"SCHOLL PARTY FEET APOYO ALMOHADILLA PLANTAR 1 PAR","DD":"RECKITT BENCKISER HEALTHCARE  S A","FRF":19,"FRP":4,"FF":15,"FFD":null,"FQt":2.54,"FPz":2,"FPzD":null,"FPr":7.5,"MRF":11,"MRP":13,"CRF":13,"CRP":13}
,{"DP":"COMPEED JUANETES 5 U","DD":"JOHNSON & JOHNSON","FRF":20,"FRP":5,"FF":11.6,"FFD":null,"FQt":1.96,"FPz":2,"FPzD":null,"FPr":5.8,"MRF":14,"MRP":12,"CRF":12,"CRP":10}
,{"DP":"MUÑEQUERA T- S M","DD":"3M ESPAÑA","FRF":21,"FRP":21,"FF":11.5,"FFD":null,"FQt":1.95,"FPz":1,"FPzD":null,"FPr":11.5,"MRF":22,"MRP":18,"CRF":19,"CRP":19}
,{"DP":"COLLARIN CERVICAL T- GDE","DD":"BSN MEDICAL","FRF":22,"FRP":22,"FF":9.95,"FFD":null,"FQt":1.68,"FPz":1,"FPzD":null,"FPr":9.95,"MRF":38,"MRP":39,"CRF":39,"CRP":39}
,{"DP":"COLLARIN CERVICAL T- MED","DD":"BSN MEDICAL","FRF":23,"FRP":23,"FF":9.95,"FFD":null,"FQt":1.68,"FPz":1,"FPzD":null,"FPr":9.95,"MRF":35,"MRP":35,"CRF":35,"CRP":35}
,{"DP":"TOBILLERA T- GDE","DD":"3M ESPAÑA","FRF":24,"FRP":24,"FF":9.95,"FFD":null,"FQt":1.68,"FPz":1,"FPzD":null,"FPr":9.95,"MRF":33,"MRP":33,"CRF":33,"CRP":33}
,{"DP":"TUBO ELASTICO RECORTABLE ELAST RECUBIERTO 11 MM","DD":"LABLOSAN","FRF":25,"FRP":25,"FF":8.75,"FFD":-12.06,"FQt":1.48,"FPz":1,"FPzD":0,"FPr":8.75,"MRF":31,"MRP":32,"CRF":32,"CRP":32}]
,"datiDettRefM":[
{"DP":"PLANTILLAS","DD":"","FRF":39,"FRP":39,"MRF":1,"MRP":6,"MF":57.17,"MFD":-17.3,"MQt":5.01,"MPz":1,"MPzD":-44.11,"MPr":45.2}
,{"DP":"FAJAS","DD":"","FRF":36,"FRP":36,"MRF":2,"MRP":7,"MF":56.17,"MFD":-3.09,"MQt":4.92,"MPz":1,"MPzD":-18.14,"MPr":51.44}
,{"DP":"MUÑEQUERAS VARIAS","DD":"","FRF":18,"FRP":20,"MRF":3,"MRP":2,"MF":39.92,"MFD":-3.07,"MQt":3.5,"MPz":2,"MPzD":-11.06,"MPr":18.94}
,{"DP":"DR SCHOLL GELACTIV USO DIARIO MUJER 1 PAR","DD":"RECKITT BENCKISER HEALTHCARE  S A","FRF":14,"FRP":16,"MRF":4,"MRP":8,"MF":24.53,"MFD":-10.76,"MQt":2.15,"MPz":1,"MPzD":-41.08,"MPr":16.74}
,{"DP":"PASTILLEROS","DD":"","FRF":38,"FRP":38,"MRF":5,"MRP":1,"MF":23.8,"MFD":11.97,"MQt":2.08,"MPz":3,"MPzD":-1.6,"MPr":7.15}
,{"DP":"DR SCHOLL GELACTIV PROFESIONAL HOMBRE 1 PAR","DD":"RECKITT BENCKISER HEALTHCARE  S A","FRF":10,"FRP":13,"MRF":6,"MRP":9,"MF":20.11,"MFD":-19.47,"MQt":1.76,"MPz":1,"MPzD":-34.16,"MPr":16.39}
,{"DP":"MCDAVID ORTOPEDIA","DD":"","FRF":37,"FRP":37,"MRF":7,"MRP":10,"MF":19.28,"MFD":-25.1,"MQt":1.69,"MPz":1,"MPzD":-34.4,"MPr":17.49}
,{"DP":"COMPEED CALLOS ACTIVOS 6 APOSITOS MEDIANOS","DD":"JOHNSON & JOHNSON","FRF":29,"FRP":29,"MRF":8,"MRP":3,"MF":13.11,"MFD":-13.65,"MQt":1.15,"MPz":2,"MPzD":-1.86,"MPr":7.44}
,{"DP":"DR SCHOLL GELACTIV SPORT HOMBRE 1 PAR","DD":"RECKITT BENCKISER HEALTHCARE  S A","FRF":11,"FRP":14,"MRF":9,"MRP":14,"MF":8.48,"MFD":-19.32,"MQt":0.74,"MPz":0.519,"MPzD":-19.99,"MPr":16.34}
,{"DP":"COMPEED CALLOS CON ACIDO SALICILICO 6 U MED","DD":"JOHNSON & JOHNSON","FRF":34,"FRP":34,"MRF":10,"MRP":11,"MF":8.27,"MFD":-12.61,"MQt":0.72,"MPz":1,"MPzD":-19.91,"MPr":7.42}
,{"DP":"SCHOLL PARTY FEET APOYO ALMOHADILLA PLANTAR 1 PAR","DD":"RECKITT BENCKISER HEALTHCARE  S A","FRF":19,"FRP":4,"MRF":11,"MRP":13,"MF":6.56,"MFD":-3.27,"MQt":0.57,"MPz":0.865,"MPzD":-11.59,"MPr":7.58}
,{"DP":"CONTERAS","DD":"","FRF":35,"FRP":35,"MRF":12,"MRP":4,"MF":6.21,"MFD":-38.19,"MQt":0.54,"MPz":2,"MPzD":-8.64,"MPr":3.33}
,{"DP":"MASCARILLAS PROTECTORAS","DD":"","FRF":33,"FRP":33,"MRF":13,"MRP":5,"MF":5.22,"MFD":-21.95,"MQt":0.46,"MPz":2,"MPzD":-10.41,"MPr":2.42}
,{"DP":"COMPEED JUANETES 5 U","DD":"JOHNSON & JOHNSON","FRF":20,"FRP":5,"MRF":14,"MRP":12,"MF":5.19,"MFD":22.57,"MQt":0.45,"MPz":0.87,"MPzD":17.48,"MPr":5.96}
,{"DP":"BOLSA AGUA CALIENTE","DD":"","FRF":28,"FRP":28,"MRF":15,"MRP":16,"MF":3.46,"MFD":-21.84,"MQt":0.3,"MPz":0.368,"MPzD":-19.91,"MPr":9.41}
,{"DP":"ESTABILIIZADOR DEL PULGAR T- SM","DD":"3M ESPAÑA","FRF":8,"FRP":11,"MRF":16,"MRP":21,"MF":3.22,"MFD":-30.16,"MQt":0.28,"MPz":0.13,"MPzD":-33.19,"MPr":24.81}
,{"DP":"PROTECTOR JUANETES HALLUX VALGUS T-PEQ","DD":"CINFA","FRF":13,"FRP":15,"MRF":17,"MRP":19,"MF":2.92,"MFD":-23.4,"MQt":0.26,"MPz":0.173,"MPzD":-19.99,"MPr":16.88}
,{"DP":"FAJA BEIGE T- 2","DD":"CINFA","FRF":9,"FRP":12,"MRF":18,"MRP":22,"MF":2.6,"MFD":-13.47,"MQt":0.23,"MPz":0.114,"MPzD":-12.12,"MPr":22.91}
,{"DP":"TALONERA PROTECTORA 1 PAR","DD":"RECKITT BENCKISER HEALTHCARE  S A","FRF":27,"FRP":27,"MRF":19,"MRP":17,"MF":2.52,"MFD":33.34,"MQt":0.22,"MPz":0.357,"MPzD":29.5,"MPr":7.06}
,{"DP":"COMPEED DUREZAS T- GDE 2 U","DD":"JOHNSON & JOHNSON","FRF":30,"FRP":30,"MRF":20,"MRP":15,"MF":2.52,"MFD":38.57,"MQt":0.22,"MPz":0.438,"MPzD":39.71,"MPr":5.75}
,{"DP":"TOBILLERA T- MED","DD":"3M ESPAÑA","FRF":2,"FRP":1,"MRF":21,"MRP":20,"MF":2.38,"MFD":-23.58,"MQt":0.21,"MPz":0.173,"MPzD":-23.8,"MPr":13.77}
,{"DP":"MUÑEQUERA T- S M","DD":"3M ESPAÑA","FRF":21,"FRP":21,"MRF":22,"MRP":18,"MF":2.36,"MFD":20.49,"MQt":0.21,"MPz":0.205,"MPzD":18.52,"MPr":11.48}
,{"DP":"MUÑEQUERA DEPORTISTA T- S M","DD":"3M ESPAÑA","FRF":17,"FRP":19,"MRF":23,"MRP":23,"MF":1.71,"MFD":48.76,"MQt":0.15,"MPz":0.108,"MPzD":42.71,"MPr":15.81}
,{"DP":"TOBILLERA DCHA T- 1","DD":"PRO-ORTO","FRF":1,"FRP":3,"MRF":24,"MRP":25,"MF":1.51,"MFD":-2.54,"MQt":0.13,"MPz":0.065,"MPzD":-14.11,"MPr":23.24}
,{"DP":"ESTABILIIZADOR DE MUÑECA DCHA T- SM","DD":"3M ESPAÑA","FRF":4,"FRP":7,"MRF":25,"MRP":27,"MF":1.49,"MFD":4.56,"MQt":0.13,"MPz":0.049,"MPzD":0.72,"MPr":30.71}]
,"datiDettRefC":[
{"DP":"FAJAS","DD":"","FRF":36,"FRP":36,"CRF":1,"CRP":11,"CF":28.27,"CFD":35.4,"CQt":5.64,"CPz":0.327,"CPzD":-18.25,"CPr":86.37}
,{"DP":"PASTILLEROS","DD":"","FRF":38,"FRP":38,"CRF":2,"CRP":1,"CF":17.25,"CFD":7.79,"CQt":3.44,"CPz":3,"CPzD":-1.79,"CPr":4.94}
,{"DP":"DR SCHOLL GELACTIV PROFESIONAL HOMBRE 1 PAR","DD":"RECKITT BENCKISER HEALTHCARE  S A","FRF":10,"FRP":13,"CRF":3,"CRP":3,"CF":12.58,"CFD":-17.5,"CQt":2.51,"CPz":0.782,"CPzD":-12.22,"CPr":16.1}
,{"DP":"PLANTILLAS","DD":"","FRF":39,"FRP":39,"CRF":4,"CRP":4,"CF":10.11,"CFD":-41.52,"CQt":2.02,"CPz":0.618,"CPzD":-39.3,"CPr":16.36}
,{"DP":"DR SCHOLL GELACTIV USO DIARIO MUJER 1 PAR","DD":"RECKITT BENCKISER HEALTHCARE  S A","FRF":14,"FRP":16,"CRF":5,"CRP":5,"CF":10.1,"CFD":-0.82,"CQt":2.02,"CPz":0.618,"CPzD":-0.03,"CPr":16.34}
,{"DP":"MUÑEQUERAS VARIAS","DD":"","FRF":18,"FRP":20,"CRF":6,"CRP":7,"CF":8.36,"CFD":-23.78,"CQt":1.67,"CPz":0.582,"CPzD":-23.79,"CPr":14.36}
,{"DP":"MASCARILLAS PROTECTORAS","DD":"","FRF":33,"FRP":33,"CRF":7,"CRP":2,"CF":5.21,"CFD":41.87,"CQt":1.04,"CPz":2,"CPzD":189.47,"CPr":3.37}
,{"DP":"DR SCHOLL GELACTIV SPORT HOMBRE 1 PAR","DD":"RECKITT BENCKISER HEALTHCARE  S A","FRF":11,"FRP":14,"CRF":8,"CRP":12,"CF":5.2,"CFD":27.92,"CQt":1.04,"CPz":0.327,"CPzD":38.35,"CPr":15.89}
,{"DP":"MCDAVID ORTOPEDIA","DD":"","FRF":37,"FRP":37,"CRF":9,"CRP":14,"CF":4.92,"CFD":-44.2,"CQt":0.98,"CPz":0.255,"CPzD":-41.56,"CPr":19.32}
,{"DP":"COMPEED CALLOS ACTIVOS 6 APOSITOS MEDIANOS","DD":"JOHNSON & JOHNSON","FRF":29,"FRP":29,"CRF":10,"CRP":8,"CF":4.23,"CFD":5.1,"CQt":0.84,"CPz":0.564,"CPzD":6.97,"CPr":7.5}
,{"DP":"COMPEED CALLOS CON ACIDO SALICILICO 6 U MED","DD":"JOHNSON & JOHNSON","FRF":34,"FRP":34,"CRF":11,"CRP":9,"CF":4.14,"CFD":5.59,"CQt":0.83,"CPz":0.564,"CPzD":6.97,"CPr":7.34}
,{"DP":"COMPEED JUANETES 5 U","DD":"JOHNSON & JOHNSON","FRF":20,"FRP":5,"CRF":12,"CRP":10,"CF":2.35,"CFD":27.62,"CQt":0.47,"CPz":0.382,"CPzD":23.59,"CPr":6.14}
,{"DP":"SCHOLL PARTY FEET APOYO ALMOHADILLA PLANTAR 1 PAR","DD":"RECKITT BENCKISER HEALTHCARE  S A","FRF":19,"FRP":4,"CRF":13,"CRP":13,"CF":2,"CFD":24.8,"CQt":0.4,"CPz":0.273,"CPzD":7.25,"CPr":7.35}
,{"DP":"CONTERAS","DD":"","FRF":35,"FRP":35,"CRF":14,"CRP":6,"CF":1.47,"CFD":-71.87,"CQt":0.29,"CPz":0.618,"CPzD":-58.04,"CPr":2.37}
,{"DP":"PROTECTOR JUANETES HALLUX VALGUS T-PEQ","DD":"CINFA","FRF":13,"FRP":15,"CRF":15,"CRP":16,"CF":1.34,"CFD":-3.85,"CQt":0.27,"CPz":0.091,"CPzD":25.12,"CPr":14.75}
,{"DP":"FAJA BEIGE T- 2","DD":"CINFA","FRF":9,"FRP":12,"CRF":16,"CRP":18,"CF":1.24,"CFD":-40.6,"CQt":0.25,"CPz":0.055,"CPzD":-39.5,"CPr":22.81}
,{"DP":"COMPEED DUREZAS T- GDE 2 U","DD":"JOHNSON & JOHNSON","FRF":30,"FRP":30,"CRF":17,"CRP":15,"CF":0.95,"CFD":61.86,"CQt":0.19,"CPz":0.164,"CPzD":50.33,"CPr":5.8}
,{"DP":"BOLSA AGUA CALIENTE","DD":"","FRF":28,"FRP":28,"CRF":18,"CRP":17,"CF":0.9,"CFD":78.84,"CQt":0.18,"CPz":0.091,"CPzD":66.83,"CPr":9.89}
,{"DP":"MUÑEQUERA T- S M","DD":"3M ESPAÑA","FRF":21,"FRP":21,"CRF":19,"CRP":19,"CF":0.59,"CFD":-57.34,"CQt":0.12,"CPz":0.055,"CPzD":-49.58,"CPr":10.83}
,{"DP":"ESTABILIIZADOR DE MUÑECA DCHA T- SM","DD":"3M ESPAÑA","FRF":4,"FRP":7,"CRF":20,"CRP":22,"CF":0.54,"CFD":null,"CQt":0.11,"CPz":0.018,"CPzD":null,"CPr":29.95}
,{"DP":"TOBILLERA T- MED","DD":"3M ESPAÑA","FRF":2,"FRP":1,"CRF":21,"CRP":20,"CF":0.48,"CFD":-27.48,"CQt":0.1,"CPz":0.055,"CPzD":51.25,"CPr":8.88}
,{"DP":"RODILLERA ESTABILIZADORA T-L","DD":"3M ESPAÑA","FRF":7,"FRP":10,"CRF":22,"CRP":23,"CF":0.45,"CFD":null,"CQt":0.09,"CPz":0.018,"CPzD":null,"CPr":24.95}
,{"DP":"ALMOHADILLA DOBLE PROTECCION T - P","DD":"CINFA","FRF":5,"FRP":8,"CRF":23,"CRP":24,"CF":0.45,"CFD":-54.81,"CQt":0.09,"CPz":0.018,"CPzD":-50.5,"CPr":24.9}
,{"DP":"TOBILLERA T-L","DD":"3M ESPAÑA","FRF":15,"FRP":17,"CRF":24,"CRP":25,"CF":0.36,"CFD":null,"CQt":0.07,"CPz":0.018,"CPzD":null,"CPr":19.96}
,{"DP":"TOBILLERA T-S","DD":"3M ESPAÑA","FRF":16,"FRP":18,"CRF":25,"CRP":26,"CF":0.36,"CFD":33.44,"CQt":0.07,"CPz":0.018,"CPzD":-1,"CPr":19.95}]}