{"datiDettRefF":[
{"DP":"EXTRACTOR DE LECHE ELECTRICO ","DD":"MEDELA","FRF":1,"FRP":9,"FF":149.95,"FFD":null,"FQt":24.24,"FPz":1,"FPzD":null,"FPr":149.95,"MRF":9,"MRP":39,"CRF":39,"CRP":39}
,{"DP":"PAÑALES NIÑOS","DD":"","FRF":2,"FRP":1,"FF":142.45,"FFD":-12.42,"FQt":23.02,"FPz":15,"FPzD":0,"FPr":9.5,"MRF":7,"MRP":9,"CRF":8,"CRP":13}
,{"DP":"NARHINEL CONFORT ASPIRADOR NASAL 1 U +2 RECAMBIOS","DD":"NOVARTIS","FRF":3,"FRP":3,"FF":59.8,"FFD":300,"FQt":9.67,"FPz":4,"FPzD":300,"FPr":14.95,"MRF":6,"MRP":8,"CRF":4,"CRP":6}
,{"DP":"NARHINEL CONFORT ASPIRADOR RECAMBIO 20 BLANDO DESECHABLE","DD":"NOVARTIS","FRF":4,"FRP":4,"FF":35.8,"FFD":-33.33,"FQt":5.79,"FPz":4,"FPzD":-33.33,"FPr":8.95,"MRF":1,"MRP":3,"CRF":2,"CRP":2}
,{"DP":"BIBERON PP ANTICOLICO T SILICONA XS 180 ML","DD":"SUAVINEX","FRF":5,"FRP":6,"FF":25.5,"FFD":null,"FQt":4.12,"FPz":2,"FPzD":null,"FPr":12.75,"MRF":24,"MRP":29,"CRF":11,"CRP":20}
,{"DP":"CHUPETES","DD":"","FRF":6,"FRP":2,"FF":22.25,"FFD":-71.98,"FQt":3.6,"FPz":5,"FPzD":-37.5,"FPr":4.45,"MRF":5,"MRP":2,"CRF":3,"CRP":3}
,{"DP":"BIBERONES","DD":"","FRF":7,"FRP":10,"FF":20.95,"FFD":-11.23,"FQt":3.39,"FPz":1,"FPzD":-50,"FPr":20.95,"MRF":3,"MRP":6,"CRF":1,"CRP":1}
,{"DP":"PROTECTOR DE PEZONES 2 U","DD":"MEDELA","FRF":8,"FRP":11,"FF":15.7,"FFD":null,"FQt":2.54,"FPz":1,"FPzD":null,"FPr":15.7,"MRF":39,"MRP":40,"CRF":41,"CRP":41}
,{"DP":"ESPONJA BAÑO INFANTIL INGLESA","DD":"SUAVINEX","FRF":9,"FRP":7,"FF":15.3,"FFD":null,"FQt":2.47,"FPz":2,"FPzD":null,"FPr":7.65,"MRF":34,"MRP":33,"CRF":32,"CRP":31}
,{"DP":"EMBUDO PERSONAL FIT FLEX 21 MM","DD":"MEDELA","FRF":10,"FRP":12,"FF":14.75,"FFD":null,"FQt":2.38,"FPz":1,"FPzD":null,"FPr":14.75,"MRF":41,"MRP":41,"CRF":40,"CRP":40}
,{"DP":"MORDEDOR REFRIGERANTE +4 M ETAPA 2","DD":"SUAVINEX","FRF":11,"FRP":5,"FF":14.25,"FFD":null,"FQt":2.3,"FPz":3,"FPzD":null,"FPr":4.75,"MRF":29,"MRP":28,"CRF":24,"CRP":15}
,{"DP":"TIJERA BEBE CROMADA P ROMA","DD":"INDUSTRIAS BETER","FRF":12,"FRP":13,"FF":13.25,"FFD":4.33,"FQt":2.14,"FPz":1,"FPzD":0,"FPr":13.25,"MRF":36,"MRP":37,"CRF":29,"CRP":34}
,{"DP":"PEZONERA CONTACT SILICONA T- S 16 MM 2 U","DD":"MEDELA","FRF":13,"FRP":14,"FF":12.5,"FFD":null,"FQt":2.02,"FPz":1,"FPzD":null,"FPr":12.5,"MRF":31,"MRP":34,"CRF":33,"CRP":35}
,{"DP":"PAÑAL INFANTIL T- 1 2-5 KG 38 U","DD":"PROCTER & GAMBLE ESPAÑA","FRF":14,"FRP":15,"FF":10.75,"FFD":null,"FQt":1.74,"FPz":1,"FPzD":null,"FPr":10.75,"MRF":15,"MRP":19,"CRF":15,"CRP":19}
,{"DP":"CHUPETE TETINA SILICONA +6 M","DD":"SUAVINEX","FRF":15,"FRP":8,"FF":10.5,"FFD":null,"FQt":1.7,"FPz":2,"FPzD":null,"FPr":5.25,"MRF":13,"MRP":13,"CRF":10,"CRP":8}
,{"DP":"BOLSAS PARA LECHE MATERNA 25 U","DD":"MEDELA","FRF":16,"FRP":16,"FF":9.45,"FFD":null,"FQt":1.53,"FPz":1,"FPzD":null,"FPr":9.45,"MRF":32,"MRP":35,"CRF":37,"CRP":38}
,{"DP":"TETINA NATURAL FLUJO RAPIDO + 0 M","DD":"PHILIPS IB","FRF":17,"FRP":17,"FF":8.2,"FFD":null,"FQt":1.33,"FPz":1,"FPzD":null,"FPr":8.2,"MRF":40,"MRP":38,"CRF":36,"CRP":36}
,{"DP":"PROTEGESENOS 60 U","DD":"SUAVINEX","FRF":18,"FRP":18,"FF":7.95,"FFD":0,"FQt":1.28,"FPz":1,"FPzD":0,"FPr":7.95,"MRF":12,"MRP":12,"CRF":9,"CRP":12}
,{"DP":"CHUPETE SILICONA T ANATOMICA + 18 M 2 U","DD":"SUAVINEX","FRF":19,"FRP":19,"FF":6.95,"FFD":null,"FQt":1.12,"FPz":1,"FPzD":null,"FPr":6.95,"MRF":18,"MRP":20,"CRF":19,"CRP":24}
,{"DP":"PORTACHUPETE 2 U","DD":"SUAVINEX","FRF":20,"FRP":20,"FF":5.95,"FFD":null,"FQt":0.96,"FPz":1,"FPzD":null,"FPr":5.95,"MRF":37,"MRP":36,"CRF":35,"CRP":33}
,{"DP":"TERMOMETRO BAÑO INFANTIL ","DD":"SUAVINEX","FRF":21,"FRP":21,"FF":5.75,"FFD":-50,"FQt":0.93,"FPz":1,"FPzD":-50,"FPr":5.75,"MRF":35,"MRP":32,"CRF":27,"CRP":26}
,{"DP":"SUAVINEX ASPIRADOR NASAL ","DD":"SUAVINEX","FRF":22,"FRP":22,"FF":5.5,"FFD":null,"FQt":0.89,"FPz":1,"FPzD":null,"FPr":5.5,"MRF":33,"MRP":31,"CRF":34,"CRP":32}
,{"DP":"CHUPETE TETINA SILICONA 0-6 M","DD":"SUAVINEX","FRF":23,"FRP":23,"FF":5.25,"FFD":null,"FQt":0.85,"FPz":1,"FPzD":null,"FPr":5.25,"MRF":26,"MRP":25,"CRF":23,"CRP":16}
,{"DP":"BIBERON PP ANTICOLICO T SILICONA S 270 ML","DD":"SUAVINEX","FRF":24,"FRP":24,"FF":0,"FFD":null,"FQt":0,"FPz":0,"FPzD":null,"FPr":null,"MRF":10,"MRP":18,"CRF":13,"CRP":23}
,{"DP":"BROCHES PINZAS Y CADENAS","DD":"","FRF":25,"FRP":25,"FF":0,"FFD":-100,"FQt":0,"FPz":0,"FPzD":-100,"FPr":null,"MRF":21,"MRP":17,"CRF":21,"CRP":18}]
,"datiDettRefM":[
{"DP":"NARHINEL CONFORT ASPIRADOR RECAMBIO 20 BLANDO DESECHABLE","DD":"NOVARTIS","FRF":4,"FRP":4,"MRF":1,"MRP":3,"MF":44.05,"MFD":-18.97,"MQt":3.65,"MPz":5,"MPzD":-23.36,"MPr":8.47}
,{"DP":"PAÑAL INFANTIL T- 4 (9 - 15 KG) 36 PAÑALES","DD":"INDAS","FRF":36,"FRP":35,"MRF":2,"MRP":1,"MF":43.39,"MFD":48.7,"MQt":3.59,"MPz":6,"MPzD":25.85,"MPr":6.91}
,{"DP":"BIBERONES","DD":"","FRF":7,"FRP":10,"MRF":3,"MRP":6,"MF":38.06,"MFD":-35.77,"MQt":3.15,"MPz":4,"MPzD":-30.97,"MPr":9.79}
,{"DP":"PAÑAL INFANTIL T- 5 (13 - 18 KG) 30 PAÑALES","DD":"INDAS","FRF":37,"FRP":36,"MRF":4,"MRP":4,"MF":35.3,"MFD":27.86,"MQt":2.92,"MPz":5,"MPzD":11.71,"MPr":6.77}
,{"DP":"CHUPETES","DD":"","FRF":6,"FRP":2,"MRF":5,"MRP":2,"MF":34.47,"MFD":-40.61,"MQt":2.85,"MPz":6,"MPzD":-35.58,"MPr":6.15}
,{"DP":"NARHINEL CONFORT ASPIRADOR NASAL 1 U +2 RECAMBIOS","DD":"NOVARTIS","FRF":3,"FRP":3,"MRF":6,"MRP":8,"MF":32.44,"MFD":-19.88,"MQt":2.68,"MPz":3,"MPzD":-4.31,"MPr":12.85}
,{"DP":"PAÑALES NIÑOS","DD":"","FRF":2,"FRP":1,"MRF":7,"MRP":9,"MF":30.59,"MFD":-51.41,"MQt":2.53,"MPz":3,"MPzD":-56.16,"MPr":10.2}
,{"DP":"PAÑAL INFANTIL T- 3 (4 - 10 KG) 36 PAÑALES","DD":"INDAS","FRF":35,"FRP":34,"MRF":8,"MRP":10,"MF":17.59,"MFD":21.34,"MQt":1.46,"MPz":3,"MPzD":26.14,"MPr":6.07}
,{"DP":"EXTRACTOR DE LECHE ELECTRICO ","DD":"MEDELA","FRF":1,"FRP":9,"MRF":9,"MRP":39,"MF":15.32,"MFD":-40.7,"MQt":1.27,"MPz":0.103,"MPzD":-43.96,"MPr":149.21}
,{"DP":"BIBERON PP ANTICOLICO T SILICONA S 270 ML","DD":"SUAVINEX","FRF":24,"FRP":24,"MRF":10,"MRP":18,"MF":14.52,"MFD":46.5,"MQt":1.2,"MPz":1,"MPzD":35.04,"MPr":13.36}
,{"DP":"PAÑAL INFANTIL T- 6 (17 - 28 KG) 27 PAÑALES","DD":"INDAS","FRF":38,"FRP":37,"MRF":11,"MRP":11,"MF":12.38,"MFD":23.31,"MQt":1.02,"MPz":2,"MPzD":45.1,"MPr":7.56}
,{"DP":"PROTEGESENOS 60 U","DD":"SUAVINEX","FRF":18,"FRP":18,"MRF":12,"MRP":12,"MF":12.17,"MFD":-28.11,"MQt":1.01,"MPz":2,"MPzD":-5.85,"MPr":7.24}
,{"DP":"CHUPETE TETINA SILICONA +6 M","DD":"SUAVINEX","FRF":15,"FRP":8,"MRF":13,"MRP":13,"MF":10.03,"MFD":-8.53,"MQt":0.83,"MPz":2,"MPzD":-12.32,"MPr":4.91}
,{"DP":"ESPONJA BAÑO INFANTIL NATURAL","DD":"SUAVINEX","FRF":33,"FRP":32,"MRF":14,"MRP":14,"MF":9.26,"MFD":-5.11,"MQt":0.77,"MPz":2,"MPzD":9.14,"MPr":5.27}
,{"DP":"PAÑAL INFANTIL T- 1 2-5 KG 38 U","DD":"PROCTER & GAMBLE ESPAÑA","FRF":14,"FRP":15,"MRF":15,"MRP":19,"MF":9.1,"MFD":null,"MQt":0.75,"MPz":1,"MPzD":null,"MPr":7.98}
,{"DP":"CHELINO FASHION & LOVE PAÑAL INFANTIL T- 2 (3 - 6 KG) 28 PAÑALES","DD":"INDAS","FRF":27,"FRP":26,"MRF":16,"MRP":15,"MF":8.77,"MFD":16.01,"MQt":0.73,"MPz":2,"MPzD":46.25,"MPr":5.16}
,{"DP":"DETERGENTE TETINAS Y BIBERON 500 ML","DD":"ROCHE DIAGNOSTICS","FRF":31,"FRP":30,"MRF":17,"MRP":16,"MF":8.76,"MFD":-39.99,"MQt":0.73,"MPz":2,"MPzD":-42.37,"MPr":4.18}
,{"DP":"CHUPETE SILICONA T ANATOMICA + 18 M 2 U","DD":"SUAVINEX","FRF":19,"FRP":19,"MRF":18,"MRP":20,"MF":8.45,"MFD":48.42,"MQt":0.7,"MPz":1,"MPzD":29.37,"MPr":7.62}
,{"DP":"CHUPETE SILICONA T FISIOLOGICA 4-18 M 2 U","DD":"SUAVINEX","FRF":28,"FRP":27,"MRF":19,"MRP":21,"MF":8.3,"MFD":57.09,"MQt":0.69,"MPz":1,"MPzD":41.22,"MPr":7.72}
,{"DP":"SUAVINEX DETERGENTE ESPECIFICO BIBERONES TETINAS 500 ML","DD":"SUAVINEX","FRF":41,"FRP":40,"MRF":20,"MRP":22,"MF":8.18,"MFD":-22.82,"MQt":0.68,"MPz":1,"MPzD":-45.27,"MPr":5.78}
,{"DP":"BROCHES PINZAS Y CADENAS","DD":"","FRF":25,"FRP":25,"MRF":21,"MRP":17,"MF":7.94,"MFD":-22.58,"MQt":0.66,"MPz":2,"MPzD":3.93,"MPr":5.05}
,{"DP":"PAÑAL INFANTIL T- 2 4-8 KG 36 U","DD":"PROCTER & GAMBLE ESPAÑA","FRF":34,"FRP":33,"MRF":22,"MRP":23,"MF":7.8,"MFD":null,"MQt":0.65,"MPz":1,"MPzD":null,"MPr":7.32}
,{"DP":"CHUPETE TETINA LATEX ANATOMICA +12 M 2 U","DD":"SUAVINEX","FRF":29,"FRP":28,"MRF":23,"MRP":24,"MF":7.15,"MFD":-23.11,"MQt":0.59,"MPz":1,"MPzD":-26.59,"MPr":6.99}
,{"DP":"BIBERON PP ANTICOLICO T SILICONA XS 180 ML","DD":"SUAVINEX","FRF":5,"FRP":6,"MRF":24,"MRP":29,"MF":6.73,"MFD":25.2,"MQt":0.56,"MPz":0.584,"MPzD":25.63,"MPr":11.52}
,{"DP":"DODOT AZUL TOALLITAS HUMEDAS PARA BEBES 72 U","DD":"PROCTER & GAMBLE ESPAÑA","FRF":32,"FRP":31,"MRF":25,"MRP":5,"MF":6.11,"MFD":-4.13,"MQt":0.51,"MPz":5,"MPzD":4.28,"MPr":1.21}]
,"datiDettRefC":[
{"DP":"BIBERONES","DD":"","FRF":7,"FRP":10,"CRF":1,"CRP":1,"CF":17.3,"CFD":-20.07,"CQt":3.83,"CPz":2,"CPzD":-9.09,"CPr":10.34}
,{"DP":"NARHINEL CONFORT ASPIRADOR RECAMBIO 20 BLANDO DESECHABLE","DD":"NOVARTIS","FRF":4,"FRP":4,"CRF":2,"CRP":2,"CF":16.19,"CFD":-2.38,"CQt":3.58,"CPz":2,"CPzD":0,"CPr":9.18}
,{"DP":"CHUPETES","DD":"","FRF":6,"FRP":2,"CRF":3,"CRP":3,"CF":15.27,"CFD":-31.44,"CQt":3.38,"CPz":2,"CPzD":-39.89,"CPr":7.57}
,{"DP":"NARHINEL CONFORT ASPIRADOR NASAL 1 U +2 RECAMBIOS","DD":"NOVARTIS","FRF":3,"FRP":3,"CRF":4,"CRP":6,"CF":13.35,"CFD":-13.98,"CQt":2.96,"CPz":1,"CPzD":-17.91,"CPr":13.12}
,{"DP":"PAÑAL INFANTIL T- 5 (13 - 18 KG) 30 PAÑALES","DD":"INDAS","FRF":37,"FRP":36,"CRF":5,"CRP":4,"CF":12.48,"CFD":98.17,"CQt":2.76,"CPz":2,"CPzD":107.55,"CPr":5.82}
,{"DP":"PAÑAL INFANTIL T- 4 (9 - 15 KG) 36 PAÑALES","DD":"INDAS","FRF":36,"FRP":35,"CRF":6,"CRP":5,"CF":9.32,"CFD":-24.36,"CQt":2.06,"CPz":2,"CPzD":5.77,"CPr":6.1}
,{"DP":"PAÑAL INFANTIL T- 3 (4 - 10 KG) 36 PAÑALES","DD":"INDAS","FRF":35,"FRP":34,"CRF":7,"CRP":7,"CF":7.49,"CFD":33.91,"CQt":1.66,"CPz":1,"CPzD":25,"CPr":6.34}
,{"DP":"PAÑALES NIÑOS","DD":"","FRF":2,"FRP":1,"CRF":8,"CRP":13,"CF":6.62,"CFD":-56.71,"CQt":1.47,"CPz":0.673,"CPzD":-62.23,"CPr":9.85}
,{"DP":"PROTEGESENOS 60 U","DD":"SUAVINEX","FRF":18,"FRP":18,"CRF":9,"CRP":12,"CF":6.16,"CFD":-24.24,"CQt":1.36,"CPz":0.8,"CPzD":-20,"CPr":7.69}
,{"DP":"CHUPETE TETINA SILICONA +6 M","DD":"SUAVINEX","FRF":15,"FRP":8,"CRF":10,"CRP":8,"CF":5.6,"CFD":24.82,"CQt":1.24,"CPz":1,"CPzD":5.77,"CPr":5.05}
,{"DP":"BIBERON PP ANTICOLICO T SILICONA XS 180 ML","DD":"SUAVINEX","FRF":5,"FRP":6,"CRF":11,"CRP":20,"CF":5.38,"CFD":169.55,"CQt":1.19,"CPz":0.473,"CPzD":160.15,"CPr":11.38}
,{"DP":"CHELINO FASHION & LOVE PAÑAL INFANTIL T- 2 (3 - 6 KG) 28 PAÑALES","DD":"INDAS","FRF":27,"FRP":26,"CRF":12,"CRP":9,"CF":5.21,"CFD":3.1,"CQt":1.15,"CPz":1,"CPzD":14.58,"CPr":5.03}
,{"DP":"BIBERON PP ANTICOLICO T SILICONA S 270 ML","DD":"SUAVINEX","FRF":24,"FRP":24,"CRF":13,"CRP":23,"CF":5.15,"CFD":84.94,"CQt":1.14,"CPz":0.382,"CPzD":75.08,"CPr":13.49}
,{"DP":"ESPONJA BAÑO INFANTIL NATURAL","DD":"SUAVINEX","FRF":33,"FRP":32,"CRF":14,"CRP":11,"CF":4.98,"CFD":44.11,"CQt":1.1,"CPz":0.909,"CPzD":35.12,"CPr":5.48}
,{"DP":"PAÑAL INFANTIL T- 1 2-5 KG 38 U","DD":"PROCTER & GAMBLE ESPAÑA","FRF":14,"FRP":15,"CRF":15,"CRP":19,"CF":4.34,"CFD":null,"CQt":0.96,"CPz":0.491,"CPzD":null,"CPr":8.84}
,{"DP":"SUAVINEX DETERGENTE ESPECIFICO BIBERONES TETINAS 500 ML","DD":"SUAVINEX","FRF":41,"FRP":40,"CRF":16,"CRP":17,"CF":3.08,"CFD":53.02,"CQt":0.68,"CPz":0.509,"CPzD":55.53,"CPr":6.04}
,{"DP":"PAÑAL INFANTIL T- 6 (17 - 28 KG) 27 PAÑALES","DD":"INDAS","FRF":38,"FRP":37,"CRF":17,"CRP":21,"CF":3.06,"CFD":119.04,"CQt":0.68,"CPz":0.4,"CPzD":83.33,"CPr":7.64}
,{"DP":"PAÑAL INFANTIL T- 2 4-8 KG 36 U","DD":"PROCTER & GAMBLE ESPAÑA","FRF":34,"FRP":33,"CRF":18,"CRP":27,"CF":2.99,"CFD":null,"CQt":0.66,"CPz":0.345,"CPzD":null,"CPr":8.66}
,{"DP":"CHUPETE SILICONA T ANATOMICA + 18 M 2 U","DD":"SUAVINEX","FRF":19,"FRP":19,"CRF":19,"CRP":24,"CF":2.93,"CFD":164.08,"CQt":0.65,"CPz":0.382,"CPzD":162.63,"CPr":7.67}
,{"DP":"CHUPETE SILICONA T FISIOLOGICA 4-18 M 2 U","DD":"SUAVINEX","FRF":28,"FRP":27,"CRF":20,"CRP":25,"CF":2.9,"CFD":249.68,"CQt":0.64,"CPz":0.382,"CPzD":250.17,"CPr":7.6}
,{"DP":"BROCHES PINZAS Y CADENAS","DD":"","FRF":25,"FRP":25,"CRF":21,"CRP":18,"CF":2.65,"CFD":-45.21,"CQt":0.59,"CPz":0.509,"CPzD":-44.01,"CPr":5.2}
,{"DP":"SUAVINEX CUCHARA SILICONA +4M","DD":"SUAVINEX","FRF":40,"FRP":39,"CRF":22,"CRP":14,"CF":2.6,"CFD":0.64,"CQt":0.58,"CPz":0.564,"CPzD":3.4,"CPr":4.62}
,{"DP":"CHUPETE TETINA SILICONA 0-6 M","DD":"SUAVINEX","FRF":23,"FRP":23,"CRF":23,"CRP":16,"CF":2.57,"CFD":22.71,"CQt":0.57,"CPz":0.527,"CPzD":7.35,"CPr":4.88}
,{"DP":"MORDEDOR REFRIGERANTE +4 M ETAPA 2","DD":"SUAVINEX","FRF":11,"FRP":5,"CRF":24,"CRP":15,"CF":2.4,"CFD":72.15,"CQt":0.53,"CPz":0.545,"CPzD":49.88,"CPr":4.4}
,{"DP":"CHUPETE TETINA LATEX ANATOMICA +12 M 2 U","DD":"SUAVINEX","FRF":29,"FRP":28,"CRF":25,"CRP":28,"CF":2.32,"CFD":-33.99,"CQt":0.51,"CPz":0.327,"CPzD":-37.98,"CPr":7.09}]}