{"datiDettRefF":[
{"DP":"SOMATULINA AUTOGEL 120 MG 1 JERINGA PRECARGADA 0.5 ML","DD":"IPSEN PHARMA","FRF":1,"FRP":101,"FF":3544.32,"FFD":50,"FQt":11.39,"FPz":3,"FPzD":50,"FPr":1181.44,"MRF":42,"MRP":602,"CRF":34,"CRP":594}
,{"DP":"INSTANYL 200 MCGPULSACION PULVERIZADOR NASAL 10 DOSIS","DD":"TAKEDA FARMACEUTICA ESPAÑA S.A.","FRF":2,"FRP":6,"FF":1461.12,"FFD":null,"FQt":4.69,"FPz":16,"FPzD":null,"FPr":91.32,"MRF":502,"MRP":614,"CRF":617,"CRP":617}
,{"DP":"FEMARA 2.5 MG 30 COMPRIMIDOS RECUBIERTOS","DD":"NOVARTIS","FRF":3,"FRP":24,"FF":828.9,"FFD":125,"FQt":2.66,"FPz":9,"FPzD":125,"FPr":92.1,"MRF":109,"MRP":414,"CRF":109,"CRP":310}
,{"DP":"VICTOZA 6 MGML 2 PLUMAS PRECARGADAS 3 ML","DD":"NOVO NORDISK PHARMA","FRF":4,"FRP":47,"FF":782.22,"FFD":183.08,"FQt":2.51,"FPz":6,"FPzD":200,"FPr":130.37,"MRF":7,"MRP":77,"CRF":8,"CRP":74}
,{"DP":"LIXIANA 60 MG 28 COMPRIMIDOS RECUBIERTOS","DD":"DAIICHI SANKYO ESPANA","FRF":5,"FRP":31,"FF":650.4,"FFD":166.67,"FQt":2.09,"FPz":8,"FPzD":166.67,"FPr":81.3,"MRF":21,"MRP":97,"CRF":14,"CRP":61}
,{"DP":"ENVARSUS 4 MG 30 COMP","DD":"","FRF":6,"FRP":78,"FF":574.36,"FFD":null,"FQt":1.85,"FPz":4,"FPzD":null,"FPr":143.59,"MRF":199,"MRP":584,"CRF":94,"CRP":492}
,{"DP":"XEPLION 75 MG 1 JERINGA SUSP INYECT LIB PROL 0.75 ML","DD":"JANSSEN-CILAG","FRF":7,"FRP":142,"FF":560.62,"FFD":-1.63,"FQt":1.8,"FPz":2,"FPzD":0,"FPr":280.31,"MRF":103,"MRP":575,"CRF":182,"CRP":601}
,{"DP":"SPIRIVA 18 MCG 30 CAPSULAS + 1 INHALADOR HANDIHALER","DD":"BOEHRINGER INGELHEIM, S.A.","FRF":8,"FRP":8,"FF":549.5,"FFD":-25.33,"FQt":1.77,"FPz":14,"FPzD":-6.67,"FPr":39.25,"MRF":13,"MRP":19,"CRF":18,"CRP":21}
,{"DP":"INSTANYL 200 MCG NEBULIZADOR NASAL 6 UNIDOSIS 0.1 ML","DD":"TAKEDA FARMACEUTICA ESPAÑA S.A.","FRF":9,"FRP":19,"FF":547.9,"FFD":null,"FQt":1.76,"FPz":10,"FPzD":null,"FPr":54.79,"MRF":581,"MRP":620,"CRF":620,"CRP":620}
,{"DP":"ELIQUIS 2.5 MG 60 COMPRIMIDOS RECUBIERTOS","DD":"BRISTOL MYERS SQUIBB","FRF":10,"FRP":48,"FF":545.16,"FFD":0,"FQt":1.75,"FPz":6,"FPzD":0,"FPr":90.86,"MRF":14,"MRP":95,"CRF":17,"CRP":76}
,{"DP":"ELIQUIS 5 MG 60 COMPRIMIDOS RECUBIERTOS","DD":"BRISTOL MYERS SQUIBB","FRF":11,"FRP":49,"FF":545.16,"FFD":-14.29,"FQt":1.75,"FPz":6,"FPzD":-14.29,"FPr":90.86,"MRF":2,"MRP":23,"CRF":2,"CRP":24}
,{"DP":"PRADAXA 150 MG 60 CAPSULAS","DD":"BOEHRINGER INGELHEIM, S.A.","FRF":12,"FRP":50,"FF":545.16,"FFD":20,"FQt":1.75,"FPz":6,"FPzD":20,"FPr":90.86,"MRF":24,"MRP":123,"CRF":25,"CRP":103}
,{"DP":"XERISTAR 60 MG 28 CAPSULAS GASTRORRESISTENTES","DD":"ESTEVE","FRF":13,"FRP":3,"FF":534.6,"FFD":99.87,"FQt":1.72,"FPz":20,"FPzD":122.22,"FPr":26.73,"MRF":72,"MRP":67,"CRF":83,"CRP":85}
,{"DP":"NOVORAPID FLEXPEN 100 UML 5 PLUMAS PRECARGADAS 3 ML","DD":"NOVO NORDISK PHARMA","FRF":14,"FRP":13,"FF":522.28,"FFD":122.39,"FQt":1.68,"FPz":12,"FPzD":140,"FPr":43.52,"MRF":18,"MRP":27,"CRF":16,"CRP":27}
,{"DP":"TRAJENTA 5 MG 30 COMPRIMIDOS RECUBIERTOS","DD":"BOEHRINGER INGELHEIM, S.A.","FRF":15,"FRP":41,"FF":390.25,"FFD":-18.63,"FQt":1.25,"FPz":7,"FPzD":-12.5,"FPr":55.75,"MRF":8,"MRP":18,"CRF":6,"CRP":14}
,{"DP":"CLEXANE 60 MG (6000 UI) 10 JERINGAS PRECARGADAS 0.6 ML","DD":"SANOFI AVENTIS S.A.","FRF":16,"FRP":61,"FF":380.5,"FFD":382.26,"FQt":1.22,"FPz":5,"FPzD":400,"FPr":76.1,"MRF":143,"MRP":420,"CRF":122,"CRP":316}
,{"DP":"CYMBALTA 60 MG 28 CAPSULAS GASTRORRESISTENTES","DD":"DISTA","FRF":17,"FRP":9,"FF":374.22,"FFD":14.47,"FQt":1.2,"FPz":14,"FPzD":27.27,"FPr":26.73,"MRF":52,"MRP":52,"CRF":69,"CRP":65}
,{"DP":"TOUJEO 300UI 1 JER PR","DD":"SANOFI AVENTIS S.A.","FRF":18,"FRP":42,"FF":363.44,"FFD":75,"FQt":1.17,"FPz":7,"FPzD":75,"FPr":51.92,"MRF":4,"MRP":9,"CRF":4,"CRP":7}
,{"DP":"SPIRIVA RESPIMAT INHALADOR","DD":"","FRF":19,"FRP":25,"FF":353.25,"FFD":-42.93,"FQt":1.13,"FPz":9,"FPzD":-30.77,"FPr":39.25,"MRF":20,"MRP":28,"CRF":21,"CRP":28}
,{"DP":"ELVANSE 70 MG 30 CAPSULAS","DD":"SHIRE PHARMACEUTICALS IBERICA","FRF":20,"FRP":102,"FF":349.83,"FFD":200,"FQt":1.12,"FPz":3,"FPzD":200,"FPr":116.61,"MRF":168,"MRP":556,"CRF":167,"CRP":549}
,{"DP":"MYFORTIC 360 MG 50 COMPRIMIDOS GASTRORRESISTENTES","DD":"NOVARTIS","FRF":21,"FRP":79,"FF":302.4,"FFD":null,"FQt":0.97,"FPz":4,"FPzD":null,"FPr":75.6,"MRF":106,"MRP":283,"CRF":142,"CRP":461}
,{"DP":"HIBOR 3500 UI 30 JERINGAS PRECARGADAS 0.2 ML","DD":"ROVI","FRF":22,"FRP":143,"FF":282.72,"FFD":0,"FQt":0.91,"FPz":2,"FPzD":0,"FPr":141.36,"MRF":65,"MRP":271,"CRF":76,"CRP":304}
,{"DP":"BIRESP SPIROMAX 1604.5 MCGDOSIS 1 INHALADOR POLVO 120 DOSIS","DD":"LABORATORIOS BIAL","FRF":23,"FRP":51,"FF":277.5,"FFD":42.1,"FQt":0.89,"FPz":6,"FPzD":50,"FPr":46.25,"MRF":131,"MRP":292,"CRF":105,"CRP":205}
,{"DP":"SYMBICORT TURBUHALER 1604.5 MCGDOSIS 1 INHALADOR POLVO 120 DOSIS","DD":"ASTRAZENECA FARMACEUTICA SPAIN","FRF":24,"FRP":52,"FF":277.5,"FFD":80,"FQt":0.89,"FPz":6,"FPzD":100,"FPr":46.25,"MRF":16,"MRP":36,"CRF":24,"CRP":40}
,{"DP":"BRINTELLIX 20 MG 28 COMP","DD":"LUNDBECK ESPAÑA","FRF":25,"FRP":62,"FF":272.7,"FFD":0,"FQt":0.88,"FPz":5,"FPzD":0,"FPr":54.54,"MRF":88,"MRP":201,"CRF":118,"CRP":210}]
,"datiDettRefM":[
{"DP":"LANTUS SOLUSTAR","DD":"","FRF":39,"FRP":107,"MRF":1,"MRP":7,"MF":1249.41,"MFD":-8.95,"MQt":1.84,"MPz":22,"MPzD":-7.27,"MPr":57.76}
,{"DP":"ELIQUIS 5 MG 60 COMPRIMIDOS RECUBIERTOS","DD":"BRISTOL MYERS SQUIBB","FRF":11,"FRP":49,"MRF":2,"MRP":23,"MF":1239.55,"MFD":27.95,"MQt":1.83,"MPz":14,"MPzD":31.94,"MPr":91.03}
,{"DP":"XARELTO 20 MG 28 COMPRIMIDOS RECUBIERTOS","DD":"BAYER HISPANIA S.L.","FRF":41,"FRP":148,"MRF":3,"MRP":26,"MF":1127.95,"MFD":13.76,"MQt":1.66,"MPz":13,"MPzD":11.5,"MPr":84.96}
,{"DP":"TOUJEO 300UI 1 JER PR","DD":"SANOFI AVENTIS S.A.","FRF":18,"FRP":42,"MRF":4,"MRP":9,"MF":1089.09,"MFD":20.73,"MQt":1.61,"MPz":21,"MPzD":20.99,"MPr":51.93}
,{"DP":"JANUMET 501000 MG 56 COMPRIMIDOS RECUBIERTOS","DD":"MSD","FRF":43,"FRP":109,"MRF":5,"MRP":15,"MF":935.87,"MFD":-0.34,"MQt":1.38,"MPz":17,"MPzD":10.9,"MPr":56.3}
,{"DP":"TRULICITY 1,5 MG 4 PLUMAS PREC","DD":"LILLY","FRF":588,"FRP":588,"MRF":6,"MRP":94,"MF":902.53,"MFD":17.22,"MQt":1.33,"MPz":6,"MPzD":17.71,"MPr":144.94}
,{"DP":"VICTOZA 6 MGML 2 PLUMAS PRECARGADAS 3 ML","DD":"NOVO NORDISK PHARMA","FRF":4,"FRP":47,"MRF":7,"MRP":77,"MF":868.82,"MFD":-12.51,"MQt":1.28,"MPz":7,"MPzD":-2.26,"MPr":131}
,{"DP":"TRAJENTA 5 MG 30 COMPRIMIDOS RECUBIERTOS","DD":"BOEHRINGER INGELHEIM, S.A.","FRF":15,"FRP":41,"MRF":8,"MRP":18,"MF":853.72,"MFD":0.35,"MQt":1.26,"MPz":15,"MPzD":6.12,"MPr":55.91}
,{"DP":"XEPLION 150 MG 1 JERINGA SUSP INYECT LIB PROL 1.5 ML","DD":"JANSSEN-CILAG","FRF":609,"FRP":609,"MRF":9,"MRP":408,"MF":697.01,"MFD":8.56,"MQt":1.03,"MPz":1,"MPzD":-24.8,"MPr":472.33}
,{"DP":"EFFICIB 501000 MG 56 COMPRIMIDOS RECUBIERTOS","DD":"ALMIRALL S.A.","FRF":42,"FRP":108,"MRF":10,"MRP":35,"MF":674.51,"MFD":-2.9,"MQt":0.99,"MPz":12,"MPzD":5.87,"MPr":56.29}
,{"DP":"CLEXANE 40 MG (4000 UI) 30 JERINGAS PRECARGADAS 0.4 ML","DD":"SANOFI AVENTIS S.A.","FRF":378,"FRP":378,"MRF":11,"MRP":122,"MF":649.77,"MFD":-21.19,"MQt":0.96,"MPz":5,"MPzD":-17.92,"MPr":136.14}
,{"DP":"ULTIBRO BREEZHALER 8543 MCG 30 CAPSULAS INHALACION + INHALADOR","DD":"NOVARTIS","FRF":40,"FRP":147,"MRF":12,"MRP":78,"MF":617.77,"MFD":2.93,"MQt":0.91,"MPz":7,"MPzD":0.39,"MPr":86.19}
,{"DP":"SPIRIVA 18 MCG 30 CAPSULAS + 1 INHALADOR HANDIHALER","DD":"BOEHRINGER INGELHEIM, S.A.","FRF":8,"FRP":8,"MRF":13,"MRP":19,"MF":599.43,"MFD":-32.16,"MQt":0.88,"MPz":15,"MPzD":-16.72,"MPr":39.31}
,{"DP":"ELIQUIS 2.5 MG 60 COMPRIMIDOS RECUBIERTOS","DD":"BRISTOL MYERS SQUIBB","FRF":10,"FRP":48,"MRF":14,"MRP":95,"MF":572.09,"MFD":25.95,"MQt":0.84,"MPz":6,"MPzD":20.92,"MPr":91}
,{"DP":"FORXIGA 10 MG 28 COMPRIMIDOS R","DD":"","FRF":438,"FRP":438,"MRF":15,"MRP":44,"MF":569.46,"MFD":22.95,"MQt":0.84,"MPz":11,"MPzD":23.11,"MPr":51.79}
,{"DP":"SYMBICORT TURBUHALER 1604.5 MCGDOSIS 1 INHALADOR POLVO 120 DOSIS","DD":"ASTRAZENECA FARMACEUTICA SPAIN","FRF":24,"FRP":52,"MRF":16,"MRP":36,"MF":567.58,"MFD":433.67,"MQt":0.84,"MPz":12,"MPzD":437.53,"MPr":46.24}
,{"DP":"TRESIBA 100UML 5 PLUMAS 3ML","DD":"NOVO NORDISK PHARMA","FRF":34,"FRP":144,"MRF":17,"MRP":96,"MF":560.48,"MFD":15.29,"MQt":0.83,"MPz":6,"MPzD":13.03,"MPr":92.25}
,{"DP":"NOVORAPID FLEXPEN 100 UML 5 PLUMAS PRECARGADAS 3 ML","DD":"NOVO NORDISK PHARMA","FRF":14,"FRP":13,"MRF":18,"MRP":27,"MF":551.38,"MFD":-7.79,"MQt":0.81,"MPz":13,"MPzD":2.12,"MPr":43.31}
,{"DP":"JARDIANCE 10 MG 30 COMPRIMIDOS","DD":"","FRF":33,"FRP":82,"MRF":19,"MRP":51,"MF":540.78,"MFD":41.01,"MQt":0.8,"MPz":10,"MPzD":45.21,"MPr":55.52}
,{"DP":"SPIRIVA RESPIMAT INHALADOR","DD":"","FRF":19,"FRP":25,"MRF":20,"MRP":28,"MF":497.21,"MFD":-12.3,"MQt":0.73,"MPz":13,"MPzD":9.27,"MPr":39.29}
,{"DP":"LIXIANA 60 MG 28 COMPRIMIDOS RECUBIERTOS","DD":"DAIICHI SANKYO ESPANA","FRF":5,"FRP":31,"MRF":21,"MRP":97,"MF":487.34,"MFD":51.08,"MQt":0.72,"MPz":6,"MPzD":51.85,"MPr":81.44}
,{"DP":"EUCREAS 100050 MG 60 COMPRIMIDOS RECUBIERTOS","DD":"NOVARTIS","FRF":64,"FRP":152,"MRF":22,"MRP":63,"MF":465.85,"MFD":-9.49,"MQt":0.69,"MPz":8,"MPzD":1.86,"MPr":60.31}
,{"DP":"SPIOLTO RESPIMAT 2,5 60P 30DOS","DD":"BOEHRINGER INGELHEIM, S.A.","FRF":30,"FRP":105,"MRF":23,"MRP":98,"MF":459.6,"MFD":-4.93,"MQt":0.68,"MPz":6,"MPzD":1.74,"MPr":81.68}
,{"DP":"PRADAXA 150 MG 60 CAPSULAS","DD":"BOEHRINGER INGELHEIM, S.A.","FRF":12,"FRP":50,"MRF":24,"MRP":123,"MF":439.91,"MFD":13.41,"MQt":0.65,"MPz":5,"MPzD":17.39,"MPr":91.24}
,{"DP":"FOSTER 6100 MCGPULSACION 1 AEROSOL 120 DOSIS","DD":"CHIESI ESPAÑA","FRF":77,"FRP":159,"MRF":25,"MRP":64,"MF":436.58,"MFD":4.48,"MQt":0.64,"MPz":8,"MPzD":-1.27,"MPr":51.58}]
,"datiDettRefC":[
{"DP":"XARELTO 20 MG 28 COMPRIMIDOS RECUBIERTOS","DD":"BAYER HISPANIA S.L.","FRF":41,"FRP":148,"CRF":1,"CRP":19,"CF":947.99,"CFD":8.63,"CQt":1.9,"CPz":11,"CPzD":7.27,"CPr":85.06}
,{"DP":"ELIQUIS 5 MG 60 COMPRIMIDOS RECUBIERTOS","DD":"BRISTOL MYERS SQUIBB","FRF":11,"FRP":49,"CRF":2,"CRP":24,"CF":936.54,"CFD":26.83,"CQt":1.88,"CPz":10,"CPzD":23.87,"CPr":90.85}
,{"DP":"LANTUS SOLUSTAR","DD":"","FRF":39,"FRP":107,"CRF":3,"CRP":8,"CF":919,"CFD":-11.33,"CQt":1.84,"CPz":16,"CPzD":-10.48,"CPr":57.83}
,{"DP":"TOUJEO 300UI 1 JER PR","DD":"SANOFI AVENTIS S.A.","FRF":18,"FRP":42,"CRF":4,"CRP":7,"CF":908.13,"CFD":17.16,"CQt":1.82,"CPz":17,"CPzD":13.89,"CPr":51.92}
,{"DP":"TRULICITY 1,5 MG 4 PLUMAS PREC","DD":"LILLY","FRF":588,"FRP":588,"CRF":5,"CRP":59,"CF":858.71,"CFD":31.46,"CQt":1.72,"CPz":6,"CPzD":38.66,"CPr":145.32}
,{"DP":"TRAJENTA 5 MG 30 COMPRIMIDOS RECUBIERTOS","DD":"BOEHRINGER INGELHEIM, S.A.","FRF":15,"FRP":41,"CRF":6,"CRP":14,"CF":738.16,"CFD":-2.42,"CQt":1.48,"CPz":13,"CPzD":3.03,"CPr":55.77}
,{"DP":"JANUMET 501000 MG 56 COMPRIMIDOS RECUBIERTOS","DD":"MSD","FRF":43,"FRP":109,"CRF":7,"CRP":20,"CF":609.04,"CFD":-7.85,"CQt":1.22,"CPz":11,"CPzD":2.37,"CPr":56.3}
,{"DP":"VICTOZA 6 MGML 2 PLUMAS PRECARGADAS 3 ML","DD":"NOVO NORDISK PHARMA","FRF":4,"FRP":47,"CRF":8,"CRP":74,"CF":598.18,"CFD":-23.18,"CQt":1.2,"CPz":5,"CPzD":-10.71,"CPr":131.08}
,{"DP":"EFFICIB 501000 MG 56 COMPRIMIDOS RECUBIERTOS","DD":"ALMIRALL S.A.","FRF":42,"FRP":108,"CRF":9,"CRP":25,"CF":556.76,"CFD":-7.33,"CQt":1.12,"CPz":10,"CPzD":2.23,"CPr":56.29}
,{"DP":"ULTIBRO BREEZHALER 8543 MCG 30 CAPSULAS INHALACION + INHALADOR","DD":"NOVARTIS","FRF":40,"FRP":147,"CRF":10,"CRP":60,"CF":512.99,"CFD":16.36,"CQt":1.03,"CPz":6,"CPzD":17.02,"CPr":86.28}
,{"DP":"FORXIGA 10 MG 28 COMPRIMIDOS R","DD":"","FRF":438,"FRP":438,"CRF":11,"CRP":26,"CF":493.32,"CFD":18.55,"CQt":0.99,"CPz":10,"CPzD":24.72,"CPr":51.78}
,{"DP":"JARDIANCE 10 MG 30 COMPRIMIDOS","DD":"","FRF":33,"FRP":82,"CRF":12,"CRP":33,"CF":476.87,"CFD":39.53,"CQt":0.96,"CPz":9,"CPzD":46.02,"CPr":55.57}
,{"DP":"TRESIBA 100UML 5 PLUMAS 3ML","DD":"NOVO NORDISK PHARMA","FRF":34,"FRP":144,"CRF":13,"CRP":75,"CF":475.83,"CFD":17.89,"CQt":0.95,"CPz":5,"CPzD":15.55,"CPr":94.48}
,{"DP":"LIXIANA 60 MG 28 COMPRIMIDOS RECUBIERTOS","DD":"DAIICHI SANKYO ESPANA","FRF":5,"FRP":31,"CRF":14,"CRP":61,"CF":474.5,"CFD":60.5,"CQt":0.95,"CPz":6,"CPzD":65.83,"CPr":81.55}
,{"DP":"VELMETIA 501000 MG 56 COMPRIMIDOS RECUBIERTOS","DD":"FERRER INTERNACIONAL","FRF":32,"FRP":81,"CRF":15,"CRP":39,"CF":448.27,"CFD":-9.66,"CQt":0.9,"CPz":8,"CPzD":-1.12,"CPr":56.42}
,{"DP":"NOVORAPID FLEXPEN 100 UML 5 PLUMAS PRECARGADAS 3 ML","DD":"NOVO NORDISK PHARMA","FRF":14,"FRP":13,"CRF":16,"CRP":27,"CF":443.65,"CFD":-3.61,"CQt":0.89,"CPz":10,"CPzD":2.04,"CPr":43.42}
,{"DP":"ELIQUIS 2.5 MG 60 COMPRIMIDOS RECUBIERTOS","DD":"BRISTOL MYERS SQUIBB","FRF":10,"FRP":48,"CRF":17,"CRP":76,"CF":441.08,"CFD":20.81,"CQt":0.88,"CPz":5,"CPzD":25,"CPr":90.86}
,{"DP":"SPIRIVA 18 MCG 30 CAPSULAS + 1 INHALADOR HANDIHALER","DD":"BOEHRINGER INGELHEIM, S.A.","FRF":8,"FRP":8,"CRF":18,"CRP":21,"CF":432.46,"CFD":-30.72,"CQt":0.87,"CPz":11,"CPzD":-13.32,"CPr":39.45}
,{"DP":"CLEXANE 40 MG (4000 UI) 30 JERINGAS PRECARGADAS 0.4 ML","DD":"SANOFI AVENTIS S.A.","FRF":378,"FRP":378,"CRF":19,"CRP":135,"CF":422.93,"CFD":-30.36,"CQt":0.85,"CPz":3,"CPzD":-32.93,"CPr":135.24}
,{"DP":"EUCREAS 100050 MG 60 COMPRIMIDOS RECUBIERTOS","DD":"NOVARTIS","FRF":64,"FRP":152,"CRF":20,"CRP":51,"CF":397.02,"CFD":-11.9,"CQt":0.8,"CPz":7,"CPzD":1.85,"CPr":60.32}
,{"DP":"SPIRIVA RESPIMAT INHALADOR","DD":"","FRF":19,"FRP":25,"CRF":21,"CRP":28,"CF":384.65,"CFD":-15.65,"CQt":0.77,"CPz":10,"CPzD":4.36,"CPr":39.32}
,{"DP":"DIOVAN 160 MG 28 COMPRIMIDOS RECUBIERTOS","DD":"NOVARTIS","FRF":397,"FRP":397,"CRF":22,"CRP":5,"CF":382.31,"CFD":257.34,"CQt":0.77,"CPz":23,"CPzD":251.39,"CPr":16.3}
,{"DP":"SPIOLTO RESPIMAT 2,5 60P 30DOS","DD":"BOEHRINGER INGELHEIM, S.A.","FRF":30,"FRP":105,"CRF":23,"CRP":77,"CF":367.45,"CFD":-11.43,"CQt":0.74,"CPz":5,"CPzD":-1.08,"CPr":81.49}
,{"DP":"SYMBICORT TURBUHALER 1604.5 MCGDOSIS 1 INHALADOR POLVO 120 DOSIS","DD":"ASTRAZENECA FARMACEUTICA SPAIN","FRF":24,"FRP":52,"CRF":24,"CRP":40,"CF":366.64,"CFD":602.49,"CQt":0.74,"CPz":8,"CPzD":609.68,"CPr":46.25}
,{"DP":"PRADAXA 150 MG 60 CAPSULAS","DD":"BOEHRINGER INGELHEIM, S.A.","FRF":12,"FRP":50,"CRF":25,"CRP":103,"CF":361.64,"CFD":15.83,"CQt":0.73,"CPz":4,"CPzD":16.4,"CPr":90.82}]}