{"datiDettRefF":[
{"DP":"LIERAC FACIAL","DD":"LIERAC","FRF":1,"FRP":22,"FF":1809.32,"FFD":-27.16,"FQt":2.6,"FPz":32,"FPzD":-31.91,"FPr":56.54,"MRF":16,"MRP":175,"CRF":102,"CRP":544}
,{"DP":"CAUDALIE FACIAL","DD":"CAUDALIE","FRF":2,"FRP":23,"FF":1057.72,"FFD":45.99,"FQt":1.52,"FPz":32,"FPzD":23.08,"FPr":33.05,"MRF":3,"MRP":19,"CRF":4,"CRP":32}
,{"DP":"SAUCO VIT C AN JARABE 120 G","DD":"APOTECA NATURA","FRF":3,"FRP":7,"FF":859.44,"FFD":null,"FQt":1.24,"FPz":69,"FPzD":null,"FPr":12.46,"MRF":97,"MRP":99,"CRF":56,"CRP":59}
,{"DP":"LACTIBIANE ATB 14 CAPS","DD":"PILEJE SLU","FRF":4,"FRP":13,"FF":613.8,"FFD":-10.47,"FQt":0.88,"FPz":44,"FPzD":-12,"FPr":13.95,"MRF":339,"MRP":444,"CRF":487,"CRP":615}
,{"DP":"GELOCATIL GRIPE FENILEFRINA 10 SOBRES","DD":"NOVAG","FRF":5,"FRP":9,"FF":568.74,"FFD":143.07,"FQt":0.82,"FPz":60,"FPzD":122.22,"FPr":9.48,"MRF":72,"MRP":71,"CRF":138,"CRP":118}
,{"DP":"INFLUVIS JARABE 120 G","DD":"PLANTA MEDICA Srl","FRF":6,"FRP":14,"FF":550.4,"FFD":-49.21,"FQt":0.79,"FPz":43,"FPzD":-50,"FPr":12.8,"MRF":201,"MRP":232,"CRF":80,"CRP":88}
,{"DP":"IMMUNOMIX PLUS 50 CAPSULAS","DD":"ABOCA SpA SOCIETA' AGRICOLA","FRF":7,"FRP":28,"FF":472.5,"FFD":-16.25,"FQt":0.68,"FPz":26,"FPzD":-13.33,"FPr":18.17,"MRF":91,"MRP":178,"CRF":87,"CRP":143}
,{"DP":"NICOTINELL MINT 2 MG 96 COMPRIMIDOS PARA CHUPAR","DD":"NOVARTIS","FRF":8,"FRP":97,"FF":466.29,"FFD":273.99,"FQt":0.67,"FPz":11,"FPzD":266.67,"FPr":42.39,"MRF":1502,"MRP":2117,"CRF":1906,"CRP":2137}
,{"DP":"ESPIDIDOL 400 MG 12 COMPRIMIDOS RECUBIERTOS","DD":"ZAMBON","FRF":9,"FRP":6,"FF":408.87,"FFD":24.19,"FQt":0.59,"FPz":77,"FPzD":24.19,"FPr":5.31,"MRF":12,"MRP":4,"CRF":27,"CRP":9}
,{"DP":"NEOBIANACID ACIDEZ Y REFLUJO 45 COMP MASTICABLES","DD":"ABOCA SpA SOCIETA' AGRICOLA","FRF":10,"FRP":25,"FF":408,"FFD":38.4,"FQt":0.59,"FPz":30,"FPzD":36.36,"FPr":13.6,"MRF":23,"MRP":44,"CRF":21,"CRP":33}
,{"DP":"FRENADOL COMPLEX 10 SOBRES","DD":"JOHNSON & JOHNSON","FRF":11,"FRP":17,"FF":365.75,"FFD":38.23,"FQt":0.53,"FPz":35,"FPzD":25,"FPr":10.45,"MRF":2,"MRP":2,"CRF":2,"CRP":1}
,{"DP":"RECONNECT 30 COMP","DD":"VITAE N NUTRITION","FRF":12,"FRP":98,"FF":339.35,"FFD":-42.11,"FQt":0.49,"FPz":11,"FPzD":-42.11,"FPr":30.85,"MRF":831,"MRP":1737,"CRF":1166,"CRP":1750}
,{"DP":"PHYTOCYANE","DD":"LIERAC","FRF":13,"FRP":123,"FF":333.9,"FFD":246.73,"FQt":0.48,"FPz":9,"FPzD":200,"FPr":37.1,"MRF":438,"MRP":1569,"CRF":533,"CRP":1295}
,{"DP":"VITANATUR COLAGENO ANTIOX PLAN","DD":"","FRF":14,"FRP":124,"FF":321.03,"FFD":-24.19,"FQt":0.46,"FPz":9,"FPzD":-25,"FPr":35.67,"MRF":1994,"MRP":2306,"CRF":2359,"CRP":2360}
,{"DP":"FLUIMUCIL FORTE 600 MG 20 COMPRIMIDOS EFERVESCENTES","DD":"ZAMBON","FRF":15,"FRP":11,"FF":318.78,"FFD":-3.85,"FQt":0.46,"FPz":46,"FPzD":-6.12,"FPr":6.93,"MRF":5,"MRP":3,"CRF":5,"CRP":3}
,{"DP":"OLEOCAPS 1 30 CAPS","DD":"PRANAROM","FRF":16,"FRP":20,"FF":317,"FFD":-36.28,"FQt":0.46,"FPz":33,"FPzD":-34,"FPr":9.61,"MRF":386,"MRP":331,"CRF":555,"CRP":640}
,{"DP":"HYLO GEL 10 ML","DD":"BRILL PHARMA S L","FRF":17,"FRP":48,"FF":314.1,"FFD":84.22,"FQt":0.45,"FPz":18,"FPzD":63.64,"FPr":17.45,"MRF":83,"MRP":145,"CRF":131,"CRP":209}
,{"DP":"HYLO COMOD 10 ML","DD":"BRILL PHARMA S L","FRF":18,"FRP":41,"FF":313,"FFD":157.61,"FQt":0.45,"FPz":20,"FPzD":122.22,"FPr":15.65,"MRF":129,"MRP":182,"CRF":119,"CRP":146}
,{"DP":"LIPIKAR BAUME AP+ 400 ML","DD":"LA ROCHE POSAY","FRF":19,"FRP":65,"FF":303.25,"FFD":94.88,"FQt":0.44,"FPz":15,"FPzD":87.5,"FPr":20.22,"MRF":437,"MRP":654,"CRF":850,"CRP":1491}
,{"DP":"RICOLA","DD":"DIAFARM","FRF":20,"FRP":4,"FF":300.24,"FFD":-37.12,"FQt":0.43,"FPz":117,"FPzD":-31.18,"FPr":2.57,"MRF":48,"MRP":5,"CRF":88,"CRP":6}
,{"DP":"LA ROCHE POSAY SOLUCION MICELAR FISIOLOGICA 750 ML","DD":"LA ROCHE POSAY","FRF":21,"FRP":51,"FF":297.5,"FFD":88.89,"FQt":0.43,"FPz":17,"FPzD":88.89,"FPr":17.5,"MRF":1214,"MRP":1721,"CRF":1424,"CRP":1728}
,{"DP":"BRONCOLSAN JARABE 200 G","DD":"PLANTA MEDICA Srl","FRF":22,"FRP":26,"FF":284.7,"FFD":-23.37,"FQt":0.41,"FPz":27,"FPzD":-20.59,"FPr":10.54,"MRF":29,"MRP":39,"CRF":15,"CRP":16}
,{"DP":"GRINTUSS JARABE CON POLIRESIN ADULTOS 180 ML","DD":"ABOCA SpA SOCIETA' AGRICOLA","FRF":23,"FRP":33,"FF":275,"FFD":49.46,"FQt":0.4,"FPz":22,"FPzD":37.5,"FPr":12.5,"MRF":7,"MRP":14,"CRF":6,"CRP":8}
,{"DP":"CUIDADO DE LA TOS - 180 G","DD":"APOTECA NATURA","FRF":24,"FRP":34,"FF":275,"FFD":-18.22,"FQt":0.4,"FPz":22,"FPzD":-18.52,"FPr":12.5,"MRF":4,"MRP":8,"CRF":3,"CRP":4}
,{"DP":"LIERAC CICA-FILLER SERUM ANTIA","DD":"","FRF":25,"FRP":248,"FF":274.35,"FFD":null,"FQt":0.39,"FPz":5,"FPzD":null,"FPr":54.87,"MRF":1840,"MRP":2304,"CRF":2357,"CRP":2358}]
,"datiDettRefM":[
{"DP":"VACUNA ALERGIA","DD":"","FRF":2539,"FRP":2538,"MRF":1,"MRP":174,"MF":1707.24,"MFD":4.78,"MQt":1.89,"MPz":6,"MPzD":7.35,"MPr":306.94}
,{"DP":"FRENADOL COMPLEX 10 SOBRES","DD":"JOHNSON & JOHNSON","FRF":11,"FRP":17,"MRF":2,"MRP":2,"MF":891.57,"MFD":-3.03,"MQt":0.99,"MPz":86,"MPzD":-11.88,"MPr":10.42}
,{"DP":"CAUDALIE FACIAL","DD":"CAUDALIE","FRF":2,"FRP":23,"MRF":3,"MRP":19,"MF":629.88,"MFD":-1.92,"MQt":0.7,"MPz":27,"MPzD":-5.83,"MPr":23.01}
,{"DP":"CUIDADO DE LA TOS - 180 G","DD":"APOTECA NATURA","FRF":24,"FRP":34,"MRF":4,"MRP":8,"MF":523.12,"MFD":20.75,"MQt":0.58,"MPz":43,"MPzD":19.07,"MPr":12.16}
,{"DP":"FLUIMUCIL FORTE 600 MG 20 COMPRIMIDOS EFERVESCENTES","DD":"ZAMBON","FRF":15,"FRP":11,"MRF":5,"MRP":3,"MF":512.54,"MFD":1.13,"MQt":0.57,"MPz":74,"MPzD":-2.52,"MPr":6.92}
,{"DP":"GRINTUSS PEDIATRIC POLIRESIN - JARABE 180 G ","DD":"ABOCA SpA SOCIETA' AGRICOLA","FRF":119,"FRP":113,"MRF":6,"MRP":13,"MF":431.38,"MFD":-5.38,"MQt":0.48,"MPz":36,"MPzD":-7.49,"MPr":11.9}
,{"DP":"GRINTUSS JARABE CON POLIRESIN ADULTOS 180 ML","DD":"ABOCA SpA SOCIETA' AGRICOLA","FRF":23,"FRP":33,"MRF":7,"MRP":14,"MF":428.38,"MFD":-10.38,"MQt":0.48,"MPz":36,"MPzD":-12.66,"MPr":11.79}
,{"DP":"VOLTADOL FORTE 20 MGG GEL TOPICO 50 G","DD":"NOVARTIS","FRF":42,"FRP":35,"MRF":8,"MRP":10,"MF":400.68,"MFD":-9.41,"MQt":0.44,"MPz":40,"MPzD":-14.35,"MPr":9.96}
,{"DP":"FLUTOX 3.54 MGML JARABE 200 ML","DD":"ZAMBON","FRF":131,"FRP":86,"MRF":9,"MRP":9,"MF":381.37,"MFD":0.72,"MQt":0.42,"MPz":43,"MPzD":-5.69,"MPr":8.82}
,{"DP":"SERVICIOS VARIOS FARMACIA","DD":"","FRF":2524,"FRP":2523,"MRF":10,"MRP":7,"MF":374.19,"MFD":-19.74,"MQt":0.42,"MPz":47,"MPzD":-15.36,"MPr":8.04}
,{"DP":"FRENADOL DESCONGESTIVO 16 CAPSULAS","DD":"JOHNSON & JOHNSON","FRF":144,"FRP":115,"MRF":11,"MRP":15,"MF":371.84,"MFD":0.8,"MQt":0.41,"MPz":36,"MPzD":-8.04,"MPr":10.42}
,{"DP":"ESPIDIDOL 400 MG 12 COMPRIMIDOS RECUBIERTOS","DD":"ZAMBON","FRF":9,"FRP":6,"MRF":12,"MRP":4,"MF":360.34,"MFD":224.7,"MQt":0.4,"MPz":68,"MPzD":224.39,"MPr":5.3}
,{"DP":"ALMAX FORTE 1.5 G 24 SOBRES SUSPENSION ORAL","DD":"ALMIRALL S.A.","FRF":63,"FRP":46,"MRF":13,"MRP":16,"MF":300.78,"MFD":6.18,"MQt":0.33,"MPz":32,"MPzD":-1.15,"MPr":9.45}
,{"DP":"FLORA INTESTINAL SOBRES BUCODISPERSABLES 1 GRAMO 10 SOBRES","DD":"APOTECA NATURA","FRF":2570,"FRP":2569,"MRF":14,"MRP":27,"MF":296.85,"MFD":-4.41,"MQt":0.33,"MPz":22,"MPzD":-8.33,"MPr":13.21}
,{"DP":"GAFAS","DD":"","FRF":34,"FRP":56,"MRF":15,"MRP":21,"MF":296,"MFD":-4.51,"MQt":0.33,"MPz":25,"MPzD":-9.76,"MPr":11.88}
,{"DP":"LIERAC FACIAL","DD":"LIERAC","FRF":1,"FRP":22,"MRF":16,"MRP":175,"MF":281.61,"MFD":-47.63,"MQt":0.31,"MPz":6,"MPzD":-37.64,"MPr":49.06}
,{"DP":"ABSORB INC ORINA NOC ANAT T- GDE 80 U","DD":"INDAS","FRF":2412,"FRP":2411,"MRF":17,"MRP":218,"MF":239.23,"MFD":10.7,"MQt":0.27,"MPz":5,"MPzD":1.43,"MPr":43.86}
,{"DP":"ALMAX 500 MG 48 COMPRIMIDOS MASTICABLES","DD":"ALMIRALL S.A.","FRF":79,"FRP":52,"MRF":18,"MRP":22,"MF":235.96,"MFD":4.19,"MQt":0.26,"MPz":25,"MPzD":-3.48,"MPr":9.45}
,{"DP":"TIRAS REACTIVAS GLUCEMIA 50 U","DD":"ROCHE DIAGNOSTICS","FRF":166,"FRP":561,"MRF":19,"MRP":115,"MF":234.1,"MFD":-5.1,"MQt":0.26,"MPz":8,"MPzD":-7.9,"MPr":28.45}
,{"DP":"TIRAS REACTIVAS GLUCEMIA 50 U","DD":"BAYER HISPANIA S.L.","FRF":2384,"FRP":2383,"MRF":20,"MRP":97,"MF":233.49,"MFD":-0.23,"MQt":0.26,"MPz":9,"MPzD":-3.87,"MPr":25.01}
,{"DP":"PENDIENTES","DD":"","FRF":118,"FRP":112,"MRF":21,"MRP":20,"MF":230.16,"MFD":24.43,"MQt":0.26,"MPz":27,"MPzD":25.16,"MPr":8.68}
,{"DP":"DORMIDINA 25 MG 14 COMPRIMIDOS","DD":"ESTEVE","FRF":26,"FRP":21,"MRF":22,"MRP":17,"MF":226.11,"MFD":1.49,"MQt":0.25,"MPz":28,"MPzD":-0.06,"MPr":8.08}
,{"DP":"NEOBIANACID ACIDEZ Y REFLUJO 45 COMP MASTICABLES","DD":"ABOCA SpA SOCIETA' AGRICOLA","FRF":10,"FRP":25,"MRF":23,"MRP":44,"MF":223.5,"MFD":21.18,"MQt":0.25,"MPz":17,"MPzD":17.26,"MPr":13.03}
,{"DP":"RESPIBIEN 0.5 MGML NEBULIZADOR NASAL 15 ML","DD":"CINFA","FRF":447,"FRP":187,"MRF":24,"MRP":11,"MF":213.94,"MFD":-2.8,"MQt":0.24,"MPz":38,"MPzD":-6.07,"MPr":5.64}
,{"DP":"HYABAK 0.15% 10 ML","DD":"THEA","FRF":30,"FRP":39,"MRF":25,"MRP":45,"MF":200.99,"MFD":6.48,"MQt":0.22,"MPz":17,"MPzD":8.41,"MPr":11.94}]
,"datiDettRefC":[
{"DP":"VACUNA ALERGIA","DD":"","FRF":2539,"FRP":2538,"CRF":1,"CRP":196,"CF":1095.3,"CFD":-3.86,"CQt":2.29,"CPz":3,"CPzD":-18.72,"CPr":323.88}
,{"DP":"FRENADOL COMPLEX 10 SOBRES","DD":"JOHNSON & JOHNSON","FRF":11,"FRP":17,"CRF":2,"CRP":1,"CF":500.58,"CFD":3.59,"CQt":1.05,"CPz":48,"CPzD":-6.22,"CPr":10.39}
,{"DP":"CUIDADO DE LA TOS - 180 G","DD":"APOTECA NATURA","FRF":24,"FRP":34,"CRF":3,"CRP":4,"CF":388.86,"CFD":11.57,"CQt":0.81,"CPz":32,"CPzD":11.18,"CPr":12.24}
,{"DP":"CAUDALIE FACIAL","DD":"CAUDALIE","FRF":2,"FRP":23,"CRF":4,"CRP":32,"CF":361.88,"CFD":20.58,"CQt":0.76,"CPz":11,"CPzD":23.47,"CPr":33.85}
,{"DP":"FLUIMUCIL FORTE 600 MG 20 COMPRIMIDOS EFERVESCENTES","DD":"ZAMBON","FRF":15,"FRP":11,"CRF":5,"CRP":3,"CF":291.68,"CFD":3.18,"CQt":0.61,"CPz":42,"CPzD":-1.2,"CPr":6.91}
,{"DP":"GRINTUSS JARABE CON POLIRESIN ADULTOS 180 ML","DD":"ABOCA SpA SOCIETA' AGRICOLA","FRF":23,"FRP":33,"CRF":6,"CRP":8,"CF":277.35,"CFD":-12.52,"CQt":0.58,"CPz":24,"CPzD":-11.41,"CPr":11.7}
,{"DP":"VOLTADOL FORTE 20 MGG GEL TOPICO 50 G","DD":"NOVARTIS","FRF":42,"FRP":35,"CRF":7,"CRP":7,"CF":245.96,"CFD":-7.61,"CQt":0.51,"CPz":25,"CPzD":-11.06,"CPr":9.96}
,{"DP":"TIRAS REACTIVAS GLUCEMIA 50 U","DD":"BAYER HISPANIA S.L.","FRF":2384,"FRP":2383,"CRF":8,"CRP":41,"CF":244.09,"CFD":7.11,"CQt":0.51,"CPz":10,"CPzD":4.96,"CPr":24.82}
,{"DP":"GRINTUSS PEDIATRIC POLIRESIN - JARABE 180 G ","DD":"ABOCA SpA SOCIETA' AGRICOLA","FRF":119,"FRP":113,"CRF":9,"CRP":13,"CF":229.26,"CFD":-11.09,"CQt":0.48,"CPz":19,"CPzD":-13.13,"CPr":11.9}
,{"DP":"TIRAS REACTIVAS GLUCEMIA 50 U","DD":"ABBOTT LABORATORIES","FRF":2383,"FRP":2382,"CRF":10,"CRP":71,"CF":218.02,"CFD":6.35,"CQt":0.46,"CPz":7,"CPzD":-1.53,"CPr":31.15}
,{"DP":"ABSORB INC ORINA NOC ANAT T- GDE 80 U","DD":"INDAS","FRF":2412,"FRP":2411,"CRF":11,"CRP":107,"CF":200.75,"CFD":20.19,"CQt":0.42,"CPz":5,"CPzD":32.21,"CPr":43.99}
,{"DP":"FLUTOX 3.54 MGML JARABE 200 ML","DD":"ZAMBON","FRF":131,"FRP":86,"CRF":12,"CRP":10,"CF":197.88,"CFD":7.13,"CQt":0.41,"CPz":22,"CPzD":-1.79,"CPr":8.83}
,{"DP":"FRENADOL DESCONGESTIVO 16 CAPSULAS","DD":"JOHNSON & JOHNSON","FRF":144,"FRP":115,"CRF":13,"CRP":15,"CF":184.25,"CFD":-0.55,"CQt":0.38,"CPz":18,"CPzD":-8.33,"CPr":10.36}
,{"DP":"FLORA INTESTINAL SOBRES BUCODISPERSABLES 1 GRAMO 10 SOBRES","DD":"APOTECA NATURA","FRF":2570,"FRP":2569,"CRF":14,"CRP":21,"CF":173.78,"CFD":-8.19,"CQt":0.36,"CPz":13,"CPzD":-9.03,"CPr":13.54}
,{"DP":"BRONCOLSAN JARABE 200 G","DD":"PLANTA MEDICA Srl","FRF":22,"FRP":26,"CRF":15,"CRP":16,"CF":170.5,"CFD":6.35,"CQt":0.36,"CPz":16,"CPzD":6.28,"CPr":10.92}
,{"DP":"TIRAS REACTIVAS GLUCEMIA 50 U","DD":"ROCHE DIAGNOSTICS","FRF":166,"FRP":561,"CRF":16,"CRP":72,"CF":169.45,"CFD":-4.55,"CQt":0.35,"CPz":7,"CPzD":-4.94,"CPr":24.08}
,{"DP":"TIRAS REACTIVAS GLUCEMIA 1 VIAL 50 U","DD":"LIFESCAN ESPAÑA","FRF":2377,"FRP":2376,"CRF":17,"CRP":73,"CF":161.57,"CFD":-17.03,"CQt":0.34,"CPz":7,"CPzD":-14.63,"CPr":23.08}
,{"DP":"GAFAS","DD":"","FRF":34,"FRP":56,"CRF":18,"CRP":19,"CF":157.23,"CFD":-1.66,"CQt":0.33,"CPz":15,"CPzD":21.86,"CPr":10.52}
,{"DP":"ALMAX FORTE 1.5 G 24 SOBRES SUSPENSION ORAL","DD":"ALMIRALL S.A.","FRF":63,"FRP":46,"CRF":19,"CRP":17,"CF":154.18,"CFD":2.59,"CQt":0.32,"CPz":16,"CPzD":-6.88,"CPr":9.43}
,{"DP":"CUIDADO E HIGIENE DE LA NARIZ","DD":"APOTECA NATURA","FRF":112,"FRP":111,"CRF":20,"CRP":30,"CF":149.07,"CFD":16.94,"CQt":0.31,"CPz":12,"CPzD":17.02,"CPr":12.37}
,{"DP":"NEOBIANACID ACIDEZ Y REFLUJO 45 COMP MASTICABLES","DD":"ABOCA SpA SOCIETA' AGRICOLA","FRF":10,"FRP":25,"CRF":21,"CRP":33,"CF":145.32,"CFD":21.84,"CQt":0.3,"CPz":11,"CPzD":19.33,"CPr":13.17}
,{"DP":"ABSORB INC ORINA DIA ANAT 80 U","DD":"INDAS","FRF":566,"FRP":924,"CRF":22,"CRP":108,"CF":143.77,"CFD":11.79,"CQt":0.3,"CPz":5,"CPzD":21.68,"CPr":31.13}
,{"DP":"ABSORB INC ORINA DIA ANAT T- GDE 80 U","DD":"INDAS","FRF":2406,"FRP":2405,"CRF":23,"CRP":139,"CF":138.9,"CFD":4.4,"CQt":0.29,"CPz":4,"CPzD":-6.38,"CPr":30.93}
,{"DP":"ALMAX 500 MG 48 COMPRIMIDOS MASTICABLES","DD":"ALMIRALL S.A.","FRF":79,"FRP":52,"CRF":24,"CRP":20,"CF":134.32,"CFD":-0.92,"CQt":0.28,"CPz":14,"CPzD":-9.73,"CPr":9.44}
,{"DP":"NUXE FACIAL","DD":"NUXE","FRF":2018,"FRP":2022,"CRF":25,"CRP":109,"CF":133.14,"CFD":-23.65,"CQt":0.28,"CPz":5,"CPzD":-4.84,"CPr":29.53}]}