{"datiDettRefF":[
{"DP":"GELOCATIL GRIPE FENILEFRINA 10 SOBRES","DD":"NOVAG","FRF":1,"FRP":2,"FF":568.74,"FFD":143.07,"FQt":5.16,"FPz":60,"FPzD":122.22,"FPr":9.48,"MRF":26,"MRP":35,"CRF":37,"CRP":46}
,{"DP":"NICOTINELL MINT 2 MG 96 COMPRIMIDOS PARA CHUPAR","DD":"NOVARTIS","FRF":2,"FRP":27,"FF":466.29,"FFD":273.99,"FQt":4.23,"FPz":11,"FPzD":266.67,"FPr":42.39,"MRF":314,"MRP":353,"CRF":338,"CRP":356}
,{"DP":"ESPIDIDOL 400 MG 12 COMPRIMIDOS RECUBIERTOS","DD":"ZAMBON","FRF":3,"FRP":1,"FF":408.87,"FFD":24.19,"FQt":3.71,"FPz":77,"FPzD":24.19,"FPr":5.31,"MRF":6,"MRP":3,"CRF":8,"CRP":4}
,{"DP":"FRENADOL COMPLEX 10 SOBRES","DD":"JOHNSON & JOHNSON","FRF":4,"FRP":6,"FF":365.75,"FFD":38.23,"FQt":3.32,"FPz":35,"FPzD":25,"FPr":10.45,"MRF":1,"MRP":1,"CRF":1,"CRP":1}
,{"DP":"FLUIMUCIL FORTE 600 MG 20 COMPRIMIDOS EFERVESCENTES","DD":"ZAMBON","FRF":5,"FRP":3,"FF":318.78,"FFD":-3.85,"FQt":2.89,"FPz":46,"FPzD":-6.12,"FPr":6.93,"MRF":2,"MRP":2,"CRF":2,"CRP":2}
,{"DP":"DORMIDINA 25 MG 14 COMPRIMIDOS","DD":"ESTEVE","FRF":6,"FRP":8,"FF":266.97,"FFD":45.82,"FQt":2.42,"FPz":33,"FPzD":43.48,"FPr":8.09,"MRF":9,"MRP":10,"CRF":10,"CRP":11}
,{"DP":"NICORETTE ICE MINT 2 MG 105 CHICLES","DD":"JOHNSON & JOHNSON","FRF":7,"FRP":39,"FF":251.65,"FFD":75,"FQt":2.28,"FPz":7,"FPzD":75,"FPr":35.95,"MRF":127,"MRP":314,"CRF":302,"CRP":339}
,{"DP":"SUPOSITORIOS GLICERINA VILARDELL ADULTOS 18 SUPOSITORIOS","DD":"VILARDELL","FRF":8,"FRP":4,"FF":243,"FFD":-12.54,"FQt":2.21,"FPz":45,"FPzD":-13.46,"FPr":5.4,"MRF":33,"MRP":20,"CRF":44,"CRP":30}
,{"DP":"NIQUITIN 1.5 MG 60 COMPRIMIDOS PARA CHUPAR MENTA","DD":"GLAXO SMITHKLINE","FRF":9,"FRP":29,"FF":234.1,"FFD":null,"FQt":2.12,"FPz":10,"FPzD":null,"FPr":23.41,"MRF":202,"MRP":318,"CRF":213,"CRP":311}
,{"DP":"ULTRA-LEVURA 250 MG 20 CAPSULAS (BLISTER)","DD":"ZAMBON","FRF":10,"FRP":20,"FF":224.4,"FFD":50,"FQt":2.04,"FPz":15,"FPzD":50,"FPr":14.96,"MRF":71,"MRP":107,"CRF":97,"CRP":145}
,{"DP":"VOLTADOL FORTE 20 MGG GEL TOPICO 50 G","DD":"NOVARTIS","FRF":11,"FRP":10,"FF":219.78,"FFD":65.81,"FQt":1.99,"FPz":22,"FPzD":57.14,"FPr":9.99,"MRF":3,"MRP":5,"CRF":3,"CRP":3}
,{"DP":"LIZIPAINA CLORHEXIDINABENZOCAINA 52.5 MG 20 COMPRIMIDOS PARA CHUPAR (TUBO)","DD":"SANOFI AVENTIS S.A.","FRF":12,"FRP":9,"FF":207.74,"FFD":null,"FQt":1.89,"FPz":26,"FPzD":null,"FPr":7.99,"MRF":73,"MRP":82,"CRF":79,"CRP":88}
,{"DP":"CRISTALMINA 10 MGML SOLUCION TOPICA PULVERIZADOR 25 ML","DD":"SALVAT","FRF":13,"FRP":7,"FF":202.3,"FFD":30.77,"FQt":1.84,"FPz":34,"FPzD":30.77,"FPr":5.95,"MRF":13,"MRP":11,"CRF":15,"CRP":9}
,{"DP":"BEACITA 60 MG 84 CAPSULAS (BLISTER)","DD":"ACTAVIS SPAIN S A","FRF":14,"FRP":69,"FF":190.12,"FFD":null,"FQt":1.73,"FPz":4,"FPzD":null,"FPr":47.53,"MRF":217,"MRP":345,"CRF":304,"CRP":347}
,{"DP":"ALMAX FORTE 1.5 G 24 SOBRES SUSPENSION ORAL","DD":"ALMIRALL S.A.","FRF":15,"FRP":13,"FF":179.74,"FFD":-17.93,"FQt":1.63,"FPz":19,"FPzD":-24,"FPr":9.46,"MRF":7,"MRP":9,"CRF":6,"CRP":8}
,{"DP":"NICOTINELL MINT 1 MG 36 COMPRIMIDOS PARA CHUPAR","DD":"NOVARTIS","FRF":16,"FRP":30,"FF":169.7,"FFD":239.94,"FQt":1.54,"FPz":10,"FPzD":233.33,"FPr":16.97,"MRF":194,"MRP":303,"CRF":130,"CRP":222}
,{"DP":"ALMAX 500 MG 48 COMPRIMIDOS MASTICABLES","DD":"ALMIRALL S.A.","FRF":17,"FRP":14,"FF":160.82,"FFD":-29.39,"FQt":1.46,"FPz":17,"FPzD":-34.62,"FPr":9.46,"MRF":8,"MRP":12,"CRF":7,"CRP":10}
,{"DP":"BLASTOESTIMULINA TOPICA POMADA 60 G","DD":"ALMIRALL S.A.","FRF":18,"FRP":31,"FF":156.3,"FFD":25,"FQt":1.42,"FPz":10,"FPzD":25,"FPr":15.63,"MRF":91,"MRP":128,"CRF":99,"CRP":146}
,{"DP":"STREPSILS LIDOCAINA 24 PASTILLAS PARA CHUPAR","DD":"RECKITT BENCKISER HEALTHCARE  S A","FRF":19,"FRP":17,"FF":147.2,"FFD":100.93,"FQt":1.34,"FPz":16,"FPzD":100,"FPr":9.2,"MRF":29,"MRP":36,"CRF":38,"CRP":47}
,{"DP":"GELOCATIL 1 G 10 COMPRIMIDOS","DD":"FERRER INTERNACIONAL","FRF":20,"FRP":5,"FF":140.4,"FFD":-8.26,"FQt":1.27,"FPz":36,"FPzD":-21.74,"FPr":3.9,"MRF":20,"MRP":7,"CRF":32,"CRP":14}
,{"DP":"GINE CANESTEN 500 MG 1 CAPSULA VAGINAL BLANDA (CON APLICADOR)","DD":"BAYER HISPANIA S.L.","FRF":21,"FRP":21,"FF":139.86,"FFD":75.7,"FQt":1.27,"FPz":14,"FPzD":75,"FPr":9.99,"MRF":28,"MRP":39,"CRF":52,"CRP":62}
,{"DP":"MICRALAX EMULSION RECTAL 12 MICROENEMAS 5 ML","DD":"JOHNSON & JOHNSON","FRF":22,"FRP":35,"FF":134.55,"FFD":-10,"FQt":1.22,"FPz":9,"FPzD":-10,"FPr":14.95,"MRF":36,"MRP":68,"CRF":33,"CRP":77}
,{"DP":"VOLTADOL 11.6 MGG GEL TOPICO 75 G CON TAPON APLICADOR","DD":"GLAXO SMITHKLINE","FRF":23,"FRP":24,"FF":129.72,"FFD":999,"FQt":1.18,"FPz":12,"FPzD":999,"FPr":10.81,"MRF":157,"MRP":175,"CRF":145,"CRP":157}
,{"DP":"RINOBANEDIF POMADA NASAL 10 G","DD":"BAYER HISPANIA S.L.","FRF":24,"FRP":18,"FF":127.2,"FFD":8.58,"FQt":1.15,"FPz":16,"FPzD":6.67,"FPr":7.95,"MRF":56,"MRP":50,"CRF":48,"CRP":50}
,{"DP":"BENEXOL B1 B6 B12 30 COMPRIMIDOS","DD":"BAYER HISPANIA S.L.","FRF":25,"FRP":38,"FF":120.48,"FFD":6.67,"FQt":1.09,"FPz":8,"FPzD":-11.11,"FPr":15.06,"MRF":237,"MRP":315,"CRF":177,"CRP":264}]
,"datiDettRefM":[
{"DP":"FRENADOL COMPLEX 10 SOBRES","DD":"JOHNSON & JOHNSON","FRF":4,"FRP":6,"MRF":1,"MRP":1,"MF":891.57,"MFD":-3.03,"MQt":5.57,"MPz":86,"MPzD":-11.88,"MPr":10.42}
,{"DP":"FLUIMUCIL FORTE 600 MG 20 COMPRIMIDOS EFERVESCENTES","DD":"ZAMBON","FRF":5,"FRP":3,"MRF":2,"MRP":2,"MF":512.54,"MFD":1.13,"MQt":3.2,"MPz":74,"MPzD":-2.52,"MPr":6.92}
,{"DP":"VOLTADOL FORTE 20 MGG GEL TOPICO 50 G","DD":"NOVARTIS","FRF":11,"FRP":10,"MRF":3,"MRP":5,"MF":400.68,"MFD":-9.41,"MQt":2.51,"MPz":40,"MPzD":-14.35,"MPr":9.96}
,{"DP":"FLUTOX 3.54 MGML JARABE 200 ML","DD":"ZAMBON","FRF":28,"FRP":23,"MRF":4,"MRP":4,"MF":381.37,"MFD":0.72,"MQt":2.38,"MPz":43,"MPzD":-5.69,"MPr":8.82}
,{"DP":"FRENADOL DESCONGESTIVO 16 CAPSULAS","DD":"JOHNSON & JOHNSON","FRF":31,"FRP":32,"MRF":5,"MRP":8,"MF":371.84,"MFD":0.8,"MQt":2.32,"MPz":36,"MPzD":-8.04,"MPr":10.42}
,{"DP":"ESPIDIDOL 400 MG 12 COMPRIMIDOS RECUBIERTOS","DD":"ZAMBON","FRF":3,"FRP":1,"MRF":6,"MRP":3,"MF":360.34,"MFD":224.7,"MQt":2.25,"MPz":68,"MPzD":224.39,"MPr":5.3}
,{"DP":"ALMAX FORTE 1.5 G 24 SOBRES SUSPENSION ORAL","DD":"ALMIRALL S.A.","FRF":15,"FRP":13,"MRF":7,"MRP":9,"MF":300.78,"MFD":6.18,"MQt":1.88,"MPz":32,"MPzD":-1.15,"MPr":9.45}
,{"DP":"ALMAX 500 MG 48 COMPRIMIDOS MASTICABLES","DD":"ALMIRALL S.A.","FRF":17,"FRP":14,"MRF":8,"MRP":12,"MF":235.96,"MFD":4.19,"MQt":1.48,"MPz":25,"MPzD":-3.48,"MPr":9.45}
,{"DP":"DORMIDINA 25 MG 14 COMPRIMIDOS","DD":"ESTEVE","FRF":6,"FRP":8,"MRF":9,"MRP":10,"MF":226.11,"MFD":1.49,"MQt":1.41,"MPz":28,"MPzD":-0.06,"MPr":8.08}
,{"DP":"RESPIBIEN 0.5 MGML NEBULIZADOR NASAL 15 ML","DD":"CINFA","FRF":70,"FRP":45,"MRF":10,"MRP":6,"MF":213.94,"MFD":-2.8,"MQt":1.34,"MPz":38,"MPzD":-6.07,"MPr":5.64}
,{"DP":"LIZIPAINA 20 COMPRIMIDOS PARA CHUPAR","DD":"BOEHRINGER INGELHEIM, S.A.","FRF":303,"FRP":303,"MRF":11,"MRP":13,"MF":200.33,"MFD":-11.24,"MQt":1.25,"MPz":25,"MPzD":-14.24,"MPr":7.98}
,{"DP":"VAPORUB POMADA 50 G","DD":"VICKS","FRF":355,"FRP":355,"MRF":12,"MRP":14,"MF":175.15,"MFD":-21.8,"MQt":1.1,"MPz":23,"MPzD":-28.39,"MPr":7.49}
,{"DP":"CRISTALMINA 10 MGML SOLUCION TOPICA PULVERIZADOR 25 ML","DD":"SALVAT","FRF":13,"FRP":7,"MRF":13,"MRP":11,"MF":167.58,"MFD":15.35,"MQt":1.05,"MPz":28,"MPzD":14.53,"MPr":5.93}
,{"DP":"STREPSILS 24 PASTILLAS PARA CHUPAR MIEL-LIMON","DD":"RECKITT BENCKISER HEALTHCARE  S A","FRF":38,"FRP":34,"MRF":14,"MRP":16,"MF":165.43,"MFD":-7.01,"MQt":1.03,"MPz":20,"MPzD":-10.95,"MPr":8.18}
,{"DP":"FRENADOL FORTE 10 SOBRES","DD":"JOHNSON & JOHNSON","FRF":115,"FRP":122,"MRF":15,"MRP":25,"MF":164.51,"MFD":-0.85,"MQt":1.03,"MPz":16,"MPzD":-9.09,"MPr":10.43}
,{"DP":"FORTASEC 2 MG 20 CAPSULAS","DD":"JOHNSON & JOHNSON","FRF":281,"FRP":281,"MRF":16,"MRP":22,"MF":158.17,"MFD":999,"MQt":0.99,"MPz":18,"MPzD":999,"MPr":8.94}
,{"DP":"COULDINA 20 COMPRIMIDOS EFERVESCENTES","DD":"ALTER FARMACIA","FRF":61,"FRP":72,"MRF":17,"MRP":27,"MF":156.8,"MFD":-10.4,"MQt":0.98,"MPz":15,"MPzD":-15.32,"MPr":10.49}
,{"DP":"PROPALGINA PLUS 10 SOBRES","DD":"BAYER HISPANIA S.L.","FRF":60,"FRP":61,"MRF":18,"MRP":23,"MF":153.54,"MFD":8.52,"MQt":0.96,"MPz":18,"MPzD":-1.04,"MPr":8.7}
,{"DP":"DULCOLAXO BISACODILO 5 MG 30 COMPRIMIDOS GASTRORRESISTENTES","DD":"BOEHRINGER INGELHEIM, S.A.","FRF":47,"FRP":43,"MRF":19,"MRP":18,"MF":148.33,"MFD":3.01,"MQt":0.93,"MPz":19,"MPzD":-5.23,"MPr":7.97}
,{"DP":"GELOCATIL 1 G 10 COMPRIMIDOS","DD":"FERRER INTERNACIONAL","FRF":20,"FRP":5,"MRF":20,"MRP":7,"MF":148.28,"MFD":103.29,"MQt":0.93,"MPz":38,"MPzD":69.77,"MPr":3.89}
,{"DP":"ILVICO 20 COMPRIMIDOS","DD":"MERCK S L","FRF":56,"FRP":58,"MRF":21,"MRP":31,"MF":132.23,"MFD":34.45,"MQt":0.83,"MPz":14,"MPzD":27.27,"MPr":9.4}
,{"DP":"SOLVONGRIP 10 SOBRES POLVO","DD":"BOEHRINGER INGELHEIM, S.A.","FRF":43,"FRP":41,"MRF":22,"MRP":32,"MF":129.56,"MFD":-19.79,"MQt":0.81,"MPz":14,"MPzD":-22.2,"MPr":8.98}
,{"DP":"PHARMAGRIP 10 SOBRES","DD":"CINFA","FRF":322,"FRP":322,"MRF":23,"MRP":33,"MF":127.05,"MFD":4.59,"MQt":0.79,"MPz":14,"MPzD":-4.04,"MPr":8.89}
,{"DP":"DALSY 40 MGML SUSPENSION ORAL 150 ML","DD":"ABBOTT LABORATORIES","FRF":63,"FRP":44,"MRF":24,"MRP":15,"MF":125.77,"MFD":-2.98,"MQt":0.79,"MPz":21,"MPzD":-17.46,"MPr":5.94}
,{"DP":"THROMBOCID FORTE 5 MGG POMADA 1 TUBO 60 G","DD":"LACER","FRF":46,"FRP":42,"MRF":25,"MRP":28,"MF":120.07,"MFD":1.56,"MQt":0.75,"MPz":15,"MPzD":2.51,"MPr":8.19}]
,"datiDettRefC":[
{"DP":"FRENADOL COMPLEX 10 SOBRES","DD":"JOHNSON & JOHNSON","FRF":4,"FRP":6,"CRF":1,"CRP":1,"CF":500.58,"CFD":3.59,"CQt":6.01,"CPz":48,"CPzD":-6.22,"CPr":10.39}
,{"DP":"FLUIMUCIL FORTE 600 MG 20 COMPRIMIDOS EFERVESCENTES","DD":"ZAMBON","FRF":5,"FRP":3,"CRF":2,"CRP":2,"CF":291.68,"CFD":3.18,"CQt":3.5,"CPz":42,"CPzD":-1.2,"CPr":6.91}
,{"DP":"VOLTADOL FORTE 20 MGG GEL TOPICO 50 G","DD":"NOVARTIS","FRF":11,"FRP":10,"CRF":3,"CRP":3,"CF":245.96,"CFD":-7.61,"CQt":2.95,"CPz":25,"CPzD":-11.06,"CPr":9.96}
,{"DP":"FLUTOX 3.54 MGML JARABE 200 ML","DD":"ZAMBON","FRF":28,"FRP":23,"CRF":4,"CRP":5,"CF":197.88,"CFD":7.13,"CQt":2.38,"CPz":22,"CPzD":-1.79,"CPr":8.83}
,{"DP":"FRENADOL DESCONGESTIVO 16 CAPSULAS","DD":"JOHNSON & JOHNSON","FRF":31,"FRP":32,"CRF":5,"CRP":7,"CF":184.25,"CFD":-0.55,"CQt":2.21,"CPz":18,"CPzD":-8.33,"CPr":10.36}
,{"DP":"ALMAX FORTE 1.5 G 24 SOBRES SUSPENSION ORAL","DD":"ALMIRALL S.A.","FRF":15,"FRP":13,"CRF":6,"CRP":8,"CF":154.18,"CFD":2.59,"CQt":1.85,"CPz":16,"CPzD":-6.88,"CPr":9.43}
,{"DP":"ALMAX 500 MG 48 COMPRIMIDOS MASTICABLES","DD":"ALMIRALL S.A.","FRF":17,"FRP":14,"CRF":7,"CRP":10,"CF":134.32,"CFD":-0.92,"CQt":1.61,"CPz":14,"CPzD":-9.73,"CPr":9.44}
,{"DP":"ESPIDIDOL 400 MG 12 COMPRIMIDOS RECUBIERTOS","DD":"ZAMBON","FRF":3,"FRP":1,"CRF":8,"CRP":4,"CF":126.98,"CFD":177.84,"CQt":1.52,"CPz":24,"CPzD":177.31,"CPr":5.29}
,{"DP":"RESPIBIEN 0.5 MGML NEBULIZADOR NASAL 15 ML","DD":"CINFA","FRF":70,"FRP":45,"CRF":9,"CRP":6,"CF":124.74,"CFD":-10.66,"CQt":1.5,"CPz":22,"CPzD":-14.25,"CPr":5.64}
,{"DP":"DORMIDINA 25 MG 14 COMPRIMIDOS","DD":"ESTEVE","FRF":6,"FRP":8,"CRF":10,"CRP":11,"CF":103.52,"CFD":-4.91,"CQt":1.24,"CPz":13,"CPzD":-5.05,"CPr":8.1}
,{"DP":"LIZIPAINA 20 COMPRIMIDOS PARA CHUPAR","DD":"BOEHRINGER INGELHEIM, S.A.","FRF":303,"FRP":303,"CRF":11,"CRP":12,"CF":103.32,"CFD":-14.63,"CQt":1.24,"CPz":13,"CPzD":-16.86,"CPr":7.97}
,{"DP":"PHARMAGRIP 10 SOBRES","DD":"CINFA","FRF":322,"FRP":322,"CRF":12,"CRP":15,"CF":97.37,"CFD":-21.96,"CQt":1.17,"CPz":11,"CPzD":-26.49,"CPr":8.9}
,{"DP":"VAPORUB POMADA 50 G","DD":"VICKS","FRF":355,"FRP":355,"CRF":13,"CRP":13,"CF":96.77,"CFD":-24.22,"CQt":1.16,"CPz":13,"CPzD":-29.07,"CPr":7.46}
,{"DP":"FORTASEC 2 MG 20 CAPSULAS","DD":"JOHNSON & JOHNSON","FRF":281,"FRP":281,"CRF":14,"CRP":16,"CF":95.94,"CFD":null,"CQt":1.15,"CPz":11,"CPzD":null,"CPr":8.94}
,{"DP":"CRISTALMINA 10 MGML SOLUCION TOPICA PULVERIZADOR 25 ML","DD":"SALVAT","FRF":13,"FRP":7,"CRF":15,"CRP":9,"CF":93.64,"CFD":10.35,"CQt":1.12,"CPz":16,"CPzD":11.82,"CPr":5.93}
,{"DP":"THROMBOCID FORTE 5 MGG POMADA 1 TUBO 60 G","DD":"LACER","FRF":46,"FRP":42,"CRF":16,"CRP":17,"CF":89.6,"CFD":25.33,"CQt":1.08,"CPz":11,"CPzD":24.49,"CPr":8.19}
,{"DP":"COULDINA 20 COMPRIMIDOS EFERVESCENTES","DD":"ALTER FARMACIA","FRF":61,"FRP":72,"CRF":17,"CRP":27,"CF":85.01,"CFD":-5.04,"CQt":1.02,"CPz":8,"CPzD":-11.65,"CPr":10.46}
,{"DP":"ILVICO 20 COMPRIMIDOS","DD":"MERCK S L","FRF":56,"FRP":58,"CRF":18,"CRP":21,"CF":82.1,"CFD":31.46,"CQt":0.99,"CPz":9,"CPzD":28.91,"CPr":9.43}
,{"DP":"FRENADOL FORTE 10 SOBRES","DD":"JOHNSON & JOHNSON","FRF":115,"FRP":122,"CRF":19,"CRP":28,"CF":78.43,"CFD":8.77,"CQt":0.94,"CPz":8,"CPzD":4.76,"CPr":10.39}
,{"DP":"DULCOLAXO BISACODILO 5 MG 30 COMPRIMIDOS GASTRORRESISTENTES","DD":"BOEHRINGER INGELHEIM, S.A.","FRF":47,"FRP":43,"CRF":20,"CRP":19,"CF":78.26,"CFD":7.32,"CQt":0.94,"CPz":10,"CPzD":-1.61,"CPr":7.96}
,{"DP":"TERMALGIN GRIPE 650410 MG 10 SOBRES GRANULADO SOLUCION ORAL","DD":"GLAXO SMITHKLINE","FRF":350,"FRP":350,"CRF":21,"CRP":22,"CF":75.19,"CFD":24.96,"CQt":0.9,"CPz":9,"CPzD":22.22,"CPr":8.76}
,{"DP":"STREPSILS 24 PASTILLAS PARA CHUPAR MIEL-LIMON","DD":"RECKITT BENCKISER HEALTHCARE  S A","FRF":38,"FRP":34,"CRF":22,"CRP":23,"CF":73.07,"CFD":-11.4,"CQt":0.88,"CPz":9,"CPzD":-13.76,"CPr":8.17}
,{"DP":"VENORUTON 1 G 30 SOBRES POLVO","DD":"NOVARTIS","FRF":68,"FRP":114,"CRF":23,"CRP":58,"CF":70.66,"CFD":-8.46,"CQt":0.85,"CPz":4,"CPzD":3.29,"CPr":19.93}
,{"DP":"REFLEX AEROSOL TOPICO 130 ML","DD":"RECKITT BENCKISER HEALTHCARE  S A","FRF":331,"FRP":331,"CRF":24,"CRP":36,"CF":67.87,"CFD":16.25,"CQt":0.82,"CPz":6,"CPzD":24.06,"CPr":12.2}
,{"DP":"ACTRON COMPUESTO 20 COMPRIMIDOS EFERVESCENTES","DD":"BAYER HISPANIA S.L.","FRF":69,"FRP":73,"CRF":25,"CRP":32,"CF":67.37,"CFD":-18.08,"CQt":0.81,"CPz":7,"CPzD":-17.2,"CPr":9.88}]}