{
 "Esigenza":"cod.es3090"
 ,"Tempo":"MAT"
 
,"datiTabRiass":[
{"F":5640.01,"M":7242.33,"C":3990.91,"Tipo":"c","H":"dt.d0011"}
,{"F":   2.22,"M":   9.61,"C":   7.71,"Tipo":"i","H":"dt.d0012"}
,{"F": 605.00,"M": 871.17,"C": 477.45,"Tipo":"n","H":"dt.d0013"}
,{"F":  -3.20,"M":   4.20,"C":   2.17,"Tipo":"i","H":"dt.d0026"}]
,"datiDettDittaF":[
{"DD":"ALMIRALL S.A.","FRF":1,"FRP":1,"FFt":1853.22,"FFtD":6.72,"FPz":203,"FPzD":0.5,"FQt":33.55,"FPr":9.13,"FRef":4,"MRF":1,"MRP":1,"CRF":1,"CRP":1}
,{"DD":"ABOCA SpA SOCIETA' AGRICOLA","FRF":2,"FRP":2,"FFt":1832,"FFtD":-1.91,"FPz":136,"FPzD":-4.23,"FQt":22.48,"FPr":13.47,"FRef":1,"MRF":2,"MRP":2,"CRF":2,"CRP":2}
,{"DD":"CINFA","FRF":3,"FRP":3,"FFt":403.83,"FFtD":-12.39,"FPz":76,"FPzD":-13.64,"FQt":12.56,"FPr":5.31,"FRef":3,"MRF":5,"MRP":5,"CRF":5,"CRP":4}
,{"DD":"GLAXO SMITHKLINE","FRF":5,"FRP":4,"FFt":299.22,"FFtD":57.65,"FPz":51,"FPzD":50,"FQt":8.43,"FPr":5.87,"FRef":6,"MRF":4,"MRP":4,"CRF":3,"CRP":3}
,{"DD":"BAYER HISPANIA S.L.","FRF":4,"FRP":5,"FFt":395.68,"FFtD":15.17,"FPz":43,"FPzD":13.16,"FQt":7.11,"FPr":9.2,"FRef":4,"MRF":7,"MRP":7,"CRF":7,"CRP":7}
,{"DD":"NOVARTIS","FRF":6,"FRP":6,"FFt":271.75,"FFtD":-34.99,"FPz":40,"FPzD":-37.5,"FQt":6.61,"FPr":6.79,"FRef":2,"MRF":11,"MRP":10,"CRF":10,"CRP":10}
,{"DD":"RECKITT BENCKISER HEALTHCARE  S A","FRF":7,"FRP":7,"FFt":250.3,"FFtD":-4.39,"FPz":25,"FPzD":-16.67,"FQt":4.13,"FPr":10.01,"FRef":6,"MRF":3,"MRP":3,"CRF":4,"CRP":5}
,{"DD":"ANOTACIONES FARMACEUTICAS  S L","FRF":9,"FRP":8,"FFt":73.5,"FFtD":-21.47,"FPz":10,"FPzD":-23.08,"FQt":1.65,"FPr":7.35,"FRef":1,"MRF":8,"MRP":8,"CRF":8,"CRP":9}
,{"DD":"NORGINE DE ESPAÑA","FRF":8,"FRP":9,"FFt":175.4,"FFtD":697.27,"FPz":8,"FPzD":700,"FQt":1.32,"FPr":21.93,"FRef":1,"MRF":6,"MRP":9,"CRF":6,"CRP":8}
,{"DD":"ANGELINI FARMACÉUTICA S A","FRF":10,"FRP":10,"FFt":35.5,"FFtD":27.7,"FPz":5,"FPzD":25,"FQt":0.83,"FPr":7.1,"FRef":3,"MRF":15,"MRP":15,"CRF":13,"CRP":14}]
,"datiDettDittaM":[
{"DD":"ALMIRALL S.A.","FRF":1,"FRP":1,"MRF":1,"MRP":1,"MFt":3231.38,"MFtD":4.76,"MPz":366,"MPzD":-1.72,"MQt":41.99,"MPr":8.83,"MRef":5}
,{"DD":"ABOCA SpA SOCIETA' AGRICOLA","FRF":2,"FRP":2,"MRF":2,"MRP":2,"MFt":1605.74,"MFtD":13.26,"MPz":167,"MPzD":8.19,"MQt":19.16,"MPr":9.62,"MRef":2}
,{"DD":"RECKITT BENCKISER HEALTHCARE  S A","FRF":7,"FRP":7,"MRF":3,"MRP":3,"MFt":608.85,"MFtD":15.83,"MPz":68,"MPzD":4.46,"MQt":7.83,"MPr":8.93,"MRef":9}
,{"DD":"GLAXO SMITHKLINE","FRF":5,"FRP":4,"MRF":4,"MRP":4,"MFt":364.65,"MFtD":-2.97,"MPz":59,"MPzD":-6.19,"MQt":6.8,"MPr":6.15,"MRef":6}
,{"DD":"CINFA","FRF":3,"FRP":3,"MRF":5,"MRP":5,"MFt":301,"MFtD":2.61,"MPz":57,"MPzD":-0.81,"MQt":6.59,"MPr":5.24,"MRef":5}
,{"DD":"KERN PHARMA","FRF":18,"FRP":18,"MRF":9,"MRP":6,"MFt":105.2,"MFtD":275.78,"MPz":27,"MPzD":276.13,"MQt":3.09,"MPr":3.9,"MRef":1}
,{"DD":"BAYER HISPANIA S.L.","FRF":4,"FRP":5,"MRF":7,"MRP":7,"MFt":197.59,"MFtD":-2.16,"MPz":24,"MPzD":-2.87,"MQt":2.73,"MPr":8.3,"MRef":4}
,{"DD":"ANOTACIONES FARMACEUTICAS  S L","FRF":9,"FRP":8,"MRF":8,"MRP":8,"MFt":114.55,"MFtD":-3.77,"MPz":16,"MPzD":-3.83,"MQt":1.79,"MPr":7.34,"MRef":1}
,{"DD":"NORGINE DE ESPAÑA","FRF":8,"FRP":9,"MRF":6,"MRP":9,"MFt":255.34,"MFtD":43.04,"MPz":13,"MPzD":44.01,"MQt":1.48,"MPr":19.81,"MRef":1}
,{"DD":"NOVARTIS","FRF":6,"FRP":6,"MRF":11,"MRP":10,"MFt":81.61,"MFtD":-9.07,"MPz":12,"MPzD":-10.77,"MQt":1.36,"MPr":6.87,"MRef":2}]
,"datiDettDittaC":[
{"DD":"ALMIRALL S.A.","FRF":1,"FRP":1,"CRF":1,"CRP":1,"CFt":1788.58,"CFtD":1.34,"CPz":201,"CPzD":-4.72,"CQt":42.2,"CPr":8.88,"CRef":4}
,{"DD":"ABOCA SpA SOCIETA' AGRICOLA","FRF":2,"FRP":2,"CRF":2,"CRP":2,"CFt":1082.41,"CFtD":13.62,"CPz":114,"CPzD":9.12,"CQt":23.86,"CPr":9.5,"CRef":2}
,{"DD":"GLAXO SMITHKLINE","FRF":5,"FRP":4,"CRF":3,"CRP":3,"CFt":217.94,"CFtD":-5.61,"CPz":35,"CPzD":-7,"CQt":7.25,"CPr":6.3,"CRef":5}
,{"DD":"CINFA","FRF":3,"FRP":3,"CRF":5,"CRP":4,"CFt":153.93,"CFtD":-0.64,"CPz":29,"CPzD":-5.68,"CQt":6.17,"CPr":5.22,"CRef":5}
,{"DD":"RECKITT BENCKISER HEALTHCARE  S A","FRF":7,"FRP":7,"CRF":4,"CRP":5,"CFt":217.58,"CFtD":16.58,"CPz":26,"CPzD":6.08,"CQt":5.36,"CPr":8.5,"CRef":7}
,{"DD":"KERN PHARMA","FRF":18,"FRP":18,"CRF":9,"CRP":6,"CFt":48.27,"CFtD":980.54,"CPz":12,"CPzD":947.62,"CQt":2.59,"CPr":3.9,"CRef":1}
,{"DD":"BAYER HISPANIA S.L.","FRF":4,"FRP":5,"CRF":7,"CRP":7,"CFt":72.6,"CFtD":-0.27,"CPz":9,"CPzD":2.06,"CQt":1.78,"CPr":8.53,"CRef":4}
,{"DD":"NORGINE DE ESPAÑA","FRF":8,"FRP":9,"CRF":6,"CRP":8,"CFt":151.8,"CFtD":69.55,"CPz":8,"CPzD":77.42,"CQt":1.58,"CPr":20.12,"CRef":1}
,{"DD":"ANOTACIONES FARMACEUTICAS  S L","FRF":9,"FRP":8,"CRF":8,"CRP":9,"CFt":52.88,"CFtD":-8.12,"CPz":7,"CPzD":-12.5,"CQt":1.5,"CPr":7.36,"CRef":1}
,{"DD":"NOVARTIS","FRF":6,"FRP":6,"CRF":10,"CRP":10,"CFt":46.48,"CFtD":-9.64,"CPz":7,"CPzD":-8.98,"CQt":1.41,"CPr":6.93,"CRef":2}]
}