{"datiDettRefF":[
{"DP":"SOMATULINA AUTOGEL 120 MG 1 JERINGA PRECARGADA 0.5 ML","DD":"IPSEN PHARMA","FRF":1,"FRP":1307,"FF":14177.28,"FFD":100,"FQt":1.6,"FPz":12,"FPzD":100,"FPr":1181.44,"MRF":99,"MRP":10061,"CRF":129,"CRP":9692}
,{"DP":"LIERAC FACIAL","DD":"LIERAC","FRF":2,"FRP":29,"FF":13334.13,"FFD":22.8,"FQt":1.51,"FPz":246,"FPzD":9.33,"FPr":54.2,"MRF":68,"MRP":640,"CRF":442,"CRP":1951}
,{"DP":"APO-GO PFS 5 MGML 5 JERINGAS PRECARGADAS 10 ML","DD":"ITALFARMACO","FRF":3,"FRP":291,"FF":7284,"FFD":33.33,"FQt":0.82,"FPz":48,"FPzD":33.33,"FPr":151.75,"MRF":474,"MRP":6240,"CRF":368,"CRP":4362}
,{"DP":"CIALIS 20 MG 8 COMPRIMIDOS","DD":"LILLY","FRF":4,"FRP":432,"FF":5269.08,"FFD":231.13,"FQt":0.6,"FPz":36,"FPzD":227.27,"FPr":146.36,"MRF":787,"MRP":7649,"CRF":2047,"CRP":10499}
,{"DP":"CIALIS DIARIO 5 MG 28 COMPRIMIDOS","DD":"LILLY","FRF":5,"FRP":358,"FF":4955.27,"FFD":72.95,"FQt":0.56,"FPz":41,"FPzD":70.83,"FPr":120.86,"MRF":391,"MRP":4524,"CRF":680,"CRP":5501}
,{"DP":"FORMULAS MAGISTRALES","DD":"","FRF":6,"FRP":55,"FF":4780.82,"FFD":17.55,"FQt":0.54,"FPz":149,"FPzD":-12.87,"FPr":32.09,"MRF":7,"MRP":27,"CRF":1,"CRP":12}
,{"DP":"ENVARSUS 4 MG 30 COMP","DD":"","FRF":7,"FRP":482,"FF":4738.47,"FFD":null,"FQt":0.54,"FPz":33,"FPzD":null,"FPr":143.59,"MRF":985,"MRP":7659,"CRF":464,"CRP":4365}
,{"DP":"CAUDALIE FACIAL","DD":"CAUDALIE","FRF":8,"FRP":66,"FF":4346.05,"FFD":-27.7,"FQt":0.49,"FPz":130,"FPzD":-27.78,"FPr":33.43,"MRF":24,"MRP":80,"CRF":39,"CRP":217}
,{"DP":"INSTANYL 200 MCGPULSACION PULVERIZADOR NASAL 10 DOSIS","DD":"TAKEDA FARMACEUTICA ESPAÑA S.A.","FRF":9,"FRP":344,"FF":3835.44,"FFD":null,"FQt":0.43,"FPz":42,"FPzD":null,"FPr":91.32,"MRF":8111,"MRP":13522,"CRF":12398,"CRP":13391}
,{"DP":"BOCOUTURE 50 U 6 VIALES","DD":"MERZ PHARMA","FRF":10,"FRP":1926,"FF":3652.74,"FFD":40,"FQt":0.41,"FPz":7,"FPzD":40,"FPr":521.82,"MRF":866,"MRP":12861,"CRF":1376,"CRP":12128}
,{"DP":"PROLIA 60 MG 1 JERINGA PRECARGADA 1 ML","DD":"AMGEN","FRF":11,"FRP":1002,"FF":3609.44,"FFD":23.08,"FQt":0.41,"FPz":16,"FPzD":23.08,"FPr":225.59,"MRF":5,"MRP":877,"CRF":10,"CRP":839}
,{"DP":"VACUNA ALERGIA","DD":"","FRF":12,"FRP":1308,"FF":3425.39,"FFD":-5.55,"FQt":0.39,"FPz":12,"FPzD":-20,"FPr":285.45,"MRF":1,"MRP":876,"CRF":2,"CRP":928}
,{"DP":"ELIQUIS 5 MG 60 COMPRIMIDOS RECUBIERTOS","DD":"BRISTOL MYERS SQUIBB","FRF":13,"FRP":433,"FF":3270.96,"FFD":5.88,"FQt":0.37,"FPz":36,"FPzD":5.88,"FPr":90.86,"MRF":4,"MRP":239,"CRF":5,"CRP":190}
,{"DP":"INFLUVIS JARABE 120 G","DD":"PLANTA MEDICA Srl","FRF":14,"FRP":26,"FF":3245.98,"FFD":-35.6,"FQt":0.37,"FPz":255,"FPzD":-36.57,"FPr":12.73,"MRF":779,"MRP":928,"CRF":429,"CRP":469}
,{"DP":"LACTIBIANE ATB 14 CAPS","DD":"PILEJE SLU","FRF":15,"FRP":34,"FF":3144.68,"FFD":-32.06,"FQt":0.36,"FPz":227,"FPzD":-32.64,"FPr":13.85,"MRF":1150,"MRP":1490,"CRF":2529,"CRP":2887}
,{"DP":"ATORVASTATINA NORMON EFG 40 MG 28 COMPRIMIDOS RECUBIERTOS","DD":"NORMON","FRF":16,"FRP":47,"FF":3076.14,"FFD":-10.22,"FQt":0.35,"FPz":167,"FPzD":-10.22,"FPr":18.42,"MRF":212,"MRP":455,"CRF":307,"CRP":607}
,{"DP":"FEMARA 2.5 MG 30 COMPRIMIDOS RECUBIERTOS","DD":"NOVARTIS","FRF":17,"FRP":483,"FF":3039.3,"FFD":37.5,"FQt":0.34,"FPz":33,"FPzD":37.5,"FPr":92.1,"MRF":287,"MRP":3247,"CRF":306,"CRP":3160}
,{"DP":"ELIQUIS 2.5 MG 60 COMPRIMIDOS RECUBIERTOS","DD":"BRISTOL MYERS SQUIBB","FRF":18,"FRP":484,"FF":2998.38,"FFD":13.79,"FQt":0.34,"FPz":33,"FPzD":13.79,"FPr":90.86,"MRF":27,"MRP":741,"CRF":27,"CRP":604}
,{"DP":"XEPLION 100 MG 1 JERINGA SUSP INYECT LIB PROL 1 ML","DD":"JANSSEN-CILAG","FRF":19,"FRP":1614,"FF":2995.29,"FFD":null,"FQt":0.34,"FPz":9,"FPzD":null,"FPr":332.81,"MRF":57,"MRP":3985,"CRF":69,"CRP":3644}
,{"DP":"SPIRIVA 18 MCG 30 CAPSULAS + 1 INHALADOR HANDIHALER","DD":"BOEHRINGER INGELHEIM, S.A.","FRF":20,"FRP":168,"FF":2983,"FFD":-39.2,"FQt":0.34,"FPz":76,"FPzD":-24,"FPr":39.25,"MRF":20,"MRP":166,"CRF":23,"CRP":146}
,{"DP":"VICTOZA 6 MGML 2 PLUMAS PRECARGADAS 3 ML","DD":"NOVO NORDISK PHARMA","FRF":21,"FRP":781,"FF":2823.46,"FFD":127.07,"FQt":0.32,"FPz":21,"FPzD":133.33,"FPr":134.45,"MRF":10,"MRP":553,"CRF":12,"CRP":485}
,{"DP":"LIXIANA 60 MG 28 COMPRIMIDOS RECUBIERTOS","DD":"DAIICHI SANKYO ESPANA","FRF":22,"FRP":502,"FF":2601.6,"FFD":88.24,"FQt":0.29,"FPz":32,"FPzD":88.24,"FPr":81.3,"MRF":44,"MRP":878,"CRF":29,"CRP":579}
,{"DP":"LETROZOL NORMON EFG 2.5 MG 30 COMPRIMIDOS RECUBIERTOS","DD":"NORMON","FRF":23,"FRP":587,"FF":2578.8,"FFD":100,"FQt":0.29,"FPz":28,"FPzD":100,"FPr":92.1,"MRF":741,"MRP":5299,"CRF":899,"CRP":5521}
,{"DP":"CYMBALTA 60 MG 28 CAPSULAS GASTRORRESISTENTES","DD":"DISTA","FRF":24,"FRP":118,"FF":2486.68,"FFD":-2.71,"FQt":0.28,"FPz":93,"FPzD":8.14,"FPr":26.74,"MRF":83,"MRP":321,"CRF":123,"CRP":366}
,{"DP":"CIALIS 20 MG 4 COMPRIMIDOS","DD":"LILLY","FRF":25,"FRP":503,"FF":2474.06,"FFD":-12.46,"FQt":0.28,"FPz":32,"FPzD":-13.51,"FPr":77.31,"MRF":443,"MRP":3565,"CRF":865,"CRP":4378}]
,"datiDettRefM":[
{"DP":"VACUNA ALERGIA","DD":"","FRF":12,"FRP":1308,"MRF":1,"MRP":876,"MF":9092.2,"MFD":9.05,"MQt":0.58,"MPz":30,"MPzD":3.31,"MPr":300.53}
,{"DP":"BEXSERO 1 JERINGA PRECARGADA 0.5 ML","DD":"NOVARTIS","FRF":76,"FRP":1123,"MRF":2,"MRP":209,"MF":8804.78,"MFD":-21.84,"MQt":0.56,"MPz":83,"MPzD":-22.06,"MPr":105.76}
,{"DP":"LANTUS SOLUSTAR","DD":"","FRF":53,"FRP":566,"MRF":3,"MRP":92,"MF":7920.14,"MFD":-7.84,"MQt":0.5,"MPz":137,"MPzD":-7.86,"MPr":57.76}
,{"DP":"ELIQUIS 5 MG 60 COMPRIMIDOS RECUBIERTOS","DD":"BRISTOL MYERS SQUIBB","FRF":13,"FRP":433,"MRF":4,"MRP":239,"MF":6991.71,"MFD":30.47,"MQt":0.44,"MPz":77,"MPzD":30.83,"MPr":91.11}
,{"DP":"PROLIA 60 MG 1 JERINGA PRECARGADA 1 ML","DD":"AMGEN","FRF":11,"FRP":1002,"MRF":5,"MRP":877,"MF":6880.85,"MFD":3.56,"MQt":0.44,"MPz":30,"MPzD":1.97,"MPr":226.34}
,{"DP":"XARELTO 20 MG 28 COMPRIMIDOS RECUBIERTOS","DD":"BAYER HISPANIA S.L.","FRF":30,"FRP":604,"MRF":6,"MRP":240,"MF":6514.06,"MFD":19.83,"MQt":0.41,"MPz":77,"MPzD":20.31,"MPr":84.99}
,{"DP":"FORMULAS MAGISTRALES","DD":"","FRF":6,"FRP":55,"MRF":7,"MRP":27,"MF":6364.58,"MFD":5.67,"MQt":0.4,"MPz":234,"MPzD":5.98,"MPr":27.24}
,{"DP":"DUODART 0.50.4 MG 30 CAPSULAS","DD":"GLAXO SMITHKLINE","FRF":269,"FRP":660,"MRF":8,"MRP":26,"MF":6225.59,"MFD":-24.31,"MQt":0.39,"MPz":235,"MPzD":2.57,"MPr":26.47}
,{"DP":"TOUJEO 300UI 1 JER PR","DD":"SANOFI AVENTIS S.A.","FRF":67,"FRP":521,"MRF":9,"MRP":127,"MF":6197.08,"MFD":23.02,"MQt":0.39,"MPz":119,"MPzD":22.92,"MPr":51.95}
,{"DP":"VICTOZA 6 MGML 2 PLUMAS PRECARGADAS 3 ML","DD":"NOVO NORDISK PHARMA","FRF":21,"FRP":781,"MRF":10,"MRP":553,"MF":5955.17,"MFD":8.27,"MQt":0.38,"MPz":44,"MPzD":10.87,"MPr":134.75}
,{"DP":"JANUMET 501000 MG 56 COMPRIMIDOS RECUBIERTOS","DD":"MSD","FRF":194,"FRP":1124,"MRF":11,"MRP":165,"MF":5751.95,"MFD":3.81,"MQt":0.36,"MPz":98,"MPzD":8.28,"MPr":58.73}
,{"DP":"TRULICITY 1,5 MG 4 PLUMAS PREC","DD":"LILLY","FRF":162,"FRP":2098,"MRF":12,"MRP":708,"MF":5337.34,"MFD":32.34,"MQt":0.34,"MPz":36,"MPzD":34.93,"MPr":147.84}
,{"DP":"ZEBINIX 800 MG 30 COMPRIMIDOS","DD":"LABORATORIOS BIAL","FRF":137,"FRP":2097,"MRF":13,"MRP":917,"MF":5251.78,"MFD":14.29,"MQt":0.33,"MPz":29,"MPzD":18.69,"MPr":180.76}
,{"DP":"TRAJENTA 5 MG 30 COMPRIMIDOS RECUBIERTOS","DD":"BOEHRINGER INGELHEIM, S.A.","FRF":29,"FRP":372,"MRF":14,"MRP":194,"MF":5182.24,"MFD":6.41,"MQt":0.33,"MPz":89,"MPzD":9.99,"MPr":57.97}
,{"DP":"FORSTEO 20 MCG80 MCL 1 PLUMA PRECARGADA 2.4 ML","DD":"ELANCO","FRF":7575,"FRP":7594,"MRF":15,"MRP":2306,"MF":4870.88,"MFD":2.16,"MQt":0.31,"MPz":12,"MPzD":2.12,"MPr":405.72}
,{"DP":"CLEXANE 40 MG (4000 UI) 30 JERINGAS PRECARGADAS 0.4 ML","DD":"SANOFI AVENTIS S.A.","FRF":132,"FRP":1764,"MRF":16,"MRP":790,"MF":4429.49,"MFD":-6.03,"MQt":0.28,"MPz":33,"MPzD":-5.04,"MPr":135.78}
,{"DP":"EFFICIB 501000 MG 56 COMPRIMIDOS RECUBIERTOS","DD":"ALMIRALL S.A.","FRF":247,"FRP":1310,"MRF":17,"MRP":262,"MF":4267.94,"MFD":0.99,"MQt":0.27,"MPz":73,"MPzD":5.82,"MPr":58.71}
,{"DP":"BETMIGA 50 MG 30 COMPRIMIDOS LIBERACION PROLONGADA","DD":"ASTELLAS PHARMA","FRF":98,"FRP":588,"MRF":18,"MRP":188,"MF":4061.79,"MFD":16.83,"MQt":0.26,"MPz":90,"MPzD":17.01,"MPr":45.16}
,{"DP":"XEPLION 150 MG 1 JERINGA SUSP INYECT LIB PROL 1.5 ML","DD":"JANSSEN-CILAG","FRF":6668,"FRP":6687,"MRF":19,"MRP":2950,"MF":4044.82,"MFD":1.01,"MQt":0.26,"MPz":9,"MPzD":8.33,"MPr":472.41}
,{"DP":"SPIRIVA 18 MCG 30 CAPSULAS + 1 INHALADOR HANDIHALER","DD":"BOEHRINGER INGELHEIM, S.A.","FRF":20,"FRP":168,"MRF":20,"MRP":166,"MF":3871.48,"MFD":-30.89,"MQt":0.25,"MPz":98,"MPzD":-14.14,"MPr":39.34}
,{"DP":"ULTIBRO BREEZHALER 8543 MCG 30 CAPSULAS INHALACION + INHALADOR","DD":"NOVARTIS","FRF":62,"FRP":853,"MRF":21,"MRP":570,"MF":3684.5,"MFD":4.6,"MQt":0.23,"MPz":43,"MPzD":5.24,"MPr":86.12}
,{"DP":"EZETROL 10 MG 28 COMPRIMIDOS","DD":"MSD","FRF":101,"FRP":374,"MRF":22,"MRP":128,"MF":3662.96,"MFD":-30.71,"MQt":0.23,"MPz":119,"MPzD":-17.87,"MPr":30.89}
,{"DP":"NOVORAPID FLEXPEN 100 UML 5 PLUMAS PRECARGADAS 3 ML","DD":"NOVO NORDISK PHARMA","FRF":68,"FRP":446,"MRF":23,"MRP":232,"MF":3637.07,"MFD":-2.69,"MQt":0.23,"MPz":78,"MPzD":-1.9,"MPr":46.37}
,{"DP":"CAUDALIE FACIAL","DD":"CAUDALIE","FRF":8,"FRP":66,"MRF":24,"MRP":80,"MF":3428.12,"MFD":-6.79,"MQt":0.22,"MPz":150,"MPzD":-5.34,"MPr":22.82}
,{"DP":"FRENADOL COMPLEX 10 SOBRES","DD":"JOHNSON & JOHNSON","FRF":141,"FRP":95,"MRF":25,"MRP":10,"MF":3355.5,"MFD":1.93,"MQt":0.21,"MPz":341,"MPzD":-7.16,"MPr":9.83}]
,"datiDettRefC":[
{"DP":"FORMULAS MAGISTRALES","DD":"","FRF":6,"FRP":55,"CRF":1,"CRP":12,"CF":6444.18,"CFD":4.62,"CQt":0.62,"CPz":231,"CPzD":5.44,"CPr":27.87}
,{"DP":"VACUNA ALERGIA","DD":"","FRF":12,"FRP":1308,"CRF":2,"CRP":928,"CF":6003.45,"CFD":8.43,"CQt":0.57,"CPz":19,"CPzD":3.47,"CPr":312.68}
,{"DP":"LANTUS SOLUSTAR","DD":"","FRF":53,"FRP":566,"CRF":3,"CRP":72,"CF":5901.14,"CFD":-10.01,"CQt":0.56,"CPz":102,"CPzD":-10.07,"CPr":57.79}
,{"DP":"BEXSERO 1 JERINGA PRECARGADA 0.5 ML","DD":"NOVARTIS","FRF":76,"FRP":1123,"CRF":4,"CRP":246,"CF":5645.94,"CFD":-25.36,"CQt":0.54,"CPz":53,"CPzD":-25.96,"CPr":105.87}
,{"DP":"ELIQUIS 5 MG 60 COMPRIMIDOS RECUBIERTOS","DD":"BRISTOL MYERS SQUIBB","FRF":13,"FRP":433,"CRF":5,"CRP":190,"CF":5479.6,"CFD":25.4,"CQt":0.52,"CPz":60,"CPzD":25.62,"CPr":91.16}
,{"DP":"XARELTO 20 MG 28 COMPRIMIDOS RECUBIERTOS","DD":"BAYER HISPANIA S.L.","FRF":30,"FRP":604,"CRF":6,"CRP":172,"CF":5337.13,"CFD":17.96,"CQt":0.51,"CPz":63,"CPzD":18.18,"CPr":84.94}
,{"DP":"TOUJEO 300UI 1 JER PR","DD":"SANOFI AVENTIS S.A.","FRF":67,"FRP":521,"CRF":7,"CRP":75,"CF":5190.11,"CFD":19.81,"CQt":0.5,"CPz":100,"CPzD":20.11,"CPr":51.95}
,{"DP":"TRULICITY 1,5 MG 4 PLUMAS PREC","DD":"LILLY","FRF":162,"FRP":2098,"CRF":8,"CRP":467,"CF":4935.61,"CFD":36.76,"CQt":0.47,"CPz":33,"CPzD":38.23,"CPr":147.77}
,{"DP":"DUODART 0.50.4 MG 30 CAPSULAS","DD":"GLAXO SMITHKLINE","FRF":269,"FRP":660,"CRF":9,"CRP":23,"CF":4928.06,"CFD":-25.44,"CQt":0.47,"CPz":186,"CPzD":1.28,"CPr":26.53}
,{"DP":"PROLIA 60 MG 1 JERINGA PRECARGADA 1 ML","DD":"AMGEN","FRF":11,"FRP":1002,"CRF":10,"CRP":839,"CF":4728.9,"CFD":-1.29,"CQt":0.45,"CPz":21,"CPzD":-0.94,"CPr":226.36}
,{"DP":"TRAJENTA 5 MG 30 COMPRIMIDOS RECUBIERTOS","DD":"BOEHRINGER INGELHEIM, S.A.","FRF":29,"FRP":372,"CRF":11,"CRP":121,"CF":4663.69,"CFD":6.57,"CQt":0.45,"CPz":81,"CPzD":11.18,"CPr":57.9}
,{"DP":"VICTOZA 6 MGML 2 PLUMAS PRECARGADAS 3 ML","DD":"NOVO NORDISK PHARMA","FRF":21,"FRP":781,"CRF":12,"CRP":485,"CF":4367.07,"CFD":6.92,"CQt":0.42,"CPz":32,"CPzD":9.11,"CPr":135.01}
,{"DP":"FORSTEO 20 MCG80 MCL 1 PLUMA PRECARGADA 2.4 ML","DD":"ELANCO","FRF":7575,"FRP":7594,"CRF":13,"CRP":1772,"CF":4179.08,"CFD":-0.53,"CQt":0.4,"CPz":10,"CPzD":-3.34,"CPr":406.81}
,{"DP":"ZEBINIX 800 MG 30 COMPRIMIDOS","DD":"LABORATORIOS BIAL","FRF":137,"FRP":2097,"CRF":14,"CRP":739,"CF":4142.77,"CFD":21.02,"CQt":0.4,"CPz":23,"CPzD":26.25,"CPr":180.84}
,{"DP":"JANUMET 501000 MG 56 COMPRIMIDOS RECUBIERTOS","DD":"MSD","FRF":194,"FRP":1124,"CRF":15,"CRP":164,"CF":3837.62,"CFD":-1.19,"CQt":0.37,"CPz":65,"CPzD":2.58,"CPr":58.78}
,{"DP":"EFFICIB 501000 MG 56 COMPRIMIDOS RECUBIERTOS","DD":"ALMIRALL S.A.","FRF":247,"FRP":1310,"CRF":16,"CRP":182,"CF":3569.78,"CFD":-1.48,"CQt":0.34,"CPz":61,"CPzD":3.1,"CPr":58.73}
,{"DP":"BETMIGA 50 MG 30 COMPRIMIDOS LIBERACION PROLONGADA","DD":"ASTELLAS PHARMA","FRF":98,"FRP":588,"CRF":17,"CRP":133,"CF":3412.71,"CFD":14.69,"CQt":0.33,"CPz":76,"CPzD":15.63,"CPr":45.14}
,{"DP":"ULTIBRO BREEZHALER 8543 MCG 30 CAPSULAS INHALACION + INHALADOR","DD":"NOVARTIS","FRF":62,"FRP":853,"CRF":18,"CRP":441,"CF":2929.37,"CFD":9.28,"CQt":0.28,"CPz":34,"CPzD":9.29,"CPr":86.11}
,{"DP":"CLEXANE 40 MG (4000 UI) 30 JERINGAS PRECARGADAS 0.4 ML","DD":"SANOFI AVENTIS S.A.","FRF":132,"FRP":1764,"CRF":19,"CRP":840,"CF":2837.58,"CFD":-11.71,"CQt":0.27,"CPz":21,"CPzD":-11.43,"CPr":135.47}
,{"DP":"NOVORAPID FLEXPEN 100 UML 5 PLUMAS PRECARGADAS 3 ML","DD":"NOVO NORDISK PHARMA","FRF":68,"FRP":446,"CRF":20,"CRP":191,"CF":2778.86,"CFD":-4.96,"CQt":0.27,"CPz":60,"CPzD":-3.54,"CPr":46.38}
,{"DP":"TRESIBA 100UML 5 PLUMAS 3ML","DD":"NOVO NORDISK PHARMA","FRF":468,"FRP":2616,"CRF":21,"CRP":557,"CF":2748.8,"CFD":20.17,"CQt":0.26,"CPz":29,"CPzD":18.5,"CPr":93.79}
,{"DP":"VELMETIA 501000 MG 56 COMPRIMIDOS RECUBIERTOS","DD":"FERRER INTERNACIONAL","FRF":95,"FRP":749,"CRF":22,"CRP":299,"CF":2728.53,"CFD":-10.03,"CQt":0.26,"CPz":46,"CPzD":-6.95,"CPr":58.74}
,{"DP":"SPIRIVA 18 MCG 30 CAPSULAS + 1 INHALADOR HANDIHALER","DD":"BOEHRINGER INGELHEIM, S.A.","FRF":20,"FRP":168,"CRF":23,"CRP":146,"CF":2719.26,"CFD":-31.2,"CQt":0.26,"CPz":69,"CPzD":-14.26,"CPr":39.38}
,{"DP":"FORXIGA 10 MG 28 COMPRIMIDOS R","DD":"","FRF":6228,"FRP":6247,"CRF":24,"CRP":252,"CF":2672.16,"CFD":22.92,"CQt":0.26,"CPz":52,"CPzD":24.19,"CPr":51.71}
,{"DP":"JARDIANCE 10 MG 30 COMPRIMIDOS","DD":"","FRF":85,"FRP":656,"CRF":25,"CRP":294,"CF":2628.33,"CFD":42.54,"CQt":0.25,"CPz":47,"CPzD":41.49,"CPr":55.51}]}