{"datiDettRefF":[
{"DP":"ATORVASTATINA NORMON EFG 40 MG 28 COMPRIMIDOS RECUBIERTOS","DD":"NORMON","FRF":1,"FRP":20,"FF":3076.14,"FFD":-10.22,"FQt":3.28,"FPz":167,"FPzD":-10.22,"FPr":18.42,"MRF":7,"MRP":146,"CRF":23,"CRP":207}
,{"DP":"LETROZOL NORMON EFG 2.5 MG 30 COMPRIMIDOS RECUBIERTOS","DD":"NORMON","FRF":2,"FRP":108,"FF":2578.8,"FFD":100,"FQt":2.75,"FPz":28,"FPzD":100,"FPr":92.1,"MRF":63,"MRP":1425,"CRF":125,"CRP":1604}
,{"DP":"SILDENAFILO NORMON EFG 50 MG 8 COMPRIMIDOS","DD":"NORMON","FRF":3,"FRP":79,"FF":1953.84,"FFD":366.67,"FQt":2.08,"FPz":42,"FPzD":366.67,"FPr":46.52,"MRF":2142,"MRP":3233,"CRF":2709,"CRP":3188}
,{"DP":"RIVASTIGMINA KERN PHARMA EFG 9.5 MG24 H 60 PARCHES TRANSDERMICOS 18 MG","DD":"KERN PHARMA","FRF":4,"FRP":190,"FF":1782.04,"FFD":8.33,"FQt":1.9,"FPz":13,"FPzD":8.33,"FPr":137.08,"MRF":77,"MRP":1987,"CRF":77,"CRP":1600}
,{"DP":"OMEPRAZOL GOBENS EFG 20 MG 56 CAPSULAS GASTROR (BLISTER PVC-PVDCAL)","DD":"NORMON","FRF":5,"FRP":3,"FF":1664.15,"FFD":21.88,"FQt":1.77,"FPz":401,"FPzD":21.88,"FPr":4.15,"MRF":1092,"MRP":666,"CRF":1258,"CRP":748}
,{"DP":"ESCITALOPRAM NORMON EFG 20 MG 56 COMPRIMIDOS RECUBIERTOS","DD":"NORMON","FRF":6,"FRP":73,"FF":1613.5,"FFD":129.97,"FQt":1.72,"FPz":46,"FPzD":130,"FPr":35.08,"MRF":310,"MRP":1433,"CRF":709,"CRP":1656}
,{"DP":"CLOPIDOGREL NORMON EFG 75 MG 28 COMP RECUBIERTOS (ALPVDCPEPVC)","DD":"NORMON","FRF":7,"FRP":44,"FF":1462.47,"FFD":-32.56,"FQt":1.56,"FPz":87,"FPzD":-32.56,"FPr":16.81,"MRF":273,"MRP":794,"CRF":1085,"CRP":1710}
,{"DP":"TAMSULOSINA NORMON EFG 0.4 MG 30 CAPSULAS LIBERACION MODIFICADA","DD":"NORMON","FRF":8,"FRP":25,"FF":1457.68,"FFD":-4.32,"FQt":1.55,"FPz":133,"FPzD":-4.32,"FPr":10.96,"MRF":621,"MRP":860,"CRF":720,"CRP":910}
,{"DP":"LETROZOL PENSA EFG 2.5 MG 30 COMPRIMIDOS RECUBIERTOS","DD":"PENSA PHARMA SA","FRF":9,"FRP":167,"FF":1381.5,"FFD":-16.67,"FQt":1.47,"FPz":15,"FPzD":-16.67,"FPr":92.1,"MRF":630,"MRP":2553,"CRF":852,"CRP":2874}
,{"DP":"AZITROMICINA NORMON EFG 500 MG 3 COMPRIMIDOS RECUBIERTOS","DD":"NORMON","FRF":10,"FRP":16,"FF":1219.54,"FFD":8.94,"FQt":1.3,"FPz":226,"FPzD":13.57,"FPr":5.4,"MRF":185,"MRP":201,"CRF":516,"CRP":413}
,{"DP":"ATORVASTATINA NORMON EFG 20 MG 28 COMPRIMIDOS RECUBIERTOS","DD":"NORMON","FRF":11,"FRP":26,"FF":1215.72,"FFD":-8.97,"FQt":1.3,"FPz":132,"FPzD":-8.97,"FPr":9.21,"MRF":14,"MRP":82,"CRF":31,"CRP":100}
,{"DP":"PANTOPRAZOL NORMON EFG 40 MG 28 COMPRIMIDOS GASTRORRESISTENTES","DD":"NORMON","FRF":12,"FRP":60,"FF":1206.12,"FFD":-8,"FQt":1.29,"FPz":69,"FPzD":-8,"FPr":17.48,"MRF":72,"MRP":469,"CRF":220,"CRP":716}
,{"DP":"QUETIAPINA NORMON EFG 100 MG 60 COMPRIMIDOS RECUBIERTOS","DD":"NORMON","FRF":13,"FRP":88,"FF":1199.17,"FFD":68.18,"FQt":1.28,"FPz":37,"FPzD":68.18,"FPr":32.41,"MRF":286,"MRP":1258,"CRF":890,"CRP":1678}
,{"DP":"SILDENAFILO NORMON EFG 100 MG 8 COMPRIMIDOS","DD":"NORMON","FRF":14,"FRP":127,"FF":1158.08,"FFD":100,"FQt":1.23,"FPz":22,"FPzD":100,"FPr":52.64,"MRF":1241,"MRP":3104,"CRF":3159,"CRP":3249}
,{"DP":"IBUPROFENO NORMON EFG 600 MG 40 COMPRIMIDOS RECUBIERTOS","DD":"NORMON","FRF":15,"FRP":1,"FF":1148.51,"FFD":2.64,"FQt":1.22,"FPz":583,"FPzD":2.64,"FPr":1.97,"MRF":87,"MRP":30,"CRF":334,"CRP":69}
,{"DP":"DONEPEZILO NORMON EFG 10 MG 28 COMPRIMIDOS RECUBIERTOS","DD":"NORMON","FRF":16,"FRP":151,"FF":1107.72,"FFD":21.43,"FQt":1.18,"FPz":17,"FPzD":21.43,"FPr":65.16,"MRF":98,"MRP":1427,"CRF":453,"CRP":2117}
,{"DP":"LOSARTAN NORMON EFG 50 MG 28 COMPRIMIDOS RECUBIERTOS","DD":"NORMON","FRF":17,"FRP":11,"FF":1080.03,"FFD":17.73,"FQt":1.15,"FPz":259,"FPzD":17.73,"FPr":4.17,"MRF":306,"MRP":202,"CRF":415,"CRP":248}
,{"DP":"CITALOPRAM CINFA EFG 20 MG 56 COMPRIMIDOS RECUBIERTOS","DD":"CINFA","FRF":18,"FRP":33,"FF":1075.2,"FFD":-7.89,"FQt":1.15,"FPz":105,"FPzD":-7.89,"FPr":10.24,"MRF":952,"MRP":1161,"CRF":1188,"CRP":1405}
,{"DP":"ATORVASTATINA NORMON EFG 80 MG 28 COMPRIMIDOS RECUBIERTOS","DD":"NORMON","FRF":19,"FRP":109,"FF":1031.52,"FFD":133.33,"FQt":1.1,"FPz":28,"FPzD":133.33,"FPr":36.84,"MRF":16,"MRP":496,"CRF":45,"CRP":584}
,{"DP":"LOSARTAN NORMON EFG 100 MG 28 COMPRIMIDOS RECUBIERTOS","DD":"NORMON","FRF":20,"FRP":37,"FF":842.34,"FFD":20.24,"FQt":0.9,"FPz":101,"FPzD":20.24,"FPr":8.34,"MRF":440,"MRP":579,"CRF":727,"CRP":808}
,{"DP":"FINASTERIDA NORMON EFG 5 MG 28 COMPRIMIDOS RECUBIERTOS","DD":"NORMON","FRF":21,"FRP":47,"FF":773.5,"FFD":23.19,"FQt":0.82,"FPz":85,"FPzD":23.19,"FPr":9.1,"MRF":1311,"MRP":1322,"CRF":866,"CRP":918}
,{"DP":"QUETIAPINA MYLAN EFG 25 MG 60 COMPRIMIDOS RECUBIERTOS","DD":"MYLAN PHARMACEUTICALS S L","FRF":22,"FRP":42,"FF":769.5,"FFD":-2.06,"FQt":0.82,"FPz":95,"FPzD":-2.06,"FPr":8.1,"MRF":1365,"MRP":1330,"CRF":1548,"CRP":1460}
,{"DP":"ACIDO ALENDRONICO SEMANAL NORMON EFG 70 MG 4 COMPRIMIDOS","DD":"NORMON","FRF":23,"FRP":53,"FF":769.23,"FFD":-12.5,"FQt":0.82,"FPz":77,"FPzD":-12.5,"FPr":9.99,"MRF":868,"MRP":1038,"CRF":1301,"CRP":1420}
,{"DP":"PARACETAMOL KERN PHARMA EFG 1 G 40 COMPRIMIDOS","DD":"KERN PHARMA","FRF":24,"FRP":7,"FF":760,"FFD":289.74,"FQt":0.81,"FPz":304,"FPzD":289.74,"FPr":2.5,"MRF":2,"MRP":2,"CRF":4,"CRP":3}
,{"DP":"LISINOPRILHIDROCLOROTIAZIDA MYLAN EFG 2012.5 MG 28 COMPRIMIDOS","DD":"MYLAN PHARMACEUTICALS S L","FRF":25,"FRP":38,"FF":737,"FFD":-20.63,"FQt":0.79,"FPz":100,"FPzD":-20.63,"FPr":7.37,"MRF":269,"MRP":374,"CRF":1926,"CRP":1880}]
,"datiDettRefM":[
{"DP":"ATORVASTATINA RANBAXYGEN EFG 80 MG 28 COMPRIMIDOS RECUBIERTOS","DD":"RANBAXY","FRF":1983,"FRP":1983,"MRF":1,"MRP":224,"MF":1339.78,"MFD":11.63,"MQt":0.57,"MPz":36,"MPzD":10.54,"MPr":36.86}
,{"DP":"PARACETAMOL KERN PHARMA EFG 1 G 40 COMPRIMIDOS","DD":"KERN PHARMA","FRF":24,"FRP":7,"MRF":2,"MRP":2,"MF":1211.54,"MFD":-6.63,"MQt":0.52,"MPz":485,"MPzD":-6.32,"MPr":2.5}
,{"DP":"ESPIDIFEN EFG 600 MG 40 SOBRES GRANULADO MENTA","DD":"ZAMBON","FRF":33,"FRP":31,"MRF":3,"MRP":10,"MF":1200.96,"MFD":-7.86,"MQt":0.51,"MPz":207,"MPzD":-21.49,"MPr":5.79}
,{"DP":"ADIRO EFG 100 MG 30 COMPRIMIDOS GASTRORRESISTENTES (PVCAL","DD":"BAYER HISPANIA S.L.","FRF":46,"FRP":4,"MRF":4,"MRP":1,"MF":1150.04,"MFD":999,"MQt":0.49,"MPz":793,"MPzD":999,"MPr":1.45}
,{"DP":"ATORVASTATINA CINFA EFG 40 MG 28 COMPRIMIDOS RECUBIERTOS","DD":"CINFA","FRF":1947,"FRP":1947,"MRF":5,"MRP":117,"MF":1057.21,"MFD":0.47,"MQt":0.45,"MPz":57,"MPzD":-0.14,"MPr":18.43}
,{"DP":"ATORVASTATINA GALENICUM EFG 80 MG 28 COMPRIMIDOS RECUBIERTOS","DD":"GALENICUM HEALTH S L","FRF":1954,"FRP":1954,"MRF":6,"MRP":321,"MF":975.16,"MFD":null,"MQt":0.42,"MPz":26,"MPzD":null,"MPr":36.97}
,{"DP":"ATORVASTATINA NORMON EFG 40 MG 28 COMPRIMIDOS RECUBIERTOS","DD":"NORMON","FRF":1,"FRP":20,"MRF":7,"MRP":146,"MF":922.97,"MFD":12.14,"MQt":0.39,"MPz":50,"MPzD":12.2,"MPr":18.45}
,{"DP":"METAMIZOL ARISTO EFG 575 MG 20 CAPSULAS","DD":"ARISTO PHARMA IBERIA S L","FRF":2696,"FRP":2696,"MRF":8,"MRP":3,"MF":866.98,"MFD":-29.23,"MQt":0.37,"MPz":384,"MPzD":-29.15,"MPr":2.26}
,{"DP":"ATORVASTATINA CINFA EFG 20 MG 28 COMPRIMIDOS RECUBIERTOS","DD":"CINFA","FRF":1946,"FRP":1946,"MRF":9,"MRP":59,"MF":838.96,"MFD":-0.75,"MQt":0.36,"MPz":91,"MPzD":-0.78,"MPr":9.22}
,{"DP":"MONUROL EFG 3 G 2 SOBRES","DD":"ZAMBON","FRF":54,"FRP":48,"MRF":10,"MRP":37,"MF":752.33,"MFD":-4.86,"MQt":0.32,"MPz":131,"MPzD":-1.17,"MPr":5.76}
,{"DP":"ATORVASTATINA STADAGEN EFG 40 MG 28 COMPRIMIDOS RECUBIERTOS","DD":"STADA S L","FRF":1992,"FRP":1992,"MRF":11,"MRP":196,"MF":720.38,"MFD":625.69,"MQt":0.31,"MPz":39,"MPzD":626.59,"MPr":18.45}
,{"DP":"OMEPRAZOL ARISTO EFG 20 MG 28 CAPSULAS GASTRORRESISTENTES","DD":"ARISTO PHARMA IBERIA S L","FRF":2759,"FRP":2759,"MRF":12,"MRP":4,"MF":718.47,"MFD":-4.03,"MQt":0.31,"MPz":297,"MPzD":-4,"MPr":2.42}
,{"DP":"NAPROXENO SODICO CINFA EFG 550 MG 40 COMPRIMIDOS RECUBIERTOS","DD":"CINFA","FRF":111,"FRP":72,"MRF":13,"MRP":31,"MF":717.45,"MFD":10.03,"MQt":0.31,"MPz":150,"MPzD":9.94,"MPr":4.78}
,{"DP":"ATORVASTATINA NORMON EFG 20 MG 28 COMPRIMIDOS RECUBIERTOS","DD":"NORMON","FRF":11,"FRP":26,"MRF":14,"MRP":82,"MF":691.24,"MFD":15.48,"MQt":0.29,"MPz":75,"MPzD":15.6,"MPr":9.22}
,{"DP":"ATORVASTATINA CINFA EFG 80 MG 28 COMPRIMIDOS RECUBIERTOS","DD":"CINFA","FRF":1948,"FRP":1948,"MRF":15,"MRP":495,"MF":647.41,"MFD":-4.35,"MQt":0.28,"MPz":18,"MPzD":-1.91,"MPr":36.84}
,{"DP":"ATORVASTATINA NORMON EFG 80 MG 28 COMPRIMIDOS RECUBIERTOS","DD":"NORMON","FRF":19,"FRP":109,"MRF":16,"MRP":496,"MF":646.19,"MFD":20.86,"MQt":0.28,"MPz":18,"MPzD":24.21,"MPr":36.89}
,{"DP":"ATORVASTATINA LIDERFARM EFG 40 MG 28 COMPRIMIDOS RECUBIERTOS","DD":"FARMALIDER","FRF":1962,"FRP":1962,"MRF":17,"MRP":235,"MF":625.37,"MFD":-0.74,"MQt":0.27,"MPz":34,"MPzD":-0.38,"MPr":18.48}
,{"DP":"OMEPRAZOL CINFAMED EFG 20 MG 28 CAPSULAS GASTRORRESISTENTES","DD":"CINFA","FRF":2767,"FRP":2767,"MRF":18,"MRP":6,"MF":611.53,"MFD":-9.62,"MQt":0.26,"MPz":253,"MPzD":-9.52,"MPr":2.42}
,{"DP":"ATORVASTATINA RANBAXYGEN EFG 40 MG 28 COMPRIMIDOS RECUBIERTOS","DD":"RANBAXY","FRF":1982,"FRP":1982,"MRF":19,"MRP":253,"MF":594.52,"MFD":10.83,"MQt":0.25,"MPz":32,"MPzD":9.94,"MPr":18.43}
,{"DP":"MEMANTINA ACCORD 20MG 56 COMPR","DD":"ACCORD HEALTHCARE","FRF":1255,"FRP":1255,"MRF":20,"MRP":1422,"MF":580.7,"MFD":-25.05,"MQt":0.25,"MPz":4,"MPzD":-25.55,"MPr":144.78}
,{"DP":"LETROZOL ACCORD EFG 2.5 MG 30 COMPRIMIDOS RECUBIERTOS","DD":"ACCORD HEALTHCARE","FRF":1169,"FRP":1169,"MRF":21,"MRP":1117,"MF":577.49,"MFD":-10.08,"MQt":0.25,"MPz":6,"MPzD":-13.95,"MPr":92.9}
,{"DP":"ATORVASTATINA GALENICUM EFG 40 MG 28 COMPRIMIDOS RECUBIERTOS","DD":"GALENICUM HEALTH S L","FRF":1953,"FRP":1953,"MRF":22,"MRP":266,"MF":573.71,"MFD":999,"MQt":0.24,"MPz":31,"MPzD":999,"MPr":18.43}
,{"DP":"PARACETAMOL CINFA EFG 1 G 40 COMPRIMIDOS","DD":"CINFA","FRF":277,"FRP":136,"MRF":23,"MRP":8,"MF":570.49,"MFD":-2.79,"MQt":0.24,"MPz":228,"MPzD":-2.91,"MPr":2.5}
,{"DP":"DEPRAX EFG 100 MG 60 COMPRIMIDOS","DD":"ANGELINI FARMACÉUTICA S A","FRF":53,"FRP":52,"MRF":24,"MRP":61,"MF":569.08,"MFD":-10.61,"MQt":0.24,"MPz":90,"MPzD":-10.51,"MPr":6.33}
,{"DP":"METFORMINA SANDOZ EFG 850 MG 50 COMPRIMIDOS RECUBIERTOS","DD":"SANDOZ FARMACEUTICA S.A.","FRF":226,"FRP":82,"MRF":25,"MRP":5,"MF":556.93,"MFD":-1.59,"MQt":0.24,"MPz":287,"MPzD":-1.51,"MPr":1.94}]
,"datiDettRefC":[
{"DP":"ATORVASTATINA RANBAXYGEN EFG 80 MG 28 COMPRIMIDOS RECUBIERTOS","DD":"RANBAXY","FRF":1983,"FRP":1983,"CRF":1,"CRP":117,"CF":1544.6,"CFD":8.62,"CQt":0.88,"CPz":42,"CPzD":8.81,"CPr":36.84}
,{"DP":"ATORVASTATINA GALENICUM EFG 80 MG 28 COMPRIMIDOS RECUBIERTOS","DD":"GALENICUM HEALTH S L","FRF":1954,"FRP":1954,"CRF":2,"CRP":152,"CF":1257.92,"CFD":null,"CQt":0.72,"CPz":34,"CPzD":null,"CPr":37.18}
,{"DP":"METAMIZOL ARISTO EFG 575 MG 20 CAPSULAS","DD":"ARISTO PHARMA IBERIA S L","FRF":2696,"FRP":2696,"CRF":3,"CRP":2,"CF":867.64,"CFD":-33.08,"CQt":0.49,"CPz":384,"CPzD":-33.06,"CPr":2.26}
,{"DP":"PARACETAMOL KERN PHARMA EFG 1 G 40 COMPRIMIDOS","DD":"KERN PHARMA","FRF":24,"FRP":7,"CRF":4,"CRP":3,"CF":811.24,"CFD":-2.38,"CQt":0.46,"CPz":324,"CPzD":-2.44,"CPr":2.5}
,{"DP":"ADIRO EFG 100 MG 30 COMPRIMIDOS GASTRORRESISTENTES (PVCAL","DD":"BAYER HISPANIA S.L.","FRF":46,"FRP":4,"CRF":5,"CRP":1,"CF":774.7,"CFD":999,"CQt":0.44,"CPz":533,"CPzD":999,"CPr":1.45}
,{"DP":"ESPIDIFEN EFG 600 MG 40 SOBRES GRANULADO MENTA","DD":"ZAMBON","FRF":33,"FRP":31,"CRF":6,"CRP":22,"CF":718.4,"CFD":0.01,"CQt":0.41,"CPz":124,"CPzD":-14.75,"CPr":5.77}
,{"DP":"AMISULPRIDA NORMON EFG 400 MG 30 COMPRIMIDOS","DD":"NORMON","FRF":627,"FRP":627,"CRF":7,"CRP":340,"CF":711.86,"CFD":5.93,"CQt":0.4,"CPz":18,"CPzD":6.8,"CPr":39.87}
,{"DP":"QUETIAPINA QUALIGEN EFG 300 MG 60 COMPRIMIDOS RECUBIERTOS (BLISTER PVC)","DD":"QUALIGEN S L","FRF":1485,"FRP":1485,"CRF":8,"CRP":777,"CF":707.05,"CFD":12.99,"CQt":0.4,"CPz":7,"CPzD":8.76,"CPr":97.22}
,{"DP":"ATORVASTATINA GALENICUM EFG 40 MG 28 COMPRIMIDOS RECUBIERTOS","DD":"GALENICUM HEALTH S L","FRF":1953,"FRP":1953,"CRF":9,"CRP":128,"CF":703.98,"CFD":null,"CQt":0.4,"CPz":38,"CPzD":null,"CPr":18.44}
,{"DP":"MEMANTINA ACCORD 20MG 56 COMPR","DD":"ACCORD HEALTHCARE","FRF":1255,"FRP":1255,"CRF":10,"CRP":978,"CF":700.03,"CFD":-26.24,"CQt":0.4,"CPz":5,"CPzD":-24.03,"CPr":145.84}
,{"DP":"ATORVASTATINA LIDERFARM EFG 40 MG 28 COMPRIMIDOS RECUBIERTOS","DD":"FARMALIDER","FRF":1962,"FRP":1962,"CRF":11,"CRP":134,"CF":689.91,"CFD":16.65,"CQt":0.39,"CPz":37,"CPzD":15.23,"CPr":18.42}
,{"DP":"ATORVASTATINA CINFA EFG 20 MG 28 COMPRIMIDOS RECUBIERTOS","DD":"CINFA","FRF":1946,"FRP":1946,"CRF":12,"CRP":52,"CF":632.81,"CFD":-4.64,"CQt":0.36,"CPz":69,"CPzD":-4.19,"CPr":9.21}
,{"DP":"ATORVASTATINA RANBAXYGEN EFG 40 MG 28 COMPRIMIDOS RECUBIERTOS","DD":"RANBAXY","FRF":1982,"FRP":1982,"CRF":13,"CRP":153,"CF":622.26,"CFD":14.64,"CQt":0.35,"CPz":34,"CPzD":15.36,"CPr":18.43}
,{"DP":"PEPTICUM EFG 20 MG 28 CAPSULAS GASTRORRESISTENTES","DD":"ARISTO PHARMA IBERIA S L","FRF":316,"FRP":165,"CRF":14,"CRP":4,"CF":616.25,"CFD":2.24,"CQt":0.35,"CPz":255,"CPzD":2.45,"CPr":2.42}
,{"DP":"ATORVASTATINA CINFA EFG 40 MG 28 COMPRIMIDOS RECUBIERTOS","DD":"CINFA","FRF":1947,"FRP":1947,"CRF":15,"CRP":165,"CF":594.46,"CFD":-3.16,"CQt":0.34,"CPz":32,"CPzD":-3.98,"CPr":18.42}
,{"DP":"ATORVASTATINA LIDERFARM EFG 20 MG 28 COMPRIMIDOS RECUBIERTOS","DD":"FARMALIDER","FRF":1961,"FRP":1961,"CRF":16,"CRP":61,"CF":591.76,"CFD":-1.18,"CQt":0.34,"CPz":64,"CPzD":-1.54,"CPr":9.21}
,{"DP":"OMEPRAZOL ARISTO EFG 20 MG 28 CAPSULAS GASTRORRESISTENTES","DD":"ARISTO PHARMA IBERIA S L","FRF":2759,"FRP":2759,"CRF":17,"CRP":5,"CF":585.52,"CFD":-6.25,"CQt":0.33,"CPz":242,"CPzD":-6.22,"CPr":2.42}
,{"DP":"LETROZOL ACCORD EFG 2.5 MG 30 COMPRIMIDOS RECUBIERTOS","DD":"ACCORD HEALTHCARE","FRF":1169,"FRP":1169,"CRF":18,"CRP":875,"CF":562.65,"CFD":-28.81,"CQt":0.32,"CPz":6,"CPzD":-30.08,"CPr":94.63}
,{"DP":"OLANZAPINA FLAS QUALIGEN EFG 10 MG 56 COMPRIMIDOS BUCODISPERSABLES","DD":"QUALIGEN S L","FRF":1342,"FRP":1342,"CRF":19,"CRP":979,"CF":555.83,"CFD":-3.67,"CQt":0.32,"CPz":5,"CPzD":-8.33,"CPr":105.78}
,{"DP":"LIXBEN EFG 10 MG 28 COMPRIMIDOS RECUBIERTOS","DD":"ALTER FARMACIA","FRF":155,"FRP":402,"CRF":20,"CRP":707,"CF":514.17,"CFD":27.65,"CQt":0.29,"CPz":8,"CPzD":29.79,"CPr":65.16}
,{"DP":"OMEPRAZOL VIR EFG 20 MG 28 CAPSULAS GASTRORRESISTENTES","DD":"INDUSTRIA QUIMICA FARMACEUTICA VIR","FRF":2809,"FRP":2809,"CRF":21,"CRP":6,"CF":508.82,"CFD":-1.12,"CQt":0.29,"CPz":210,"CPzD":-1.25,"CPr":2.42}
,{"DP":"MONTELUKAST UR EFG 10 MG 28 COMPRIMIDOS RECUBIERTOS","DD":"ARISTO PHARMA IBERIA S L","FRF":1324,"FRP":1324,"CRF":22,"CRP":244,"CF":506.58,"CFD":-14.26,"CQt":0.29,"CPz":24,"CPzD":-14.29,"CPr":21.08}
,{"DP":"ATORVASTATINA NORMON EFG 40 MG 28 COMPRIMIDOS RECUBIERTOS","DD":"NORMON","FRF":1,"FRP":20,"CRF":23,"CRP":207,"CF":500.69,"CFD":21.64,"CQt":0.28,"CPz":27,"CPzD":21.13,"CPr":18.46}
,{"DP":"LETROZOL CINFA EFG 2.5 MG 30 COMPRIMIDOS RECUBIERTOS","DD":"CINFA","FRF":1171,"FRP":1171,"CRF":24,"CRP":980,"CF":499.01,"CFD":30.13,"CQt":0.28,"CPz":5,"CPzD":20.09,"CPr":92.41}
,{"DP":"DONEPEZILO MACLEODS EFG 10 MG 28 COMPRIMIDOS RECUBIERTOS","DD":"MACLEODS PHARMA ESPAÑA S.L.U.","FRF":843,"FRP":843,"CRF":25,"CRP":708,"CF":492.85,"CFD":null,"CQt":0.28,"CPz":8,"CPzD":null,"CPr":65.16}]}