{"datiDettRefF":[
{"DP":"SOMATULINA AUTOGEL 120 MG 1 JERINGA PRECARGADA 0.5 ML","DD":"IPSEN PHARMA","FRF":1,"FRP":171,"FF":14177.28,"FFD":100,"FQt":8.29,"FPz":12,"FPzD":100,"FPr":1181.44,"MRF":55,"MRP":1043,"CRF":67,"CRP":1093}
,{"DP":"ENVARSUS 4 MG 30 COMP","DD":"","FRF":2,"FRP":54,"FF":4738.47,"FFD":null,"FQt":2.77,"FPz":33,"FPzD":null,"FPr":143.59,"MRF":279,"MRP":858,"CRF":163,"CRP":608}
,{"DP":"INSTANYL 200 MCGPULSACION PULVERIZADOR NASAL 10 DOSIS","DD":"TAKEDA FARMACEUTICA ESPAÑA S.A.","FRF":3,"FRP":33,"FF":3835.44,"FFD":null,"FQt":2.24,"FPz":42,"FPzD":null,"FPr":91.32,"MRF":993,"MRP":1227,"CRF":1201,"CRP":1225}
,{"DP":"ELIQUIS 5 MG 60 COMPRIMIDOS RECUBIERTOS","DD":"BRISTOL MYERS SQUIBB","FRF":4,"FRP":48,"FF":3270.96,"FFD":5.88,"FQt":1.91,"FPz":36,"FPzD":5.88,"FPr":90.86,"MRF":2,"MRP":28,"CRF":2,"CRP":25}
,{"DP":"FEMARA 2.5 MG 30 COMPRIMIDOS RECUBIERTOS","DD":"NOVARTIS","FRF":5,"FRP":55,"FF":3039.3,"FFD":37.5,"FQt":1.78,"FPz":33,"FPzD":37.5,"FPr":92.1,"MRF":120,"MRP":429,"CRF":123,"CRP":459}
,{"DP":"ELIQUIS 2.5 MG 60 COMPRIMIDOS RECUBIERTOS","DD":"BRISTOL MYERS SQUIBB","FRF":6,"FRP":56,"FF":2998.38,"FFD":13.79,"FQt":1.75,"FPz":33,"FPzD":13.79,"FPr":90.86,"MRF":16,"MRP":110,"CRF":19,"CRP":96}
,{"DP":"XEPLION 100 MG 1 JERINGA SUSP INYECT LIB PROL 1 ML","DD":"JANSSEN-CILAG","FRF":7,"FRP":213,"FF":2995.29,"FFD":null,"FQt":1.75,"FPz":9,"FPzD":null,"FPr":332.81,"MRF":36,"MRP":516,"CRF":40,"CRP":516}
,{"DP":"SPIRIVA 18 MCG 30 CAPSULAS + 1 INHALADOR HANDIHALER","DD":"BOEHRINGER INGELHEIM, S.A.","FRF":8,"FRP":7,"FF":2983,"FFD":-39.2,"FQt":1.74,"FPz":76,"FPzD":-24,"FPr":39.25,"MRF":12,"MRP":18,"CRF":15,"CRP":17}
,{"DP":"VICTOZA 6 MGML 2 PLUMAS PRECARGADAS 3 ML","DD":"NOVO NORDISK PHARMA","FRF":9,"FRP":95,"FF":2823.46,"FFD":127.07,"FQt":1.65,"FPz":21,"FPzD":133.33,"FPr":134.45,"MRF":5,"MRP":75,"CRF":7,"CRP":73}
,{"DP":"LIXIANA 60 MG 28 COMPRIMIDOS RECUBIERTOS","DD":"DAIICHI SANKYO ESPANA","FRF":10,"FRP":57,"FF":2601.6,"FFD":88.24,"FQt":1.52,"FPz":32,"FPzD":88.24,"FPr":81.3,"MRF":27,"MRP":128,"CRF":21,"CRP":92}
,{"DP":"CYMBALTA 60 MG 28 CAPSULAS GASTRORRESISTENTES","DD":"DISTA","FRF":11,"FRP":5,"FF":2486.68,"FFD":-2.71,"FQt":1.45,"FPz":93,"FPzD":8.14,"FPr":26.74,"MRF":49,"MRP":47,"CRF":64,"CRP":53}
,{"DP":"TRAJENTA 5 MG 30 COMPRIMIDOS RECUBIERTOS","DD":"BOEHRINGER INGELHEIM, S.A.","FRF":12,"FRP":37,"FF":2322.4,"FFD":-11.96,"FQt":1.36,"FPz":40,"FPzD":-9.09,"FPr":58.06,"MRF":8,"MRP":21,"CRF":6,"CRP":16}
,{"DP":"XARELTO 20 MG 28 COMPRIMIDOS RECUBIERTOS","DD":"BAYER HISPANIA S.L.","FRF":13,"FRP":69,"FF":2289.6,"FFD":800,"FQt":1.34,"FPz":27,"FPzD":800,"FPr":84.8,"MRF":3,"MRP":29,"CRF":3,"CRP":21}
,{"DP":"PRADAXA 150 MG 60 CAPSULAS","DD":"BOEHRINGER INGELHEIM, S.A.","FRF":14,"FRP":76,"FF":2271.5,"FFD":-26.47,"FQt":1.33,"FPz":25,"FPzD":-26.47,"FPr":90.86,"MRF":23,"MRP":132,"CRF":24,"CRP":114}
,{"DP":"SPIRIVA RESPIMAT INHALADOR","DD":"","FRF":15,"FRP":19,"FF":2198,"FFD":-32.11,"FQt":1.29,"FPz":56,"FPzD":-17.65,"FPr":39.25,"MRF":19,"MRP":30,"CRF":22,"CRP":27}
,{"DP":"BRINTELLIX 20 MG 28 COMP","DD":"LUNDBECK ESPAÑA","FRF":16,"FRP":41,"FF":2072.52,"FFD":31.03,"FQt":1.21,"FPz":38,"FPzD":31.03,"FPr":54.54,"MRF":94,"MRP":234,"CRF":113,"CRP":280}
,{"DP":"XERISTAR 60 MG 28 CAPSULAS GASTRORRESISTENTES","DD":"ESTEVE","FRF":17,"FRP":10,"FF":1951.82,"FFD":52.73,"FQt":1.14,"FPz":73,"FPzD":69.77,"FPr":26.74,"MRF":72,"MRP":67,"CRF":81,"CRP":84}
,{"DP":"XARELTO 15 MG 28 COMPRIMIDOS RECUBIERTOS","DD":"BAYER HISPANIA S.L.","FRF":18,"FRP":84,"FF":1950.4,"FFD":0,"FQt":1.14,"FPz":23,"FPzD":0,"FPr":84.8,"MRF":30,"MRP":139,"CRF":23,"CRP":105}
,{"DP":"CERTICAN 1 MG 60 COMPRIMIDOS","DD":"","FRF":19,"FRP":312,"FF":1864.32,"FFD":null,"FQt":1.09,"FPz":4,"FPzD":null,"FPr":466.08,"MRF":73,"MRP":720,"CRF":33,"CRP":602}
,{"DP":"CERTICAN 0.75 MG 60 COMPRIMIDO","DD":"","FRF":20,"FRP":283,"FF":1813.95,"FFD":null,"FQt":1.06,"FPz":5,"FPzD":null,"FPr":362.79,"MRF":214,"MRP":1045,"CRF":186,"CRP":1070}
,{"DP":"LANTUS SOLUSTAR","DD":"","FRF":21,"FRP":66,"FF":1673.3,"FFD":-46.3,"FQt":0.98,"FPz":29,"FPzD":-46.3,"FPr":57.7,"MRF":1,"MRP":6,"CRF":1,"CRP":6}
,{"DP":"ULTIBRO BREEZHALER 8543 MCG 30 CAPSULAS INHALACION + INHALADOR","DD":"NOVARTIS","FRF":22,"FRP":101,"FF":1634.38,"FFD":-9.52,"FQt":0.96,"FPz":19,"FPzD":-9.52,"FPr":86.02,"MRF":13,"MRP":79,"CRF":10,"CRP":64}
,{"DP":"TOUJEO 300UI 1 JER PR","DD":"SANOFI AVENTIS S.A.","FRF":23,"FRP":61,"FF":1609.52,"FFD":82.35,"FQt":0.94,"FPz":31,"FPzD":82.35,"FPr":51.92,"MRF":4,"MRP":13,"CRF":4,"CRP":7}
,{"DP":"NOVORAPID FLEXPEN 100 UML 5 PLUMAS PRECARGADAS 3 ML","DD":"NOVO NORDISK PHARMA","FRF":24,"FRP":50,"FF":1602.59,"FFD":26.37,"FQt":0.94,"FPz":35,"FPzD":29.63,"FPr":45.79,"MRF":14,"MRP":26,"CRF":12,"CRP":26}
,{"DP":"SYMBICORT TURBUHALER 1604.5 MCGDOSIS 1 INHALADOR POLVO 120 DOSIS","DD":"ASTRAZENECA FARMACEUTICA SPAIN","FRF":25,"FRP":51,"FF":1572.5,"FFD":919.98,"FQt":0.92,"FPz":34,"FPzD":999,"FPr":46.25,"MRF":17,"MRP":43,"CRF":25,"CRP":49}]
,"datiDettRefM":[
{"DP":"LANTUS SOLUSTAR","DD":"","FRF":21,"FRP":66,"MRF":1,"MRP":6,"MF":7920.14,"MFD":-7.84,"MQt":1.94,"MPz":137,"MPzD":-7.86,"MPr":57.76}
,{"DP":"ELIQUIS 5 MG 60 COMPRIMIDOS RECUBIERTOS","DD":"BRISTOL MYERS SQUIBB","FRF":4,"FRP":48,"MRF":2,"MRP":28,"MF":6991.71,"MFD":30.47,"MQt":1.72,"MPz":77,"MPzD":30.83,"MPr":91.11}
,{"DP":"XARELTO 20 MG 28 COMPRIMIDOS RECUBIERTOS","DD":"BAYER HISPANIA S.L.","FRF":13,"FRP":69,"MRF":3,"MRP":29,"MF":6514.06,"MFD":19.83,"MQt":1.6,"MPz":77,"MPzD":20.31,"MPr":84.99}
,{"DP":"TOUJEO 300UI 1 JER PR","DD":"SANOFI AVENTIS S.A.","FRF":23,"FRP":61,"MRF":4,"MRP":13,"MF":6197.08,"MFD":23.02,"MQt":1.52,"MPz":119,"MPzD":22.92,"MPr":51.95}
,{"DP":"VICTOZA 6 MGML 2 PLUMAS PRECARGADAS 3 ML","DD":"NOVO NORDISK PHARMA","FRF":9,"FRP":95,"MRF":5,"MRP":75,"MF":5955.17,"MFD":8.27,"MQt":1.46,"MPz":44,"MPzD":10.87,"MPr":134.75}
,{"DP":"JANUMET 501000 MG 56 COMPRIMIDOS RECUBIERTOS","DD":"MSD","FRF":50,"FRP":145,"MRF":6,"MRP":17,"MF":5751.95,"MFD":3.81,"MQt":1.41,"MPz":98,"MPzD":8.28,"MPr":58.73}
,{"DP":"TRULICITY 1,5 MG 4 PLUMAS PREC","DD":"LILLY","FRF":42,"FRP":261,"MRF":7,"MRP":102,"MF":5337.34,"MFD":32.34,"MQt":1.31,"MPz":36,"MPzD":34.93,"MPr":147.84}
,{"DP":"TRAJENTA 5 MG 30 COMPRIMIDOS RECUBIERTOS","DD":"BOEHRINGER INGELHEIM, S.A.","FRF":12,"FRP":37,"MRF":8,"MRP":21,"MF":5182.24,"MFD":6.41,"MQt":1.27,"MPz":89,"MPzD":9.99,"MPr":57.97}
,{"DP":"CLEXANE 40 MG (4000 UI) 30 JERINGAS PRECARGADAS 0.4 ML","DD":"SANOFI AVENTIS S.A.","FRF":37,"FRP":227,"MRF":9,"MRP":117,"MF":4429.49,"MFD":-6.03,"MQt":1.09,"MPz":33,"MPzD":-5.04,"MPr":135.78}
,{"DP":"EFFICIB 501000 MG 56 COMPRIMIDOS RECUBIERTOS","DD":"ALMIRALL S.A.","FRF":63,"FRP":173,"MRF":10,"MRP":35,"MF":4267.94,"MFD":0.99,"MQt":1.05,"MPz":73,"MPzD":5.82,"MPr":58.71}
,{"DP":"XEPLION 150 MG 1 JERINGA SUSP INYECT LIB PROL 1.5 ML","DD":"JANSSEN-CILAG","FRF":1212,"FRP":1212,"MRF":11,"MRP":392,"MF":4044.82,"MFD":1.01,"MQt":0.99,"MPz":9,"MPzD":8.33,"MPr":472.41}
,{"DP":"SPIRIVA 18 MCG 30 CAPSULAS + 1 INHALADOR HANDIHALER","DD":"BOEHRINGER INGELHEIM, S.A.","FRF":8,"FRP":7,"MRF":12,"MRP":18,"MF":3871.48,"MFD":-30.89,"MQt":0.95,"MPz":98,"MPzD":-14.14,"MPr":39.34}
,{"DP":"ULTIBRO BREEZHALER 8543 MCG 30 CAPSULAS INHALACION + INHALADOR","DD":"NOVARTIS","FRF":22,"FRP":101,"MRF":13,"MRP":79,"MF":3684.5,"MFD":4.6,"MQt":0.9,"MPz":43,"MPzD":5.24,"MPr":86.12}
,{"DP":"NOVORAPID FLEXPEN 100 UML 5 PLUMAS PRECARGADAS 3 ML","DD":"NOVO NORDISK PHARMA","FRF":24,"FRP":50,"MRF":14,"MRP":26,"MF":3637.07,"MFD":-2.69,"MQt":0.89,"MPz":78,"MPzD":-1.9,"MPr":46.37}
,{"DP":"TRESIBA 100UML 5 PLUMAS 3ML","DD":"NOVO NORDISK PHARMA","FRF":100,"FRP":315,"MRF":15,"MRP":109,"MF":3244,"MFD":16.03,"MQt":0.8,"MPz":35,"MPzD":14.72,"MPr":91.79}
,{"DP":"ELIQUIS 2.5 MG 60 COMPRIMIDOS RECUBIERTOS","DD":"BRISTOL MYERS SQUIBB","FRF":6,"FRP":56,"MRF":16,"MRP":110,"MF":3155.1,"MFD":21.64,"MQt":0.77,"MPz":35,"MPzD":23.08,"MPr":91.05}
,{"DP":"SYMBICORT TURBUHALER 1604.5 MCGDOSIS 1 INHALADOR POLVO 120 DOSIS","DD":"ASTRAZENECA FARMACEUTICA SPAIN","FRF":25,"FRP":51,"MRF":17,"MRP":43,"MF":3107.52,"MFD":999,"MQt":0.76,"MPz":67,"MPzD":999,"MPr":46.37}
,{"DP":"FORXIGA 10 MG 28 COMPRIMIDOS R","DD":"","FRF":772,"FRP":772,"MRF":18,"MRP":50,"MF":3047.38,"MFD":23.41,"MQt":0.75,"MPz":59,"MPzD":23.88,"MPr":51.81}
,{"DP":"SPIRIVA RESPIMAT INHALADOR","DD":"","FRF":15,"FRP":19,"MRF":19,"MRP":30,"MF":2976.71,"MFD":-11.49,"MQt":0.73,"MPz":76,"MPzD":7.75,"MPr":39.33}
,{"DP":"EUCREAS 100050 MG 60 COMPRIMIDOS RECUBIERTOS","DD":"NOVARTIS","FRF":74,"FRP":202,"MRF":20,"MRP":63,"MF":2972.42,"MFD":-5.07,"MQt":0.73,"MPz":47,"MPzD":-1.56,"MPr":62.94}
,{"DP":"JARDIANCE 10 MG 30 COMPRIMIDOS","DD":"","FRF":28,"FRP":77,"MRF":21,"MRP":57,"MF":2895.47,"MFD":38.13,"MQt":0.71,"MPz":52,"MPzD":37.82,"MPr":55.61}
,{"DP":"SPIOLTO RESPIMAT 2,5 60P 30DOS","DD":"BOEHRINGER INGELHEIM, S.A.","FRF":39,"FRP":172,"MRF":22,"MRP":111,"MF":2884.17,"MFD":6.26,"MQt":0.71,"MPz":35,"MPzD":5.59,"MPr":81.55}
,{"DP":"PRADAXA 150 MG 60 CAPSULAS","DD":"BOEHRINGER INGELHEIM, S.A.","FRF":14,"FRP":76,"MRF":23,"MRP":132,"MF":2605.98,"MFD":19.06,"MQt":0.64,"MPz":29,"MPzD":20.72,"MPr":91.14}
,{"DP":"VELMETIA 501000 MG 56 COMPRIMIDOS RECUBIERTOS","DD":"FERRER INTERNACIONAL","FRF":30,"FRP":92,"MRF":24,"MRP":76,"MF":2598.44,"MFD":-9.06,"MQt":0.64,"MPz":44,"MPzD":-5.68,"MPr":58.77}
,{"DP":"FOSTER 6100 MCGPULSACION 1 AEROSOL 120 DOSIS","DD":"CHIESI ESPAÑA","FRF":45,"FRP":114,"MRF":25,"MRP":61,"MF":2543.97,"MFD":6.94,"MQt":0.62,"MPz":49,"MPzD":6.27,"MPr":51.57}]
,"datiDettRefC":[
{"DP":"LANTUS SOLUSTAR","DD":"","FRF":21,"FRP":66,"CRF":1,"CRP":6,"CF":5901.14,"CFD":-10.01,"CQt":1.97,"CPz":102,"CPzD":-10.07,"CPr":57.79}
,{"DP":"ELIQUIS 5 MG 60 COMPRIMIDOS RECUBIERTOS","DD":"BRISTOL MYERS SQUIBB","FRF":4,"FRP":48,"CRF":2,"CRP":25,"CF":5479.6,"CFD":25.4,"CQt":1.83,"CPz":60,"CPzD":25.62,"CPr":91.16}
,{"DP":"XARELTO 20 MG 28 COMPRIMIDOS RECUBIERTOS","DD":"BAYER HISPANIA S.L.","FRF":13,"FRP":69,"CRF":3,"CRP":21,"CF":5337.13,"CFD":17.96,"CQt":1.78,"CPz":63,"CPzD":18.18,"CPr":84.94}
,{"DP":"TOUJEO 300UI 1 JER PR","DD":"SANOFI AVENTIS S.A.","FRF":23,"FRP":61,"CRF":4,"CRP":7,"CF":5190.11,"CFD":19.81,"CQt":1.73,"CPz":100,"CPzD":20.11,"CPr":51.95}
,{"DP":"TRULICITY 1,5 MG 4 PLUMAS PREC","DD":"LILLY","FRF":42,"FRP":261,"CRF":5,"CRP":71,"CF":4935.61,"CFD":36.76,"CQt":1.65,"CPz":33,"CPzD":38.23,"CPr":147.77}
,{"DP":"TRAJENTA 5 MG 30 COMPRIMIDOS RECUBIERTOS","DD":"BOEHRINGER INGELHEIM, S.A.","FRF":12,"FRP":37,"CRF":6,"CRP":16,"CF":4663.69,"CFD":6.57,"CQt":1.56,"CPz":81,"CPzD":11.18,"CPr":57.9}
,{"DP":"VICTOZA 6 MGML 2 PLUMAS PRECARGADAS 3 ML","DD":"NOVO NORDISK PHARMA","FRF":9,"FRP":95,"CRF":7,"CRP":73,"CF":4367.07,"CFD":6.92,"CQt":1.46,"CPz":32,"CPzD":9.11,"CPr":135.01}
,{"DP":"JANUMET 501000 MG 56 COMPRIMIDOS RECUBIERTOS","DD":"MSD","FRF":50,"FRP":145,"CRF":8,"CRP":19,"CF":3837.62,"CFD":-1.19,"CQt":1.28,"CPz":65,"CPzD":2.58,"CPr":58.78}
,{"DP":"EFFICIB 501000 MG 56 COMPRIMIDOS RECUBIERTOS","DD":"ALMIRALL S.A.","FRF":63,"FRP":173,"CRF":9,"CRP":24,"CF":3569.78,"CFD":-1.48,"CQt":1.19,"CPz":61,"CPzD":3.1,"CPr":58.73}
,{"DP":"ULTIBRO BREEZHALER 8543 MCG 30 CAPSULAS INHALACION + INHALADOR","DD":"NOVARTIS","FRF":22,"FRP":101,"CRF":10,"CRP":64,"CF":2929.37,"CFD":9.28,"CQt":0.98,"CPz":34,"CPzD":9.29,"CPr":86.11}
,{"DP":"CLEXANE 40 MG (4000 UI) 30 JERINGAS PRECARGADAS 0.4 ML","DD":"SANOFI AVENTIS S.A.","FRF":37,"FRP":227,"CRF":11,"CRP":133,"CF":2837.58,"CFD":-11.71,"CQt":0.95,"CPz":21,"CPzD":-11.43,"CPr":135.47}
,{"DP":"NOVORAPID FLEXPEN 100 UML 5 PLUMAS PRECARGADAS 3 ML","DD":"NOVO NORDISK PHARMA","FRF":24,"FRP":50,"CRF":12,"CRP":26,"CF":2778.86,"CFD":-4.96,"CQt":0.93,"CPz":60,"CPzD":-3.54,"CPr":46.38}
,{"DP":"TRESIBA 100UML 5 PLUMAS 3ML","DD":"NOVO NORDISK PHARMA","FRF":100,"FRP":315,"CRF":13,"CRP":87,"CF":2748.8,"CFD":20.17,"CQt":0.92,"CPz":29,"CPzD":18.5,"CPr":93.79}
,{"DP":"VELMETIA 501000 MG 56 COMPRIMIDOS RECUBIERTOS","DD":"FERRER INTERNACIONAL","FRF":30,"FRP":92,"CRF":14,"CRP":44,"CF":2728.53,"CFD":-10.03,"CQt":0.91,"CPz":46,"CPzD":-6.95,"CPr":58.74}
,{"DP":"SPIRIVA 18 MCG 30 CAPSULAS + 1 INHALADOR HANDIHALER","DD":"BOEHRINGER INGELHEIM, S.A.","FRF":8,"FRP":7,"CRF":15,"CRP":17,"CF":2719.26,"CFD":-31.2,"CQt":0.91,"CPz":69,"CPzD":-14.26,"CPr":39.38}
,{"DP":"FORXIGA 10 MG 28 COMPRIMIDOS R","DD":"","FRF":772,"FRP":772,"CRF":16,"CRP":35,"CF":2672.16,"CFD":22.92,"CQt":0.89,"CPz":52,"CPzD":24.19,"CPr":51.71}
,{"DP":"JARDIANCE 10 MG 30 COMPRIMIDOS","DD":"","FRF":28,"FRP":77,"CRF":17,"CRP":43,"CF":2628.33,"CFD":42.54,"CQt":0.88,"CPz":47,"CPzD":41.49,"CPr":55.51}
,{"DP":"EUCREAS 100050 MG 60 COMPRIMIDOS RECUBIERTOS","DD":"NOVARTIS","FRF":74,"FRP":202,"CRF":18,"CRP":51,"CF":2576.39,"CFD":-6.24,"CQt":0.86,"CPz":41,"CPzD":-2.08,"CPr":63.01}
,{"DP":"ELIQUIS 2.5 MG 60 COMPRIMIDOS RECUBIERTOS","DD":"BRISTOL MYERS SQUIBB","FRF":6,"FRP":56,"CRF":19,"CRP":96,"CF":2451.57,"CFD":14.15,"CQt":0.82,"CPz":27,"CPzD":14.58,"CPr":90.92}
,{"DP":"SPIOLTO RESPIMAT 2,5 60P 30DOS","DD":"BOEHRINGER INGELHEIM, S.A.","FRF":39,"FRP":172,"CRF":20,"CRP":82,"CF":2446.18,"CFD":1.22,"CQt":0.82,"CPz":30,"CPzD":1.41,"CPr":81.54}
,{"DP":"LIXIANA 60 MG 28 COMPRIMIDOS RECUBIERTOS","DD":"DAIICHI SANKYO ESPANA","FRF":10,"FRP":57,"CRF":21,"CRP":92,"CF":2334.05,"CFD":72,"CQt":0.78,"CPz":28,"CPzD":68.31,"CPr":81.97}
,{"DP":"SPIRIVA RESPIMAT INHALADOR","DD":"","FRF":15,"FRP":19,"CRF":22,"CRP":27,"CF":2312.18,"CFD":-11.25,"CQt":0.77,"CPz":59,"CPzD":8.09,"CPr":39.26}
,{"DP":"XARELTO 15 MG 28 COMPRIMIDOS RECUBIERTOS","DD":"BAYER HISPANIA S.L.","FRF":18,"FRP":84,"CRF":23,"CRP":105,"CF":2114.95,"CFD":14.88,"CQt":0.71,"CPz":25,"CPzD":15.74,"CPr":85.16}
,{"DP":"PRADAXA 150 MG 60 CAPSULAS","DD":"BOEHRINGER INGELHEIM, S.A.","FRF":14,"FRP":76,"CRF":24,"CRP":114,"CF":2104.5,"CFD":11.94,"CQt":0.7,"CPz":23,"CPzD":11.65,"CPr":90.85}
,{"DP":"SYMBICORT TURBUHALER 1604.5 MCGDOSIS 1 INHALADOR POLVO 120 DOSIS","DD":"ASTRAZENECA FARMACEUTICA SPAIN","FRF":25,"FRP":51,"CRF":25,"CRP":49,"CF":2014.55,"CFD":999,"CQt":0.67,"CPz":43,"CPzD":999,"CPr":46.38}]}