{"datiDettRefF":[
{"DP":"CIALIS 20 MG 8 COMPRIMIDOS","DD":"LILLY","FRF":1,"FRP":97,"FF":5269.08,"FFD":231.13,"FQt":3.37,"FPz":36,"FPzD":227.27,"FPr":146.36,"MRF":198,"MRP":1356,"CRF":513,"CRP":1669}
,{"DP":"CIALIS DIARIO 5 MG 28 COMPRIMIDOS","DD":"LILLY","FRF":2,"FRP":77,"FF":4955.27,"FFD":72.95,"FQt":3.17,"FPz":41,"FPzD":70.83,"FPr":120.86,"MRF":110,"MRP":955,"CRF":191,"CRP":1141}
,{"DP":"FORMULAS MAGISTRALES","DD":"","FRF":3,"FRP":9,"FF":4780.82,"FFD":17.55,"FQt":3.05,"FPz":149,"FPzD":-12.87,"FPr":32.09,"MRF":2,"MRP":9,"CRF":1,"CRP":5}
,{"DP":"CIALIS 20 MG 4 COMPRIMIDOS","DD":"LILLY","FRF":4,"FRP":115,"FF":2474.06,"FFD":-12.46,"FQt":1.58,"FPz":32,"FPzD":-13.51,"FPr":77.31,"MRF":117,"MRP":795,"CRF":233,"CRP":997}
,{"DP":"SAXENDA 6 MGML 5 PLUMAS PRECARGADAS 3 ML","DD":"NOVO NORDISK PHARMA","FRF":5,"FRP":394,"FF":2264.4,"FFD":33.33,"FQt":1.45,"FPz":8,"FPzD":33.33,"FPr":283.05,"MRF":46,"MRP":1066,"CRF":74,"CRP":1139}
,{"DP":"CONCERTA 36 MG 30 COMPRIMIDOS LIBERACION PROLONGADA","DD":"JANSSEN-CILAG","FRF":6,"FRP":56,"FF":1947.75,"FFD":-22.06,"FQt":1.24,"FPz":53,"FPzD":-22.06,"FPr":36.75,"MRF":97,"MRP":382,"CRF":128,"CRP":464}
,{"DP":"STRATTERA 40 MG 28 CAPSULAS","DD":"IRISFARMA","FRF":7,"FRP":171,"FF":1814.29,"FFD":999,"FQt":1.16,"FPz":23,"FPzD":999,"FPr":78.88,"MRF":342,"MRP":1188,"CRF":406,"CRP":1147}
,{"DP":"RUBIFEN 20 MG 30 COMPRIMIDOS","DD":"RUBIO","FRF":8,"FRP":3,"FF":1650.19,"FFD":-1.7,"FQt":1.05,"FPz":289,"FPzD":-1.7,"FPr":5.71,"MRF":743,"MRP":503,"CRF":928,"CRP":739}
,{"DP":"NUVARING 0.120.015 MG24 H 1 ANILLO VAGINAL + APLICADOR","DD":"MSD","FRF":9,"FRP":23,"FF":1633.44,"FFD":173.33,"FQt":1.04,"FPz":82,"FPzD":173.33,"FPr":19.92,"MRF":8,"MRP":34,"CRF":20,"CRP":68}
,{"DP":"ENANTYUM 25 MG 20 COMPRIMIDOS RECUBIERTOS","DD":"MENARINI","FRF":10,"FRP":2,"FF":1516.78,"FFD":16.68,"FQt":0.97,"FPz":380,"FPzD":16.92,"FPr":3.99,"MRF":7,"MRP":2,"CRF":11,"CRP":3}
,{"DP":"CITRAFLEET 2 SOBRES POLVO","DD":"CASEN RECORDATI S L","FRF":11,"FRP":84,"FF":1509.3,"FFD":-7.46,"FQt":0.96,"FPz":39,"FPzD":-9.3,"FPr":38.7,"MRF":81,"MRP":364,"CRF":153,"CRP":552}
,{"DP":"BEXSERO 1 JERINGA PRECARGADA 0.5 ML","DD":"NOVARTIS","FRF":12,"FRP":247,"FF":1486.1,"FFD":-71.43,"FQt":0.95,"FPz":14,"FPzD":-71.43,"FPr":106.15,"MRF":1,"MRP":69,"CRF":2,"CRP":81}
,{"DP":"CHAMPIX 0.51 MG 0.5 MG 11 COMPRIMIDOS + 1 MG 42 COMPRIMIDOS","DD":"PFIZER","FRF":13,"FRP":310,"FF":1375,"FFD":-8.82,"FQt":0.88,"FPz":11,"FPzD":-15.38,"FPr":125,"MRF":69,"MRP":870,"CRF":81,"CRP":865}
,{"DP":"DIPROGENTA CREMA 50 G","DD":"MSD","FRF":14,"FRP":33,"FF":1307.64,"FFD":0,"FQt":0.84,"FPz":68,"FPzD":0,"FPr":19.23,"MRF":241,"MRP":460,"CRF":294,"CRP":510}
,{"DP":"CHAMPIX 1 MG 56 COMPRIMIDOS RECUBIERTOS","DD":"PFIZER","FRF":15,"FRP":337,"FF":1300.1,"FFD":25,"FQt":0.83,"FPz":10,"FPzD":25,"FPr":130.01,"MRF":164,"MRP":1184,"CRF":302,"CRP":1377}
,{"DP":"BETMIGA 50 MG 30 COMPRIMIDOS LIBERACION PROLONGADA","DD":"ASTELLAS PHARMA","FRF":16,"FRP":134,"FF":1263.36,"FFD":0,"FQt":0.81,"FPz":28,"FPzD":0,"FPr":45.12,"MRF":4,"MRP":62,"CRF":4,"CRP":45}
,{"DP":"HIDROFEROL     10 AMP BEBE         266 MC","DD":"FAES FARMA","FRF":17,"FRP":10,"FF":1259.04,"FFD":-28.24,"FQt":0.8,"FPz":122,"FPzD":-28.24,"FPr":10.32,"MRF":76,"MRP":85,"CRF":95,"CRP":104}
,{"DP":"EZETROL 10 MG 28 COMPRIMIDOS","DD":"MSD","FRF":18,"FRP":79,"FF":1234,"FFD":-42.85,"FQt":0.79,"FPz":40,"FPzD":-23.08,"FPr":30.85,"MRF":5,"MRP":38,"CRF":5,"CRP":46}
,{"DP":"PALEXIA RETARD 50 MG 60 COMPRIMIDOS LIBERACION PROLONGADA","DD":"GRÜNENTHAL PHARMA","FRF":19,"FRP":139,"FF":1188.54,"FFD":-6.9,"FQt":0.76,"FPz":27,"FPzD":-6.9,"FPr":44.02,"MRF":23,"MRP":213,"CRF":17,"CRP":176}
,{"DP":"HIDROXIL B1 B6 B12 30 COMPRIMIDOS RECUBIERTOS","DD":"ALMIRALL S.A.","FRF":20,"FRP":20,"FF":1137.84,"FFD":-26.05,"FQt":0.73,"FPz":88,"FPzD":-26.05,"FPr":12.93,"MRF":39,"MRP":63,"CRF":46,"CRP":65}
,{"DP":"BILAXTEN 20 MG 20 COMPRIMIDOS","DD":"FAES FARMA","FRF":21,"FRP":22,"FF":1075.2,"FFD":52.73,"FQt":0.69,"FPz":84,"FPzD":52.73,"FPr":12.8,"MRF":9,"MRP":13,"CRF":8,"CRP":21}
,{"DP":"CONCERTA 54 MG 30 COMPRIMIDOS LIBERACION PROLONGADA","DD":"JANSSEN-CILAG","FRF":22,"FRP":178,"FF":1055.78,"FFD":-38.89,"FQt":0.67,"FPz":22,"FPzD":-38.89,"FPr":47.99,"MRF":59,"MRP":381,"CRF":86,"CRP":432}
,{"DP":"MOVICOL 13.8 G 30 SOBRES","DD":"NORGINE DE ESPAÑA","FRF":23,"FRP":39,"FF":1053,"FFD":0,"FQt":0.67,"FPz":65,"FPzD":0,"FPr":16.2,"MRF":79,"MRP":150,"CRF":89,"CRP":166}
,{"DP":"ELLAONE 30 MG 1 COMPRIMIDO RECUBIERTO","DD":"HRA PHARMA","FRF":24,"FRP":98,"FF":1024.4,"FFD":null,"FQt":0.65,"FPz":36,"FPzD":null,"FPr":28.46,"MRF":77,"MRP":259,"CRF":319,"CRP":695}
,{"DP":"MAXALT MAX 10 MG 6 LIOFILIZADOS ORALES","DD":"MSD","FRF":25,"FRP":92,"FF":976.8,"FFD":-42.19,"FQt":0.62,"FPz":37,"FPzD":-42.19,"FPr":26.4,"MRF":40,"MRP":171,"CRF":54,"CRP":199}]
,"datiDettRefM":[
{"DP":"BEXSERO 1 JERINGA PRECARGADA 0.5 ML","DD":"NOVARTIS","FRF":12,"FRP":247,"MRF":1,"MRP":69,"MF":8804.78,"MFD":-21.84,"MQt":2.81,"MPz":83,"MPzD":-22.06,"MPr":105.76}
,{"DP":"FORMULAS MAGISTRALES","DD":"","FRF":3,"FRP":9,"MRF":2,"MRP":9,"MF":6364.58,"MFD":5.67,"MQt":2.03,"MPz":234,"MPzD":5.98,"MPr":27.24}
,{"DP":"DUODART 0.50.4 MG 30 CAPSULAS","DD":"GLAXO SMITHKLINE","FRF":47,"FRP":157,"MRF":3,"MRP":8,"MF":6225.59,"MFD":-24.31,"MQt":1.99,"MPz":235,"MPzD":2.57,"MPr":26.47}
,{"DP":"BETMIGA 50 MG 30 COMPRIMIDOS LIBERACION PROLONGADA","DD":"ASTELLAS PHARMA","FRF":16,"FRP":134,"MRF":4,"MRP":62,"MF":4061.79,"MFD":16.83,"MQt":1.3,"MPz":90,"MPzD":17.01,"MPr":45.16}
,{"DP":"EZETROL 10 MG 28 COMPRIMIDOS","DD":"MSD","FRF":18,"FRP":79,"MRF":5,"MRP":38,"MF":3662.96,"MFD":-30.71,"MQt":1.17,"MPz":119,"MPzD":-17.87,"MPr":30.89}
,{"DP":"NOLOTIL 575 MG 20 CAPSULAS","DD":"BOEHRINGER INGELHEIM, S.A.","FRF":145,"FRP":11,"MRF":6,"MRP":1,"MF":2656.21,"MFD":28.86,"MQt":0.85,"MPz":1177,"MPzD":28.87,"MPr":2.26}
,{"DP":"ENANTYUM 25 MG 20 COMPRIMIDOS RECUBIERTOS","DD":"MENARINI","FRF":10,"FRP":2,"MRF":7,"MRP":2,"MF":2643.96,"MFD":5.94,"MQt":0.84,"MPz":661,"MPzD":5.97,"MPr":4}
,{"DP":"NUVARING 0.120.015 MG24 H 1 ANILLO VAGINAL + APLICADOR","DD":"MSD","FRF":9,"FRP":23,"MRF":8,"MRP":34,"MF":2503.43,"MFD":71.66,"MQt":0.8,"MPz":126,"MPzD":71.69,"MPr":19.88}
,{"DP":"BILAXTEN 20 MG 20 COMPRIMIDOS","DD":"FAES FARMA","FRF":21,"FRP":22,"MRF":9,"MRP":13,"MF":2490.93,"MFD":22.02,"MQt":0.79,"MPz":195,"MPzD":22.35,"MPr":12.8}
,{"DP":"VESOMNI 60.4 MG 30 COMPRIMIDOS LIBERACION MODIFICADA","DD":"ASTELLAS PHARMA","FRF":490,"FRP":818,"MRF":10,"MRP":200,"MF":2063.46,"MFD":22.36,"MQt":0.66,"MPz":36,"MPzD":21.13,"MPr":56.84}
,{"DP":"CONDROSAN 400 MG 60 CAPSULAS","DD":"BIOIBERICA","FRF":28,"FRP":47,"MRF":11,"MRP":31,"MF":1987.57,"MFD":0.1,"MQt":0.63,"MPz":128,"MPzD":0.04,"MPr":15.52}
,{"DP":"ROTARIX 1 DOSIS 1 TUBO PRECARGADO SUSP ORAL 1.5 ML","DD":"GLAXO SMITHKLINE","FRF":363,"FRP":809,"MRF":12,"MRP":335,"MF":1942.89,"MFD":2.09,"MQt":0.62,"MPz":21,"MPzD":2.72,"MPr":93.19}
,{"DP":"ATOZET 1040 MG 3X10 TABLETAS","DD":"","FRF":458,"FRP":816,"MRF":13,"MRP":257,"MF":1773.01,"MFD":20.47,"MQt":0.57,"MPz":27,"MPzD":30.69,"MPr":65.56}
,{"DP":"AVAMYS 27.5 MCGPULSACION NEBULIZADOR NASAL 120 DOSIS","DD":"GLAXO SMITHKLINE","FRF":70,"FRP":73,"MRF":14,"MRP":24,"MF":1699.49,"MFD":-21.3,"MQt":0.54,"MPz":151,"MPzD":12.34,"MPr":11.27}
,{"DP":"ROTATEQ SOLUCION ORAL TUBO EXPRIMIBLE 2 ML","DD":"SANOFI PASTEUR MSD","FRF":51,"FRP":362,"MRF":15,"MRP":298,"MF":1693.23,"MFD":9.75,"MQt":0.54,"MPz":24,"MPzD":7.79,"MPr":69.26}
,{"DP":"HIDROFEROL 0.266 MG 10 CAPSULA","DD":"FAES FARMA","FRF":33,"FRP":45,"MRF":16,"MRP":32,"MF":1678.63,"MFD":16.08,"MQt":0.54,"MPz":128,"MPzD":16.06,"MPr":13.12}
,{"DP":"ZALDIAR 37.5325 MG 60 COMPRIMIDOS RECUBIERTOS","DD":"GRÜNENTHAL PHARMA","FRF":63,"FRP":48,"MRF":17,"MRP":17,"MF":1667.63,"MFD":5.37,"MQt":0.53,"MPz":184,"MPzD":16.44,"MPr":9.07}
,{"DP":"SPIRAXIN 200 MG 12 COMPRIMIDOS RECUBIERTOS","DD":"BAMA-GEVE, S.L.U.","FRF":27,"FRP":16,"MRF":18,"MRP":19,"MF":1664.15,"MFD":15.15,"MQt":0.53,"MPz":180,"MPzD":14.79,"MPr":9.22}
,{"DP":"ENTRESTO 2426 MG 28 COMPRIMIDOS RECUBIERTOS","DD":"NOVARTIS","FRF":83,"FRP":577,"MRF":19,"MRP":455,"MF":1596.31,"MFD":53.81,"MQt":0.51,"MPz":15,"MPzD":58.12,"MPr":109.54}
,{"DP":"NEXIUM MUPS 40 MG 28 COMPRIMIDOS GASTRORRESISTENTES","DD":"ASTRAZENECA FARMACEUTICA SPAIN","FRF":29,"FRP":104,"MRF":20,"MRP":100,"MF":1594.77,"MFD":9.35,"MQt":0.51,"MPz":63,"MPzD":8.54,"MPr":25.12}
,{"DP":"FERPLEX 40 800 MG 20 VIALES BEBIBLES 15 ML","DD":"ITALFARMACO","FRF":175,"FRP":218,"MRF":21,"MRP":33,"MF":1586.69,"MFD":1.63,"MQt":0.51,"MPz":127,"MPzD":1.96,"MPr":12.52}
,{"DP":"ATOZET 1080 MG 30 COMPRIMIDOS","DD":"","FRF":1086,"FRP":1086,"MRF":22,"MRP":379,"MF":1537.92,"MFD":84.09,"MQt":0.49,"MPz":18,"MPzD":93.83,"MPr":85.39}
,{"DP":"PALEXIA RETARD 50 MG 60 COMPRIMIDOS LIBERACION PROLONGADA","DD":"GRÜNENTHAL PHARMA","FRF":19,"FRP":139,"MRF":23,"MRP":213,"MF":1501.86,"MFD":11.99,"MQt":0.48,"MPz":34,"MPzD":11.6,"MPr":44}
,{"DP":"PARIET 20 MG 28 COMPRIMIDOS GASTRORRESISTENTES","DD":"JANSSEN-CILAG","FRF":30,"FRP":105,"MRF":24,"MRP":108,"MF":1469.27,"MFD":2.41,"MQt":0.47,"MPz":60,"MPzD":2.01,"MPr":24.37}
,{"DP":"ABASAGLAR 100 UML 5 PLUMAS PRECARGADAS KWIKPEN 3 ML","DD":"LILLY","FRF":316,"FRP":704,"MRF":25,"MRP":282,"MF":1467.3,"MFD":21.89,"MQt":0.47,"MPz":25,"MPzD":19.94,"MPr":57.83}]
,"datiDettRefC":[
{"DP":"FORMULAS MAGISTRALES","DD":"","FRF":3,"FRP":9,"CRF":1,"CRP":5,"CF":6444.18,"CFD":4.62,"CQt":2.89,"CPz":231,"CPzD":5.44,"CPr":27.87}
,{"DP":"BEXSERO 1 JERINGA PRECARGADA 0.5 ML","DD":"NOVARTIS","FRF":12,"FRP":247,"CRF":2,"CRP":81,"CF":5645.94,"CFD":-25.36,"CQt":2.53,"CPz":53,"CPzD":-25.96,"CPr":105.87}
,{"DP":"DUODART 0.50.4 MG 30 CAPSULAS","DD":"GLAXO SMITHKLINE","FRF":47,"FRP":157,"CRF":3,"CRP":10,"CF":4928.06,"CFD":-25.44,"CQt":2.21,"CPz":186,"CPzD":1.28,"CPr":26.53}
,{"DP":"BETMIGA 50 MG 30 COMPRIMIDOS LIBERACION PROLONGADA","DD":"ASTELLAS PHARMA","FRF":16,"FRP":134,"CRF":4,"CRP":45,"CF":3412.71,"CFD":14.69,"CQt":1.53,"CPz":76,"CPzD":15.63,"CPr":45.14}
,{"DP":"EZETROL 10 MG 28 COMPRIMIDOS","DD":"MSD","FRF":18,"FRP":79,"CRF":5,"CRP":46,"CF":2270,"CFD":-42.49,"CQt":1.02,"CPz":73,"CPzD":-31.95,"CPr":30.9}
,{"DP":"NOLOTIL 575 MG 20 CAPSULAS","DD":"BOEHRINGER INGELHEIM, S.A.","FRF":145,"FRP":11,"CRF":6,"CRP":1,"CF":2046.52,"CFD":19.7,"CQt":0.92,"CPz":906,"CPzD":19.78,"CPr":2.26}
,{"DP":"VESOMNI 60.4 MG 30 COMPRIMIDOS LIBERACION MODIFICADA","DD":"ASTELLAS PHARMA","FRF":490,"FRP":818,"CRF":7,"CRP":160,"CF":1735.94,"CFD":31.9,"CQt":0.78,"CPz":31,"CPzD":33.62,"CPr":56.8}
,{"DP":"BILAXTEN 20 MG 20 COMPRIMIDOS","DD":"FAES FARMA","FRF":21,"FRP":22,"CRF":8,"CRP":21,"CF":1610.23,"CFD":21.17,"CQt":0.72,"CPz":126,"CPzD":21.54,"CPr":12.8}
,{"DP":"ENTRESTO 2426 MG 28 COMPRIMIDOS RECUBIERTOS","DD":"NOVARTIS","FRF":83,"FRP":577,"CRF":9,"CRP":340,"CF":1546.59,"CFD":43.88,"CQt":0.69,"CPz":14,"CPzD":42.33,"CPr":109.19}
,{"DP":"CONDROSAN 400 MG 60 CAPSULAS","DD":"BIOIBERICA","FRF":28,"FRP":47,"CRF":10,"CRP":28,"CF":1522.29,"CFD":1.21,"CQt":0.68,"CPz":98,"CPzD":1.2,"CPr":15.51}
,{"DP":"ENANTYUM 25 MG 20 COMPRIMIDOS RECUBIERTOS","DD":"MENARINI","FRF":10,"FRP":2,"CRF":11,"CRP":3,"CF":1482.75,"CFD":2.11,"CQt":0.67,"CPz":371,"CPzD":2.25,"CPr":4}
,{"DP":"ATOZET 1040 MG 3X10 TABLETAS","DD":"","FRF":458,"FRP":816,"CRF":12,"CRP":213,"CF":1478.9,"CFD":6.19,"CQt":0.66,"CPz":23,"CPzD":17.67,"CPr":65.7}
,{"DP":"SOMAZINA 1000 MG 30 SOBRES SOLUCION ORAL 10 ML","DD":"FERRER INTERNACIONAL","FRF":93,"FRP":396,"CRF":13,"CRP":165,"CF":1452.09,"CFD":12.13,"CQt":0.65,"CPz":30,"CPzD":12.86,"CPr":48.67}
,{"DP":"ABASAGLAR 100 UML 5 PLUMAS PRECARGADAS KWIKPEN 3 ML","DD":"LILLY","FRF":316,"FRP":704,"CRF":14,"CRP":214,"CF":1320.81,"CFD":8.16,"CQt":0.59,"CPz":23,"CPzD":8.86,"CPr":57.79}
,{"DP":"ATOZET 1080 MG 30 COMPRIMIDOS","DD":"","FRF":1086,"FRP":1086,"CRF":15,"CRP":310,"CF":1297.97,"CFD":97.16,"CQt":0.58,"CPz":15,"CPzD":104.71,"CPr":85.6}
,{"DP":"ROTARIX 1 DOSIS 1 TUBO PRECARGADO SUSP ORAL 1.5 ML","DD":"GLAXO SMITHKLINE","FRF":363,"FRP":809,"CRF":16,"CRP":341,"CF":1296.04,"CFD":-0.57,"CQt":0.58,"CPz":14,"CPzD":0.26,"CPr":93.3}
,{"DP":"PALEXIA RETARD 50 MG 60 COMPRIMIDOS LIBERACION PROLONGADA","DD":"GRÜNENTHAL PHARMA","FRF":19,"FRP":139,"CRF":17,"CRP":176,"CF":1221.35,"CFD":3.53,"CQt":0.55,"CPz":28,"CPzD":4.48,"CPr":44.02}
,{"DP":"PALEXIA RETARD 100 MG 60 COMPRIMIDOS LIBERACION PROLONGADA","DD":"GRÜNENTHAL PHARMA","FRF":1600,"FRP":1600,"CRF":18,"CRP":342,"CF":1210.29,"CFD":19.81,"CQt":0.54,"CPz":14,"CPzD":22.03,"CPr":88.05}
,{"DP":"NEXIUM MUPS 40 MG 28 COMPRIMIDOS GASTRORRESISTENTES","DD":"ASTRAZENECA FARMACEUTICA SPAIN","FRF":29,"FRP":104,"CRF":19,"CRP":95,"CF":1200.64,"CFD":4.9,"CQt":0.54,"CPz":48,"CPzD":5.47,"CPr":25.15}
,{"DP":"NUVARING 0.120.015 MG24 H 1 ANILLO VAGINAL + APLICADOR","DD":"MSD","FRF":9,"FRP":23,"CRF":20,"CRP":68,"CF":1162.94,"CFD":93.28,"CQt":0.52,"CPz":58,"CPzD":91.71,"CPr":19.89}
,{"DP":"ENTRESTO 4951 MG 56 COMPRIMIDOS RECUBIERTOS","DD":"NOVARTIS","FRF":56,"FRP":630,"CRF":21,"CRP":688,"CF":1149.55,"CFD":90.12,"CQt":0.52,"CPz":6,"CPzD":92.98,"CPr":193.35}
,{"DP":"ZALDIAR 37.5325 MG 60 COMPRIMIDOS RECUBIERTOS","DD":"GRÜNENTHAL PHARMA","FRF":63,"FRP":48,"CRF":22,"CRP":22,"CF":1134,"CFD":4.2,"CQt":0.51,"CPz":125,"CPzD":14.99,"CPr":9.08}
,{"DP":"SPIRAXIN 200 MG 12 COMPRIMIDOS RECUBIERTOS","DD":"BAMA-GEVE, S.L.U.","FRF":27,"FRP":16,"CRF":23,"CRP":26,"CF":1101.85,"CFD":8.72,"CQt":0.49,"CPz":119,"CPzD":8.33,"CPr":9.23}
,{"DP":"PERMIXON 160 MG 60 CAPSULAS","DD":"PIERRE FABRE IBERICA","FRF":38,"FRP":70,"CRF":24,"CRP":51,"CF":1099,"CFD":-1.55,"CQt":0.49,"CPz":67,"CPzD":-0.7,"CPr":16.52}
,{"DP":"PARIET 20 MG 28 COMPRIMIDOS GASTRORRESISTENTES","DD":"JANSSEN-CILAG","FRF":30,"FRP":105,"CRF":25,"CRP":101,"CF":1092.97,"CFD":0.15,"CQt":0.49,"CPz":45,"CPzD":0.69,"CPr":24.37}]}