{"datiDettRefF":[
{"DP":"BIMANAN SUSTITUTIVOS","DD":"NUTRITION & SANTE","FRF":1,"FRP":2,"FF":1810.71,"FFD":-26.21,"FQt":20.4,"FPz":280,"FPzD":-19.54,"FPr":6.47,"MRF":1,"MRP":1,"CRF":1,"CRP":1}
,{"DP":"SIKEN SUSTITUTIVOS","DD":"DIAFARM","FRF":2,"FRP":1,"FF":1685.9,"FFD":-43.16,"FQt":19,"FPz":716,"FPzD":-39.98,"FPr":2.35,"MRF":23,"MRP":2,"CRF":41,"CRP":3}
,{"DP":"MERITENE 30 G 15 SOBRES CAFE DESCAFEINADO","DD":"NESTLE ESPAÑA","FRF":3,"FRP":4,"FF":516,"FFD":-24.38,"FQt":5.81,"FPz":21,"FPzD":-22.22,"FPr":24.57,"MRF":48,"MRP":93,"CRF":33,"CRP":44}
,{"DP":"MERITENE 30 G 15 SOBRES CHOCOLATE","DD":"NESTLE ESPAÑA","FRF":4,"FRP":5,"FF":487.78,"FFD":-35.14,"FQt":5.5,"FPz":21,"FPzD":-30,"FPr":23.23,"MRF":25,"MRP":32,"CRF":10,"CRP":18}
,{"DP":"BLEMIL PLUS 1 OPTIMUM 800 G","DD":"ORDESA","FRF":5,"FRP":9,"FF":379.39,"FFD":null,"FQt":4.28,"FPz":14,"FPzD":null,"FPr":27.1,"MRF":10,"MRP":23,"CRF":34,"CRP":55}
,{"DP":"MERITENE 30 G 15 SOBRES FRESA","DD":"NESTLE ESPAÑA","FRF":6,"FRP":10,"FF":324.35,"FFD":-52.01,"FQt":3.65,"FPz":13,"FPzD":-51.85,"FPr":24.95,"MRF":74,"MRP":151,"CRF":47,"CRP":76}
,{"DP":"BLEMIL PLUS 3 EFECTO BIFIDUS 800 G","DD":"ORDESA","FRF":7,"FRP":7,"FF":322.15,"FFD":-22.23,"FQt":3.63,"FPz":17,"FPzD":-26.09,"FPr":18.95,"MRF":40,"MRP":45,"CRF":42,"CRP":58}
,{"DP":"BLEMIL PLUS 2 FORTE 800 G","DD":"ORDESA","FRF":8,"FRP":8,"FF":288.97,"FFD":-40.7,"FQt":3.26,"FPz":15,"FPzD":-44.44,"FPr":19.26,"MRF":16,"MRP":18,"CRF":12,"CRP":16}
,{"DP":"SANUTRI SUPPLETINE (RNBP) 300 G","DD":"LACTALIS NUTRICION IB","FRF":9,"FRP":18,"FF":270,"FFD":50,"FQt":3.04,"FPz":6,"FPzD":50,"FPr":45,"MRF":459,"MRP":476,"CRF":477,"CRP":477}
,{"DP":"HIDROXY METIL BUTIRATO NM 3 G 30 SOBRES","DD":"NUTRICION MEDICA S.L","FRF":10,"FRP":19,"FF":257.7,"FFD":-25,"FQt":2.9,"FPz":6,"FPzD":-25,"FPr":42.95,"MRF":462,"MRP":477,"CRF":478,"CRP":478}
,{"DP":"PULEVA BEBE PAPILLA 8 CEREALES CON FOS 200 G","DD":"LACTALIS NUTRICION IB","FRF":11,"FRP":23,"FF":216.2,"FFD":-17.86,"FQt":2.44,"FPz":5,"FPzD":-16.67,"FPr":43.24,"MRF":448,"MRP":473,"CRF":474,"CRP":474}
,{"DP":"BLEMIL PLUS 1 FORTE 800 G","DD":"ORDESA","FRF":12,"FRP":16,"FF":160.65,"FFD":-78.92,"FQt":1.81,"FPz":7,"FPzD":-81.08,"FPr":22.95,"MRF":21,"MRP":27,"CRF":16,"CRP":22}
,{"DP":"ORTHOMOL VITAL F GRANULADO 30 RACIONES","DD":"COBAS","FRF":13,"FRP":38,"FF":151,"FFD":100,"FQt":1.7,"FPz":2,"FPzD":100,"FPr":75.5,"MRF":340,"MRP":472,"CRF":285,"CRP":437}
,{"DP":"BLEVIT PLUS 8 CEREALES 1000 G","DD":"ORDESA","FRF":14,"FRP":12,"FF":147.79,"FFD":9.61,"FQt":1.67,"FPz":12,"FPzD":20,"FPr":12.32,"MRF":143,"MRP":233,"CRF":194,"CRP":301}
,{"DP":"MERITENE NEUTRO AL PLATO 50 G 7 SOBRES NEUTRO","DD":"NESTLE ESPAÑA","FRF":15,"FRP":13,"FF":144.25,"FFD":-15.77,"FQt":1.63,"FPz":10,"FPzD":-16.67,"FPr":14.43,"MRF":101,"MRP":155,"CRF":104,"CRP":130}
,{"DP":"ALMIRON 2 800 G 2 U","DD":"NUMIL NUTRICION","FRF":16,"FRP":14,"FF":140,"FFD":100,"FQt":1.58,"FPz":8,"FPzD":100,"FPr":17.5,"MRF":476,"MRP":475,"CRF":476,"CRP":476}
,{"DP":"FONTACTIV DIABEST 400 G VAINILLA","DD":"ORDESA","FRF":17,"FRP":15,"FF":138,"FFD":-38.46,"FQt":1.56,"FPz":8,"FPzD":-46.67,"FPr":17.25,"MRF":271,"MRP":456,"CRF":287,"CRP":400}
,{"DP":"NAN H.A. 800 G","DD":"NESTLE ESPAÑA","FRF":18,"FRP":24,"FF":131.75,"FFD":null,"FQt":1.48,"FPz":5,"FPzD":null,"FPr":26.35,"MRF":135,"MRP":289,"CRF":119,"CRP":283}
,{"DP":"SANTASAPINA BONBONS 100 G","DD":"FLOR DE LOTO","FRF":19,"FRP":3,"FF":127.96,"FFD":26.07,"FQt":1.44,"FPz":41,"FPzD":36.67,"FPr":3.12,"MRF":230,"MRP":198,"CRF":290,"CRP":294}
,{"DP":"NAN 2 LECHE LACTANTES DE CONTINUACION 800 G","DD":"NESTLE ESPAÑA","FRF":20,"FRP":17,"FF":123.65,"FFD":-13.86,"FQt":1.39,"FPz":7,"FPzD":-22.22,"FPr":17.66,"MRF":36,"MRP":30,"CRF":46,"CRP":46}
,{"DP":"ACEITE HIPOCALORICO ORDESA 500 ML","DD":"ORDESA","FRF":21,"FRP":11,"FF":118.96,"FFD":31.13,"FQt":1.34,"FPz":13,"FPzD":30,"FPr":9.15,"MRF":124,"MRP":158,"CRF":95,"CRP":81}
,{"DP":"BLEMIL PLUS 2 OPTIMUM 800 G","DD":"ORDESA","FRF":22,"FRP":29,"FF":94,"FFD":null,"FQt":1.06,"FPz":4,"FPzD":null,"FPr":23.5,"MRF":34,"MRP":58,"CRF":66,"CRP":116}
,{"DP":"BLEMIL PLUS FORTE 1 1200 GRAMO","DD":"","FRF":23,"FRP":32,"FF":92.5,"FFD":null,"FQt":1.04,"FPz":3,"FPzD":null,"FPr":30.83,"MRF":13,"MRP":31,"CRF":23,"CRP":41}
,{"DP":"AL-110 NAN SIN LACTOSA  (AL 110 SIN LACTOSA) 400 G 1 BOTE NEUTRO","DD":"NESTLE ESPAÑA","FRF":24,"FRP":25,"FF":77.5,"FFD":-61.54,"FQt":0.87,"FPz":5,"FPzD":-61.54,"FPr":15.5,"MRF":53,"MRP":67,"CRF":43,"CRP":59}
,{"DP":"MERITENE 30 G 15 SOBRES VAINILLA","DD":"NESTLE ESPAÑA","FRF":25,"FRP":33,"FF":74.85,"FFD":-73.82,"FQt":0.84,"FPz":3,"FPzD":-75,"FPr":24.95,"MRF":26,"MRP":35,"CRF":9,"CRP":15}]
,"datiDettRefM":[
{"DP":"BIMANAN SUSTITUTIVOS","DD":"NUTRITION & SANTE","FRF":1,"FRP":2,"MRF":1,"MRP":1,"MF":839.1,"MFD":-14.17,"MQt":2.84,"MPz":163,"MPzD":-20.37,"MPr":5.16}
,{"DP":"NUTRAMIGEN 2 LGG (ANTES NUTRAMIGEN 2) 400 G 1 BOTE NEUTRO","DD":"MEAD JOHNSON","FRF":440,"FRP":440,"MRF":2,"MRP":16,"MF":719.65,"MFD":-20.66,"MQt":2.43,"MPz":24,"MPzD":-23.63,"MPr":30.11}
,{"DP":"ALMIRON ADVANCE 1 800 G","DD":"NUMIL NUTRICION","FRF":46,"FRP":58,"MRF":3,"MRP":5,"MF":687.82,"MFD":-6.74,"MQt":2.33,"MPz":40,"MPzD":-6.87,"MPr":17.17}
,{"DP":"NAN 1 OPTIPRO SUPREME 800 G","DD":"NESTLE ESPAÑA","FRF":141,"FRP":141,"MRF":4,"MRP":10,"MF":603.3,"MFD":48.71,"MQt":2.04,"MPz":28,"MPzD":47.58,"MPr":21.51}
,{"DP":"ENFALAC 2 PREMIUM 900 G","DD":"MEAD JOHNSON","FRF":125,"FRP":125,"MRF":5,"MRP":7,"MF":536.8,"MFD":-4.76,"MQt":1.82,"MPz":34,"MPzD":-6.12,"MPr":15.79}
,{"DP":"NUTRIBEN NATAL INNOVA 800 G","DD":"ALTER FARMACIA","FRF":302,"FRP":302,"MRF":6,"MRP":15,"MF":516.15,"MFD":-3.62,"MQt":1.75,"MPz":25,"MPzD":-6.17,"MPr":20.42}
,{"DP":"ENFAMIL PREMIUM CONFORT 800 GR","DD":"","FRF":127,"FRP":127,"MRF":7,"MRP":20,"MF":502.93,"MFD":7.9,"MQt":1.7,"MPz":22,"MPzD":7.81,"MPr":22.69}
,{"DP":"PHENYL-FREE 2HP 450 G 1 BOTE NEUTRO","DD":"MEAD JOHNSON","FRF":458,"FRP":458,"MRF":8,"MRP":277,"MF":486.39,"MFD":79.77,"MQt":1.65,"MPz":2,"MPzD":46.25,"MPr":238.05}
,{"DP":"NUTRIBEN CONTINUACION INNOVA 800 G","DD":"ALTER FARMACIA","FRF":245,"FRP":245,"MRF":9,"MRP":8,"MF":472.69,"MFD":7.48,"MQt":1.6,"MPz":29,"MPzD":4.54,"MPr":16.28}
,{"DP":"BLEMIL PLUS 1 OPTIMUM 800 G","DD":"ORDESA","FRF":5,"FRP":9,"MRF":10,"MRP":23,"MF":458.69,"MFD":999,"MQt":1.55,"MPz":20,"MPzD":999,"MPr":23.2}
,{"DP":"BLEMIL PLUS 2 FORTE LATA 1200 G","DD":"ORDESA","FRF":98,"FRP":99,"MRF":11,"MRP":21,"MF":439.95,"MFD":-7.98,"MQt":1.49,"MPz":21,"MPzD":-7.19,"MPr":20.88}
,{"DP":"ALMIRON HIDROLIZADO (ALMIRON PEPTINAUT ALLERGY) 400 G 1 BOTE NEUTRO","DD":"NUMIL NUTRICION","FRF":89,"FRP":90,"MRF":12,"MRP":43,"MF":427.54,"MFD":16.1,"MQt":1.45,"MPz":13,"MPzD":19.24,"MPr":33.36}
,{"DP":"BLEMIL PLUS FORTE 1 1200 GRAMO","DD":"","FRF":23,"FRP":32,"MRF":13,"MRP":31,"MF":414.36,"MFD":-50.18,"MQt":1.4,"MPz":16,"MPzD":-53.81,"MPr":25.19}
,{"DP":"ENFALAC 1 PREMIUM 900 G","DD":"MEAD JOHNSON","FRF":124,"FRP":124,"MRF":14,"MRP":24,"MF":412.6,"MFD":-0.04,"MQt":1.4,"MPz":20,"MPzD":-0.64,"MPr":20.47}
,{"DP":"NAN 2 OPTIPRO SUPREME 800 G","DD":"NESTLE ESPAÑA","FRF":143,"FRP":143,"MRF":15,"MRP":17,"MF":406.3,"MFD":42.65,"MQt":1.37,"MPz":23,"MPzD":45.72,"MPr":17.72}
,{"DP":"BLEMIL PLUS 2 FORTE 800 G","DD":"ORDESA","FRF":8,"FRP":8,"MRF":16,"MRP":18,"MF":398.61,"MFD":-32.87,"MQt":1.35,"MPz":23,"MPzD":-36.37,"MPr":17.19}
,{"DP":"NAN 1 EXPERT LECHE LACTANTES 800 G","DD":"NESTLE ESPAÑA","FRF":27,"FRP":34,"MRF":17,"MRP":19,"MF":396.08,"MFD":-21.96,"MQt":1.34,"MPz":23,"MPzD":-23.88,"MPr":17.34}
,{"DP":"ALMIRON ADVANCE 2 800 G","DD":"NUMIL NUTRICION","FRF":80,"FRP":81,"MRF":18,"MRP":9,"MF":393.14,"MFD":-15.24,"MQt":1.33,"MPz":29,"MPzD":-15.83,"MPr":13.46}
,{"DP":"ALMIRON DIGEST PLUS 1 POLVO 800 G","DD":"NUMIL NUTRICION","FRF":85,"FRP":86,"MRF":19,"MRP":29,"MF":392.6,"MFD":4.85,"MQt":1.33,"MPz":17,"MPzD":7.01,"MPr":23.21}
,{"DP":"ENFALAC 3 PREMIUM 850 G","DD":"MEAD JOHNSON","FRF":126,"FRP":126,"MRF":20,"MRP":12,"MF":372.04,"MFD":-7.11,"MQt":1.26,"MPz":26,"MPzD":-7.25,"MPr":14.51}
,{"DP":"BLEMIL PLUS 1 FORTE 800 G","DD":"ORDESA","FRF":12,"FRP":16,"MRF":21,"MRP":27,"MF":371.95,"MFD":-44.94,"MQt":1.26,"MPz":18,"MPzD":-46.88,"MPr":20.18}
,{"DP":"NUTRIBEN NATAL 800 G","DD":"ALTER FARMACIA","FRF":301,"FRP":301,"MRF":22,"MRP":25,"MF":350.08,"MFD":-34.2,"MQt":1.18,"MPz":20,"MPzD":-35.36,"MPr":17.63}
,{"DP":"SIKEN SUSTITUTIVOS","DD":"DIAFARM","FRF":2,"FRP":1,"MRF":23,"MRP":2,"MF":339.81,"MFD":-4.85,"MQt":1.15,"MPz":121,"MPzD":-4.62,"MPr":2.8}
,{"DP":"ALMIRON ADVANCE 1 1200 G","DD":"NUMIL NUTRICION","FRF":77,"FRP":78,"MRF":24,"MRP":44,"MF":324.5,"MFD":-4.15,"MQt":1.1,"MPz":13,"MPzD":-5.91,"MPr":25.1}
,{"DP":"MERITENE 30 G 15 SOBRES CHOCOLATE","DD":"NESTLE ESPAÑA","FRF":4,"FRP":5,"MRF":25,"MRP":32,"MF":320.88,"MFD":-4.96,"MQt":1.09,"MPz":16,"MPzD":-4.42,"MPr":20.38}]
,"datiDettRefC":[
{"DP":"BIMANAN SUSTITUTIVOS","DD":"NUTRITION & SANTE","FRF":1,"FRP":2,"CRF":1,"CRP":1,"CF":385.24,"CFD":-5.18,"CQt":3.43,"CPz":86,"CPzD":-6.58,"CPr":4.46}
,{"DP":"NUTRAMIGEN 2 LGG (ANTES NUTRAMIGEN 2) 400 G 1 BOTE NEUTRO","DD":"MEAD JOHNSON","FRF":440,"FRP":440,"CRF":2,"CRP":8,"CF":382.32,"CFD":-18.22,"CQt":3.4,"CPz":13,"CPzD":-22.54,"CPr":29.49}
,{"DP":"BARRITAS DIETETICAS VARIAS","DD":"NESTLE ESPAÑA","FRF":39,"FRP":53,"CRF":3,"CRP":2,"CF":376.69,"CFD":24.77,"CQt":3.35,"CPz":56,"CPzD":-2,"CPr":6.68}
,{"DP":"ALMIRON ADVANCE 1 800 G","DD":"NUMIL NUTRICION","FRF":46,"FRP":58,"CRF":4,"CRP":7,"CF":286.43,"CFD":-9.33,"CQt":2.55,"CPz":16,"CPzD":-10.57,"CPr":18.25}
,{"DP":"NAN 1 OPTIPRO SUPREME 800 G","DD":"NESTLE ESPAÑA","FRF":141,"FRP":141,"CRF":5,"CRP":11,"CF":251.98,"CFD":121.78,"CQt":2.24,"CPz":11,"CPzD":113.03,"CPr":22.43}
,{"DP":"ALMIRON HIDROLIZADO (ALMIRON PEPTINAUT ALLERGY) 400 G 1 BOTE NEUTRO","DD":"NUMIL NUTRICION","FRF":89,"FRP":90,"CRF":6,"CRP":21,"CF":221.44,"CFD":6.9,"CQt":1.97,"CPz":7,"CPzD":14.93,"CPr":33.74}
,{"DP":"NAN 1 EXPERT LECHE LACTANTES 800 G","DD":"NESTLE ESPAÑA","FRF":27,"FRP":34,"CRF":7,"CRP":9,"CF":205.2,"CFD":-5.29,"CQt":1.82,"CPz":12,"CPzD":-5.85,"CPr":17.66}
,{"DP":"ISOSOURCE PROTEIN FIBRE 500 ML 12 SMARTFLEX VAINILLA","DD":"NESTLE ESPAÑA","FRF":420,"FRP":420,"CRF":8,"CRP":185,"CF":189.28,"CFD":7.02,"CQt":1.68,"CPz":1,"CPzD":-23.61,"CPr":135.2}
,{"DP":"MERITENE 30 G 15 SOBRES VAINILLA","DD":"NESTLE ESPAÑA","FRF":25,"FRP":33,"CRF":9,"CRP":15,"CF":178.66,"CFD":-22.17,"CQt":1.59,"CPz":9,"CPzD":-19.51,"CPr":20.51}
,{"DP":"MERITENE 30 G 15 SOBRES CHOCOLATE","DD":"NESTLE ESPAÑA","FRF":4,"FRP":5,"CRF":10,"CRP":18,"CF":175.37,"CFD":-13.08,"CQt":1.56,"CPz":8,"CPzD":-19.41,"CPr":20.7}
,{"DP":"ALMIRON ADVANCE 2 800 G","DD":"NUMIL NUTRICION","FRF":80,"FRP":81,"CRF":11,"CRP":10,"CF":171.84,"CFD":-20.47,"CQt":1.53,"CPz":12,"CPzD":-20.77,"CPr":13.76}
,{"DP":"BLEMIL PLUS 2 FORTE 800 G","DD":"ORDESA","FRF":8,"FRP":8,"CRF":12,"CRP":16,"CF":166.21,"CFD":-7.44,"CQt":1.48,"CPz":9,"CPzD":-14.21,"CPr":17.75}
,{"DP":"NUTRIBEN NATAL 800 G","DD":"ALTER FARMACIA","FRF":301,"FRP":301,"CRF":13,"CRP":17,"CF":163.48,"CFD":-16.35,"CQt":1.45,"CPz":9,"CPzD":-15.53,"CPr":18.39}
,{"DP":"FRESUBIN HP ENERGY 500 ML 12 BOTELLA NEUTRO","DD":"FRESENIUS KABI ESPAÑA","FRF":417,"FRP":417,"CRF":14,"CRP":186,"CF":160.7,"CFD":-3.49,"CQt":1.43,"CPz":1,"CPzD":-16.67,"CPr":138.1}
,{"DP":"ETIXX ALIMENT SPORT","DD":"","FRF":410,"FRP":410,"CRF":15,"CRP":4,"CF":158.67,"CFD":-2.78,"CQt":1.41,"CPz":24,"CPzD":18.49,"CPr":6.52}
,{"DP":"BLEMIL PLUS 1 FORTE 800 G","DD":"ORDESA","FRF":12,"FRP":16,"CRF":16,"CRP":22,"CF":146.31,"CFD":-48.91,"CQt":1.3,"CPz":7,"CPzD":-50,"CPr":19.97}
,{"DP":"NUTRIBEN CONTINUACION 800 G","DD":"ALTER FARMACIA","FRF":244,"FRP":244,"CRF":17,"CRP":14,"CF":144.57,"CFD":-16.07,"CQt":1.29,"CPz":10,"CPzD":-17.04,"CPr":14.72}
,{"DP":"ELEMENTAL 028 EXTRA LIQUIDO 250 ML 18 BRIK FRUTAS DEL BOSQUE","DD":"NUTRICIA","FRF":405,"FRP":405,"CRF":18,"CRP":187,"CF":141.93,"CFD":18.92,"CQt":1.26,"CPz":1,"CPzD":0,"CPr":120.09}
,{"DP":"ALMIRON DIGEST PLUS 1 POLVO 800 G","DD":"NUMIL NUTRICION","FRF":85,"FRP":86,"CRF":19,"CRP":30,"CF":141.58,"CFD":15.03,"CQt":1.26,"CPz":6,"CPzD":31.47,"CPr":25.53}
,{"DP":"NUTRIBEN NATAL INNOVA 800 G","DD":"ALTER FARMACIA","FRF":302,"FRP":302,"CRF":20,"CRP":23,"CF":141.24,"CFD":-19.9,"CQt":1.26,"CPz":7,"CPzD":-16.85,"CPr":21.58}
,{"DP":"MERITENE COMPLET 250 ML 24 SMARTFLEX VAINILLA","DD":"NESTLE ESPAÑA","FRF":429,"FRP":429,"CRF":21,"CRP":188,"CF":137.07,"CFD":24.64,"CQt":1.22,"CPz":1,"CPzD":10,"CPr":121.59}
,{"DP":"NAN 2 OPTIPRO SUPREME 800 G","DD":"NESTLE ESPAÑA","FRF":143,"FRP":143,"CRF":22,"CRP":24,"CF":133.06,"CFD":119.06,"CQt":1.18,"CPz":7,"CPzD":118.75,"CPr":18.62}
,{"DP":"BLEMIL PLUS FORTE 1 1200 GRAMO","DD":"","FRF":23,"FRP":32,"CRF":23,"CRP":41,"CF":127.24,"CFD":33.74,"CQt":1.13,"CPz":5,"CPzD":41.75,"CPr":27.55}
,{"DP":"MERITENE PACK VARIOS","DD":"NESTLE ESPAÑA","FRF":437,"FRP":437,"CRF":24,"CRP":42,"CF":126.05,"CFD":-2.24,"CQt":1.12,"CPz":5,"CPzD":-11,"CPr":24.76}
,{"DP":"PEDIALAC 2 800 G","DD":"HERO","FRF":349,"FRP":349,"CRF":25,"CRP":12,"CF":124.77,"CFD":5.72,"CQt":1.11,"CPz":11,"CPzD":9.21,"CPr":11.55}]}