{
 "TIT":"cod.me100","ISF2V":[{"min": 26820, "max": 191860}],"ISP2V":[{"min": 26820, "max":191860 }]   ,"ISF2":[{"name": "lb.l0006","series": [{ "name":"lb.l0053","value":164074.25 },{ "name":"lb.l0054","value":176240.98 },{ "name":"lb.l0055","value":168702.58 },{ "name":"lb.l0056","value":174924.68 },{ "name":"lb.l0057","value":181753.8 },{ "name":"lb.l0058","value":160482.76 },{ "name":"lb.l0059","value":145592.1 },{ "name":"lb.l0060","value":168348.48 },{ "name":"lb.l0061","value":190985.47 },{ "name":"lb.l0062","value":167851.61 },{ "name":"lb.l0063","value":180967.75 },{ "name":"lb.l0052","value":191858.51 }]},{"name": "lb.l0007","series": [{ "name":"lb.l0053","value":44932.7376 },{ "name":"lb.l0054","value":45191.69856 },{ "name":"lb.l0055","value":42427.35496 },{ "name":"lb.l0056","value":43223.87396 },{ "name":"lb.l0057","value":41404.62442 },{ "name":"lb.l0058","value":42733.19294 },{ "name":"lb.l0059","value":38325.79308 },{ "name":"lb.l0060","value":39513.1157 },{ "name":"lb.l0061","value":46283.70502 },{ "name":"lb.l0062","value":42348.96432 },{ "name":"lb.l0063","value":45817.21716 },{ "name":"lb.l0052","value":48620.2004 }]},{"name": "lb.l0008","series": [{ "name":"lb.l0053","value":97467.6826 },{ "name":"lb.l0054","value":100054.9676 },{ "name":"lb.l0055","value":94674.2226 },{ "name":"lb.l0056","value":96468.6244 },{ "name":"lb.l0057","value":91752.0458 },{ "name":"lb.l0058","value":91214.5848 },{ "name":"lb.l0059","value":83137.2306 },{ "name":"lb.l0060","value":87672.397 },{ "name":"lb.l0061","value":101931.565 },{ "name":"lb.l0062","value":94151.1154 },{ "name":"lb.l0063","value":102065.7708 },{ "name":"lb.l0052","value":107433.9612 }]}] ,"ISF1":[ {"name": "lb.l0040","series": [{"name":"2020","value":191858.51},{"name":"2019","value":0}]},{"name": "lb.l0041","series": [{"name":"2020","value":0},{"name":"2019","value":153257.36}]},{"name": "lb.l0042","series": [{"name":"2020","value":0},{"name":"2019","value":316030.69}]},{"name": "lb.l0043","series": [{"name":"2020","value":0},{"name":"2019","value":483687.9}]},{"name": "lb.l0044","series": [{"name":"2020","value":0},{"name":"2019","value":650314.72}]},{"name": "lb.l0045","series": [{"name":"2020","value":0},{"name":"2019","value":812590.05}]},{"name": "lb.l0046","series": [{"name":"2020","value":0},{"name":"2019","value":968977.03}]},{"name": "lb.l0047","series": [{"name":"2020","value":0},{"name":"2019","value":1114332.94}]},{"name": "lb.l0048","series": [{"name":"2020","value":0},{"name":"2019","value":1283120.12}]},{"name": "lb.l0049","series": [{"name":"2020","value":0},{"name":"2019","value":1463455.25}]},{"name": "lb.l0050","series": [{"name":"2020","value":0},{"name":"2019","value":1624727.55}]},{"name": "lb.l0051","series": [{"name":"2020","value":0},{"name":"2019","value":1809183.07}]}],"DTP":[{"PD":"txt.tMAT","TF":[{"name": "cod.me80","value":910385.98},{"name": "cod.me520","value":419772.31},{"name": "cod.me140","value":394095.34},{"name": "cod.me70","value":241872.13},{"name": "cod.me110","value":65128.67},{"name": "cod.me220","value":37698.89},{"name": "cod.me215","value":2829.65}],"TM":[{"name": "cod.me140","value":202462.1078},{"name": "cod.me80","value":141438.92858},{"name": "cod.me520","value":64515.35796},{"name": "cod.me70","value":52179.34966},{"name": "cod.me110","value":36455.54472},{"name": "cod.me220","value":22847.25656},{"name": "cod.me215","value":923.93284}],"TC":[{"name": "cod.me140","value":462874.6608},{"name": "cod.me80","value":290686.6808},{"name": "cod.me520","value":117728.6454},{"name": "cod.me70","value":109366.5468},{"name": "cod.me110","value":92093.4878},{"name": "cod.me220","value":73444.8402},{"name": "cod.me215","value":1829.306}],"DT":[{"H": "cod.me100","FFt":2071782.97,"FFtD":3.83,"FQt":100,"FPz":194430,"FPzD":1.12,"FPr":10.66,"MFt":520822.47812,"MFtD":2.66,"MQt":100,"MPz":41388.25,"MPzD":-0.35,"MPr":12.58,"CFt":1148024.1678,"CFtD":3,"CQt":100,"CPz":90563.76,"CPzD":0.87,"CPr":12.68,"Hid":100},{"H": "cod.me520","FFt":419772.31,"FFtD":-5.43,"FQt":20.26,"FPz":31410,"FPzD":-7.51,"FPr":13.36,"MFt":64515.35796,"MFtD":6.13,"MQt":12.39,"MPz":4591.3,"MPzD":4.16,"MPr":14.05,"CFt":117728.6454,"CFtD":5.84,"CQt":10.25,"CPz":8442.84,"CPzD":4.13,"CPr":13.94,"Hid":520},{"H": "cod.me90","FFt":1152258.11,"FFtD":5.98,"FQt":55.62,"FPz":132944,"FPzD":2.48,"FPr":8.67,"MFt":193618.27824,"MFtD":1.79,"MQt":37.18,"MPz":21109.32,"MPzD":-2.01,"MPr":9.17,"CFt":400053.2276,"CFtD":3.81,"CQt":34.85,"CPz":44230.56,"CPzD":0.12,"CPr":9.04,"Hid":65},{"H": "cod.me80","FFt":910385.98,"FFtD":4.84,"FQt":43.94,"FPz":97750,"FPzD":0.96,"FPr":9.31,"MFt":141438.92858,"MFtD":2.1,"MQt":27.16,"MPz":14836.31,"MPzD":-2.06,"MPr":9.53,"CFt":290686.6808,"CFtD":3.97,"CQt":25.32,"CPz":31249.56,"CPzD":0.46,"CPr":9.3,"Hid":80},{"H": "cod.me70","FFt":241872.13,"FFtD":10.54,"FQt":11.67,"FPz":35194,"FPzD":6.95,"FPr":6.87,"MFt":52179.34966,"MFtD":0.98,"MQt":10.02,"MPz":6273.01,"MPzD":-1.89,"MPr":8.32,"CFt":109366.5468,"CFtD":3.38,"CQt":9.53,"CPz":12981,"CPzD":-0.69,"CPr":8.43,"Hid":70},{"H": "cod.me110","FFt":65128.67,"FFtD":15.06,"FQt":3.14,"FPz":4134,"FPzD":11.25,"FPr":15.75,"MFt":36455.54472,"MFtD":2.57,"MQt":7,"MPz":2322.492,"MPzD":0.3,"MPr":15.7,"CFt":92093.4878,"CFtD":0.6,"CQt":8.02,"CPz":5788.08,"CPzD":0.14,"CPr":15.91,"Hid":110},{"H": "cod.me140","FFt":394095.34,"FFtD":7.1,"FQt":19.02,"FPz":23166,"FPzD":5.71,"FPr":17.01,"MFt":202462.1078,"MFtD":3.62,"MQt":38.87,"MPz":11646.328,"MPzD":2.21,"MPr":17.38,"CFt":462874.6608,"CFtD":3.78,"CQt":40.32,"CPz":26501.3,"CPzD":3.27,"CPr":17.47,"Hid":140},{"H": "cod.me220","FFt":37698.89,"FFtD":2.98,"FQt":1.82,"FPz":2634,"FPzD":-6.1,"FPr":14.31,"MFt":22847.25656,"MFtD":-6.82,"MQt":4.39,"MPz":1659.776,"MPzD":-8.52,"MPr":13.77,"CFt":73444.8402,"CFtD":-6.69,"CQt":6.4,"CPz":5485.1,"CPzD":-7.73,"CPr":13.39,"Hid":220},{"H": "cod.me215","FFt":2829.65,"FFtD":-8.43,"FQt":0.14,"FPz":142,"FPzD":-13.94,"FPr":19.93,"MFt":923.93284,"MFtD":5.08,"MQt":0.18,"MPz":59.034,"MPzD":0.53,"MPr":15.65,"CFt":1829.306,"CFtD":6.43,"CQt":0.16,"CPz":115.88,"CPzD":3,"CPr":15.79,"Hid":215}]},{"PD":"txt.tYTD","TF":[{"name": "cod.me80","value":87053.26},{"name": "cod.me520","value":41030.19},{"name": "cod.me140","value":33404.75},{"name": "cod.me70","value":21102.64},{"name": "cod.me110","value":5605.31},{"name": "cod.me220","value":3411.14},{"name": "cod.me215","value":251.22}],"TM":[{"name": "cod.me140","value":17490.57974},{"name": "cod.me80","value":14396.74098},{"name": "cod.me520","value":6472.60908},{"name": "cod.me70","value":4941.33574},{"name": "cod.me110","value":3254.99952},{"name": "cod.me220","value":1989.8962},{"name": "cod.me215","value":74.03914}],"TC":[{"name": "cod.me140","value":40229.673},{"name": "cod.me80","value":30066.6716},{"name": "cod.me520","value":11802.713},{"name": "cod.me70","value":10564.694},{"name": "cod.me110","value":8174.3052},{"name": "cod.me220","value":6451.376},{"name": "cod.me215","value":144.5284}],"DT":[{"H": "cod.me100","FFt":191858.51,"FFtD":3.05,"FQt":100,"FPz":17824,"FPzD":0.12,"FPr":10.76,"MFt":48620.2004,"MFtD":-0.46,"MQt":100,"MPz":3983.432,"MPzD":-3.25,"MPr":12.21,"CFt":107433.9612,"CFtD":1.63,"CQt":100,"CPz":8735.2,"CPzD":-1.18,"CPr":12.3,"Hid":100},{"H": "cod.me520","FFt":41030.19,"FFtD":0.89,"FQt":21.39,"FPz":2961,"FPzD":-5.46,"FPr":13.86,"MFt":6472.60908,"MFtD":3.12,"MQt":13.31,"MPz":466.486,"MPzD":-1.2,"MPr":13.88,"CFt":11802.713,"CFtD":2.01,"CQt":10.99,"CPz":857.4,"CPzD":-1.94,"CPr":13.77,"Hid":520},{"H": "cod.me90","FFt":108155.9,"FFtD":4.83,"FQt":56.37,"FPz":12245,"FPzD":1.48,"FPr":8.83,"MFt":19338.07672,"MFtD":-1.68,"MQt":39.77,"MPz":2138.198,"MPzD":-4.59,"MPr":9.04,"CFt":40631.3656,"CFtD":1.58,"CQt":37.82,"CPz":4515.94,"CPzD":-2.1,"CPr":9,"Hid":65},{"H": "cod.me80","FFt":87053.26,"FFtD":4.91,"FQt":45.37,"FPz":9259,"FPzD":1.76,"FPr":9.4,"MFt":14396.74098,"MFtD":-1.5,"MQt":29.61,"MPz":1518.548,"MPzD":-4.58,"MPr":9.48,"CFt":30066.6716,"CFtD":1.84,"CQt":27.99,"CPz":3222.64,"CPzD":-1.39,"CPr":9.33,"Hid":80},{"H": "cod.me70","FFt":21102.64,"FFtD":4.52,"FQt":11,"FPz":2986,"FPzD":0.61,"FPr":7.07,"MFt":4941.33574,"MFtD":-2.18,"MQt":10.16,"MPz":619.65,"MPzD":-4.61,"MPr":7.97,"CFt":10564.694,"CFtD":0.87,"CQt":9.83,"CPz":1293.3,"CPzD":-3.83,"CPr":8.17,"Hid":70},{"H": "cod.me110","FFt":5605.31,"FFtD":10.13,"FQt":2.92,"FPz":369,"FPzD":11.48,"FPr":15.19,"MFt":3254.99952,"MFtD":-0.28,"MQt":6.69,"MPz":210.668,"MPzD":-2.56,"MPr":15.45,"CFt":8174.3052,"CFtD":-0.48,"CQt":7.61,"CPz":532.7,"CPzD":-1.2,"CPr":15.35,"Hid":110},{"H": "cod.me140","FFt":33404.75,"FFtD":0.14,"FQt":17.41,"FPz":2014,"FPzD":0.2,"FPr":16.59,"MFt":17490.57974,"MFtD":0.64,"MQt":35.97,"MPz":1021.434,"MPzD":-0.4,"MPr":17.12,"CFt":40229.673,"CFtD":3.46,"CQt":37.45,"CPz":2344.28,"CPzD":2.38,"CPr":17.16,"Hid":140},{"H": "cod.me220","FFt":3411.14,"FFtD":-8.87,"FQt":1.78,"FPz":221,"FPzD":-12.99,"FPr":15.44,"MFt":1989.8962,"MFtD":-8.83,"MQt":4.09,"MPz":141.97,"MPzD":-9.85,"MPr":14.02,"CFt":6451.376,"CFtD":-6.41,"CQt":6,"CPz":475.76,"CPzD":-7.35,"CPr":13.56,"Hid":220},{"H": "cod.me215","FFt":251.22,"FFtD":59.81,"FQt":0.13,"FPz":14,"FPzD":75,"FPr":17.94,"MFt":74.03914,"MFtD":-2.93,"MQt":0.15,"MPz":4.676,"MPzD":-3.9,"MPr":15.83,"CFt":144.5284,"CFtD":-6.74,"CQt":0.13,"CPz":9.12,"CPzD":-4.2,"CPr":15.85,"Hid":215}]},{"PD":"txt.tBIM","TF":[{"name": "cod.me80","value":166914.44},{"name": "cod.me520","value":78555.28},{"name": "cod.me140","value":66912.37},{"name": "cod.me70","value":41559.23},{"name": "cod.me110","value":11548.19},{"name": "cod.me220","value":6830.73},{"name": "cod.me215","value":506.02}],"TM":[{"name": "cod.me140","value":33766.42834},{"name": "cod.me80","value":28042.49418},{"name": "cod.me520","value":12734.939},{"name": "cod.me70","value":9474.20486},{"name": "cod.me110","value":6373.32662},{"name": "cod.me220","value":3896.62268},{"name": "cod.me215","value":149.40188}],"TC":[{"name": "cod.me140","value":78076.3874},{"name": "cod.me80","value":58650.8716},{"name": "cod.me520","value":23248.9934},{"name": "cod.me70","value":20319.402},{"name": "cod.me110","value":16224.9602},{"name": "cod.me220","value":12670.4506},{"name": "cod.me215","value":308.6668}],"DT":[{"H": "cod.me100","FFt":372826.26,"FFtD":0.59,"FQt":100,"FPz":34933,"FPzD":-2.12,"FPr":10.67,"MFt":94437.41756,"MFtD":0.61,"MQt":100,"MPz":7754.262,"MPzD":-2.44,"MPr":12.18,"CFt":209499.732,"CFtD":1.06,"CQt":100,"CPz":17117.66,"CPzD":-1.62,"CPr":12.24,"Hid":100},{"H": "cod.me520","FFt":78555.28,"FFtD":-3.34,"FQt":21.07,"FPz":5747,"FPzD":-8.55,"FPr":13.67,"MFt":12734.939,"MFtD":5.21,"MQt":13.49,"MPz":926.426,"MPzD":0.83,"MPr":13.75,"CFt":23248.9934,"CFtD":2.4,"CQt":11.1,"CPz":1706.72,"CPzD":-1.11,"CPr":13.62,"Hid":520},{"H": "cod.me90","FFt":208473.67,"FFtD":0.81,"FQt":55.92,"FPz":23920,"FPzD":-1.58,"FPr":8.72,"MFt":37516.69904,"MFtD":-0.74,"MQt":39.73,"MPz":4156.53,"MPzD":-4.05,"MPr":9.03,"CFt":78970.2736,"CFtD":0.55,"CQt":37.69,"CPz":8856.62,"CPzD":-2.83,"CPr":8.92,"Hid":65},{"H": "cod.me80","FFt":166914.44,"FFtD":0.22,"FQt":44.77,"FPz":17850,"FPzD":-2.64,"FPr":9.35,"MFt":28042.49418,"MFtD":-0.68,"MQt":29.69,"MPz":2971.354,"MPzD":-4.21,"MPr":9.44,"CFt":58650.8716,"CFtD":0.51,"CQt":28,"CPz":6362.82,"CPzD":-2.42,"CPr":9.22,"Hid":80},{"H": "cod.me70","FFt":41559.23,"FFtD":3.27,"FQt":11.15,"FPz":6070,"FPzD":1.66,"FPr":6.85,"MFt":9474.20486,"MFtD":-0.9,"MQt":10.03,"MPz":1185.176,"MPzD":-3.65,"MPr":7.99,"CFt":20319.402,"CFtD":0.68,"CQt":9.7,"CPz":2493.8,"CPzD":-3.87,"CPr":8.15,"Hid":70},{"H": "cod.me110","FFt":11548.19,"FFtD":9.66,"FQt":3.1,"FPz":754,"FPzD":11.54,"FPr":15.32,"MFt":6373.32662,"MFtD":-0.03,"MQt":6.75,"MPz":414.802,"MPzD":-2.26,"MPr":15.36,"CFt":16224.9602,"CFtD":-1.08,"CQt":7.74,"CPz":1054,"CPzD":-2.39,"CPr":15.39,"Hid":110},{"H": "cod.me140","FFt":66912.37,"FFtD":3.22,"FQt":17.95,"FPz":4030,"FPzD":3.47,"FPr":16.6,"MFt":33766.42834,"MFtD":1.81,"MQt":35.76,"MPz":1968.578,"MPzD":0.77,"MPr":17.15,"CFt":78076.3874,"CFtD":2.93,"CQt":37.27,"CPz":4544.8,"CPzD":2.17,"CPr":17.18,"Hid":140},{"H": "cod.me220","FFt":6830.73,"FFtD":-0.7,"FQt":1.83,"FPz":455,"FPzD":-10.96,"FPr":15.01,"MFt":3896.62268,"MFtD":-8.97,"MQt":4.13,"MPz":278.472,"MPzD":-10.12,"MPr":13.99,"CFt":12670.4506,"CFtD":-6.21,"CQt":6.05,"CPz":936.1,"CPzD":-7.54,"CPr":13.54,"Hid":220},{"H": "cod.me215","FFt":506.02,"FFtD":44.12,"FQt":0.14,"FPz":27,"FPzD":42.11,"FPr":18.74,"MFt":149.40188,"MFtD":1.39,"MQt":0.16,"MPz":9.454,"MPzD":-1.52,"MPr":15.8,"CFt":308.6668,"CFtD":3.61,"CQt":0.15,"CPz":19.42,"CPzD":3.96,"CPr":15.89,"Hid":215}]},{"PD":"txt.t01/01/2020","TF":[{"name": "cod.me80","value":87053.26},{"name": "cod.me520","value":41030.19},{"name": "cod.me140","value":33404.75},{"name": "cod.me70","value":21102.64},{"name": "cod.me110","value":5605.31},{"name": "cod.me220","value":3411.14},{"name": "cod.me215","value":251.22}],"TM":[{"name": "cod.me140","value":17490.57974},{"name": "cod.me80","value":14396.74098},{"name": "cod.me520","value":6472.60908},{"name": "cod.me70","value":4941.33574},{"name": "cod.me110","value":3254.99952},{"name": "cod.me220","value":1989.8962},{"name": "cod.me215","value":74.03914}],"TC":[{"name": "cod.me140","value":40229.673},{"name": "cod.me80","value":30066.6716},{"name": "cod.me520","value":11802.713},{"name": "cod.me70","value":10564.694},{"name": "cod.me110","value":8174.3052},{"name": "cod.me220","value":6451.376},{"name": "cod.me215","value":144.5284}],"DT":[{"H": "cod.me100","FFt":191858.51,"FFtD":3.05,"FQt":100,"FPz":17824,"FPzD":0.12,"FPr":10.76,"MFt":48620.2004,"MFtD":-0.46,"MQt":100,"MPz":3983.432,"MPzD":-3.25,"MPr":12.21,"CFt":107433.9612,"CFtD":1.63,"CQt":100,"CPz":8735.2,"CPzD":-1.18,"CPr":12.3,"Hid":100},{"H": "cod.me520","FFt":41030.19,"FFtD":0.89,"FQt":21.39,"FPz":2961,"FPzD":-5.46,"FPr":13.86,"MFt":6472.60908,"MFtD":3.12,"MQt":13.31,"MPz":466.486,"MPzD":-1.2,"MPr":13.88,"CFt":11802.713,"CFtD":2.01,"CQt":10.99,"CPz":857.4,"CPzD":-1.94,"CPr":13.77,"Hid":520},{"H": "cod.me90","FFt":108155.9,"FFtD":4.83,"FQt":56.37,"FPz":12245,"FPzD":1.48,"FPr":8.83,"MFt":19338.07672,"MFtD":-1.68,"MQt":39.77,"MPz":2138.198,"MPzD":-4.59,"MPr":9.04,"CFt":40631.3656,"CFtD":1.58,"CQt":37.82,"CPz":4515.94,"CPzD":-2.1,"CPr":9,"Hid":65},{"H": "cod.me80","FFt":87053.26,"FFtD":4.91,"FQt":45.37,"FPz":9259,"FPzD":1.76,"FPr":9.4,"MFt":14396.74098,"MFtD":-1.5,"MQt":29.61,"MPz":1518.548,"MPzD":-4.58,"MPr":9.48,"CFt":30066.6716,"CFtD":1.84,"CQt":27.99,"CPz":3222.64,"CPzD":-1.39,"CPr":9.33,"Hid":80},{"H": "cod.me70","FFt":21102.64,"FFtD":4.52,"FQt":11,"FPz":2986,"FPzD":0.61,"FPr":7.07,"MFt":4941.33574,"MFtD":-2.18,"MQt":10.16,"MPz":619.65,"MPzD":-4.61,"MPr":7.97,"CFt":10564.694,"CFtD":0.87,"CQt":9.83,"CPz":1293.3,"CPzD":-3.83,"CPr":8.17,"Hid":70},{"H": "cod.me110","FFt":5605.31,"FFtD":10.13,"FQt":2.92,"FPz":369,"FPzD":11.48,"FPr":15.19,"MFt":3254.99952,"MFtD":-0.28,"MQt":6.69,"MPz":210.668,"MPzD":-2.56,"MPr":15.45,"CFt":8174.3052,"CFtD":-0.48,"CQt":7.61,"CPz":532.7,"CPzD":-1.2,"CPr":15.35,"Hid":110},{"H": "cod.me140","FFt":33404.75,"FFtD":0.14,"FQt":17.41,"FPz":2014,"FPzD":0.2,"FPr":16.59,"MFt":17490.57974,"MFtD":0.64,"MQt":35.97,"MPz":1021.434,"MPzD":-0.4,"MPr":17.12,"CFt":40229.673,"CFtD":3.46,"CQt":37.45,"CPz":2344.28,"CPzD":2.38,"CPr":17.16,"Hid":140},{"H": "cod.me220","FFt":3411.14,"FFtD":-8.87,"FQt":1.78,"FPz":221,"FPzD":-12.99,"FPr":15.44,"MFt":1989.8962,"MFtD":-8.83,"MQt":4.09,"MPz":141.97,"MPzD":-9.85,"MPr":14.02,"CFt":6451.376,"CFtD":-6.41,"CQt":6,"CPz":475.76,"CPzD":-7.35,"CPr":13.56,"Hid":220},{"H": "cod.me215","FFt":251.22,"FFtD":59.81,"FQt":0.13,"FPz":14,"FPzD":75,"FPr":17.94,"MFt":74.03914,"MFtD":-2.93,"MQt":0.15,"MPz":4.676,"MPzD":-3.9,"MPr":15.83,"CFt":144.5284,"CFtD":-6.74,"CQt":0.13,"CPz":9.12,"CPzD":-4.2,"CPr":15.85,"Hid":215}]}]}