{
 "TIT":"cod.me180","ISF2V":[{"min": 640, "max": 12800}],"ISP2V":[{"min": 640, "max":12800 }]   ,"ISF2":[{"name": "lb.l0006","series": [{ "name":"lb.l0053","value":1057.19 },{ "name":"lb.l0054","value":1319.33 },{ "name":"lb.l0055","value":1406.22 },{ "name":"lb.l0056","value":1372.22 },{ "name":"lb.l0057","value":1267.69 },{ "name":"lb.l0058","value":1277.42 },{ "name":"lb.l0059","value":1305.18 },{ "name":"lb.l0060","value":1298.94 },{ "name":"lb.l0061","value":1049.28 },{ "name":"lb.l0062","value":1162.45 },{ "name":"lb.l0063","value":921.28 },{ "name":"lb.l0052","value":1003.12 }]},{"name": "lb.l0007","series": [{ "name":"lb.l0053","value":2579.12518 },{ "name":"lb.l0054","value":2749.74108 },{ "name":"lb.l0055","value":2646.04836 },{ "name":"lb.l0056","value":2673.9439 },{ "name":"lb.l0057","value":2489.49686 },{ "name":"lb.l0058","value":2894.15256 },{ "name":"lb.l0059","value":2541.7997 },{ "name":"lb.l0060","value":2599.1568 },{ "name":"lb.l0061","value":2796.62054 },{ "name":"lb.l0062","value":2630.41206 },{ "name":"lb.l0063","value":2793.38788 },{ "name":"lb.l0052","value":2649.46506 }]},{"name": "lb.l0008","series": [{ "name":"lb.l0053","value":11284.5496 },{ "name":"lb.l0054","value":12250.1762 },{ "name":"lb.l0055","value":11524.7172 },{ "name":"lb.l0056","value":11658.0336 },{ "name":"lb.l0057","value":10918.2116 },{ "name":"lb.l0058","value":12539.6002 },{ "name":"lb.l0059","value":11138.5158 },{ "name":"lb.l0060","value":11767.6524 },{ "name":"lb.l0061","value":12653.2694 },{ "name":"lb.l0062","value":12021.0968 },{ "name":"lb.l0063","value":12791.0724 },{ "name":"lb.l0052","value":12080.3564 }]}] ,"ISF1":[ {"name": "lb.l0040","series": [{"name":"2020","value":1003.12},{"name":"2019","value":0}]},{"name": "lb.l0041","series": [{"name":"2020","value":0},{"name":"2019","value":700}]},{"name": "lb.l0042","series": [{"name":"2020","value":0},{"name":"2019","value":1378.55}]},{"name": "lb.l0043","series": [{"name":"2020","value":0},{"name":"2019","value":2410.9}]},{"name": "lb.l0044","series": [{"name":"2020","value":0},{"name":"2019","value":3914.82}]},{"name": "lb.l0045","series": [{"name":"2020","value":0},{"name":"2019","value":4678.87}]},{"name": "lb.l0046","series": [{"name":"2020","value":0},{"name":"2019","value":5515.14}]},{"name": "lb.l0047","series": [{"name":"2020","value":0},{"name":"2019","value":6263.83}]},{"name": "lb.l0048","series": [{"name":"2020","value":0},{"name":"2019","value":7338.33}]},{"name": "lb.l0049","series": [{"name":"2020","value":0},{"name":"2019","value":8151.66}]},{"name": "lb.l0050","series": [{"name":"2020","value":0},{"name":"2019","value":9232.33}]},{"name": "lb.l0051","series": [{"name":"2020","value":0},{"name":"2019","value":10340.47}]}],"DTP":[{"PD":"txt.tMAT","TF":[{"name": "cod.me180","value":14440.32}],"TM":[{"name": "cod.me180","value":32043.34998}],"TC":[{"name": "cod.me180","value":142627.2516}],"DT":[{"H": "cod.me180","FFt":14440.32,"FFtD":28.23,"FQt":100,"FPz":2810,"FPzD":-5.1,"FPr":5.14,"MFt":32043.34998,"MFtD":-7.35,"MQt":100,"MPz":6627.068,"MPzD":-9.59,"MPr":4.84,"CFt":142627.2516,"CFtD":-6.53,"CQt":100,"CPz":32833.24,"CPzD":-7.98,"CPr":4.34,"Hid":180}]},{"PD":"txt.tYTD","TF":[{"name": "cod.me180","value":1003.12}],"TM":[{"name": "cod.me180","value":2649.46506}],"TC":[{"name": "cod.me180","value":12080.3564}],"DT":[{"H": "cod.me180","FFt":1003.12,"FFtD":8.91,"FQt":100,"FPz":199,"FPzD":-11.56,"FPr":5.04,"MFt":2649.46506,"MFtD":-2.18,"MQt":100,"MPz":544.332,"MPzD":-3.09,"MPr":4.87,"CFt":12080.3564,"CFtD":0.47,"CQt":100,"CPz":2737.64,"CPzD":-1.89,"CPr":4.41,"Hid":180}]},{"PD":"txt.tBIM","TF":[{"name": "cod.me180","value":1924.4}],"TM":[{"name": "cod.me180","value":5442.85294}],"TC":[{"name": "cod.me180","value":24871.4288}],"DT":[{"H": "cod.me180","FFt":1924.4,"FFtD":-5.16,"FQt":100,"FPz":363,"FPzD":-23.58,"FPr":5.3,"MFt":5442.85294,"MFtD":-5.98,"MQt":100,"MPz":1102.89,"MPzD":-7.94,"MPr":4.94,"CFt":24871.4288,"CFtD":-6.28,"CQt":100,"CPz":5545.92,"CPzD":-8.7,"CPr":4.48,"Hid":180}]},{"PD":"txt.t01/01/2020","TF":[{"name": "cod.me180","value":1003.12}],"TM":[{"name": "cod.me180","value":2649.46506}],"TC":[{"name": "cod.me180","value":12080.3564}],"DT":[{"H": "cod.me180","FFt":1003.12,"FFtD":8.91,"FQt":100,"FPz":199,"FPzD":-11.56,"FPr":5.04,"MFt":2649.46506,"MFtD":-2.18,"MQt":100,"MPz":544.332,"MPzD":-3.09,"MPr":4.87,"CFt":12080.3564,"CFtD":0.47,"CQt":100,"CPz":2737.64,"CPzD":-1.89,"CPr":4.41,"Hid":180}]}]}