{
 "TIT":"cod.me20","ISF2V":[{"min": 60680, "max": 167520}],"ISP2V":[{"min": 60680, "max":167520 }]   ,"ISF2":[{"name": "lb.l0006","series": [{ "name":"lb.l0053","value":95992.19 },{ "name":"lb.l0054","value":101545.47 },{ "name":"lb.l0055","value":98728.54 },{ "name":"lb.l0056","value":102316.03 },{ "name":"lb.l0057","value":103820.63 },{ "name":"lb.l0058","value":97278.55 },{ "name":"lb.l0059","value":87397.09 },{ "name":"lb.l0060","value":88892.36 },{ "name":"lb.l0061","value":89236.07 },{ "name":"lb.l0062","value":94732.59 },{ "name":"lb.l0063","value":96647.61 },{ "name":"lb.l0052","value":92496.42 }]},{"name": "lb.l0007","series": [{ "name":"lb.l0053","value":94233.7758 },{ "name":"lb.l0054","value":101087.49406 },{ "name":"lb.l0055","value":96637.97946 },{ "name":"lb.l0056","value":106154.06206 },{ "name":"lb.l0057","value":94576.97472 },{ "name":"lb.l0058","value":102290.7369 },{ "name":"lb.l0059","value":86692.09626 },{ "name":"lb.l0060","value":92202.73468 },{ "name":"lb.l0061","value":101559.57876 },{ "name":"lb.l0062","value":95041.293 },{ "name":"lb.l0063","value":96781.40644 },{ "name":"lb.l0052","value":104847.69116 }]},{"name": "lb.l0008","series": [{ "name":"lb.l0053","value":149891.944 },{ "name":"lb.l0054","value":161463.2512 },{ "name":"lb.l0055","value":154766.219 },{ "name":"lb.l0056","value":167098.9868 },{ "name":"lb.l0057","value":151998.8772 },{ "name":"lb.l0058","value":160692.3632 },{ "name":"lb.l0059","value":141756.361 },{ "name":"lb.l0060","value":146556.453 },{ "name":"lb.l0061","value":160392.3178 },{ "name":"lb.l0062","value":152872.5898 },{ "name":"lb.l0063","value":156607.1402 },{ "name":"lb.l0052","value":167515.7862 }]}] ,"ISF1":[ {"name": "lb.l0040","series": [{"name":"2020","value":92496.42},{"name":"2019","value":0}]},{"name": "lb.l0041","series": [{"name":"2020","value":0},{"name":"2019","value":78980.5}]},{"name": "lb.l0042","series": [{"name":"2020","value":0},{"name":"2019","value":173328.9}]},{"name": "lb.l0043","series": [{"name":"2020","value":0},{"name":"2019","value":261738.16}]},{"name": "lb.l0044","series": [{"name":"2020","value":0},{"name":"2019","value":355395.59}]},{"name": "lb.l0045","series": [{"name":"2020","value":0},{"name":"2019","value":445090.83}]},{"name": "lb.l0046","series": [{"name":"2020","value":0},{"name":"2019","value":537863.16}]},{"name": "lb.l0047","series": [{"name":"2020","value":0},{"name":"2019","value":623112.66}]},{"name": "lb.l0048","series": [{"name":"2020","value":0},{"name":"2019","value":711846.1}]},{"name": "lb.l0049","series": [{"name":"2020","value":0},{"name":"2019","value":809794.54}]},{"name": "lb.l0050","series": [{"name":"2020","value":0},{"name":"2019","value":905296.97}]},{"name": "lb.l0051","series": [{"name":"2020","value":0},{"name":"2019","value":1007498.77}]}],"DTP":[{"PD":"txt.tMAT","TF":[{"name": "cod.me40","value":580088.22},{"name": "cod.me30","value":568995.33}],"TM":[{"name": "cod.me30","value":895317.99778},{"name": "cod.me40","value":276787.82552}],"TC":[{"name": "cod.me30","value":1331659.4226},{"name": "cod.me40","value":539952.8668}],"DT":[{"H": "cod.me20","FFt":1149083.55,"FFtD":3.79,"FQt":100,"FPz":113191,"FPzD":3.88,"FPr":10.15,"MFt":1172105.8233,"MFtD":0.02,"MQt":100,"MPz":118622.528,"MPzD":-1.95,"MPr":9.88,"CFt":1871612.2894,"CFtD":1.78,"CQt":100,"CPz":185387.4,"CPzD":-0.62,"CPr":10.1,"Hid":20},{"H": "cod.me30","FFt":568995.33,"FFtD":6.17,"FQt":49.52,"FPz":74723,"FPzD":4.89,"FPr":7.61,"MFt":895317.99778,"MFtD":-0.6,"MQt":76.39,"MPz":98471.646,"MPzD":-2.04,"MPr":9.09,"CFt":1331659.4226,"CFtD":1.06,"CQt":71.15,"CPz":148728.58,"CPzD":-0.75,"CPr":8.95,"Hid":30},{"H": "cod.me40","FFt":580088.22,"FFtD":1.56,"FQt":50.48,"FPz":38468,"FPzD":1.97,"FPr":15.08,"MFt":276787.82552,"MFtD":2.06,"MQt":23.61,"MPz":20150.882,"MPzD":-1.5,"MPr":13.74,"CFt":539952.8668,"CFtD":3.59,"CQt":28.85,"CPz":36658.82,"CPzD":-0.06,"CPr":14.73,"Hid":40}]},{"PD":"txt.tYTD","TF":[{"name": "cod.me30","value":46727.24},{"name": "cod.me40","value":45769.18}],"TM":[{"name": "cod.me30","value":81336.91702},{"name": "cod.me40","value":23510.77414}],"TC":[{"name": "cod.me30","value":121479.2248},{"name": "cod.me40","value":46036.5614}],"DT":[{"H": "cod.me20","FFt":92496.42,"FFtD":-7.11,"FQt":100,"FPz":9265,"FPzD":-7.01,"FPr":9.98,"MFt":104847.69116,"MFtD":-1.72,"MQt":100,"MPz":10604.81,"MPzD":-3.85,"MPr":9.89,"CFt":167515.7862,"CFtD":-0.12,"CQt":100,"CPz":16623.1,"CPzD":-2.6,"CPr":10.08,"Hid":20},{"H": "cod.me30","FFt":46727.24,"FFtD":-4.49,"FQt":50.52,"FPz":6138,"FPzD":-5.9,"FPr":7.61,"MFt":81336.91702,"MFtD":-1.91,"MQt":77.58,"MPz":8855.856,"MPzD":-4,"MPr":9.18,"CFt":121479.2248,"CFtD":-0.47,"CQt":72.52,"CPz":13422.18,"CPzD":-2.89,"CPr":9.05,"Hid":30},{"H": "cod.me40","FFt":45769.18,"FFtD":-9.64,"FQt":49.48,"FPz":3127,"FPzD":-9.1,"FPr":14.64,"MFt":23510.77414,"MFtD":-1.05,"MQt":22.42,"MPz":1748.954,"MPzD":-3.1,"MPr":13.44,"CFt":46036.5614,"CFtD":0.83,"CQt":27.48,"CPz":3200.92,"CPzD":-1.34,"CPr":14.38,"Hid":40}]},{"PD":"txt.tBIM","TF":[{"name": "cod.me40","value":95506.17},{"name": "cod.me30","value":93637.86}],"TM":[{"name": "cod.me30","value":154821.551},{"name": "cod.me40","value":46807.5466}],"TC":[{"name": "cod.me30","value":231860.4238},{"name": "cod.me40","value":92262.5026}],"DT":[{"H": "cod.me20","FFt":189144.03,"FFtD":-6.26,"FQt":100,"FPz":18449,"FPzD":-8.14,"FPr":10.25,"MFt":201629.0976,"MFtD":-0.37,"MQt":100,"MPz":20331.584,"MPzD":-2.61,"MPr":9.92,"CFt":324122.9264,"CFtD":0.08,"CQt":100,"CPz":32113.52,"CPzD":-1.98,"CPr":10.09,"Hid":20},{"H": "cod.me30","FFt":93637.86,"FFtD":-4.39,"FQt":49.51,"FPz":12052,"FPzD":-8.19,"FPr":7.77,"MFt":154821.551,"MFtD":-0.63,"MQt":76.79,"MPz":16860.55,"MPzD":-2.73,"MPr":9.18,"CFt":231860.4238,"CFtD":-0.21,"CQt":71.53,"CPz":25722.22,"CPzD":-2.1,"CPr":9.01,"Hid":30},{"H": "cod.me40","FFt":95506.17,"FFtD":-8.03,"FQt":50.49,"FPz":6397,"FPzD":-8.05,"FPr":14.93,"MFt":46807.5466,"MFtD":0.5,"MQt":23.21,"MPz":3471.034,"MPzD":-2.03,"MPr":13.49,"CFt":92262.5026,"CFtD":0.83,"CQt":28.47,"CPz":6391.3,"CPzD":-1.5,"CPr":14.44,"Hid":40}]},{"PD":"txt.t01/01/2020","TF":[{"name": "cod.me30","value":46727.24},{"name": "cod.me40","value":45769.18}],"TM":[{"name": "cod.me30","value":81336.91702},{"name": "cod.me40","value":23510.77414}],"TC":[{"name": "cod.me30","value":121479.2248},{"name": "cod.me40","value":46036.5614}],"DT":[{"H": "cod.me20","FFt":92496.42,"FFtD":-7.11,"FQt":100,"FPz":9265,"FPzD":-7.01,"FPr":9.98,"MFt":104847.69116,"MFtD":-1.72,"MQt":100,"MPz":10604.81,"MPzD":-3.85,"MPr":9.89,"CFt":167515.7862,"CFtD":-0.12,"CQt":100,"CPz":16623.1,"CPzD":-2.6,"CPr":10.08,"Hid":20},{"H": "cod.me30","FFt":46727.24,"FFtD":-4.49,"FQt":50.52,"FPz":6138,"FPzD":-5.9,"FPr":7.61,"MFt":81336.91702,"MFtD":-1.91,"MQt":77.58,"MPz":8855.856,"MPzD":-4,"MPr":9.18,"CFt":121479.2248,"CFtD":-0.47,"CQt":72.52,"CPz":13422.18,"CPzD":-2.89,"CPr":9.05,"Hid":30},{"H": "cod.me40","FFt":45769.18,"FFtD":-9.64,"FQt":49.48,"FPz":3127,"FPzD":-9.1,"FPr":14.64,"MFt":23510.77414,"MFtD":-1.05,"MQt":22.42,"MPz":1748.954,"MPzD":-3.1,"MPr":13.44,"CFt":46036.5614,"CFtD":0.83,"CQt":27.48,"CPz":3200.92,"CPzD":-1.34,"CPr":14.38,"Hid":40}]}]}