{
 "TIT":"cod.me231","ISF2V":[{"min": 5340, "max": 55080}],"ISP2V":[{"min": 5340, "max":55080 }]   ,"ISF2":[{"name": "lb.l0006","series": [{ "name":"lb.l0053","value":28597.55 },{ "name":"lb.l0054","value":33405.33 },{ "name":"lb.l0055","value":36215.38 },{ "name":"lb.l0056","value":34453.22 },{ "name":"lb.l0057","value":55076.25 },{ "name":"lb.l0058","value":43324.72 },{ "name":"lb.l0059","value":32973.18 },{ "name":"lb.l0060","value":30466.85 },{ "name":"lb.l0061","value":29477.59 },{ "name":"lb.l0062","value":26302.02 },{ "name":"lb.l0063","value":27867.94 },{ "name":"lb.l0052","value":27824.57 }]},{"name": "lb.l0007","series": [{ "name":"lb.l0053","value":8754.9336 },{ "name":"lb.l0054","value":10505.81394 },{ "name":"lb.l0055","value":10094.97852 },{ "name":"lb.l0056","value":11236.81618 },{ "name":"lb.l0057","value":13784.57376 },{ "name":"lb.l0058","value":11216.36784 },{ "name":"lb.l0059","value":8161.58754 },{ "name":"lb.l0060","value":7629.74138 },{ "name":"lb.l0061","value":8600.30668 },{ "name":"lb.l0062","value":8516.31668 },{ "name":"lb.l0063","value":9743.23046 },{ "name":"lb.l0052","value":8076.35534 }]},{"name": "lb.l0008","series": [{ "name":"lb.l0053","value":22391.2358 },{ "name":"lb.l0054","value":27105.046 },{ "name":"lb.l0055","value":26700.2124 },{ "name":"lb.l0056","value":30332.2878 },{ "name":"lb.l0057","value":35857.8204 },{ "name":"lb.l0058","value":29001.8462 },{ "name":"lb.l0059","value":20480.5104 },{ "name":"lb.l0060","value":19939.1334 },{ "name":"lb.l0061","value":22952.79 },{ "name":"lb.l0062","value":22914.4812 },{ "name":"lb.l0063","value":25306.3988 },{ "name":"lb.l0052","value":21901.7956 }]}] ,"ISF1":[ {"name": "lb.l0040","series": [{"name":"2020","value":27824.57},{"name":"2019","value":0}]},{"name": "lb.l0041","series": [{"name":"2020","value":0},{"name":"2019","value":31315.28}]},{"name": "lb.l0042","series": [{"name":"2020","value":0},{"name":"2019","value":65830.85}]},{"name": "lb.l0043","series": [{"name":"2020","value":0},{"name":"2019","value":108324.5}]},{"name": "lb.l0044","series": [{"name":"2020","value":0},{"name":"2019","value":147582.78}]},{"name": "lb.l0045","series": [{"name":"2020","value":0},{"name":"2019","value":195888.06}]},{"name": "lb.l0046","series": [{"name":"2020","value":0},{"name":"2019","value":246446.74}]},{"name": "lb.l0047","series": [{"name":"2020","value":0},{"name":"2019","value":284662.14}]},{"name": "lb.l0048","series": [{"name":"2020","value":0},{"name":"2019","value":322697.85}]},{"name": "lb.l0049","series": [{"name":"2020","value":0},{"name":"2019","value":358269.15}]},{"name": "lb.l0050","series": [{"name":"2020","value":0},{"name":"2019","value":388025.08}]},{"name": "lb.l0051","series": [{"name":"2020","value":0},{"name":"2019","value":421255.11}]}],"DTP":[{"PD":"txt.tMAT","TF":[{"name": "cod.me240","value":161754.02},{"name": "cod.me260","value":62037.93},{"name": "cod.me280","value":55594.79},{"name": "cod.me250","value":49192.43},{"name": "cod.me270","value":29764.33},{"name": "cod.me310","value":22801.04},{"name": "cod.me300","value":21536.72},{"name": "cod.me290","value":1860.68},{"name": "cod.me305","value":1442.66}],"TM":[{"name": "cod.me240","value":49004.5287},{"name": "cod.me260","value":23853.00634},{"name": "cod.me280","value":14726.43698},{"name": "cod.me270","value":11580.39798},{"name": "cod.me250","value":7695.28986},{"name": "cod.me310","value":5773.46948},{"name": "cod.me300","value":2572.62886},{"name": "cod.me305","value":633.17664},{"name": "cod.me290","value":482.08708}],"TC":[{"name": "cod.me240","value":132995.7344},{"name": "cod.me260","value":60884.4286},{"name": "cod.me280","value":38282.3628},{"name": "cod.me270","value":28876.264},{"name": "cod.me250","value":21901.6136},{"name": "cod.me310","value":13390.9374},{"name": "cod.me300","value":6068.6812},{"name": "cod.me290","value":1254.4128},{"name": "cod.me305","value":1229.1232}],"DT":[{"H": "cod.me231","FFt":405984.6,"FFtD":-10.49,"FQt":100,"FPz":26596,"FPzD":-8.79,"FPr":15.26,"MFt":116321.02192,"MFtD":-1.58,"MQt":100,"MPz":6460.436,"MPzD":-2.56,"MPr":18.01,"CFt":304883.558,"CFtD":-1.48,"CQt":100,"CPz":16284.96,"CPzD":-2.49,"CPr":18.72,"Hid":231},{"H": "cod.me300","FFt":21536.72,"FFtD":-9.26,"FQt":5.3,"FPz":3274,"FPzD":-8.88,"FPr":6.58,"MFt":2572.62886,"MFtD":-6.52,"MQt":2.21,"MPz":381.242,"MPzD":-7.1,"MPr":6.75,"CFt":6068.6812,"CFtD":-6.67,"CQt":1.99,"CPz":898.14,"CPzD":-5.67,"CPr":6.76,"Hid":300},{"H": "cod.me310","FFt":22801.04,"FFtD":-3.63,"FQt":5.62,"FPz":2544,"FPzD":-9.47,"FPr":8.96,"MFt":5773.46948,"MFtD":2.03,"MQt":4.96,"MPz":579.376,"MPzD":-2.04,"MPr":9.96,"CFt":13390.9374,"CFtD":4.42,"CQt":4.39,"CPz":1316.44,"CPzD":-1.81,"CPr":10.17,"Hid":310},{"H": "cod.me250","FFt":49192.43,"FFtD":-8.51,"FQt":12.12,"FPz":4738,"FPzD":-3.99,"FPr":10.38,"MFt":7695.28986,"MFtD":-2.01,"MQt":6.62,"MPz":578.74,"MPzD":-3.34,"MPr":13.3,"CFt":21901.6136,"CFtD":-1.22,"CQt":7.18,"CPz":1648.82,"CPzD":-2.62,"CPr":13.28,"Hid":250},{"H": "cod.me280","FFt":55594.79,"FFtD":-13.62,"FQt":13.69,"FPz":3012,"FPzD":-11.46,"FPr":18.46,"MFt":14726.43698,"MFtD":1.7,"MQt":12.66,"MPz":886.278,"MPzD":0.4,"MPr":16.62,"CFt":38282.3628,"CFtD":1.27,"CQt":12.56,"CPz":2397.14,"CPzD":2.16,"CPr":15.97,"Hid":280},{"H": "cod.me260","FFt":62037.93,"FFtD":-8.78,"FQt":15.28,"FPz":3887,"FPzD":-8.99,"FPr":15.96,"MFt":23853.00634,"MFtD":-2.02,"MQt":20.51,"MPz":1382.004,"MPzD":-0.39,"MPr":17.26,"CFt":60884.4286,"CFtD":-2.65,"CQt":19.97,"CPz":3384.22,"CPzD":-1.08,"CPr":17.99,"Hid":260},{"H": "cod.me240","FFt":161754.02,"FFtD":-11.09,"FQt":39.84,"FPz":6592,"FPzD":-13.24,"FPr":24.54,"MFt":49004.5287,"MFtD":0.04,"MQt":42.13,"MPz":1793.944,"MPzD":-0.68,"MPr":27.32,"CFt":132995.7344,"CFtD":0.67,"CQt":43.62,"CPz":4593.52,"CPzD":-0.96,"CPr":28.95,"Hid":240},{"H": "cod.me270","FFt":29764.33,"FFtD":-5.96,"FQt":7.33,"FPz":2013,"FPzD":5.12,"FPr":14.79,"MFt":11580.39798,"MFtD":-7.07,"MQt":9.96,"MPz":781.642,"MPzD":-9.73,"MPr":14.82,"CFt":28876.264,"CFtD":-7.86,"CQt":9.47,"CPz":1862.06,"CPzD":-10.64,"CPr":15.51,"Hid":270},{"H": "cod.me290","FFt":1860.68,"FFtD":-18.2,"FQt":0.46,"FPz":417,"FPzD":-7.74,"FPr":4.46,"MFt":482.08708,"MFtD":-7.72,"MQt":0.41,"MPz":45.09,"MPzD":-5.22,"MPr":10.69,"CFt":1254.4128,"CFtD":-11.41,"CQt":0.41,"CPz":118.44,"CPzD":-8.43,"CPr":10.59,"Hid":290},{"H": "cod.me305","FFt":1442.66,"FFtD":-65.24,"FQt":0.36,"FPz":119,"FPzD":-34.97,"FPr":12.12,"MFt":633.17664,"MFtD":-43.92,"MQt":0.54,"MPz":32.12,"MPzD":-19.9,"MPr":19.71,"CFt":1229.1232,"CFtD":-55.07,"CQt":0.4,"CPz":66.18,"CPzD":-31.58,"CPr":18.57,"Hid":305}]},{"PD":"txt.tYTD","TF":[{"name": "cod.me240","value":12491.33},{"name": "cod.me260","value":3966.71},{"name": "cod.me250","value":3216.82},{"name": "cod.me300","value":3016.59},{"name": "cod.me310","value":2214.37},{"name": "cod.me270","value":2145.18},{"name": "cod.me280","value":600.07},{"name": "cod.me305","value":88.4},{"name": "cod.me290","value":85.1}],"TM":[{"name": "cod.me240","value":3804.48266},{"name": "cod.me260","value":1620.16642},{"name": "cod.me270","value":839.384},{"name": "cod.me250","value":591.7469},{"name": "cod.me310","value":578.0751},{"name": "cod.me300","value":326.67342},{"name": "cod.me280","value":242.2951},{"name": "cod.me305","value":43.85622},{"name": "cod.me290","value":29.67552}],"TC":[{"name": "cod.me240","value":10825.4164},{"name": "cod.me260","value":4199.687},{"name": "cod.me270","value":2210.5126},{"name": "cod.me250","value":1723.1732},{"name": "cod.me310","value":1366.4138},{"name": "cod.me300","value":768.3392},{"name": "cod.me280","value":637.7844},{"name": "cod.me305","value":90.9604},{"name": "cod.me290","value":79.5086}],"DT":[{"H": "cod.me231","FFt":27824.57,"FFtD":-13.82,"FQt":100,"FPz":2011,"FPzD":-12.07,"FPr":13.84,"MFt":8076.35534,"MFtD":-8.99,"MQt":100,"MPz":479.846,"MPzD":-9,"MPr":16.83,"CFt":21901.7956,"CFtD":-4.14,"CQt":100,"CPz":1223.64,"CPzD":-6.3,"CPr":17.9,"Hid":231},{"H": "cod.me300","FFt":3016.59,"FFtD":-21.94,"FQt":10.84,"FPz":488,"FPzD":-13.17,"FPr":6.18,"MFt":326.67342,"MFtD":-15.38,"MQt":4.04,"MPz":55.876,"MPzD":-13.42,"MPr":5.85,"CFt":768.3392,"CFtD":-10.06,"CQt":3.51,"CPz":132.66,"CPzD":-6.45,"CPr":5.79,"Hid":300},{"H": "cod.me310","FFt":2214.37,"FFtD":-7.5,"FQt":7.96,"FPz":264,"FPzD":-6.71,"FPr":8.39,"MFt":578.0751,"MFtD":-10.33,"MQt":7.16,"MPz":66.572,"MPzD":-13.18,"MPr":8.68,"CFt":1366.4138,"CFtD":-4.94,"CQt":6.24,"CPz":161.3,"CPzD":-6.81,"CPr":8.47,"Hid":310},{"H": "cod.me250","FFt":3216.82,"FFtD":-8.68,"FQt":11.56,"FPz":309,"FPzD":-3.13,"FPr":10.41,"MFt":591.7469,"MFtD":-2.7,"MQt":7.33,"MPz":43.586,"MPzD":-4.68,"MPr":13.58,"CFt":1723.1732,"CFtD":3.44,"CQt":7.87,"CPz":128.5,"CPzD":0.25,"CPr":13.41,"Hid":250},{"H": "cod.me280","FFt":600.07,"FFtD":47.96,"FQt":2.16,"FPz":27,"FPzD":42.11,"FPr":22.22,"MFt":242.2951,"MFtD":5.61,"MQt":3,"MPz":12.884,"MPzD":0.96,"MPr":18.81,"CFt":637.7844,"CFtD":11.4,"CQt":2.91,"CPz":33.76,"CPzD":12.99,"CPr":18.89,"Hid":280},{"H": "cod.me260","FFt":3966.71,"FFtD":-18.73,"FQt":14.26,"FPz":247,"FPzD":-16.84,"FPr":16.06,"MFt":1620.16642,"MFtD":-8.82,"MQt":20.06,"MPz":93.814,"MPzD":-7.82,"MPr":17.27,"CFt":4199.687,"CFtD":-4.96,"CQt":19.18,"CPz":236.02,"CPzD":-4.65,"CPr":17.79,"Hid":260},{"H": "cod.me240","FFt":12491.33,"FFtD":-11.89,"FQt":44.89,"FPz":525,"FPzD":-10.71,"FPr":23.79,"MFt":3804.48266,"MFtD":-8.32,"MQt":47.11,"MPz":146.31,"MPzD":-7.43,"MPr":26,"CFt":10825.4164,"CFtD":-3.1,"CQt":49.43,"CPz":380.86,"CPzD":-7.67,"CPr":28.42,"Hid":240},{"H": "cod.me270","FFt":2145.18,"FFtD":-11.53,"FQt":7.71,"FPz":125,"FPzD":-21.88,"FPr":17.16,"MFt":839.384,"MFtD":-6.53,"MQt":10.39,"MPz":54.854,"MPzD":-7.53,"MPr":15.3,"CFt":2210.5126,"CFtD":-3.58,"CQt":10.09,"CPz":136.56,"CPzD":-9.83,"CPr":16.19,"Hid":270},{"H": "cod.me290","FFt":85.1,"FFtD":-47.66,"FQt":0.31,"FPz":20,"FPzD":-44.44,"FPr":4.25,"MFt":29.67552,"MFtD":-15.7,"MQt":0.37,"MPz":2.858,"MPzD":-12.33,"MPr":10.38,"CFt":79.5086,"CFtD":-23.17,"CQt":0.36,"CPz":7.34,"CPzD":-22.74,"CPr":10.83,"Hid":290},{"H": "cod.me305","FFt":88.4,"FFtD":-80.54,"FQt":0.32,"FPz":6,"FPzD":-73.91,"FPr":14.73,"MFt":43.85622,"MFtD":-70,"MQt":0.54,"MPz":3.092,"MPzD":-40.15,"MPr":14.18,"CFt":90.9604,"CFtD":-72.51,"CQt":0.42,"CPz":6.64,"CPzD":-44.94,"CPr":13.7,"Hid":305}]},{"PD":"txt.tBIM","TF":[{"name": "cod.me240","value":23998.67},{"name": "cod.me260","value":8273.84},{"name": "cod.me250","value":6715.66},{"name": "cod.me300","value":5818.06},{"name": "cod.me270","value":4634.45},{"name": "cod.me310","value":4383.25},{"name": "cod.me280","value":1449.68},{"name": "cod.me290","value":235.4},{"name": "cod.me305","value":183.5}],"TM":[{"name": "cod.me240","value":8379.4571},{"name": "cod.me260","value":3480.96538},{"name": "cod.me270","value":2075.45994},{"name": "cod.me250","value":1284.17484},{"name": "cod.me310","value":1190.98934},{"name": "cod.me300","value":703.24692},{"name": "cod.me280","value":460.45192},{"name": "cod.me305","value":130.78734},{"name": "cod.me290","value":114.05302}],"TC":[{"name": "cod.me240","value":22853.3654},{"name": "cod.me260","value":9130.814},{"name": "cod.me270","value":5358.6494},{"name": "cod.me250","value":3627.9548},{"name": "cod.me310","value":2841.2928},{"name": "cod.me300","value":1668.4394},{"name": "cod.me280","value":1200.7336},{"name": "cod.me290","value":291.0562},{"name": "cod.me305","value":235.8888}],"DT":[{"H": "cod.me231","FFt":55692.51,"FFtD":-14.99,"FQt":100,"FPz":4061,"FPzD":-11.97,"FPr":13.71,"MFt":17819.5858,"MFtD":-11.92,"MQt":100,"MPz":1059.838,"MPzD":-10.91,"MPr":16.81,"CFt":47208.1944,"CFtD":-10.02,"CQt":100,"CPz":2661.4,"CPzD":-10.28,"CPr":17.74,"Hid":231},{"H": "cod.me300","FFt":5818.06,"FFtD":-20.65,"FQt":10.45,"FPz":931,"FPzD":-14.59,"FPr":6.25,"MFt":703.24692,"MFtD":-16.38,"MQt":3.95,"MPz":117.874,"MPzD":-14.26,"MPr":5.97,"CFt":1668.4394,"CFtD":-13.2,"CQt":3.53,"CPz":281.84,"CPzD":-10.2,"CPr":5.92,"Hid":300},{"H": "cod.me310","FFt":4383.25,"FFtD":-2.4,"FQt":7.87,"FPz":513,"FPzD":-2.66,"FPr":8.54,"MFt":1190.98934,"MFtD":-14.69,"MQt":6.68,"MPz":145.362,"MPzD":-15.48,"MPr":8.19,"CFt":2841.2928,"CFtD":-11.78,"CQt":6.02,"CPz":345.64,"CPzD":-13.92,"CPr":8.22,"Hid":310},{"H": "cod.me250","FFt":6715.66,"FFtD":-10.18,"FQt":12.06,"FPz":652,"FPzD":-5.64,"FPr":10.3,"MFt":1284.17484,"MFtD":-3.94,"MQt":7.21,"MPz":94.126,"MPzD":-5.94,"MPr":13.64,"CFt":3627.9548,"CFtD":-3.4,"CQt":7.69,"CPz":266.34,"CPzD":-5.22,"CPr":13.62,"Hid":250},{"H": "cod.me280","FFt":1449.68,"FFtD":106.56,"FQt":2.6,"FPz":64,"FPzD":93.94,"FPr":22.65,"MFt":460.45192,"MFtD":4.56,"MQt":2.58,"MPz":24.528,"MPzD":-0.16,"MPr":18.77,"CFt":1200.7336,"CFtD":12.01,"CQt":2.54,"CPz":62.92,"CPzD":12.08,"CPr":19.08,"Hid":280},{"H": "cod.me260","FFt":8273.84,"FFtD":-13.67,"FQt":14.86,"FPz":531,"FPzD":-12.81,"FPr":15.58,"MFt":3480.96538,"MFtD":-9.39,"MQt":19.53,"MPz":205.812,"MPzD":-8.57,"MPr":16.91,"CFt":9130.814,"CFtD":-6.62,"CQt":19.34,"CPz":519.66,"CPzD":-6.42,"CPr":17.57,"Hid":260},{"H": "cod.me240","FFt":23998.67,"FFtD":-17.8,"FQt":43.09,"FPz":1005,"FPzD":-19.6,"FPr":23.88,"MFt":8379.4571,"MFtD":-10.22,"MQt":47.02,"MPz":315.75,"MPzD":-9,"MPr":26.54,"CFt":22853.3654,"CFtD":-8.48,"CQt":48.41,"CPz":799.94,"CPzD":-11.08,"CPr":28.57,"Hid":240},{"H": "cod.me270","FFt":4634.45,"FFtD":-2.4,"FQt":8.32,"FPz":306,"FPzD":7.75,"FPr":15.15,"MFt":2075.45994,"MFtD":-4.69,"MQt":11.65,"MPz":138.75,"MPzD":-5.31,"MPr":14.96,"CFt":5358.6494,"CFtD":-3.53,"CQt":11.35,"CPz":345.06,"CPzD":-5.35,"CPr":15.53,"Hid":270},{"H": "cod.me290","FFt":235.4,"FFtD":-31.75,"FQt":0.42,"FPz":47,"FPzD":-34.72,"FPr":5.01,"MFt":114.05302,"MFtD":-18.35,"MQt":0.64,"MPz":9.93,"MPzD":-14.13,"MPr":11.49,"CFt":291.0562,"CFtD":-25.65,"CQt":0.62,"CPz":24.54,"CPzD":-23.36,"CPr":11.86,"Hid":290},{"H": "cod.me305","FFt":183.5,"FFtD":-88.82,"FQt":0.33,"FPz":12,"FPzD":-78.95,"FPr":15.29,"MFt":130.78734,"MFtD":-81.92,"MQt":0.73,"MPz":7.706,"MPzD":-69.57,"MPr":16.97,"CFt":235.8888,"CFtD":-86.89,"CQt":0.5,"CPz":15.46,"CPzD":-75.23,"CPr":15.26,"Hid":305}]},{"PD":"txt.t01/01/2020","TF":[{"name": "cod.me240","value":12491.33},{"name": "cod.me260","value":3966.71},{"name": "cod.me250","value":3216.82},{"name": "cod.me300","value":3016.59},{"name": "cod.me310","value":2214.37},{"name": "cod.me270","value":2145.18},{"name": "cod.me280","value":600.07},{"name": "cod.me305","value":88.4},{"name": "cod.me290","value":85.1}],"TM":[{"name": "cod.me240","value":3804.48266},{"name": "cod.me260","value":1620.16642},{"name": "cod.me270","value":839.384},{"name": "cod.me250","value":591.7469},{"name": "cod.me310","value":578.0751},{"name": "cod.me300","value":326.67342},{"name": "cod.me280","value":242.2951},{"name": "cod.me305","value":43.85622},{"name": "cod.me290","value":29.67552}],"TC":[{"name": "cod.me240","value":10825.4164},{"name": "cod.me260","value":4199.687},{"name": "cod.me270","value":2210.5126},{"name": "cod.me250","value":1723.1732},{"name": "cod.me310","value":1366.4138},{"name": "cod.me300","value":768.3392},{"name": "cod.me280","value":637.7844},{"name": "cod.me305","value":90.9604},{"name": "cod.me290","value":79.5086}],"DT":[{"H": "cod.me231","FFt":27824.57,"FFtD":-13.82,"FQt":100,"FPz":2011,"FPzD":-12.07,"FPr":13.84,"MFt":8076.35534,"MFtD":-8.99,"MQt":100,"MPz":479.846,"MPzD":-9,"MPr":16.83,"CFt":21901.7956,"CFtD":-4.14,"CQt":100,"CPz":1223.64,"CPzD":-6.3,"CPr":17.9,"Hid":231},{"H": "cod.me300","FFt":3016.59,"FFtD":-21.94,"FQt":10.84,"FPz":488,"FPzD":-13.17,"FPr":6.18,"MFt":326.67342,"MFtD":-15.38,"MQt":4.04,"MPz":55.876,"MPzD":-13.42,"MPr":5.85,"CFt":768.3392,"CFtD":-10.06,"CQt":3.51,"CPz":132.66,"CPzD":-6.45,"CPr":5.79,"Hid":300},{"H": "cod.me310","FFt":2214.37,"FFtD":-7.5,"FQt":7.96,"FPz":264,"FPzD":-6.71,"FPr":8.39,"MFt":578.0751,"MFtD":-10.33,"MQt":7.16,"MPz":66.572,"MPzD":-13.18,"MPr":8.68,"CFt":1366.4138,"CFtD":-4.94,"CQt":6.24,"CPz":161.3,"CPzD":-6.81,"CPr":8.47,"Hid":310},{"H": "cod.me250","FFt":3216.82,"FFtD":-8.68,"FQt":11.56,"FPz":309,"FPzD":-3.13,"FPr":10.41,"MFt":591.7469,"MFtD":-2.7,"MQt":7.33,"MPz":43.586,"MPzD":-4.68,"MPr":13.58,"CFt":1723.1732,"CFtD":3.44,"CQt":7.87,"CPz":128.5,"CPzD":0.25,"CPr":13.41,"Hid":250},{"H": "cod.me280","FFt":600.07,"FFtD":47.96,"FQt":2.16,"FPz":27,"FPzD":42.11,"FPr":22.22,"MFt":242.2951,"MFtD":5.61,"MQt":3,"MPz":12.884,"MPzD":0.96,"MPr":18.81,"CFt":637.7844,"CFtD":11.4,"CQt":2.91,"CPz":33.76,"CPzD":12.99,"CPr":18.89,"Hid":280},{"H": "cod.me260","FFt":3966.71,"FFtD":-18.73,"FQt":14.26,"FPz":247,"FPzD":-16.84,"FPr":16.06,"MFt":1620.16642,"MFtD":-8.82,"MQt":20.06,"MPz":93.814,"MPzD":-7.82,"MPr":17.27,"CFt":4199.687,"CFtD":-4.96,"CQt":19.18,"CPz":236.02,"CPzD":-4.65,"CPr":17.79,"Hid":260},{"H": "cod.me240","FFt":12491.33,"FFtD":-11.89,"FQt":44.89,"FPz":525,"FPzD":-10.71,"FPr":23.79,"MFt":3804.48266,"MFtD":-8.32,"MQt":47.11,"MPz":146.31,"MPzD":-7.43,"MPr":26,"CFt":10825.4164,"CFtD":-3.1,"CQt":49.43,"CPz":380.86,"CPzD":-7.67,"CPr":28.42,"Hid":240},{"H": "cod.me270","FFt":2145.18,"FFtD":-11.53,"FQt":7.71,"FPz":125,"FPzD":-21.88,"FPr":17.16,"MFt":839.384,"MFtD":-6.53,"MQt":10.39,"MPz":54.854,"MPzD":-7.53,"MPr":15.3,"CFt":2210.5126,"CFtD":-3.58,"CQt":10.09,"CPz":136.56,"CPzD":-9.83,"CPr":16.19,"Hid":270},{"H": "cod.me290","FFt":85.1,"FFtD":-47.66,"FQt":0.31,"FPz":20,"FPzD":-44.44,"FPr":4.25,"MFt":29.67552,"MFtD":-15.7,"MQt":0.37,"MPz":2.858,"MPzD":-12.33,"MPr":10.38,"CFt":79.5086,"CFtD":-23.17,"CQt":0.36,"CPz":7.34,"CPzD":-22.74,"CPr":10.83,"Hid":290},{"H": "cod.me305","FFt":88.4,"FFtD":-80.54,"FQt":0.32,"FPz":6,"FPzD":-73.91,"FPr":14.73,"MFt":43.85622,"MFtD":-70,"MQt":0.54,"MPz":3.092,"MPzD":-40.15,"MPr":14.18,"CFt":90.9604,"CFtD":-72.51,"CQt":0.42,"CPz":6.64,"CPzD":-44.94,"CPr":13.7,"Hid":305}]}]}