{
 "TIT":"cod.me250","ISF2V":[{"min": 370, "max": 5630}],"ISP2V":[{"min": 370, "max":5630 }]   ,"ISF2":[{"name": "lb.l0006","series": [{ "name":"lb.l0053","value":3288.68 },{ "name":"lb.l0054","value":3804.25 },{ "name":"lb.l0055","value":4342.08 },{ "name":"lb.l0056","value":4493.2 },{ "name":"lb.l0057","value":5621.99 },{ "name":"lb.l0058","value":5110.55 },{ "name":"lb.l0059","value":3939.12 },{ "name":"lb.l0060","value":4550.31 },{ "name":"lb.l0061","value":3895.24 },{ "name":"lb.l0062","value":3431.35 },{ "name":"lb.l0063","value":3498.84 },{ "name":"lb.l0052","value":3216.82 }]},{"name": "lb.l0007","series": [{ "name":"lb.l0053","value":616.4383 },{ "name":"lb.l0054","value":685.97204 },{ "name":"lb.l0055","value":658.3817 },{ "name":"lb.l0056","value":701.64818 },{ "name":"lb.l0057","value":691.88156 },{ "name":"lb.l0058","value":674.171 },{ "name":"lb.l0059","value":529.28672 },{ "name":"lb.l0060","value":556.68512 },{ "name":"lb.l0061","value":668.59776 },{ "name":"lb.l0062","value":628.05264 },{ "name":"lb.l0063","value":692.42794 },{ "name":"lb.l0052","value":591.7469 }]},{"name": "lb.l0008","series": [{ "name":"lb.l0053","value":1710.9868 },{ "name":"lb.l0054","value":1958.6614 },{ "name":"lb.l0055","value":1894.1288 },{ "name":"lb.l0056","value":2037.3842 },{ "name":"lb.l0057","value":1930.1808 },{ "name":"lb.l0058","value":1886.5866 },{ "name":"lb.l0059","value":1437.5612 },{ "name":"lb.l0060","value":1586.603 },{ "name":"lb.l0061","value":2031.5188 },{ "name":"lb.l0062","value":1800.0472 },{ "name":"lb.l0063","value":1904.7816 },{ "name":"lb.l0052","value":1723.1732 }]}] ,"ISF1":[ {"name": "lb.l0040","series": [{"name":"2020","value":3216.82},{"name":"2019","value":0}]},{"name": "lb.l0041","series": [{"name":"2020","value":0},{"name":"2019","value":3831.17}]},{"name": "lb.l0042","series": [{"name":"2020","value":0},{"name":"2019","value":8164.22}]},{"name": "lb.l0043","series": [{"name":"2020","value":0},{"name":"2019","value":12572.08}]},{"name": "lb.l0044","series": [{"name":"2020","value":0},{"name":"2019","value":17190.52}]},{"name": "lb.l0045","series": [{"name":"2020","value":0},{"name":"2019","value":22226.57}]},{"name": "lb.l0046","series": [{"name":"2020","value":0},{"name":"2019","value":28153.08}]},{"name": "lb.l0047","series": [{"name":"2020","value":0},{"name":"2019","value":32907.81}]},{"name": "lb.l0048","series": [{"name":"2020","value":0},{"name":"2019","value":37528.05}]},{"name": "lb.l0049","series": [{"name":"2020","value":0},{"name":"2019","value":42472.32}]},{"name": "lb.l0050","series": [{"name":"2020","value":0},{"name":"2019","value":46293.21}]},{"name": "lb.l0051","series": [{"name":"2020","value":0},{"name":"2019","value":50247.28}]}],"DTP":[{"PD":"txt.tMAT","TF":[{"name": "cod.me250","value":49192.43}],"TM":[{"name": "cod.me250","value":7695.28986}],"TC":[{"name": "cod.me250","value":21901.6136}],"DT":[{"H": "cod.me250","FFt":49192.43,"FFtD":-8.51,"FQt":100,"FPz":4738,"FPzD":-3.99,"FPr":10.38,"MFt":7695.28986,"MFtD":-2.01,"MQt":100,"MPz":578.74,"MPzD":-3.34,"MPr":13.3,"CFt":21901.6136,"CFtD":-1.22,"CQt":100,"CPz":1648.82,"CPzD":-2.62,"CPr":13.28,"Hid":250}]},{"PD":"txt.tYTD","TF":[{"name": "cod.me250","value":3216.82}],"TM":[{"name": "cod.me250","value":591.7469}],"TC":[{"name": "cod.me250","value":1723.1732}],"DT":[{"H": "cod.me250","FFt":3216.82,"FFtD":-8.68,"FQt":100,"FPz":309,"FPzD":-3.13,"FPr":10.41,"MFt":591.7469,"MFtD":-2.7,"MQt":100,"MPz":43.586,"MPzD":-4.68,"MPr":13.58,"CFt":1723.1732,"CFtD":3.44,"CQt":100,"CPz":128.5,"CPzD":0.25,"CPr":13.41,"Hid":250}]},{"PD":"txt.tBIM","TF":[{"name": "cod.me250","value":6715.66}],"TM":[{"name": "cod.me250","value":1284.17484}],"TC":[{"name": "cod.me250","value":3627.9548}],"DT":[{"H": "cod.me250","FFt":6715.66,"FFtD":-10.18,"FQt":100,"FPz":652,"FPzD":-5.64,"FPr":10.3,"MFt":1284.17484,"MFtD":-3.94,"MQt":100,"MPz":94.126,"MPzD":-5.94,"MPr":13.64,"CFt":3627.9548,"CFtD":-3.4,"CQt":100,"CPz":266.34,"CPzD":-5.22,"CPr":13.62,"Hid":250}]},{"PD":"txt.t01/01/2020","TF":[{"name": "cod.me250","value":3216.82}],"TM":[{"name": "cod.me250","value":591.7469}],"TC":[{"name": "cod.me250","value":1723.1732}],"DT":[{"H": "cod.me250","FFt":3216.82,"FFtD":-8.68,"FQt":100,"FPz":309,"FPzD":-3.13,"FPr":10.41,"MFt":591.7469,"MFtD":-2.7,"MQt":100,"MPz":43.586,"MPzD":-4.68,"MPr":13.58,"CFt":1723.1732,"CFtD":3.44,"CQt":100,"CPz":128.5,"CPzD":0.25,"CPr":13.41,"Hid":250}]}]}