{
 "TIT":"cod.me270","ISF2V":[{"min": 470, "max": 3400}],"ISP2V":[{"min": 470, "max":3400 }]   ,"ISF2":[{"name": "lb.l0006","series": [{ "name":"lb.l0053","value":3007.64 },{ "name":"lb.l0054","value":2099.69 },{ "name":"lb.l0055","value":2784.82 },{ "name":"lb.l0056","value":2655.8 },{ "name":"lb.l0057","value":3396.23 },{ "name":"lb.l0058","value":2480.89 },{ "name":"lb.l0059","value":1826.94 },{ "name":"lb.l0060","value":2372.89 },{ "name":"lb.l0061","value":2345.62 },{ "name":"lb.l0062","value":2159.36 },{ "name":"lb.l0063","value":2489.27 },{ "name":"lb.l0052","value":2145.18 }]},{"name": "lb.l0007","series": [{ "name":"lb.l0053","value":906.08624 },{ "name":"lb.l0054","value":1027.94874 },{ "name":"lb.l0055","value":1019.61816 },{ "name":"lb.l0056","value":1045.66056 },{ "name":"lb.l0057","value":1007.17082 },{ "name":"lb.l0058","value":871.43956 },{ "name":"lb.l0059","value":679.60612 },{ "name":"lb.l0060","value":764.08512 },{ "name":"lb.l0061","value":1122.61384 },{ "name":"lb.l0062","value":1060.70888 },{ "name":"lb.l0063","value":1236.07594 },{ "name":"lb.l0052","value":839.384 }]},{"name": "lb.l0008","series": [{ "name":"lb.l0053","value":2250.3962 },{ "name":"lb.l0054","value":2550.937 },{ "name":"lb.l0055","value":2550.2424 },{ "name":"lb.l0056","value":2693.1336 },{ "name":"lb.l0057","value":2498.4388 },{ "name":"lb.l0058","value":2131.981 },{ "name":"lb.l0059","value":1639.4576 },{ "name":"lb.l0060","value":1776.679 },{ "name":"lb.l0061","value":2693.5722 },{ "name":"lb.l0062","value":2732.7768 },{ "name":"lb.l0063","value":3148.1368 },{ "name":"lb.l0052","value":2210.5126 }]}] ,"ISF1":[ {"name": "lb.l0040","series": [{"name":"2020","value":2145.18},{"name":"2019","value":0}]},{"name": "lb.l0041","series": [{"name":"2020","value":0},{"name":"2019","value":2503.1}]},{"name": "lb.l0042","series": [{"name":"2020","value":0},{"name":"2019","value":4854.09}]},{"name": "lb.l0043","series": [{"name":"2020","value":0},{"name":"2019","value":8051.93}]},{"name": "lb.l0044","series": [{"name":"2020","value":0},{"name":"2019","value":10418.6}]},{"name": "lb.l0045","series": [{"name":"2020","value":0},{"name":"2019","value":13267.78}]},{"name": "lb.l0046","series": [{"name":"2020","value":0},{"name":"2019","value":15977.19}]},{"name": "lb.l0047","series": [{"name":"2020","value":0},{"name":"2019","value":17437.59}]},{"name": "lb.l0048","series": [{"name":"2020","value":0},{"name":"2019","value":20205.04}]},{"name": "lb.l0049","series": [{"name":"2020","value":0},{"name":"2019","value":23507.08}]},{"name": "lb.l0050","series": [{"name":"2020","value":0},{"name":"2019","value":26902.6}]},{"name": "lb.l0051","series": [{"name":"2020","value":0},{"name":"2019","value":29226.6}]}],"DTP":[{"PD":"txt.tMAT","TF":[{"name": "cod.me270","value":29764.33}],"TM":[{"name": "cod.me270","value":11580.39798}],"TC":[{"name": "cod.me270","value":28876.264}],"DT":[{"H": "cod.me270","FFt":29764.33,"FFtD":-5.96,"FQt":100,"FPz":2013,"FPzD":5.12,"FPr":14.79,"MFt":11580.39798,"MFtD":-7.07,"MQt":100,"MPz":781.642,"MPzD":-9.73,"MPr":14.82,"CFt":28876.264,"CFtD":-7.86,"CQt":100,"CPz":1862.06,"CPzD":-10.64,"CPr":15.51,"Hid":270}]},{"PD":"txt.tYTD","TF":[{"name": "cod.me270","value":2145.18}],"TM":[{"name": "cod.me270","value":839.384}],"TC":[{"name": "cod.me270","value":2210.5126}],"DT":[{"H": "cod.me270","FFt":2145.18,"FFtD":-11.53,"FQt":100,"FPz":125,"FPzD":-21.88,"FPr":17.16,"MFt":839.384,"MFtD":-6.53,"MQt":100,"MPz":54.854,"MPzD":-7.53,"MPr":15.3,"CFt":2210.5126,"CFtD":-3.58,"CQt":100,"CPz":136.56,"CPzD":-9.83,"CPr":16.19,"Hid":270}]},{"PD":"txt.tBIM","TF":[{"name": "cod.me270","value":4634.45}],"TM":[{"name": "cod.me270","value":2075.45994}],"TC":[{"name": "cod.me270","value":5358.6494}],"DT":[{"H": "cod.me270","FFt":4634.45,"FFtD":-2.4,"FQt":100,"FPz":306,"FPzD":7.75,"FPr":15.15,"MFt":2075.45994,"MFtD":-4.69,"MQt":100,"MPz":138.75,"MPzD":-5.31,"MPr":14.96,"CFt":5358.6494,"CFtD":-3.53,"CQt":100,"CPz":345.06,"CPzD":-5.35,"CPr":15.53,"Hid":270}]},{"PD":"txt.t01/01/2020","TF":[{"name": "cod.me270","value":2145.18}],"TM":[{"name": "cod.me270","value":839.384}],"TC":[{"name": "cod.me270","value":2210.5126}],"DT":[{"H": "cod.me270","FFt":2145.18,"FFtD":-11.53,"FQt":100,"FPz":125,"FPzD":-21.88,"FPr":17.16,"MFt":839.384,"MFtD":-6.53,"MQt":100,"MPz":54.854,"MPzD":-7.53,"MPr":15.3,"CFt":2210.5126,"CFtD":-3.58,"CQt":100,"CPz":136.56,"CPzD":-9.83,"CPr":16.19,"Hid":270}]}]}