{
 "TIT":"cod.me310","ISF2V":[{"min": 240, "max": 2250}],"ISP2V":[{"min": 240, "max":2250 }]   ,"ISF2":[{"name": "lb.l0006","series": [{ "name":"lb.l0053","value":1719.16 },{ "name":"lb.l0054","value":2068.75 },{ "name":"lb.l0055","value":2244.76 },{ "name":"lb.l0056","value":1666.75 },{ "name":"lb.l0057","value":2149.06 },{ "name":"lb.l0058","value":2092.49 },{ "name":"lb.l0059","value":1632.66 },{ "name":"lb.l0060","value":1520.8 },{ "name":"lb.l0061","value":1744.56 },{ "name":"lb.l0062","value":1578.8 },{ "name":"lb.l0063","value":2168.88 },{ "name":"lb.l0052","value":2214.37 }]},{"name": "lb.l0007","series": [{ "name":"lb.l0053","value":509.37556 },{ "name":"lb.l0054","value":542.01606 },{ "name":"lb.l0055","value":492.7506 },{ "name":"lb.l0056","value":506.38334 },{ "name":"lb.l0057","value":511.80684 },{ "name":"lb.l0058","value":462.74784 },{ "name":"lb.l0059","value":353.63176 },{ "name":"lb.l0060","value":347.43856 },{ "name":"lb.l0061","value":417.86866 },{ "name":"lb.l0062","value":438.46092 },{ "name":"lb.l0063","value":612.91424 },{ "name":"lb.l0052","value":578.0751 }]},{"name": "lb.l0008","series": [{ "name":"lb.l0053","value":1170.8806 },{ "name":"lb.l0054","value":1266.3558 },{ "name":"lb.l0055","value":1142.76 },{ "name":"lb.l0056","value":1143.7224 },{ "name":"lb.l0057","value":1141.8114 },{ "name":"lb.l0058","value":1019.933 },{ "name":"lb.l0059","value":800.0792 },{ "name":"lb.l0060","value":806.3886 },{ "name":"lb.l0061","value":989.3974 },{ "name":"lb.l0062","value":1068.3162 },{ "name":"lb.l0063","value":1474.879 },{ "name":"lb.l0052","value":1366.4138 }]}] ,"ISF1":[ {"name": "lb.l0040","series": [{"name":"2020","value":2214.37},{"name":"2019","value":0}]},{"name": "lb.l0041","series": [{"name":"2020","value":0},{"name":"2019","value":1767.13}]},{"name": "lb.l0042","series": [{"name":"2020","value":0},{"name":"2019","value":3682.11}]},{"name": "lb.l0043","series": [{"name":"2020","value":0},{"name":"2019","value":5834.76}]},{"name": "lb.l0044","series": [{"name":"2020","value":0},{"name":"2019","value":7718.16}]},{"name": "lb.l0045","series": [{"name":"2020","value":0},{"name":"2019","value":9527.51}]},{"name": "lb.l0046","series": [{"name":"2020","value":0},{"name":"2019","value":11630.16}]},{"name": "lb.l0047","series": [{"name":"2020","value":0},{"name":"2019","value":13340.37}]},{"name": "lb.l0048","series": [{"name":"2020","value":0},{"name":"2019","value":15051.43}]},{"name": "lb.l0049","series": [{"name":"2020","value":0},{"name":"2019","value":17069.71}]},{"name": "lb.l0050","series": [{"name":"2020","value":0},{"name":"2019","value":19170.01}]},{"name": "lb.l0051","series": [{"name":"2020","value":0},{"name":"2019","value":21266.98}]}],"DTP":[{"PD":"txt.tMAT","TF":[{"name": "cod.me310","value":22801.04}],"TM":[{"name": "cod.me310","value":5773.46948}],"TC":[{"name": "cod.me310","value":13390.9374}],"DT":[{"H": "cod.me310","FFt":22801.04,"FFtD":-3.63,"FQt":100,"FPz":2544,"FPzD":-9.47,"FPr":8.96,"MFt":5773.46948,"MFtD":2.03,"MQt":100,"MPz":579.376,"MPzD":-2.04,"MPr":9.96,"CFt":13390.9374,"CFtD":4.42,"CQt":100,"CPz":1316.44,"CPzD":-1.81,"CPr":10.17,"Hid":310}]},{"PD":"txt.tYTD","TF":[{"name": "cod.me310","value":2214.37}],"TM":[{"name": "cod.me310","value":578.0751}],"TC":[{"name": "cod.me310","value":1366.4138}],"DT":[{"H": "cod.me310","FFt":2214.37,"FFtD":-7.5,"FQt":100,"FPz":264,"FPzD":-6.71,"FPr":8.39,"MFt":578.0751,"MFtD":-10.33,"MQt":100,"MPz":66.572,"MPzD":-13.18,"MPr":8.68,"CFt":1366.4138,"CFtD":-4.94,"CQt":100,"CPz":161.3,"CPzD":-6.81,"CPr":8.47,"Hid":310}]},{"PD":"txt.tBIM","TF":[{"name": "cod.me310","value":4383.25}],"TM":[{"name": "cod.me310","value":1190.98934}],"TC":[{"name": "cod.me310","value":2841.2928}],"DT":[{"H": "cod.me310","FFt":4383.25,"FFtD":-2.4,"FQt":100,"FPz":513,"FPzD":-2.66,"FPr":8.54,"MFt":1190.98934,"MFtD":-14.69,"MQt":100,"MPz":145.362,"MPzD":-15.48,"MPr":8.19,"CFt":2841.2928,"CFtD":-11.78,"CQt":100,"CPz":345.64,"CPzD":-13.92,"CPr":8.22,"Hid":310}]},{"PD":"txt.t01/01/2020","TF":[{"name": "cod.me310","value":2214.37}],"TM":[{"name": "cod.me310","value":578.0751}],"TC":[{"name": "cod.me310","value":1366.4138}],"DT":[{"H": "cod.me310","FFt":2214.37,"FFtD":-7.5,"FQt":100,"FPz":264,"FPzD":-6.71,"FPr":8.39,"MFt":578.0751,"MFtD":-10.33,"MQt":100,"MPz":66.572,"MPzD":-13.18,"MPr":8.68,"CFt":1366.4138,"CFtD":-4.94,"CQt":100,"CPz":161.3,"CPzD":-6.81,"CPr":8.47,"Hid":310}]}]}