{
 "TIT":"cod.me31","ISF2V":[{"min": 20390, "max": 95440}],"ISP2V":[{"min": 20390, "max":95440 }]   ,"ISF2":[{"name": "lb.l0006","series": [{ "name":"lb.l0053","value":32430.23 },{ "name":"lb.l0054","value":33737.57 },{ "name":"lb.l0055","value":34362.88 },{ "name":"lb.l0056","value":36519 },{ "name":"lb.l0057","value":35204.59 },{ "name":"lb.l0058","value":32954 },{ "name":"lb.l0059","value":32288.18 },{ "name":"lb.l0060","value":29133.18 },{ "name":"lb.l0061","value":31112.27 },{ "name":"lb.l0062","value":34844.17 },{ "name":"lb.l0063","value":32715.94 },{ "name":"lb.l0052","value":33379.48 }]},{"name": "lb.l0007","series": [{ "name":"lb.l0053","value":57202.44498 },{ "name":"lb.l0054","value":60966.88566 },{ "name":"lb.l0055","value":57903.7264 },{ "name":"lb.l0056","value":64399.94996 },{ "name":"lb.l0057","value":56427.35958 },{ "name":"lb.l0058","value":61112.10696 },{ "name":"lb.l0059","value":50889.92714 },{ "name":"lb.l0060","value":54551.8849 },{ "name":"lb.l0061","value":60304.0759 },{ "name":"lb.l0062","value":56649.11634 },{ "name":"lb.l0063","value":57689.2286 },{ "name":"lb.l0052","value":63759.24376 }]},{"name": "lb.l0008","series": [{ "name":"lb.l0053","value":85287.3698 },{ "name":"lb.l0054","value":91217.1732 },{ "name":"lb.l0055","value":86376.0582 },{ "name":"lb.l0056","value":94885.5268 },{ "name":"lb.l0057","value":84591.077 },{ "name":"lb.l0058","value":90148.3634 },{ "name":"lb.l0059","value":78158.3056 },{ "name":"lb.l0060","value":80643.3802 },{ "name":"lb.l0061","value":89620.8886 },{ "name":"lb.l0062","value":85484.872 },{ "name":"lb.l0063","value":86876.7254 },{ "name":"lb.l0052","value":95436.7932 }]}] ,"ISF1":[ {"name": "lb.l0040","series": [{"name":"2020","value":33379.48},{"name":"2019","value":0}]},{"name": "lb.l0041","series": [{"name":"2020","value":0},{"name":"2019","value":27022.24}]},{"name": "lb.l0042","series": [{"name":"2020","value":0},{"name":"2019","value":60226.05}]},{"name": "lb.l0043","series": [{"name":"2020","value":0},{"name":"2019","value":90416.78}]},{"name": "lb.l0044","series": [{"name":"2020","value":0},{"name":"2019","value":122458.21}]},{"name": "lb.l0045","series": [{"name":"2020","value":0},{"name":"2019","value":152523.39}]},{"name": "lb.l0046","series": [{"name":"2020","value":0},{"name":"2019","value":184996.46}]},{"name": "lb.l0047","series": [{"name":"2020","value":0},{"name":"2019","value":216674.27}]},{"name": "lb.l0048","series": [{"name":"2020","value":0},{"name":"2019","value":248670.61}]},{"name": "lb.l0049","series": [{"name":"2020","value":0},{"name":"2019","value":282848.79}]},{"name": "lb.l0050","series": [{"name":"2020","value":0},{"name":"2019","value":316788.98}]},{"name": "lb.l0051","series": [{"name":"2020","value":0},{"name":"2019","value":352171.13}]}],"DTP":[{"PD":"txt.tMAT","TF":[{"name": "cod.me31","value":398681.49}],"TM":[{"name": "cod.me31","value":701855.95018}],"TC":[{"name": "cod.me31","value":1048726.5334}],"DT":[{"H": "cod.me31","FFt":398681.49,"FFtD":2.97,"FQt":100,"FPz":45925,"FPzD":3.65,"FPr":8.68,"MFt":701855.95018,"MFtD":-1.69,"MQt":100,"MPz":68745.608,"MPzD":-2.5,"MPr":10.21,"CFt":1048726.5334,"CFtD":0.14,"CQt":100,"CPz":104895.04,"CPzD":-1.13,"CPr":10,"Hid":31}]},{"PD":"txt.tYTD","TF":[{"name": "cod.me31","value":33379.48}],"TM":[{"name": "cod.me31","value":63759.24376}],"TC":[{"name": "cod.me31","value":95436.7932}],"DT":[{"H": "cod.me31","FFt":33379.48,"FFtD":-4.63,"FQt":100,"FPz":3795,"FPzD":-7.44,"FPr":8.8,"MFt":63759.24376,"MFtD":-2.84,"MQt":100,"MPz":6204.536,"MPzD":-4.56,"MPr":10.28,"CFt":95436.7932,"CFtD":-1.57,"CQt":100,"CPz":9502.16,"CPzD":-3.47,"CPr":10.04,"Hid":31}]},{"PD":"txt.tBIM","TF":[{"name": "cod.me31","value":66095.42}],"TM":[{"name": "cod.me31","value":121448.47236}],"TC":[{"name": "cod.me31","value":182313.5186}],"DT":[{"H": "cod.me31","FFt":66095.42,"FFtD":-6.09,"FQt":100,"FPz":7459,"FPzD":-9.34,"FPr":8.86,"MFt":121448.47236,"MFtD":-1.48,"MQt":100,"MPz":11826.508,"MPzD":-3.17,"MPr":10.27,"CFt":182313.5186,"CFtD":-1.37,"CQt":100,"CPz":18234.78,"CPzD":-2.73,"CPr":10,"Hid":31}]},{"PD":"txt.t01/01/2020","TF":[{"name": "cod.me31","value":33379.48}],"TM":[{"name": "cod.me31","value":63759.24376}],"TC":[{"name": "cod.me31","value":95436.7932}],"DT":[{"H": "cod.me31","FFt":33379.48,"FFtD":-4.63,"FQt":100,"FPz":3795,"FPzD":-7.44,"FPr":8.8,"MFt":63759.24376,"MFtD":-2.84,"MQt":100,"MPz":6204.536,"MPzD":-4.56,"MPr":10.28,"CFt":95436.7932,"CFtD":-1.57,"CQt":100,"CPz":9502.16,"CPzD":-3.47,"CPr":10.04,"Hid":31}]}]}