{
 "TIT":"cod.me32","ISF2V":[{"min": 9210, "max": 26050}],"ISP2V":[{"min": 9210, "max":26050 }]   ,"ISF2":[{"name": "lb.l0006","series": [{ "name":"lb.l0053","value":14744.49 },{ "name":"lb.l0054","value":14651.14 },{ "name":"lb.l0055","value":14632.7 },{ "name":"lb.l0056","value":14501.23 },{ "name":"lb.l0057","value":15333.55 },{ "name":"lb.l0058","value":15169.54 },{ "name":"lb.l0059","value":13711.14 },{ "name":"lb.l0060","value":13631.95 },{ "name":"lb.l0061","value":13163.37 },{ "name":"lb.l0062","value":13232.29 },{ "name":"lb.l0063","value":14194.68 },{ "name":"lb.l0052","value":13347.76 }]},{"name": "lb.l0007","series": [{ "name":"lb.l0053","value":15096.67426 },{ "name":"lb.l0054","value":16275.05894 },{ "name":"lb.l0055","value":15507.83844 },{ "name":"lb.l0056","value":17671.73412 },{ "name":"lb.l0057","value":15507.50948 },{ "name":"lb.l0058","value":17218.2074 },{ "name":"lb.l0059","value":14595.22732 },{ "name":"lb.l0060","value":15535.80772 },{ "name":"lb.l0061","value":16879.5926 },{ "name":"lb.l0062","value":15801.31868 },{ "name":"lb.l0063","value":15795.40538 },{ "name":"lb.l0052","value":17577.67326 }]},{"name": "lb.l0008","series": [{ "name":"lb.l0053","value":22000.3752 },{ "name":"lb.l0054","value":23617.7916 },{ "name":"lb.l0055","value":22624.6756 },{ "name":"lb.l0056","value":25654.0826 },{ "name":"lb.l0057","value":22602.358 },{ "name":"lb.l0058","value":24831.2648 },{ "name":"lb.l0059","value":22175.1472 },{ "name":"lb.l0060","value":22617.2664 },{ "name":"lb.l0061","value":24161.5992 },{ "name":"lb.l0062","value":23101.4234 },{ "name":"lb.l0063","value":23504.4736 },{ "name":"lb.l0052","value":26042.4316 }]}] ,"ISF1":[ {"name": "lb.l0040","series": [{"name":"2020","value":13347.76},{"name":"2019","value":0}]},{"name": "lb.l0041","series": [{"name":"2020","value":0},{"name":"2019","value":10062.61}]},{"name": "lb.l0042","series": [{"name":"2020","value":0},{"name":"2019","value":22283.12}]},{"name": "lb.l0043","series": [{"name":"2020","value":0},{"name":"2019","value":33044.48}]},{"name": "lb.l0044","series": [{"name":"2020","value":0},{"name":"2019","value":45051.99}]},{"name": "lb.l0045","series": [{"name":"2020","value":0},{"name":"2019","value":56867.54}]},{"name": "lb.l0046","series": [{"name":"2020","value":0},{"name":"2019","value":69759.72}]},{"name": "lb.l0047","series": [{"name":"2020","value":0},{"name":"2019","value":82447.55}]},{"name": "lb.l0048","series": [{"name":"2020","value":0},{"name":"2019","value":94813.9}]},{"name": "lb.l0049","series": [{"name":"2020","value":0},{"name":"2019","value":108237.92}]},{"name": "lb.l0050","series": [{"name":"2020","value":0},{"name":"2019","value":121179.04}]},{"name": "lb.l0051","series": [{"name":"2020","value":0},{"name":"2019","value":134811.26}]}],"DTP":[{"PD":"txt.tMAT","TF":[{"name": "cod.me32","value":170313.84}],"TM":[{"name": "cod.me32","value":193462.0476}],"TC":[{"name": "cod.me32","value":282932.8892}],"DT":[{"H": "cod.me32","FFt":170313.84,"FFtD":14.51,"FQt":100,"FPz":28798,"FPzD":6.94,"FPr":5.91,"MFt":193462.0476,"MFtD":3.58,"MQt":100,"MPz":29726.038,"MPzD":-0.96,"MPr":6.51,"CFt":282932.8892,"CFtD":4.65,"CQt":100,"CPz":43833.54,"CPzD":0.16,"CPr":6.45,"Hid":32}]},{"PD":"txt.tYTD","TF":[{"name": "cod.me32","value":13347.76}],"TM":[{"name": "cod.me32","value":17577.67326}],"TC":[{"name": "cod.me32","value":26042.4316}],"DT":[{"H": "cod.me32","FFt":13347.76,"FFtD":-4.15,"FQt":100,"FPz":2343,"FPzD":-3.3,"FPr":5.7,"MFt":17577.67326,"MFtD":1.61,"MQt":100,"MPz":2651.32,"MPzD":-2.66,"MPr":6.63,"CFt":26042.4316,"CFtD":3.77,"CQt":100,"CPz":3920.02,"CPzD":-1.47,"CPr":6.64,"Hid":32}]},{"PD":"txt.tBIM","TF":[{"name": "cod.me32","value":27542.44}],"TM":[{"name": "cod.me32","value":33373.07864}],"TC":[{"name": "cod.me32","value":49546.9052}],"DT":[{"H": "cod.me32","FFt":27542.44,"FFtD":-0.06,"FQt":100,"FPz":4593,"FPzD":-6.27,"FPr":6,"MFt":33373.07864,"MFtD":2.6,"MQt":100,"MPz":5034.042,"MPzD":-1.67,"MPr":6.63,"CFt":49546.9052,"CFtD":4.33,"CQt":100,"CPz":7487.44,"CPzD":-0.55,"CPr":6.62,"Hid":32}]},{"PD":"txt.t01/01/2020","TF":[{"name": "cod.me32","value":13347.76}],"TM":[{"name": "cod.me32","value":17577.67326}],"TC":[{"name": "cod.me32","value":26042.4316}],"DT":[{"H": "cod.me32","FFt":13347.76,"FFtD":-4.15,"FQt":100,"FPz":2343,"FPzD":-3.3,"FPr":5.7,"MFt":17577.67326,"MFtD":1.61,"MQt":100,"MPz":2651.32,"MPzD":-2.66,"MPr":6.63,"CFt":26042.4316,"CFtD":3.77,"CQt":100,"CPz":3920.02,"CPzD":-1.47,"CPr":6.64,"Hid":32}]}]}