{
 "TIT":"cod.me350","ISF2V":[{"min": 790, "max": 5750}],"ISP2V":[{"min": 790, "max":5750 }]   ,"ISF2":[{"name": "lb.l0006","series": [{ "name":"lb.l0053","value":2867 },{ "name":"lb.l0054","value":3555.75 },{ "name":"lb.l0055","value":3801.15 },{ "name":"lb.l0056","value":3218.63 },{ "name":"lb.l0057","value":5748.88 },{ "name":"lb.l0058","value":5721.61 },{ "name":"lb.l0059","value":3595.87 },{ "name":"lb.l0060","value":3191.01 },{ "name":"lb.l0061","value":3880.74 },{ "name":"lb.l0062","value":3363.32 },{ "name":"lb.l0063","value":2786.43 },{ "name":"lb.l0052","value":3008.18 }]},{"name": "lb.l0007","series": [{ "name":"lb.l0053","value":1133.47802 },{ "name":"lb.l0054","value":1288.88058 },{ "name":"lb.l0055","value":1215.95852 },{ "name":"lb.l0056","value":1291.12888 },{ "name":"lb.l0057","value":1558.4609 },{ "name":"lb.l0058","value":1657.20948 },{ "name":"lb.l0059","value":1382.65982 },{ "name":"lb.l0060","value":1232.26836 },{ "name":"lb.l0061","value":1250.72078 },{ "name":"lb.l0062","value":1189.89862 },{ "name":"lb.l0063","value":1572.44954 },{ "name":"lb.l0052","value":1176.79288 }]},{"name": "lb.l0008","series": [{ "name":"lb.l0053","value":2628.6162 },{ "name":"lb.l0054","value":3040.7668 },{ "name":"lb.l0055","value":2869.6022 },{ "name":"lb.l0056","value":3085.2822 },{ "name":"lb.l0057","value":3697.9474 },{ "name":"lb.l0058","value":3815.566 },{ "name":"lb.l0059","value":3176.5378 },{ "name":"lb.l0060","value":2895.3734 },{ "name":"lb.l0061","value":2894.3822 },{ "name":"lb.l0062","value":2805.5494 },{ "name":"lb.l0063","value":3618.4406 },{ "name":"lb.l0052","value":2888.6608 }]}] ,"ISF1":[ {"name": "lb.l0040","series": [{"name":"2020","value":3008.18},{"name":"2019","value":0}]},{"name": "lb.l0041","series": [{"name":"2020","value":0},{"name":"2019","value":2898.04}]},{"name": "lb.l0042","series": [{"name":"2020","value":0},{"name":"2019","value":6444.2}]},{"name": "lb.l0043","series": [{"name":"2020","value":0},{"name":"2019","value":10372.05}]},{"name": "lb.l0044","series": [{"name":"2020","value":0},{"name":"2019","value":14921.25}]},{"name": "lb.l0045","series": [{"name":"2020","value":0},{"name":"2019","value":19956.95}]},{"name": "lb.l0046","series": [{"name":"2020","value":0},{"name":"2019","value":25513.07}]},{"name": "lb.l0047","series": [{"name":"2020","value":0},{"name":"2019","value":29683.22}]},{"name": "lb.l0048","series": [{"name":"2020","value":0},{"name":"2019","value":33596.03}]},{"name": "lb.l0049","series": [{"name":"2020","value":0},{"name":"2019","value":37406.98}]},{"name": "lb.l0050","series": [{"name":"2020","value":0},{"name":"2019","value":40872.7}]},{"name": "lb.l0051","series": [{"name":"2020","value":0},{"name":"2019","value":44846.34}]}],"DTP":[{"PD":"txt.tMAT","TF":[{"name": "cod.me350","value":44738.57}],"TM":[{"name": "cod.me350","value":15949.90638}],"TC":[{"name": "cod.me350","value":37416.725}],"DT":[{"H": "cod.me350","FFt":44738.57,"FFtD":-6.81,"FQt":100,"FPz":4742,"FPzD":-1.08,"FPr":9.43,"MFt":15949.90638,"MFtD":1.46,"MQt":100,"MPz":1550.974,"MPzD":1.82,"MPr":10.28,"CFt":37416.725,"CFtD":0.67,"CQt":100,"CPz":3676.76,"CPzD":2.62,"CPr":10.18,"Hid":350}]},{"PD":"txt.tYTD","TF":[{"name": "cod.me350","value":3008.18}],"TM":[{"name": "cod.me350","value":1176.79288}],"TC":[{"name": "cod.me350","value":2888.6608}],"DT":[{"H": "cod.me350","FFt":3008.18,"FFtD":-4.92,"FQt":100,"FPz":301,"FPzD":7.12,"FPr":9.99,"MFt":1176.79288,"MFtD":-0.48,"MQt":100,"MPz":111.892,"MPzD":-2.31,"MPr":10.52,"CFt":2888.6608,"CFtD":3.33,"CQt":100,"CPz":274.84,"CPzD":1.05,"CPr":10.51,"Hid":350}]},{"PD":"txt.tBIM","TF":[{"name": "cod.me350","value":5794.61}],"TM":[{"name": "cod.me350","value":2749.24242}],"TC":[{"name": "cod.me350","value":6507.1014}],"DT":[{"H": "cod.me350","FFt":5794.61,"FFtD":-18.81,"FQt":100,"FPz":574,"FPzD":-21.69,"FPr":10.1,"MFt":2749.24242,"MFtD":-4.43,"MQt":100,"MPz":266.506,"MPzD":-3.77,"MPr":10.32,"CFt":6507.1014,"CFtD":-5.61,"CQt":100,"CPz":623.2,"CPzD":-5.62,"CPr":10.44,"Hid":350}]},{"PD":"txt.t01/01/2020","TF":[{"name": "cod.me350","value":3008.18}],"TM":[{"name": "cod.me350","value":1176.79288}],"TC":[{"name": "cod.me350","value":2888.6608}],"DT":[{"H": "cod.me350","FFt":3008.18,"FFtD":-4.92,"FQt":100,"FPz":301,"FPzD":7.12,"FPr":9.99,"MFt":1176.79288,"MFtD":-0.48,"MQt":100,"MPz":111.892,"MPzD":-2.31,"MPr":10.52,"CFt":2888.6608,"CFtD":3.33,"CQt":100,"CPz":274.84,"CPzD":1.05,"CPr":10.51,"Hid":350}]}]}