{
 "TIT":"cod.me430","ISF2V":[{"min": 360, "max": 4190}],"ISP2V":[{"min": 360, "max":4190 }]   ,"ISF2":[{"name": "lb.l0006","series": [{ "name":"lb.l0053","value":3586.33 },{ "name":"lb.l0054","value":3866.69 },{ "name":"lb.l0055","value":3932.67 },{ "name":"lb.l0056","value":3282.14 },{ "name":"lb.l0057","value":3770.91 },{ "name":"lb.l0058","value":3775.04 },{ "name":"lb.l0059","value":3786.84 },{ "name":"lb.l0060","value":4114 },{ "name":"lb.l0061","value":3151.84 },{ "name":"lb.l0062","value":3013.29 },{ "name":"lb.l0063","value":3937.85 },{ "name":"lb.l0052","value":4187.96 }]},{"name": "lb.l0007","series": [{ "name":"lb.l0053","value":551.34038 },{ "name":"lb.l0054","value":614.6866 },{ "name":"lb.l0055","value":552.77622 },{ "name":"lb.l0056","value":612.98322 },{ "name":"lb.l0057","value":527.507 },{ "name":"lb.l0058","value":623.4957 },{ "name":"lb.l0059","value":536.946 },{ "name":"lb.l0060","value":622.87368 },{ "name":"lb.l0061","value":673.34 },{ "name":"lb.l0062","value":601.02702 },{ "name":"lb.l0063","value":575.93216 },{ "name":"lb.l0052","value":679.00838 }]},{"name": "lb.l0008","series": [{ "name":"lb.l0053","value":1166.918 },{ "name":"lb.l0054","value":1324.97 },{ "name":"lb.l0055","value":1233.559 },{ "name":"lb.l0056","value":1259.8802 },{ "name":"lb.l0057","value":1209.7156 },{ "name":"lb.l0058","value":1301.5014 },{ "name":"lb.l0059","value":1218.5882 },{ "name":"lb.l0060","value":1373.661 },{ "name":"lb.l0061","value":1388.2464 },{ "name":"lb.l0062","value":1292.1418 },{ "name":"lb.l0063","value":1226.9576 },{ "name":"lb.l0052","value":1455.3526 }]}] ,"ISF1":[ {"name": "lb.l0040","series": [{"name":"2020","value":4187.96},{"name":"2019","value":0}]},{"name": "lb.l0041","series": [{"name":"2020","value":0},{"name":"2019","value":3163.42}]},{"name": "lb.l0042","series": [{"name":"2020","value":0},{"name":"2019","value":7007.61}]},{"name": "lb.l0043","series": [{"name":"2020","value":0},{"name":"2019","value":10099.82}]},{"name": "lb.l0044","series": [{"name":"2020","value":0},{"name":"2019","value":13330.37}]},{"name": "lb.l0045","series": [{"name":"2020","value":0},{"name":"2019","value":16451.64}]},{"name": "lb.l0046","series": [{"name":"2020","value":0},{"name":"2019","value":20246.64}]},{"name": "lb.l0047","series": [{"name":"2020","value":0},{"name":"2019","value":23990.84}]},{"name": "lb.l0048","series": [{"name":"2020","value":0},{"name":"2019","value":27671.98}]},{"name": "lb.l0049","series": [{"name":"2020","value":0},{"name":"2019","value":31386.05}]},{"name": "lb.l0050","series": [{"name":"2020","value":0},{"name":"2019","value":34837.6}]},{"name": "lb.l0051","series": [{"name":"2020","value":0},{"name":"2019","value":38420.86}]}],"DTP":[{"PD":"txt.tMAT","TF":[{"name": "cod.me430","value":44405.56}],"TM":[{"name": "cod.me430","value":7171.91636}],"TC":[{"name": "cod.me430","value":15451.4918}],"DT":[{"H": "cod.me430","FFt":44405.56,"FFtD":6.71,"FQt":100,"FPz":4151,"FPzD":2.44,"FPr":10.7,"MFt":7171.91636,"MFtD":16.03,"MQt":100,"MPz":1743.16,"MPzD":4.67,"MPr":4.11,"CFt":15451.4918,"CFtD":12.41,"CQt":100,"CPz":3192.48,"CPzD":6.69,"CPr":4.84,"Hid":430}]},{"PD":"txt.tYTD","TF":[{"name": "cod.me430","value":4187.96}],"TM":[{"name": "cod.me430","value":679.00838}],"TC":[{"name": "cod.me430","value":1455.3526}],"DT":[{"H": "cod.me430","FFt":4187.96,"FFtD":31.13,"FQt":100,"FPz":428,"FPzD":32.51,"FPr":9.78,"MFt":679.00838,"MFtD":14.59,"MQt":100,"MPz":164.142,"MPzD":5.35,"MPr":4.14,"CFt":1455.3526,"CFtD":15.88,"CQt":100,"CPz":312.46,"CPzD":13.45,"CPr":4.66,"Hid":430}]},{"PD":"txt.tBIM","TF":[{"name": "cod.me430","value":8125.81}],"TM":[{"name": "cod.me430","value":1254.94054}],"TC":[{"name": "cod.me430","value":2682.3102}],"DT":[{"H": "cod.me430","FFt":8125.81,"FFtD":19.9,"FQt":100,"FPz":813,"FPzD":26.44,"FPr":9.99,"MFt":1254.94054,"MFtD":14.91,"MQt":100,"MPz":283.354,"MPzD":6.38,"MPr":4.43,"CFt":2682.3102,"CFtD":11.61,"CQt":100,"CPz":547.32,"CPzD":12.79,"CPr":4.9,"Hid":430}]},{"PD":"txt.t01/01/2020","TF":[{"name": "cod.me430","value":4187.96}],"TM":[{"name": "cod.me430","value":679.00838}],"TC":[{"name": "cod.me430","value":1455.3526}],"DT":[{"H": "cod.me430","FFt":4187.96,"FFtD":31.13,"FQt":100,"FPz":428,"FPzD":32.51,"FPr":9.78,"MFt":679.00838,"MFtD":14.59,"MQt":100,"MPz":164.142,"MPzD":5.35,"MPr":4.14,"CFt":1455.3526,"CFtD":15.88,"CQt":100,"CPz":312.46,"CPzD":13.45,"CPr":4.66,"Hid":430}]}]}