{
 "TIT":"cod.me440","ISF2V":[{"min": 220, "max": 5350}],"ISP2V":[{"min": 220, "max":5350 }]   ,"ISF2":[{"name": "lb.l0006","series": [{ "name":"lb.l0053","value":4892.29 },{ "name":"lb.l0054","value":5169.4 },{ "name":"lb.l0055","value":4950.55 },{ "name":"lb.l0056","value":4600.6 },{ "name":"lb.l0057","value":5147.8 },{ "name":"lb.l0058","value":4703.6 },{ "name":"lb.l0059","value":5303.1 },{ "name":"lb.l0060","value":4202.7 },{ "name":"lb.l0061","value":4216.8 },{ "name":"lb.l0062","value":5035.68 },{ "name":"lb.l0063","value":5347.75 },{ "name":"lb.l0052","value":4797 }]},{"name": "lb.l0007","series": [{ "name":"lb.l0053","value":326.29476 },{ "name":"lb.l0054","value":347.70004 },{ "name":"lb.l0055","value":360.43672 },{ "name":"lb.l0056","value":350.40954 },{ "name":"lb.l0057","value":351.64284 },{ "name":"lb.l0058","value":436.08506 },{ "name":"lb.l0059","value":421.93374 },{ "name":"lb.l0060","value":345.86444 },{ "name":"lb.l0061","value":340.0463 },{ "name":"lb.l0062","value":322.82896 },{ "name":"lb.l0063","value":386.60888 },{ "name":"lb.l0052","value":337.90138 }]},{"name": "lb.l0008","series": [{ "name":"lb.l0053","value":657.285 },{ "name":"lb.l0054","value":770.457 },{ "name":"lb.l0055","value":736.9006 },{ "name":"lb.l0056","value":743.2866 },{ "name":"lb.l0057","value":764.1782 },{ "name":"lb.l0058","value":947.3494 },{ "name":"lb.l0059","value":800.4304 },{ "name":"lb.l0060","value":768.2368 },{ "name":"lb.l0061","value":646.5306 },{ "name":"lb.l0062","value":764.236 },{ "name":"lb.l0063","value":779.8952 },{ "name":"lb.l0052","value":789.6556 }]}] ,"ISF1":[ {"name": "lb.l0040","series": [{"name":"2020","value":4797},{"name":"2019","value":0}]},{"name": "lb.l0041","series": [{"name":"2020","value":0},{"name":"2019","value":4759.3}]},{"name": "lb.l0042","series": [{"name":"2020","value":0},{"name":"2019","value":9693}]},{"name": "lb.l0043","series": [{"name":"2020","value":0},{"name":"2019","value":14156.6}]},{"name": "lb.l0044","series": [{"name":"2020","value":0},{"name":"2019","value":18580.05}]},{"name": "lb.l0045","series": [{"name":"2020","value":0},{"name":"2019","value":23548.45}]},{"name": "lb.l0046","series": [{"name":"2020","value":0},{"name":"2019","value":28805.25}]},{"name": "lb.l0047","series": [{"name":"2020","value":0},{"name":"2019","value":33584.85}]},{"name": "lb.l0048","series": [{"name":"2020","value":0},{"name":"2019","value":37998.15}]},{"name": "lb.l0049","series": [{"name":"2020","value":0},{"name":"2019","value":42517.65}]},{"name": "lb.l0050","series": [{"name":"2020","value":0},{"name":"2019","value":47072.55}]},{"name": "lb.l0051","series": [{"name":"2020","value":0},{"name":"2019","value":52866.85}]}],"DTP":[{"PD":"txt.tMAT","TF":[{"name": "cod.me440","value":58367.27}],"TM":[{"name": "cod.me440","value":4327.75266}],"TC":[{"name": "cod.me440","value":9168.4414}],"DT":[{"H": "cod.me440","FFt":58367.27,"FFtD":1.19,"FQt":100,"FPz":6142,"FPzD":9.76,"FPr":9.5,"MFt":4327.75266,"MFtD":-3.09,"MQt":100,"MPz":496.474,"MPzD":-3.67,"MPr":8.72,"CFt":9168.4414,"CFtD":-2.49,"CQt":100,"CPz":1009.52,"CPzD":-2.93,"CPr":9.08,"Hid":440}]},{"PD":"txt.tYTD","TF":[{"name": "cod.me440","value":4797}],"TM":[{"name": "cod.me440","value":337.90138}],"TC":[{"name": "cod.me440","value":789.6556}],"DT":[{"H": "cod.me440","FFt":4797,"FFtD":-0.37,"FQt":100,"FPz":510,"FPzD":7.37,"FPr":9.41,"MFt":337.90138,"MFtD":-0.71,"MQt":100,"MPz":38.252,"MPzD":-1.55,"MPr":8.83,"CFt":789.6556,"CFtD":9.51,"CQt":100,"CPz":83.36,"CPzD":5.47,"CPr":9.47,"Hid":440}]},{"PD":"txt.tBIM","TF":[{"name": "cod.me440","value":10144.75}],"TM":[{"name": "cod.me440","value":724.51026}],"TC":[{"name": "cod.me440","value":1569.5508}],"DT":[{"H": "cod.me440","FFt":10144.75,"FFtD":-4.38,"FQt":100,"FPz":1061,"FPzD":1.24,"FPr":9.56,"MFt":724.51026,"MFtD":-2.85,"MQt":100,"MPz":82.338,"MPzD":-4.52,"MPr":8.8,"CFt":1569.5508,"CFtD":-8.23,"CQt":100,"CPz":167.96,"CPzD":-10.06,"CPr":9.34,"Hid":440}]},{"PD":"txt.t01/01/2020","TF":[{"name": "cod.me440","value":4797}],"TM":[{"name": "cod.me440","value":337.90138}],"TC":[{"name": "cod.me440","value":789.6556}],"DT":[{"H": "cod.me440","FFt":4797,"FFtD":-0.37,"FQt":100,"FPz":510,"FPzD":7.37,"FPr":9.41,"MFt":337.90138,"MFtD":-0.71,"MQt":100,"MPz":38.252,"MPzD":-1.55,"MPr":8.83,"CFt":789.6556,"CFtD":9.51,"CQt":100,"CPz":83.36,"CPzD":5.47,"CPr":9.47,"Hid":440}]}]}