{
 "TIT":"cod.me470","ISF2V":[{"min": 0, "max": 290}],"ISP2V":[{"min": 0, "max":290 }]   ,"ISF2":[{"name": "lb.l0006","series": [{ "name":"lb.l0053","value":0 },{ "name":"lb.l0054","value":0 },{ "name":"lb.l0055","value":0 },{ "name":"lb.l0056","value":0 },{ "name":"lb.l0057","value":0 },{ "name":"lb.l0058","value":0 },{ "name":"lb.l0059","value":0 },{ "name":"lb.l0060","value":0 },{ "name":"lb.l0061","value":0 },{ "name":"lb.l0062","value":0 },{ "name":"lb.l0063","value":9.49 },{ "name":"lb.l0052","value":0 }]},{"name": "lb.l0007","series": [{ "name":"lb.l0053","value":82.16098 },{ "name":"lb.l0054","value":69.15336 },{ "name":"lb.l0055","value":62.56252 },{ "name":"lb.l0056","value":75.79754 },{ "name":"lb.l0057","value":165.02844 },{ "name":"lb.l0058","value":163.19152 },{ "name":"lb.l0059","value":125.07702 },{ "name":"lb.l0060","value":79.75758 },{ "name":"lb.l0061","value":84.23766 },{ "name":"lb.l0062","value":77.82932 },{ "name":"lb.l0063","value":74.1124 },{ "name":"lb.l0052","value":66.49804 }]},{"name": "lb.l0008","series": [{ "name":"lb.l0053","value":148.4272 },{ "name":"lb.l0054","value":105.5682 },{ "name":"lb.l0055","value":136.9442 },{ "name":"lb.l0056","value":143.8694 },{ "name":"lb.l0057","value":268.6668 },{ "name":"lb.l0058","value":280.195 },{ "name":"lb.l0059","value":196.3068 },{ "name":"lb.l0060","value":150.3808 },{ "name":"lb.l0061","value":175.1136 },{ "name":"lb.l0062","value":125.8844 },{ "name":"lb.l0063","value":140.0846 },{ "name":"lb.l0052","value":120.3608 }]}] ,"ISF1":[ {"name": "lb.l0040","series": [{"name":"2020","value":9.49},{"name":"2019","value":0}]},{"name": "lb.l0041","series": [{"name":"2020","value":0},{"name":"2019","value":18.98}]},{"name": "lb.l0042","series": [{"name":"2020","value":0},{"name":"2019","value":18.98}]},{"name": "lb.l0043","series": [{"name":"2020","value":0},{"name":"2019","value":37.96}]},{"name": "lb.l0044","series": [{"name":"2020","value":0},{"name":"2019","value":56.94}]},{"name": "lb.l0045","series": [{"name":"2020","value":0},{"name":"2019","value":66.43}]},{"name": "lb.l0046","series": [{"name":"2020","value":0},{"name":"2019","value":66.43}]},{"name": "lb.l0047","series": [{"name":"2020","value":0},{"name":"2019","value":75.92}]},{"name": "lb.l0048","series": [{"name":"2020","value":0},{"name":"2019","value":75.92}]},{"name": "lb.l0049","series": [{"name":"2020","value":0},{"name":"2019","value":75.92}]},{"name": "lb.l0050","series": [{"name":"2020","value":0},{"name":"2019","value":75.92}]},{"name": "lb.l0051","series": [{"name":"2020","value":0},{"name":"2019","value":75.92}]}],"DTP":[{"PD":"txt.tMAT","TF":[{"name": "cod.me470","value":9.49}],"TM":[{"name": "cod.me470","value":1125.40638}],"TC":[{"name": "cod.me470","value":1991.8018}],"DT":[{"H": "cod.me470","FFt":9.49,"FFtD":-88.89,"FQt":100,"FPz":1,"FPzD":-88.89,"FPr":9.49,"MFt":1125.40638,"MFtD":-56.75,"MQt":100,"MPz":27.332,"MPzD":-51.07,"MPr":41.18,"CFt":1991.8018,"CFtD":-47.42,"CQt":100,"CPz":51.02,"CPzD":-42.18,"CPr":39.04,"Hid":470}]},{"PD":"txt.tYTD","TF":[{"name": "cod.me470","value":0}],"TM":[{"name": "cod.me470","value":66.49804}],"TC":[{"name": "cod.me470","value":120.3608}],"DT":[{"H": "cod.me470","FFt":0,"FFtD":-100,"FQt":null,"FPz":0,"FPzD":-100,"FPr":null,"MFt":66.49804,"MFtD":-50.97,"MQt":100,"MPz":1.696,"MPzD":-46.73,"MPr":39.21,"CFt":120.3608,"CFtD":-54.63,"CQt":100,"CPz":3.38,"CPzD":-50,"CPr":35.61,"Hid":470}]},{"PD":"txt.tBIM","TF":[{"name": "cod.me470","value":9.49}],"TM":[{"name": "cod.me470","value":140.61044}],"TC":[{"name": "cod.me470","value":260.4454}],"DT":[{"H": "cod.me470","FFt":9.49,"FFtD":0,"FQt":100,"FPz":1,"FPzD":0,"FPr":9.49,"MFt":140.61044,"MFtD":-52.18,"MQt":100,"MPz":3.412,"MPzD":-49.33,"MPr":41.21,"CFt":260.4454,"CFtD":-52.68,"CQt":100,"CPz":6.6,"CPzD":-48.68,"CPr":39.46,"Hid":470}]},{"PD":"txt.t01/01/2020","TF":[{"name": "cod.me470","value":0}],"TM":[{"name": "cod.me470","value":66.49804}],"TC":[{"name": "cod.me470","value":120.3608}],"DT":[{"H": "cod.me470","FFt":0,"FFtD":-100,"FQt":null,"FPz":0,"FPzD":-100,"FPr":null,"MFt":66.49804,"MFtD":-50.97,"MQt":100,"MPz":1.696,"MPzD":-46.73,"MPr":39.21,"CFt":120.3608,"CFtD":-54.63,"CQt":100,"CPz":3.38,"CPzD":-50,"CPr":35.61,"Hid":470}]}]}