{
 "TIT":"cod.me500","ISF2V":[{"min": 200, "max": 1280}],"ISP2V":[{"min": 200, "max":1280 }]   ,"ISF2":[{"name": "lb.l0006","series": [{ "name":"lb.l0053","value":347.44 },{ "name":"lb.l0054","value":487.24 },{ "name":"lb.l0055","value":385.68 },{ "name":"lb.l0056","value":528.22 },{ "name":"lb.l0057","value":296.84 },{ "name":"lb.l0058","value":337.7 },{ "name":"lb.l0059","value":517.7 },{ "name":"lb.l0060","value":461.92 },{ "name":"lb.l0061","value":301.43 },{ "name":"lb.l0062","value":456.22 },{ "name":"lb.l0063","value":485.7 },{ "name":"lb.l0052","value":441.12 }]},{"name": "lb.l0007","series": [{ "name":"lb.l0053","value":438.98028 },{ "name":"lb.l0054","value":489.25778 },{ "name":"lb.l0055","value":467.67162 },{ "name":"lb.l0056","value":491.51278 },{ "name":"lb.l0057","value":470.46498 },{ "name":"lb.l0058","value":528.80066 },{ "name":"lb.l0059","value":528.14284 },{ "name":"lb.l0060","value":479.17628 },{ "name":"lb.l0061","value":503.13776 },{ "name":"lb.l0062","value":454.21648 },{ "name":"lb.l0063","value":476.3091 },{ "name":"lb.l0052","value":461.49318 }]},{"name": "lb.l0008","series": [{ "name":"lb.l0053","value":1046.0388 },{ "name":"lb.l0054","value":1140.1188 },{ "name":"lb.l0055","value":1115.1516 },{ "name":"lb.l0056","value":1154.9934 },{ "name":"lb.l0057","value":1112.861 },{ "name":"lb.l0058","value":1244.197 },{ "name":"lb.l0059","value":1270.2438 },{ "name":"lb.l0060","value":1164.4058 },{ "name":"lb.l0061","value":1187.271 },{ "name":"lb.l0062","value":1075.1396 },{ "name":"lb.l0063","value":1129.8698 },{ "name":"lb.l0052","value":1083.5506 }]}] ,"ISF1":[ {"name": "lb.l0040","series": [{"name":"2020","value":441.12},{"name":"2019","value":0}]},{"name": "lb.l0041","series": [{"name":"2020","value":0},{"name":"2019","value":330.56}]},{"name": "lb.l0042","series": [{"name":"2020","value":0},{"name":"2019","value":873.97}]},{"name": "lb.l0043","series": [{"name":"2020","value":0},{"name":"2019","value":1427.2}]},{"name": "lb.l0044","series": [{"name":"2020","value":0},{"name":"2019","value":1754.07}]},{"name": "lb.l0045","series": [{"name":"2020","value":0},{"name":"2019","value":2344.03}]},{"name": "lb.l0046","series": [{"name":"2020","value":0},{"name":"2019","value":2793.45}]},{"name": "lb.l0047","series": [{"name":"2020","value":0},{"name":"2019","value":3337.71}]},{"name": "lb.l0048","series": [{"name":"2020","value":0},{"name":"2019","value":3699.46}]},{"name": "lb.l0049","series": [{"name":"2020","value":0},{"name":"2019","value":4079.44}]},{"name": "lb.l0050","series": [{"name":"2020","value":0},{"name":"2019","value":4496.91}]},{"name": "lb.l0051","series": [{"name":"2020","value":0},{"name":"2019","value":4956.19}]}],"DTP":[{"PD":"txt.tMAT","TF":[{"name": "cod.me500","value":5047.21}],"TM":[{"name": "cod.me500","value":5789.16374}],"TC":[{"name": "cod.me500","value":13723.8412}],"DT":[{"H": "cod.me500","FFt":5047.21,"FFtD":-7.8,"FQt":100,"FPz":250,"FPzD":-7.06,"FPr":20.19,"MFt":5789.16374,"MFtD":-1.9,"MQt":100,"MPz":359.86,"MPzD":-4.95,"MPr":16.09,"CFt":13723.8412,"CFtD":-0.81,"CQt":100,"CPz":789.52,"CPzD":-7.21,"CPr":17.38,"Hid":500}]},{"PD":"txt.tYTD","TF":[{"name": "cod.me500","value":441.12}],"TM":[{"name": "cod.me500","value":461.49318}],"TC":[{"name": "cod.me500","value":1083.5506}],"DT":[{"H": "cod.me500","FFt":441.12,"FFtD":-14.84,"FQt":100,"FPz":23,"FPzD":-8,"FPr":19.18,"MFt":461.49318,"MFtD":-5.41,"MQt":100,"MPz":27.69,"MPzD":-11.05,"MPr":16.67,"CFt":1083.5506,"CFtD":-10.5,"CQt":100,"CPz":62.12,"CPzD":-12.58,"CPr":17.44,"Hid":500}]},{"PD":"txt.tBIM","TF":[{"name": "cod.me500","value":926.82}],"TM":[{"name": "cod.me500","value":937.80228}],"TC":[{"name": "cod.me500","value":2213.4204}],"DT":[{"H": "cod.me500","FFt":926.82,"FFtD":-5.17,"FQt":100,"FPz":46,"FPzD":0,"FPr":20.15,"MFt":937.80228,"MFtD":-4.21,"MQt":100,"MPz":56.698,"MPzD":-9.59,"MPr":16.54,"CFt":2213.4204,"CFtD":-5.59,"CQt":100,"CPz":127.1,"CPzD":-9.06,"CPr":17.41,"Hid":500}]},{"PD":"txt.t01/01/2020","TF":[{"name": "cod.me500","value":441.12}],"TM":[{"name": "cod.me500","value":461.49318}],"TC":[{"name": "cod.me500","value":1083.5506}],"DT":[{"H": "cod.me500","FFt":441.12,"FFtD":-14.84,"FQt":100,"FPz":23,"FPzD":-8,"FPr":19.18,"MFt":461.49318,"MFtD":-5.41,"MQt":100,"MPz":27.69,"MPzD":-11.05,"MPr":16.67,"CFt":1083.5506,"CFtD":-10.5,"CQt":100,"CPz":62.12,"CPzD":-12.58,"CPr":17.44,"Hid":500}]}]}