{
 "TIT":"cod.me65","ISF2V":[{"min": 9930, "max": 108160}],"ISP2V":[{"min": 9930, "max":108160 }]   ,"ISF2":[{"name": "lb.l0006","series": [{ "name":"lb.l0053","value":92423.76 },{ "name":"lb.l0054","value":97962.82 },{ "name":"lb.l0055","value":97352.06 },{ "name":"lb.l0056","value":96421 },{ "name":"lb.l0057","value":102358.2 },{ "name":"lb.l0058","value":87250.66 },{ "name":"lb.l0059","value":82038.1 },{ "name":"lb.l0060","value":91957.64 },{ "name":"lb.l0061","value":104485.75 },{ "name":"lb.l0062","value":91534.45 },{ "name":"lb.l0063","value":100317.77 },{ "name":"lb.l0052","value":108155.9 }]},{"name": "lb.l0007","series": [{ "name":"lb.l0053","value":17506.04004 },{ "name":"lb.l0054","value":16704.40226 },{ "name":"lb.l0055","value":15748.86944 },{ "name":"lb.l0056","value":15541.87194 },{ "name":"lb.l0057","value":14558.57724 },{ "name":"lb.l0058","value":15039.82808 },{ "name":"lb.l0059","value":14557.97134 },{ "name":"lb.l0060","value":14187.26162 },{ "name":"lb.l0061","value":16720.36914 },{ "name":"lb.l0062","value":15536.3881 },{ "name":"lb.l0063","value":18178.62232 },{ "name":"lb.l0052","value":19338.07672 }]},{"name": "lb.l0008","series": [{ "name":"lb.l0053","value":35561.9326 },{ "name":"lb.l0054","value":34794.5342 },{ "name":"lb.l0055","value":32967.155 },{ "name":"lb.l0056","value":32338.7874 },{ "name":"lb.l0057","value":30736.9244 },{ "name":"lb.l0058","value":29928.2354 },{ "name":"lb.l0059","value":29497.8268 },{ "name":"lb.l0060","value":29219.9896 },{ "name":"lb.l0061","value":33705.7598 },{ "name":"lb.l0062","value":32331.8088 },{ "name":"lb.l0063","value":38338.908 },{ "name":"lb.l0052","value":40631.3656 }]}] ,"ISF1":[ {"name": "lb.l0040","series": [{"name":"2020","value":108155.9},{"name":"2019","value":0}]},{"name": "lb.l0041","series": [{"name":"2020","value":0},{"name":"2019","value":80076.35}]},{"name": "lb.l0042","series": [{"name":"2020","value":0},{"name":"2019","value":166736.59}]},{"name": "lb.l0043","series": [{"name":"2020","value":0},{"name":"2019","value":259189.72}]},{"name": "lb.l0044","series": [{"name":"2020","value":0},{"name":"2019","value":347505.69}]},{"name": "lb.l0045","series": [{"name":"2020","value":0},{"name":"2019","value":435062.13}]},{"name": "lb.l0046","series": [{"name":"2020","value":0},{"name":"2019","value":517814.63}]},{"name": "lb.l0047","series": [{"name":"2020","value":0},{"name":"2019","value":597997.91}]},{"name": "lb.l0048","series": [{"name":"2020","value":0},{"name":"2019","value":692649.34}]},{"name": "lb.l0049","series": [{"name":"2020","value":0},{"name":"2019","value":793062.83}]},{"name": "lb.l0050","series": [{"name":"2020","value":0},{"name":"2019","value":880412.25}]},{"name": "lb.l0051","series": [{"name":"2020","value":0},{"name":"2019","value":984031.33}]}],"DTP":[{"PD":"txt.tMAT","TF":[{"name": "cod.me80","value":910385.98},{"name": "cod.me70","value":241872.13}],"TM":[{"name": "cod.me80","value":141438.92858},{"name": "cod.me70","value":52179.34966}],"TC":[{"name": "cod.me80","value":290686.6808},{"name": "cod.me70","value":109366.5468}],"DT":[{"H": "cod.me90","FFt":1152258.11,"FFtD":5.98,"FQt":100,"FPz":132944,"FPzD":2.48,"FPr":8.67,"MFt":193618.27824,"MFtD":1.79,"MQt":100,"MPz":21109.32,"MPzD":-2.01,"MPr":9.17,"CFt":400053.2276,"CFtD":3.81,"CQt":100,"CPz":44230.56,"CPzD":0.12,"CPr":9.04,"Hid":65},{"H": "cod.me80","FFt":910385.98,"FFtD":4.84,"FQt":79.01,"FPz":97750,"FPzD":0.96,"FPr":9.31,"MFt":141438.92858,"MFtD":2.1,"MQt":73.05,"MPz":14836.31,"MPzD":-2.06,"MPr":9.53,"CFt":290686.6808,"CFtD":3.97,"CQt":72.66,"CPz":31249.56,"CPzD":0.46,"CPr":9.3,"Hid":80},{"H": "cod.me70","FFt":241872.13,"FFtD":10.54,"FQt":20.99,"FPz":35194,"FPzD":6.95,"FPr":6.87,"MFt":52179.34966,"MFtD":0.98,"MQt":26.95,"MPz":6273.01,"MPzD":-1.89,"MPr":8.32,"CFt":109366.5468,"CFtD":3.38,"CQt":27.34,"CPz":12981,"CPzD":-0.69,"CPr":8.43,"Hid":70}]},{"PD":"txt.tYTD","TF":[{"name": "cod.me80","value":87053.26},{"name": "cod.me70","value":21102.64}],"TM":[{"name": "cod.me80","value":14396.74098},{"name": "cod.me70","value":4941.33574}],"TC":[{"name": "cod.me80","value":30066.6716},{"name": "cod.me70","value":10564.694}],"DT":[{"H": "cod.me90","FFt":108155.9,"FFtD":4.83,"FQt":100,"FPz":12245,"FPzD":1.48,"FPr":8.83,"MFt":19338.07672,"MFtD":-1.68,"MQt":100,"MPz":2138.198,"MPzD":-4.59,"MPr":9.04,"CFt":40631.3656,"CFtD":1.58,"CQt":100,"CPz":4515.94,"CPzD":-2.1,"CPr":9,"Hid":65},{"H": "cod.me80","FFt":87053.26,"FFtD":4.91,"FQt":80.49,"FPz":9259,"FPzD":1.76,"FPr":9.4,"MFt":14396.74098,"MFtD":-1.5,"MQt":74.45,"MPz":1518.548,"MPzD":-4.58,"MPr":9.48,"CFt":30066.6716,"CFtD":1.84,"CQt":74,"CPz":3222.64,"CPzD":-1.39,"CPr":9.33,"Hid":80},{"H": "cod.me70","FFt":21102.64,"FFtD":4.52,"FQt":19.51,"FPz":2986,"FPzD":0.61,"FPr":7.07,"MFt":4941.33574,"MFtD":-2.18,"MQt":25.55,"MPz":619.65,"MPzD":-4.61,"MPr":7.97,"CFt":10564.694,"CFtD":0.87,"CQt":26,"CPz":1293.3,"CPzD":-3.83,"CPr":8.17,"Hid":70}]},{"PD":"txt.tBIM","TF":[{"name": "cod.me80","value":166914.44},{"name": "cod.me70","value":41559.23}],"TM":[{"name": "cod.me80","value":28042.49418},{"name": "cod.me70","value":9474.20486}],"TC":[{"name": "cod.me80","value":58650.8716},{"name": "cod.me70","value":20319.402}],"DT":[{"H": "cod.me90","FFt":208473.67,"FFtD":0.81,"FQt":100,"FPz":23920,"FPzD":-1.58,"FPr":8.72,"MFt":37516.69904,"MFtD":-0.74,"MQt":100,"MPz":4156.53,"MPzD":-4.05,"MPr":9.03,"CFt":78970.2736,"CFtD":0.55,"CQt":100,"CPz":8856.62,"CPzD":-2.83,"CPr":8.92,"Hid":65},{"H": "cod.me80","FFt":166914.44,"FFtD":0.22,"FQt":80.06,"FPz":17850,"FPzD":-2.64,"FPr":9.35,"MFt":28042.49418,"MFtD":-0.68,"MQt":74.75,"MPz":2971.354,"MPzD":-4.21,"MPr":9.44,"CFt":58650.8716,"CFtD":0.51,"CQt":74.27,"CPz":6362.82,"CPzD":-2.42,"CPr":9.22,"Hid":80},{"H": "cod.me70","FFt":41559.23,"FFtD":3.27,"FQt":19.94,"FPz":6070,"FPzD":1.66,"FPr":6.85,"MFt":9474.20486,"MFtD":-0.9,"MQt":25.25,"MPz":1185.176,"MPzD":-3.65,"MPr":7.99,"CFt":20319.402,"CFtD":0.68,"CQt":25.73,"CPz":2493.8,"CPzD":-3.87,"CPr":8.15,"Hid":70}]},{"PD":"txt.t01/01/2020","TF":[{"name": "cod.me80","value":87053.26},{"name": "cod.me70","value":21102.64}],"TM":[{"name": "cod.me80","value":14396.74098},{"name": "cod.me70","value":4941.33574}],"TC":[{"name": "cod.me80","value":30066.6716},{"name": "cod.me70","value":10564.694}],"DT":[{"H": "cod.me90","FFt":108155.9,"FFtD":4.83,"FQt":100,"FPz":12245,"FPzD":1.48,"FPr":8.83,"MFt":19338.07672,"MFtD":-1.68,"MQt":100,"MPz":2138.198,"MPzD":-4.59,"MPr":9.04,"CFt":40631.3656,"CFtD":1.58,"CQt":100,"CPz":4515.94,"CPzD":-2.1,"CPr":9,"Hid":65},{"H": "cod.me80","FFt":87053.26,"FFtD":4.91,"FQt":80.49,"FPz":9259,"FPzD":1.76,"FPr":9.4,"MFt":14396.74098,"MFtD":-1.5,"MQt":74.45,"MPz":1518.548,"MPzD":-4.58,"MPr":9.48,"CFt":30066.6716,"CFtD":1.84,"CQt":74,"CPz":3222.64,"CPzD":-1.39,"CPr":9.33,"Hid":80},{"H": "cod.me70","FFt":21102.64,"FFtD":4.52,"FQt":19.51,"FPz":2986,"FPzD":0.61,"FPr":7.07,"MFt":4941.33574,"MFtD":-2.18,"MQt":25.55,"MPz":619.65,"MPzD":-4.61,"MPr":7.97,"CFt":10564.694,"CFtD":0.87,"CQt":26,"CPz":1293.3,"CPzD":-3.83,"CPr":8.17,"Hid":70}]}]}