{
 "TIT":"cod.me70","ISF2V":[{"min": 2700, "max": 22510}],"ISP2V":[{"min": 2700, "max":22510 }]   ,"ISF2":[{"name": "lb.l0006","series": [{ "name":"lb.l0053","value":19612.7 },{ "name":"lb.l0054","value":21545.29 },{ "name":"lb.l0055","value":19558.93 },{ "name":"lb.l0056","value":19569.64 },{ "name":"lb.l0057","value":22500.8 },{ "name":"lb.l0058","value":19853.63 },{ "name":"lb.l0059","value":19212.18 },{ "name":"lb.l0060","value":19002.55 },{ "name":"lb.l0061","value":20258.5 },{ "name":"lb.l0062","value":19198.68 },{ "name":"lb.l0063","value":20456.59 },{ "name":"lb.l0052","value":21102.64 }]},{"name": "lb.l0007","series": [{ "name":"lb.l0053","value":4792.26298 },{ "name":"lb.l0054","value":4618.42718 },{ "name":"lb.l0055","value":4239.5275 },{ "name":"lb.l0056","value":4263.46614 },{ "name":"lb.l0057","value":4188.24622 },{ "name":"lb.l0058","value":4343.499 },{ "name":"lb.l0059","value":3918.58202 },{ "name":"lb.l0060","value":3868.1022 },{ "name":"lb.l0061","value":4368.81398 },{ "name":"lb.l0062","value":4104.21758 },{ "name":"lb.l0063","value":4532.86912 },{ "name":"lb.l0052","value":4941.33574 }]},{"name": "lb.l0008","series": [{ "name":"lb.l0053","value":9863.455 },{ "name":"lb.l0054","value":9711.9062 },{ "name":"lb.l0055","value":8924.1926 },{ "name":"lb.l0056","value":8972.2996 },{ "name":"lb.l0057","value":8896.9732 },{ "name":"lb.l0058","value":8795.1962 },{ "name":"lb.l0059","value":8187.2322 },{ "name":"lb.l0060","value":8088.0186 },{ "name":"lb.l0061","value":8937.7504 },{ "name":"lb.l0062","value":8670.1208 },{ "name":"lb.l0063","value":9754.708 },{ "name":"lb.l0052","value":10564.694 }]}] ,"ISF1":[ {"name": "lb.l0040","series": [{"name":"2020","value":21102.64},{"name":"2019","value":0}]},{"name": "lb.l0041","series": [{"name":"2020","value":0},{"name":"2019","value":16075.62}]},{"name": "lb.l0042","series": [{"name":"2020","value":0},{"name":"2019","value":33557.27}]},{"name": "lb.l0043","series": [{"name":"2020","value":0},{"name":"2019","value":52794.01}]},{"name": "lb.l0044","series": [{"name":"2020","value":0},{"name":"2019","value":70750.32}]},{"name": "lb.l0045","series": [{"name":"2020","value":0},{"name":"2019","value":89537.8}]},{"name": "lb.l0046","series": [{"name":"2020","value":0},{"name":"2019","value":107661.41}]},{"name": "lb.l0047","series": [{"name":"2020","value":0},{"name":"2019","value":124019.67}]},{"name": "lb.l0048","series": [{"name":"2020","value":0},{"name":"2019","value":141633.65}]},{"name": "lb.l0049","series": [{"name":"2020","value":0},{"name":"2019","value":160795.96}]},{"name": "lb.l0050","series": [{"name":"2020","value":0},{"name":"2019","value":178563.95}]},{"name": "lb.l0051","series": [{"name":"2020","value":0},{"name":"2019","value":198617.63}]}],"DTP":[{"PD":"txt.tMAT","TF":[{"name": "cod.me70","value":241872.13}],"TM":[{"name": "cod.me70","value":52179.34966}],"TC":[{"name": "cod.me70","value":109366.5468}],"DT":[{"H": "cod.me70","FFt":241872.13,"FFtD":10.54,"FQt":100,"FPz":35194,"FPzD":6.95,"FPr":6.87,"MFt":52179.34966,"MFtD":0.98,"MQt":100,"MPz":6273.01,"MPzD":-1.89,"MPr":8.32,"CFt":109366.5468,"CFtD":3.38,"CQt":100,"CPz":12981,"CPzD":-0.69,"CPr":8.43,"Hid":70}]},{"PD":"txt.tYTD","TF":[{"name": "cod.me70","value":21102.64}],"TM":[{"name": "cod.me70","value":4941.33574}],"TC":[{"name": "cod.me70","value":10564.694}],"DT":[{"H": "cod.me70","FFt":21102.64,"FFtD":4.52,"FQt":100,"FPz":2986,"FPzD":0.61,"FPr":7.07,"MFt":4941.33574,"MFtD":-2.18,"MQt":100,"MPz":619.65,"MPzD":-4.61,"MPr":7.97,"CFt":10564.694,"CFtD":0.87,"CQt":100,"CPz":1293.3,"CPzD":-3.83,"CPr":8.17,"Hid":70}]},{"PD":"txt.tBIM","TF":[{"name": "cod.me70","value":41559.23}],"TM":[{"name": "cod.me70","value":9474.20486}],"TC":[{"name": "cod.me70","value":20319.402}],"DT":[{"H": "cod.me70","FFt":41559.23,"FFtD":3.27,"FQt":100,"FPz":6070,"FPzD":1.66,"FPr":6.85,"MFt":9474.20486,"MFtD":-0.9,"MQt":100,"MPz":1185.176,"MPzD":-3.65,"MPr":7.99,"CFt":20319.402,"CFtD":0.68,"CQt":100,"CPz":2493.8,"CPzD":-3.87,"CPr":8.15,"Hid":70}]},{"PD":"txt.t01/01/2020","TF":[{"name": "cod.me70","value":21102.64}],"TM":[{"name": "cod.me70","value":4941.33574}],"TC":[{"name": "cod.me70","value":10564.694}],"DT":[{"H": "cod.me70","FFt":21102.64,"FFtD":4.52,"FQt":100,"FPz":2986,"FPzD":0.61,"FPr":7.07,"MFt":4941.33574,"MFtD":-2.18,"MQt":100,"MPz":619.65,"MPzD":-4.61,"MPr":7.97,"CFt":10564.694,"CFtD":0.87,"CQt":100,"CPz":1293.3,"CPzD":-3.83,"CPr":8.17,"Hid":70}]}]}