{"datiDettRefF":[
{"DP":"GAFAS","DD":"","FRF":1,"FRP":1,"FF":242.5,"FFD":-8.14,"FQt":74.8,"FPz":16,"FPzD":-11.11,"FPr":15.16,"MRF":1,"MRP":1,"CRF":1,"CRP":1}
,{"DP":"OÛNE LENTES DE CONTACTO BLANDAS 360 ML 2 U","DD":"OFOPAR","FRF":2,"FRP":3,"FF":39.8,"FFD":-50,"FQt":12.28,"FPz":4,"FPzD":-50,"FPr":9.95,"MRF":2,"MRP":2,"CRF":2,"CRP":2}
,{"DP":"OÛNE LENTES DE CONTACTO BLANDAS 60 ML 2 U","DD":"OFOPAR","FRF":3,"FRP":2,"FF":35.7,"FFD":-25,"FQt":11.01,"FPz":6,"FPzD":-25,"FPr":5.95,"MRF":3,"MRP":3,"CRF":4,"CRP":4}
,{"DP":"SUENTILLAS LIQUIDO LENTILLAS 1 L","DD":"ORRAVAN","FRF":4,"FRP":4,"FF":6.2,"FFD":null,"FQt":1.91,"FPz":1,"FPzD":null,"FPr":6.2,"MRF":4,"MRP":4,"CRF":3,"CRP":3}]
,"datiDettRefM":[
{"DP":"GAFAS","DD":"","FRF":1,"FRP":1,"MRF":1,"MRP":1,"MF":296,"MFD":-4.51,"MQt":74.65,"MPz":25,"MPzD":-9.76,"MPr":11.88}
,{"DP":"OÛNE LENTES DE CONTACTO BLANDAS 360 ML 2 U","DD":"OFOPAR","FRF":2,"FRP":3,"MRF":2,"MRP":2,"MF":13.31,"MFD":-8.11,"MQt":3.36,"MPz":1,"MPzD":-31.23,"MPr":9.89}
,{"DP":"OÛNE LENTES DE CONTACTO BLANDAS 60 ML 2 U","DD":"OFOPAR","FRF":3,"FRP":2,"MRF":3,"MRP":3,"MF":1.73,"MFD":21.93,"MQt":0.44,"MPz":0.292,"MPzD":20.04,"MPr":5.94}
,{"DP":"SUENTILLAS LIQUIDO LENTILLAS 1 L","DD":"ORRAVAN","FRF":4,"FRP":4,"MRF":4,"MRP":4,"MF":1.42,"MFD":-17.09,"MQt":0.36,"MPz":0.232,"MPzD":-19.02,"MPr":6.12}]
,"datiDettRefC":[
{"DP":"GAFAS","DD":"","FRF":1,"FRP":1,"CRF":1,"CRP":1,"CF":157.23,"CFD":-1.66,"CQt":81.56,"CPz":15,"CPzD":21.86,"CPr":10.52}
,{"DP":"OÛNE LENTES DE CONTACTO BLANDAS 360 ML 2 U","DD":"OFOPAR","FRF":2,"FRP":3,"CRF":2,"CRP":2,"CF":3.05,"CFD":237.31,"CQt":1.58,"CPz":0.309,"CPzD":239.9,"CPr":9.87}
,{"DP":"SUENTILLAS LIQUIDO LENTILLAS 1 L","DD":"ORRAVAN","FRF":4,"FRP":4,"CRF":3,"CRP":3,"CF":0.42,"CFD":-71.05,"CQt":0.22,"CPz":0.073,"CPzD":-69.12,"CPr":5.84}
,{"DP":"OÛNE LENTES DE CONTACTO BLANDAS 60 ML 2 U","DD":"OFOPAR","FRF":3,"FRP":2,"CRF":4,"CRP":4,"CF":0.11,"CFD":null,"CQt":0.06,"CPz":0.018,"CPzD":null,"CPr":5.95}]}