{"datiDettRefF":[
{"DP":"SAUCO VIT C AN JARABE 120 G","DD":"APOTECA NATURA","FRF":1,"FRP":2,"FF":859.44,"FFD":null,"FQt":2.79,"FPz":69,"FPzD":null,"FPr":12.46,"MRF":59,"MRP":66,"CRF":31,"CRP":42}
,{"DP":"LACTIBIANE ATB 14 CAPS","DD":"PILEJE SLU","FRF":2,"FRP":6,"FF":613.8,"FFD":-10.47,"FQt":2,"FPz":44,"FPzD":-12,"FPr":13.95,"MRF":175,"MRP":210,"CRF":257,"CRP":275}
,{"DP":"GELOCATIL GRIPE FENILEFRINA 10 SOBRES","DD":"NOVAG","FRF":3,"FRP":3,"FF":568.74,"FFD":143.07,"FQt":1.85,"FPz":60,"FPzD":122.22,"FPr":9.48,"MRF":44,"MRP":51,"CRF":74,"CRP":69}
,{"DP":"INFLUVIS JARABE 120 G","DD":"PLANTA MEDICA Srl","FRF":4,"FRP":7,"FF":550.4,"FFD":-49.21,"FQt":1.79,"FPz":43,"FPzD":-50,"FPr":12.8,"MRF":109,"MRP":127,"CRF":41,"CRP":54}
,{"DP":"IMMUNOMIX PLUS 50 CAPSULAS","DD":"ABOCA SpA SOCIETA' AGRICOLA","FRF":5,"FRP":15,"FF":472.5,"FFD":-16.25,"FQt":1.54,"FPz":26,"FPzD":-13.33,"FPr":18.17,"MRF":55,"MRP":108,"CRF":46,"CRP":83}
,{"DP":"NICOTINELL MINT 2 MG 96 COMPRIMIDOS PARA CHUPAR","DD":"NOVARTIS","FRF":6,"FRP":50,"FF":466.29,"FFD":273.99,"FQt":1.52,"FPz":11,"FPzD":266.67,"FPr":42.39,"MRF":638,"MRP":730,"CRF":709,"CRP":744}
,{"DP":"ESPIDIDOL 400 MG 12 COMPRIMIDOS RECUBIERTOS","DD":"ZAMBON","FRF":7,"FRP":1,"FF":408.87,"FFD":24.19,"FQt":1.33,"FPz":77,"FPzD":24.19,"FPr":5.31,"MRF":9,"MRP":3,"CRF":15,"CRP":6}
,{"DP":"NEOBIANACID ACIDEZ Y REFLUJO 45 COMP MASTICABLES","DD":"ABOCA SpA SOCIETA' AGRICOLA","FRF":8,"FRP":13,"FF":408,"FFD":38.4,"FQt":1.33,"FPz":30,"FPzD":36.36,"FPr":13.6,"MRF":14,"MRP":33,"CRF":13,"CRP":25}
,{"DP":"FRENADOL COMPLEX 10 SOBRES","DD":"JOHNSON & JOHNSON","FRF":9,"FRP":9,"FF":365.75,"FFD":38.23,"FQt":1.19,"FPz":35,"FPzD":25,"FPr":10.45,"MRF":1,"MRP":1,"CRF":1,"CRP":1}
,{"DP":"RECONNECT 30 COMP","DD":"VITAE N NUTRITION","FRF":10,"FRP":51,"FF":339.35,"FFD":-42.11,"FQt":1.1,"FPz":11,"FPzD":-42.11,"FPr":30.85,"MRF":392,"MRP":629,"CRF":527,"CRP":641}
,{"DP":"FLUIMUCIL FORTE 600 MG 20 COMPRIMIDOS EFERVESCENTES","DD":"ZAMBON","FRF":11,"FRP":4,"FF":318.78,"FFD":-3.85,"FQt":1.04,"FPz":46,"FPzD":-6.12,"FPr":6.93,"MRF":3,"MRP":2,"CRF":3,"CRP":2}
,{"DP":"OLEOCAPS 1 30 CAPS","DD":"PRANAROM","FRF":12,"FRP":11,"FF":317,"FFD":-36.28,"FQt":1.03,"FPz":33,"FPzD":-34,"FPr":9.61,"MRF":200,"MRP":172,"CRF":285,"CRP":291}
,{"DP":"BRONCOLSAN JARABE 200 G","DD":"PLANTA MEDICA Srl","FRF":13,"FRP":14,"FF":284.7,"FFD":-23.37,"FQt":0.93,"FPz":27,"FPzD":-20.59,"FPr":10.54,"MRF":19,"MRP":29,"CRF":10,"CRP":11}
,{"DP":"GRINTUSS JARABE CON POLIRESIN ADULTOS 180 ML","DD":"ABOCA SpA SOCIETA' AGRICOLA","FRF":14,"FRP":17,"FF":275,"FFD":49.46,"FQt":0.89,"FPz":22,"FPzD":37.5,"FPr":12.5,"MRF":5,"MRP":10,"CRF":4,"CRP":5}
,{"DP":"CUIDADO DE LA TOS - 180 G","DD":"APOTECA NATURA","FRF":15,"FRP":18,"FF":275,"FFD":-18.22,"FQt":0.89,"FPz":22,"FPzD":-18.52,"FPr":12.5,"MRF":2,"MRP":4,"CRF":2,"CRP":3}
,{"DP":"DORMIDINA 25 MG 14 COMPRIMIDOS","DD":"ESTEVE","FRF":16,"FRP":12,"FF":266.97,"FFD":45.82,"FQt":0.87,"FPz":33,"FPzD":43.48,"FPr":8.09,"MRF":13,"MRP":13,"CRF":17,"CRP":16}
,{"DP":"IBEROGAST GOTAS ORALES SOLUCION 100 ML","DD":"BAYER HISPANIA S.L.","FRF":17,"FRP":79,"FF":264.88,"FFD":40,"FQt":0.86,"FPz":7,"FPzD":40,"FPr":37.84,"MRF":289,"MRP":617,"CRF":596,"CRP":686}
,{"DP":"PRANAROM ACEITES Y DIFUSION","DD":"PRANAROM","FRF":18,"FRP":21,"FF":257.4,"FFD":-16.72,"FQt":0.84,"FPz":20,"FPzD":-25.93,"FPr":12.87,"MRF":18,"MRP":21,"CRF":20,"CRP":26}
,{"DP":"NICORETTE ICE MINT 2 MG 105 CHICLES","DD":"JOHNSON & JOHNSON","FRF":19,"FRP":80,"FF":251.65,"FFD":75,"FQt":0.82,"FPz":7,"FPzD":75,"FPr":35.95,"MRF":263,"MRP":602,"CRF":625,"CRP":697}
,{"DP":"SUPOSITORIOS GLICERINA VILARDELL ADULTOS 18 SUPOSITORIOS","DD":"VILARDELL","FRF":20,"FRP":5,"FF":243,"FFD":-12.54,"FQt":0.79,"FPz":45,"FPzD":-13.46,"FPr":5.4,"MRF":56,"MRP":27,"CRF":86,"CRP":47}
,{"DP":"LACTIBIANE REFERENCE PILEJE 2.5 G 30 CAPS","DD":"PILEJE SLU","FRF":21,"FRP":73,"FF":239.6,"FFD":-49.83,"FQt":0.78,"FPz":8,"FPzD":-50,"FPr":29.95,"MRF":189,"MRP":419,"CRF":240,"CRP":494}
,{"DP":"LACTIBIANE TOLERANCE PILEJE 2.5 G 30 CAPS","DD":"PILEJE SLU","FRF":22,"FRP":74,"FF":239.6,"FFD":-19.73,"FQt":0.78,"FPz":8,"FPzD":-20,"FPr":29.95,"MRF":196,"MRP":420,"CRF":179,"CRP":412}
,{"DP":"PHYTOPHANERE CAPS","DD":"LIERAC","FRF":23,"FRP":91,"FF":237.65,"FFD":-62.05,"FQt":0.77,"FPz":6,"FPzD":-53.85,"FPr":39.61,"MRF":31,"MRP":192,"CRF":76,"CRP":364}
,{"DP":"NIQUITIN 1.5 MG 60 COMPRIMIDOS PARA CHUPAR MENTA","DD":"GLAXO SMITHKLINE","FRF":24,"FRP":56,"FF":234.1,"FFD":null,"FQt":0.76,"FPz":10,"FPzD":null,"FPr":23.41,"MRF":425,"MRP":618,"CRF":442,"CRP":595}
,{"DP":"HUPAVIR 20 SOBRES","DD":"NTD LABS","FRF":25,"FRP":92,"FF":227.7,"FFD":597.4,"FQt":0.74,"FPz":6,"FPzD":500,"FPr":37.95,"MRF":422,"MRP":655,"CRF":430,"CRP":628}]
,"datiDettRefM":[
{"DP":"FRENADOL COMPLEX 10 SOBRES","DD":"JOHNSON & JOHNSON","FRF":9,"FRP":9,"MRF":1,"MRP":1,"MF":891.57,"MFD":-3.03,"MQt":2.55,"MPz":86,"MPzD":-11.88,"MPr":10.42}
,{"DP":"CUIDADO DE LA TOS - 180 G","DD":"APOTECA NATURA","FRF":15,"FRP":18,"MRF":2,"MRP":4,"MF":523.12,"MFD":20.75,"MQt":1.5,"MPz":43,"MPzD":19.07,"MPr":12.16}
,{"DP":"FLUIMUCIL FORTE 600 MG 20 COMPRIMIDOS EFERVESCENTES","DD":"ZAMBON","FRF":11,"FRP":4,"MRF":3,"MRP":2,"MF":512.54,"MFD":1.13,"MQt":1.47,"MPz":74,"MPzD":-2.52,"MPr":6.92}
,{"DP":"GRINTUSS PEDIATRIC POLIRESIN - JARABE 180 G ","DD":"ABOCA SpA SOCIETA' AGRICOLA","FRF":67,"FRP":61,"MRF":4,"MRP":9,"MF":431.38,"MFD":-5.38,"MQt":1.23,"MPz":36,"MPzD":-7.49,"MPr":11.9}
,{"DP":"GRINTUSS JARABE CON POLIRESIN ADULTOS 180 ML","DD":"ABOCA SpA SOCIETA' AGRICOLA","FRF":14,"FRP":17,"MRF":5,"MRP":10,"MF":428.38,"MFD":-10.38,"MQt":1.23,"MPz":36,"MPzD":-12.66,"MPr":11.79}
,{"DP":"VOLTADOL FORTE 20 MGG GEL TOPICO 50 G","DD":"NOVARTIS","FRF":27,"FRP":19,"MRF":6,"MRP":6,"MF":400.68,"MFD":-9.41,"MQt":1.15,"MPz":40,"MPzD":-14.35,"MPr":9.96}
,{"DP":"FLUTOX 3.54 MGML JARABE 200 ML","DD":"ZAMBON","FRF":74,"FRP":45,"MRF":7,"MRP":5,"MF":381.37,"MFD":0.72,"MQt":1.09,"MPz":43,"MPzD":-5.69,"MPr":8.82}
,{"DP":"FRENADOL DESCONGESTIVO 16 CAPSULAS","DD":"JOHNSON & JOHNSON","FRF":81,"FRP":63,"MRF":8,"MRP":11,"MF":371.84,"MFD":0.8,"MQt":1.06,"MPz":36,"MPzD":-8.04,"MPr":10.42}
,{"DP":"ESPIDIDOL 400 MG 12 COMPRIMIDOS RECUBIERTOS","DD":"ZAMBON","FRF":7,"FRP":1,"MRF":9,"MRP":3,"MF":360.34,"MFD":224.7,"MQt":1.03,"MPz":68,"MPzD":224.39,"MPr":5.3}
,{"DP":"ALMAX FORTE 1.5 G 24 SOBRES SUSPENSION ORAL","DD":"ALMIRALL S.A.","FRF":41,"FRP":24,"MRF":10,"MRP":12,"MF":300.78,"MFD":6.18,"MQt":0.86,"MPz":32,"MPzD":-1.15,"MPr":9.45}
,{"DP":"FLORA INTESTINAL SOBRES BUCODISPERSABLES 1 GRAMO 10 SOBRES","DD":"APOTECA NATURA","FRF":798,"FRP":798,"MRF":11,"MRP":19,"MF":296.85,"MFD":-4.41,"MQt":0.85,"MPz":22,"MPzD":-8.33,"MPr":13.21}
,{"DP":"ALMAX 500 MG 48 COMPRIMIDOS MASTICABLES","DD":"ALMIRALL S.A.","FRF":50,"FRP":26,"MRF":12,"MRP":15,"MF":235.96,"MFD":4.19,"MQt":0.67,"MPz":25,"MPzD":-3.48,"MPr":9.45}
,{"DP":"DORMIDINA 25 MG 14 COMPRIMIDOS","DD":"ESTEVE","FRF":16,"FRP":12,"MRF":13,"MRP":13,"MF":226.11,"MFD":1.49,"MQt":0.65,"MPz":28,"MPzD":-0.06,"MPr":8.08}
,{"DP":"NEOBIANACID ACIDEZ Y REFLUJO 45 COMP MASTICABLES","DD":"ABOCA SpA SOCIETA' AGRICOLA","FRF":8,"FRP":13,"MRF":14,"MRP":33,"MF":223.5,"MFD":21.18,"MQt":0.64,"MPz":17,"MPzD":17.26,"MPr":13.03}
,{"DP":"RESPIBIEN 0.5 MGML NEBULIZADOR NASAL 15 ML","DD":"CINFA","FRF":194,"FRP":90,"MRF":15,"MRP":7,"MF":213.94,"MFD":-2.8,"MQt":0.61,"MPz":38,"MPzD":-6.07,"MPr":5.64}
,{"DP":"CUIDADO E HIGIENE DE LA NARIZ","DD":"APOTECA NATURA","FRF":64,"FRP":60,"MRF":16,"MRP":36,"MF":200.82,"MFD":4.2,"MQt":0.57,"MPz":16,"MPzD":2.28,"MPr":12.35}
,{"DP":"LIZIPAINA 20 COMPRIMIDOS PARA CHUPAR","DD":"BOEHRINGER INGELHEIM, S.A.","FRF":607,"FRP":610,"MRF":17,"MRP":16,"MF":200.33,"MFD":-11.24,"MQt":0.57,"MPz":25,"MPzD":-14.24,"MPr":7.98}
,{"DP":"PRANAROM ACEITES Y DIFUSION","DD":"PRANAROM","FRF":18,"FRP":21,"MRF":18,"MRP":21,"MF":194.44,"MFD":-23.7,"MQt":0.56,"MPz":20,"MPzD":-25.88,"MPr":9.72}
,{"DP":"BRONCOLSAN JARABE 200 G","DD":"PLANTA MEDICA Srl","FRF":13,"FRP":14,"MRF":19,"MRP":29,"MF":192.41,"MFD":3.66,"MQt":0.55,"MPz":18,"MPzD":2.9,"MPr":10.81}
,{"DP":"VAPORUB POMADA 50 G","DD":"VICKS","FRF":659,"FRP":662,"MRF":20,"MRP":18,"MF":175.15,"MFD":-21.8,"MQt":0.5,"MPz":23,"MPzD":-28.39,"MPr":7.49}
,{"DP":"CRISTALMINA 10 MGML SOLUCION TOPICA PULVERIZADOR 25 ML","DD":"SALVAT","FRF":33,"FRP":10,"MRF":21,"MRP":14,"MF":167.58,"MFD":15.35,"MQt":0.48,"MPz":28,"MPzD":14.53,"MPr":5.93}
,{"DP":"STREPSILS 24 PASTILLAS PARA CHUPAR MIEL-LIMON","DD":"RECKITT BENCKISER HEALTHCARE  S A","FRF":105,"FRP":65,"MRF":22,"MRP":22,"MF":165.43,"MFD":-7.01,"MQt":0.47,"MPz":20,"MPzD":-10.95,"MPr":8.18}
,{"DP":"FRENADOL FORTE 10 SOBRES","DD":"JOHNSON & JOHNSON","FRF":328,"FRP":288,"MRF":23,"MRP":37,"MF":164.51,"MFD":-0.85,"MQt":0.47,"MPz":16,"MPzD":-9.09,"MPr":10.43}
,{"DP":"FORTASEC 2 MG 20 CAPSULAS","DD":"JOHNSON & JOHNSON","FRF":585,"FRP":588,"MRF":24,"MRP":30,"MF":158.17,"MFD":999,"MQt":0.45,"MPz":18,"MPzD":999,"MPr":8.94}
,{"DP":"COULDINA 20 COMPRIMIDOS EFERVESCENTES","DD":"ALTER FARMACIA","FRF":177,"FRP":156,"MRF":25,"MRP":39,"MF":156.8,"MFD":-10.4,"MQt":0.45,"MPz":15,"MPzD":-15.32,"MPr":10.49}]
,"datiDettRefC":[
{"DP":"FRENADOL COMPLEX 10 SOBRES","DD":"JOHNSON & JOHNSON","FRF":9,"FRP":9,"CRF":1,"CRP":1,"CF":500.58,"CFD":3.59,"CQt":2.66,"CPz":48,"CPzD":-6.22,"CPr":10.39}
,{"DP":"CUIDADO DE LA TOS - 180 G","DD":"APOTECA NATURA","FRF":15,"FRP":18,"CRF":2,"CRP":3,"CF":388.86,"CFD":11.57,"CQt":2.07,"CPz":32,"CPzD":11.18,"CPr":12.24}
,{"DP":"FLUIMUCIL FORTE 600 MG 20 COMPRIMIDOS EFERVESCENTES","DD":"ZAMBON","FRF":11,"FRP":4,"CRF":3,"CRP":2,"CF":291.68,"CFD":3.18,"CQt":1.55,"CPz":42,"CPzD":-1.2,"CPr":6.91}
,{"DP":"GRINTUSS JARABE CON POLIRESIN ADULTOS 180 ML","DD":"ABOCA SpA SOCIETA' AGRICOLA","FRF":14,"FRP":17,"CRF":4,"CRP":5,"CF":277.35,"CFD":-12.52,"CQt":1.48,"CPz":24,"CPzD":-11.41,"CPr":11.7}
,{"DP":"VOLTADOL FORTE 20 MGG GEL TOPICO 50 G","DD":"NOVARTIS","FRF":27,"FRP":19,"CRF":5,"CRP":4,"CF":245.96,"CFD":-7.61,"CQt":1.31,"CPz":25,"CPzD":-11.06,"CPr":9.96}
,{"DP":"GRINTUSS PEDIATRIC POLIRESIN - JARABE 180 G ","DD":"ABOCA SpA SOCIETA' AGRICOLA","FRF":67,"FRP":61,"CRF":6,"CRP":9,"CF":229.26,"CFD":-11.09,"CQt":1.22,"CPz":19,"CPzD":-13.13,"CPr":11.9}
,{"DP":"FLUTOX 3.54 MGML JARABE 200 ML","DD":"ZAMBON","FRF":74,"FRP":45,"CRF":7,"CRP":7,"CF":197.88,"CFD":7.13,"CQt":1.05,"CPz":22,"CPzD":-1.79,"CPr":8.83}
,{"DP":"FRENADOL DESCONGESTIVO 16 CAPSULAS","DD":"JOHNSON & JOHNSON","FRF":81,"FRP":63,"CRF":8,"CRP":10,"CF":184.25,"CFD":-0.55,"CQt":0.98,"CPz":18,"CPzD":-8.33,"CPr":10.36}
,{"DP":"FLORA INTESTINAL SOBRES BUCODISPERSABLES 1 GRAMO 10 SOBRES","DD":"APOTECA NATURA","FRF":798,"FRP":798,"CRF":9,"CRP":15,"CF":173.78,"CFD":-8.19,"CQt":0.92,"CPz":13,"CPzD":-9.03,"CPr":13.54}
,{"DP":"BRONCOLSAN JARABE 200 G","DD":"PLANTA MEDICA Srl","FRF":13,"FRP":14,"CRF":10,"CRP":11,"CF":170.5,"CFD":6.35,"CQt":0.91,"CPz":16,"CPzD":6.28,"CPr":10.92}
,{"DP":"ALMAX FORTE 1.5 G 24 SOBRES SUSPENSION ORAL","DD":"ALMIRALL S.A.","FRF":41,"FRP":24,"CRF":11,"CRP":12,"CF":154.18,"CFD":2.59,"CQt":0.82,"CPz":16,"CPzD":-6.88,"CPr":9.43}
,{"DP":"CUIDADO E HIGIENE DE LA NARIZ","DD":"APOTECA NATURA","FRF":64,"FRP":60,"CRF":12,"CRP":23,"CF":149.07,"CFD":16.94,"CQt":0.79,"CPz":12,"CPzD":17.02,"CPr":12.37}
,{"DP":"NEOBIANACID ACIDEZ Y REFLUJO 45 COMP MASTICABLES","DD":"ABOCA SpA SOCIETA' AGRICOLA","FRF":8,"FRP":13,"CRF":13,"CRP":25,"CF":145.32,"CFD":21.84,"CQt":0.77,"CPz":11,"CPzD":19.33,"CPr":13.17}
,{"DP":"ALMAX 500 MG 48 COMPRIMIDOS MASTICABLES","DD":"ALMIRALL S.A.","FRF":50,"FRP":26,"CRF":14,"CRP":14,"CF":134.32,"CFD":-0.92,"CQt":0.71,"CPz":14,"CPzD":-9.73,"CPr":9.44}
,{"DP":"ESPIDIDOL 400 MG 12 COMPRIMIDOS RECUBIERTOS","DD":"ZAMBON","FRF":7,"FRP":1,"CRF":15,"CRP":6,"CF":126.98,"CFD":177.84,"CQt":0.68,"CPz":24,"CPzD":177.31,"CPr":5.29}
,{"DP":"RESPIBIEN 0.5 MGML NEBULIZADOR NASAL 15 ML","DD":"CINFA","FRF":194,"FRP":90,"CRF":16,"CRP":8,"CF":124.74,"CFD":-10.66,"CQt":0.66,"CPz":22,"CPzD":-14.25,"CPr":5.64}
,{"DP":"DORMIDINA 25 MG 14 COMPRIMIDOS","DD":"ESTEVE","FRF":16,"FRP":12,"CRF":17,"CRP":16,"CF":103.52,"CFD":-4.91,"CQt":0.55,"CPz":13,"CPzD":-5.05,"CPr":8.1}
,{"DP":"LIZIPAINA 20 COMPRIMIDOS PARA CHUPAR","DD":"BOEHRINGER INGELHEIM, S.A.","FRF":607,"FRP":610,"CRF":18,"CRP":17,"CF":103.32,"CFD":-14.63,"CQt":0.55,"CPz":13,"CPzD":-16.86,"CPr":7.97}
,{"DP":"GOLAMIR 2ACT 20 COMPRIMIDOS ","DD":"ABOCA SpA SOCIETA' AGRICOLA","FRF":784,"FRP":784,"CRF":19,"CRP":24,"CF":103.14,"CFD":-14.96,"CQt":0.55,"CPz":12,"CPzD":-12.47,"CPr":8.81}
,{"DP":"PRANAROM ACEITES Y DIFUSION","DD":"PRANAROM","FRF":18,"FRP":21,"CRF":20,"CRP":26,"CF":103.01,"CFD":-20.48,"CQt":0.55,"CPz":11,"CPzD":-21.53,"CPr":9.73}
,{"DP":"ADELGACCION LIBRAMED FRASCO 100 G","DD":"ABOCA SpA SOCIETA' AGRICOLA","FRF":773,"FRP":773,"CRF":21,"CRP":111,"CF":100.1,"CFD":-3.73,"CQt":0.53,"CPz":3,"CPzD":2.48,"CPr":33.77}
,{"DP":"FITONASAL 2ACT SPRAY 15 ML","DD":"ABOCA SpA SOCIETA' AGRICOLA","FRF":60,"FRP":27,"CRF":22,"CRP":18,"CF":98.95,"CFD":-3.64,"CQt":0.53,"CPz":13,"CPzD":-4.28,"CPr":7.64}
,{"DP":"PHARMAGRIP 10 SOBRES","DD":"CINFA","FRF":626,"FRP":629,"CRF":23,"CRP":27,"CF":97.37,"CFD":-21.96,"CQt":0.52,"CPz":11,"CPzD":-26.49,"CPr":8.9}
,{"DP":"VAPORUB POMADA 50 G","DD":"VICKS","FRF":659,"FRP":662,"CRF":24,"CRP":19,"CF":96.77,"CFD":-24.22,"CQt":0.51,"CPz":13,"CPzD":-29.07,"CPr":7.46}
,{"DP":"FORTASEC 2 MG 20 CAPSULAS","DD":"JOHNSON & JOHNSON","FRF":585,"FRP":588,"CRF":25,"CRP":28,"CF":95.94,"CFD":null,"CQt":0.51,"CPz":11,"CPzD":null,"CPr":8.94}]}