{"datiDettRefF":[
{"DP":"LACTIBIANE ATB 14 CAPS","DD":"PILEJE SLU","FRF":1,"FRP":1,"FF":613.8,"FFD":-10.47,"FQt":7.22,"FPz":44,"FPzD":-12,"FPr":13.95,"MRF":31,"MRP":23,"CRF":42,"CRP":33}
,{"DP":"RECONNECT 30 COMP","DD":"VITAE N NUTRITION","FRF":2,"FRP":4,"FF":339.35,"FFD":-42.11,"FQt":3.99,"FPz":11,"FPzD":-42.11,"FPr":30.85,"MRF":81,"MRP":127,"CRF":114,"CRP":136}
,{"DP":"LACTIBIANE REFERENCE PILEJE 2.5 G 30 CAPS","DD":"PILEJE SLU","FRF":3,"FRP":8,"FF":239.6,"FFD":-49.83,"FQt":2.82,"FPz":8,"FPzD":-50,"FPr":29.95,"MRF":34,"MRP":63,"CRF":37,"CRP":77}
,{"DP":"LACTIBIANE TOLERANCE PILEJE 2.5 G 30 CAPS","DD":"PILEJE SLU","FRF":4,"FRP":9,"FF":239.6,"FFD":-19.73,"FQt":2.82,"FPz":8,"FPzD":-20,"FPr":29.95,"MRF":35,"MRP":64,"CRF":27,"CRP":58}
,{"DP":"PHYTOPHANERE CAPS","DD":"LIERAC","FRF":5,"FRP":15,"FF":237.65,"FFD":-62.05,"FQt":2.8,"FPz":6,"FPzD":-53.85,"FPr":39.61,"MRF":1,"MRP":14,"CRF":4,"CRP":43}
,{"DP":"HUPAVIR 20 SOBRES","DD":"NTD LABS","FRF":6,"FRP":16,"FF":227.7,"FFD":597.4,"FQt":2.68,"FPz":6,"FPzD":500,"FPr":37.95,"MRF":92,"MRP":138,"CRF":88,"CRP":130}
,{"DP":"RETILUT 60 CAPS","DD":"THEA","FRF":7,"FRP":17,"FF":219,"FFD":92.36,"FQt":2.58,"FPz":6,"FPzD":100,"FPr":36.5,"MRF":8,"MRP":27,"CRF":3,"CRP":24}
,{"DP":"MELATONIN PURA 60 TABLETAS","DD":"TREPAT-DIET","FRF":8,"FRP":2,"FF":209.86,"FFD":116.46,"FQt":2.47,"FPz":14,"FPzD":100,"FPr":14.99,"MRF":87,"MRP":83,"CRF":113,"CRP":108}
,{"DP":"INMUNOFERON CAPSULAS 90 CAPS","DD":"CANTABRIA LABS","FRF":9,"FRP":23,"FF":195.4,"FFD":145.6,"FQt":2.3,"FPz":5,"FPzD":150,"FPr":39.08,"MRF":29,"MRP":60,"CRF":21,"CRP":66}
,{"DP":"FISIOGEN FERRO FORTE CAPS 30 CAPS","DD":"ZAMBON","FRF":10,"FRP":12,"FF":190.75,"FFD":250,"FQt":2.24,"FPz":7,"FPzD":250,"FPr":27.25,"MRF":3,"MRP":5,"CRF":1,"CRP":8}
,{"DP":"REDOXON DOBLE ACCION COMP EFERVESCENTES 30 COMP NARANJA","DD":"BAYER HISPANIA S.L.","FRF":11,"FRP":3,"FF":181.35,"FFD":-27.43,"FQt":2.13,"FPz":13,"FPzD":-23.53,"FPr":13.95,"MRF":10,"MRP":11,"CRF":24,"CRP":16}
,{"DP":"AQUILEA SUEÑO 1.95 MG 60 COMPRIMIDOS","DD":"URIACH","FRF":12,"FRP":10,"FF":167.6,"FFD":180.03,"FQt":1.97,"FPz":8,"FPzD":166.67,"FPr":20.95,"MRF":6,"MRP":7,"CRF":16,"CRP":12}
,{"DP":"MELATONIN RETARD TAB 1.90 MG 60 TABLETAS","DD":"TREPAT-DIET","FRF":13,"FRP":5,"FF":164.89,"FFD":-8.33,"FQt":1.94,"FPz":11,"FPzD":-8.33,"FPr":14.99,"MRF":93,"MRP":105,"CRF":106,"CRP":101}
,{"DP":"FORMAG 90 COMP","DD":"PILEJE SLU","FRF":14,"FRP":18,"FF":157.14,"FFD":-50.58,"FQt":1.85,"FPz":6,"FPzD":-50,"FPr":26.19,"MRF":98,"MRP":131,"CRF":124,"CRP":137}
,{"DP":"OLIOVITA 120 CAPS 500 MG","DD":"VITAE N NUTRITION","FRF":15,"FRP":38,"FF":146.85,"FFD":200,"FQt":1.73,"FPz":3,"FPzD":200,"FPr":48.95,"MRF":80,"MRP":141,"CRF":141,"CRP":164}
,{"DP":"COLNATUR COMPLEX  NEUTRO 330 G","DD":"","FRF":16,"FRP":13,"FF":139.65,"FFD":19.67,"FQt":1.64,"FPz":7,"FPzD":16.67,"FPr":19.95,"MRF":24,"MRP":20,"CRF":30,"CRP":31}
,{"DP":"LACTIBIANE CND 10M PILEJE 30 CAPS","DD":"PILEJE SLU","FRF":17,"FRP":19,"FF":119.4,"FFD":null,"FQt":1.41,"FPz":6,"FPzD":null,"FPr":19.9,"MRF":42,"MRP":68,"CRF":41,"CRP":59}
,{"DP":"CYSTEEL 28 CAPS","DD":"HEEL ESPAÑA","FRF":18,"FRP":20,"FF":116.82,"FFD":47.5,"FQt":1.37,"FPz":6,"FPzD":50,"FPr":19.47,"MRF":65,"MRP":78,"CRF":73,"CRP":93}
,{"DP":"SLEEPEEL 1 MG 30 COMP","DD":"HEEL ESPAÑA","FRF":19,"FRP":6,"FF":109.45,"FFD":57.14,"FQt":1.29,"FPz":11,"FPzD":37.5,"FPr":9.95,"MRF":43,"MRP":25,"CRF":36,"CRP":21}
,{"DP":"NEUROBIANE 60 CAPS","DD":"PILEJE SLU","FRF":20,"FRP":28,"FF":107,"FFD":1.9,"FQt":1.26,"FPz":4,"FPzD":0,"FPr":26.75,"MRF":175,"MRP":178,"CRF":172,"CRP":175}
,{"DP":"SUPRADYN ACTIVO 120 COMP","DD":"BAYER HISPANIA S.L.","FRF":21,"FRP":29,"FF":99.8,"FFD":-15.96,"FQt":1.17,"FPz":4,"FPzD":-20,"FPr":24.95,"MRF":7,"MRP":10,"CRF":7,"CRP":10}
,{"DP":"COMPLIDERMOL 5ALFA PLUS 60 CAPS","DD":"MEDEA","FRF":22,"FRP":30,"FF":98.35,"FFD":31.4,"FQt":1.16,"FPz":4,"FPzD":33.33,"FPr":24.59,"MRF":19,"MRP":28,"CRF":12,"CRP":25}
,{"DP":"LACTIBIANE ENFANT PILEJE 2.5 G 30 SOBRES","DD":"PILEJE SLU","FRF":23,"FRP":31,"FF":98,"FFD":112.03,"FQt":1.15,"FPz":4,"FPzD":100,"FPr":24.5,"MRF":111,"MRP":134,"CRF":92,"CRP":116}
,{"DP":"ARMOLIPID PLUS 20 COMP","DD":"ROTTAPHARM S L","FRF":24,"FRP":24,"FF":93,"FFD":null,"FQt":1.09,"FPz":5,"FPzD":null,"FPr":18.6,"MRF":2,"MRP":1,"CRF":2,"CRP":2}
,{"DP":"BIVOS GOTAS LACTOBACILLUS GG 8 ML","DD":"FERRING  S A U","FRF":25,"FRP":21,"FF":91.25,"FFD":186.05,"FQt":1.07,"FPz":6,"FPzD":200,"FPr":15.21,"MRF":11,"MRP":12,"CRF":17,"CRP":13}]
,"datiDettRefM":[
{"DP":"PHYTOPHANERE CAPS","DD":"LIERAC","FRF":5,"FRP":15,"MRF":1,"MRP":14,"MF":140.3,"MFD":7.14,"MQt":1.75,"MPz":3,"MPzD":6.53,"MPr":46.27}
,{"DP":"ARMOLIPID PLUS 20 COMP","DD":"ROTTAPHARM S L","FRF":24,"FRP":24,"MRF":2,"MRP":1,"MF":133.89,"MFD":0.34,"MQt":1.67,"MPz":7,"MPzD":-3.43,"MPr":18.35}
,{"DP":"FISIOGEN FERRO FORTE CAPS 30 CAPS","DD":"ZAMBON","FRF":10,"FRP":12,"MRF":3,"MRP":5,"MF":112.91,"MFD":21.92,"MQt":1.41,"MPz":5,"MPzD":33.09,"MPr":24.99}
,{"DP":"REUTERI GOTAS  10 ML","DD":"CASEN RECORDATI S L","FRF":31,"FRP":32,"MRF":4,"MRP":6,"MF":96.51,"MFD":-9.69,"MQt":1.2,"MPz":5,"MPzD":-15.45,"MPr":18.24}
,{"DP":"NATALBEN SUPRA 30 CAPS","DD":"ITALFARMACO","FRF":184,"FRP":185,"MRF":5,"MRP":2,"MF":95.27,"MFD":-7.93,"MQt":1.19,"MPz":6,"MPzD":-7.58,"MPr":16.14}
,{"DP":"AQUILEA SUEÑO 1.95 MG 60 COMPRIMIDOS","DD":"URIACH","FRF":12,"FRP":10,"MRF":6,"MRP":7,"MF":87.12,"MFD":26.79,"MQt":1.09,"MPz":5,"MPzD":25.17,"MPr":17.56}
,{"DP":"SUPRADYN ACTIVO 120 COMP","DD":"BAYER HISPANIA S.L.","FRF":21,"FRP":29,"MRF":7,"MRP":10,"MF":82.79,"MFD":2.32,"MQt":1.03,"MPz":4,"MPzD":11.11,"MPr":23.42}
,{"DP":"RETILUT 60 CAPS","DD":"THEA","FRF":7,"FRP":17,"MRF":8,"MRP":27,"MF":81.15,"MFD":13.61,"MQt":1.01,"MPz":2,"MPzD":-4.64,"MPr":33.73}
,{"DP":"BIORALSUERO 200 ML BRICK FRESA","DD":"CASEN RECORDATI S L","FRF":26,"FRP":11,"MRF":9,"MRP":3,"MF":66.86,"MFD":-8.05,"MQt":0.83,"MPz":6,"MPzD":-15.72,"MPr":10.35}
,{"DP":"REDOXON DOBLE ACCION COMP EFERVESCENTES 30 COMP NARANJA","DD":"BAYER HISPANIA S.L.","FRF":11,"FRP":3,"MRF":10,"MRP":11,"MF":64.34,"MFD":3.45,"MQt":0.8,"MPz":4,"MPzD":-7.15,"MPr":14.57}
,{"DP":"BIVOS GOTAS LACTOBACILLUS GG 8 ML","DD":"FERRING  S A U","FRF":25,"FRP":21,"MRF":11,"MRP":12,"MF":63.6,"MFD":-11.34,"MQt":0.79,"MPz":4,"MPzD":-28.23,"MPr":14.19}
,{"DP":"NATALBEN LACTANCIA 60 CAPS","DD":"ITALFARMACO","FRF":109,"FRP":113,"MRF":12,"MRP":15,"MF":63.01,"MFD":8.74,"MQt":0.79,"MPz":3,"MPzD":-3.14,"MPr":19.02}
,{"DP":"CARTICURE PLUS","DD":"ARAFARMA GROUP","FRF":147,"FRP":149,"MRF":13,"MRP":57,"MF":62.32,"MFD":19.26,"MQt":0.78,"MPz":1,"MPzD":-20.6,"MPr":45.22}
,{"DP":"MELAMIL GOTAS 1 MG DIA 30 ML","DD":"HUMANA SPAIN","FRF":36,"FRP":40,"MRF":14,"MRP":16,"MF":61.75,"MFD":-1.48,"MQt":0.77,"MPz":3,"MPzD":-10.91,"MPr":19.27}
,{"DP":"PRODEFEN 10 SOBRES","DD":"ITALFARMACO","FRF":49,"FRP":35,"MRF":15,"MRP":8,"MF":61.09,"MFD":-46.99,"MQt":0.76,"MPz":5,"MPzD":-44.48,"MPr":13.14}
,{"DP":"FERTYBIOTIC MUJER 30 SOBRES","DD":"FERTYPHARM","FRF":162,"FRP":163,"MRF":16,"MRP":58,"MF":59.45,"MFD":15,"MQt":0.74,"MPz":1,"MPzD":8.82,"MPr":50.45}
,{"DP":"MEGALEVURE 10 STICKS","DD":"SALVAT","FRF":135,"FRP":135,"MRF":17,"MRP":4,"MF":57.06,"MFD":3.19,"MQt":0.71,"MPz":6,"MPzD":3.93,"MPr":10.1}
,{"DP":"PRODEFEN PLUS 10 SOBRES","DD":"ITALFARMACO","FRF":76,"FRP":65,"MRF":18,"MRP":13,"MF":56.08,"MFD":null,"MQt":0.7,"MPz":4,"MPzD":null,"MPr":12.73}
,{"DP":"COMPLIDERMOL 5ALFA PLUS 60 CAPS","DD":"MEDEA","FRF":22,"FRP":30,"MRF":19,"MRP":28,"MF":55.19,"MFD":46.94,"MQt":0.69,"MPz":2,"MPzD":21.31,"MPr":23.15}
,{"DP":"IMUNOGLUKAN 120 ML","DD":"ORDESA","FRF":53,"FRP":56,"MRF":20,"MRP":17,"MF":53.87,"MFD":-9.26,"MQt":0.67,"MPz":3,"MPzD":0.91,"MPr":20.51}
,{"DP":"AQUILEA SUEÑO 1.95 30 COMPRIMIDOS","DD":"URIACH","FRF":93,"FRP":68,"MRF":21,"MRP":9,"MF":51.08,"MFD":-8.05,"MQt":0.64,"MPz":5,"MPzD":-5.23,"MPr":11.01}
,{"DP":"ZIVEREL  10 ML 20 SOBRES BEBIB","DD":"NORGINE DE ESPAÑA","FRF":106,"FRP":110,"MRF":22,"MRP":18,"MF":50.11,"MFD":43.39,"MQt":0.62,"MPz":3,"MPzD":70.77,"MPr":19.81}
,{"DP":"NEURALEX CAPS DE GELATINA BLANDA 60 CAPS","DD":"ITALFARMACO","FRF":123,"FRP":126,"MRF":23,"MRP":19,"MF":47.46,"MFD":14.13,"MQt":0.59,"MPz":3,"MPzD":13.03,"MPr":15.71}
,{"DP":"COLNATUR COMPLEX  NEUTRO 330 G","DD":"","FRF":16,"FRP":13,"MRF":24,"MRP":20,"MF":47.34,"MFD":-28.93,"MQt":0.59,"MPz":3,"MPzD":-31.99,"MPr":15.9}
,{"DP":"GESTAGYN EMBARAZO 30 CAPS","DD":"GYNEA LABORATORIOS","FRF":119,"FRP":122,"MRF":25,"MRP":21,"MF":46.53,"MFD":-4.38,"MQt":0.58,"MPz":3,"MPzD":8.61,"MPr":18.04}]
,"datiDettRefC":[
{"DP":"FISIOGEN FERRO FORTE CAPS 30 CAPS","DD":"ZAMBON","FRF":10,"FRP":12,"CRF":1,"CRP":8,"CF":51.76,"CFD":0.4,"CQt":1.33,"CPz":2,"CPzD":-5.17,"CPr":24.76}
,{"DP":"ARMOLIPID PLUS 20 COMP","DD":"ROTTAPHARM S L","FRF":24,"FRP":24,"CRF":2,"CRP":2,"CF":51.2,"CFD":-22.21,"CQt":1.32,"CPz":3,"CPzD":-13.16,"CPr":18.29}
,{"DP":"RETILUT 60 CAPS","DD":"THEA","FRF":7,"FRP":17,"CRF":3,"CRP":24,"CF":50.96,"CFD":1.69,"CQt":1.31,"CPz":1,"CPzD":-29.49,"CPr":34.6}
,{"DP":"PHYTOPHANERE CAPS","DD":"LIERAC","FRF":5,"FRP":15,"CRF":4,"CRP":43,"CF":45.38,"CFD":15,"CQt":1.17,"CPz":0.982,"CPzD":12.52,"CPr":46.22}
,{"DP":"REUTERI GOTAS  10 ML","DD":"CASEN RECORDATI S L","FRF":31,"FRP":32,"CRF":5,"CRP":9,"CF":43.77,"CFD":-18.57,"CQt":1.13,"CPz":2,"CPzD":-30.82,"CPr":18.81}
,{"DP":"NATALBEN SUPRA 30 CAPS","DD":"ITALFARMACO","FRF":184,"FRP":185,"CRF":6,"CRP":3,"CF":41.54,"CFD":-10.04,"CQt":1.07,"CPz":3,"CPzD":3.77,"CPr":15.98}
,{"DP":"SUPRADYN ACTIVO 120 COMP","DD":"BAYER HISPANIA S.L.","FRF":21,"FRP":29,"CRF":7,"CRP":10,"CF":39.2,"CFD":8.54,"CQt":1.01,"CPz":2,"CPzD":26.44,"CPr":23.69}
,{"DP":"OFTAN MACULA OMEGA 90 CAPS","DD":"ESTEVE","FRF":29,"FRP":47,"CRF":8,"CRP":46,"CF":37.43,"CFD":-2.89,"CQt":0.96,"CPz":0.964,"CPzD":-3.6,"CPr":38.84}
,{"DP":"PRODEFEN 10 SOBRES","DD":"ITALFARMACO","FRF":49,"FRP":35,"CRF":9,"CRP":4,"CF":35.39,"CFD":-24.2,"CQt":0.91,"CPz":3,"CPzD":-16.67,"CPr":13.52}
,{"DP":"SANDOZ BIENESTAR BIFIDUS MONODOSIS 10 SOBRES","DD":"SANDOZ FARMACEUTICA S.A.","FRF":196,"FRP":196,"CRF":10,"CRP":5,"CF":33.17,"CFD":-17.81,"CQt":0.85,"CPz":3,"CPzD":-26.99,"CPr":10.42}
,{"DP":"NEURALEX CAPS DE GELATINA BLANDA 60 CAPS","DD":"ITALFARMACO","FRF":123,"FRP":126,"CRF":11,"CRP":11,"CF":32.7,"CFD":-7.97,"CQt":0.84,"CPz":2,"CPzD":-10.57,"CPr":15.92}
,{"DP":"COMPLIDERMOL 5ALFA PLUS 60 CAPS","DD":"MEDEA","FRF":22,"FRP":30,"CRF":12,"CRP":25,"CF":31.64,"CFD":122.07,"CQt":0.82,"CPz":1,"CPzD":61.76,"CPr":23.52}
,{"DP":"IMUNOGLUKAN 120 ML","DD":"ORDESA","FRF":53,"FRP":56,"CRF":13,"CRP":26,"CF":30.62,"CFD":-2.02,"CQt":0.79,"CPz":1,"CPzD":-32.93,"CPr":22.16}
,{"DP":"BIORALSUERO 200 ML BRICK FRESA","DD":"CASEN RECORDATI S L","FRF":26,"FRP":11,"CRF":14,"CRP":6,"CF":29.4,"CFD":2.46,"CQt":0.76,"CPz":3,"CPzD":5.77,"CPr":10.23}
,{"DP":"ZIVEREL  10 ML 20 SOBRES BEBIB","DD":"NORGINE DE ESPAÑA","FRF":106,"FRP":110,"CRF":15,"CRP":27,"CF":29.38,"CFD":51.62,"CQt":0.76,"CPz":1,"CPzD":3.77,"CPr":20.45}
,{"DP":"AQUILEA SUEÑO 1.95 MG 60 COMPRIMIDOS","DD":"URIACH","FRF":12,"FRP":10,"CRF":16,"CRP":12,"CF":29.28,"CFD":5.39,"CQt":0.75,"CPz":2,"CPzD":25,"CPr":17.5}
,{"DP":"BIVOS GOTAS LACTOBACILLUS GG 8 ML","DD":"FERRING  S A U","FRF":25,"FRP":21,"CRF":17,"CRP":13,"CF":29.21,"CFD":-3.23,"CQt":0.75,"CPz":2,"CPzD":-9.09,"CPr":14.88}
,{"DP":"GESTAGYN EMBARAZO 30 CAPS","DD":"GYNEA LABORATORIOS","FRF":119,"FRP":122,"CRF":18,"CRP":14,"CF":28.57,"CFD":-2.47,"CQt":0.74,"CPz":2,"CPzD":23.6,"CPr":18.06}
,{"DP":"NATALBEN LACTANCIA 60 CAPS","DD":"ITALFARMACO","FRF":109,"FRP":113,"CRF":19,"CRP":15,"CF":28.43,"CFD":-0.36,"CQt":0.73,"CPz":2,"CPzD":27.91,"CPr":18.84}
,{"DP":"NUTROF OMEGA CAPS 36 CAPS","DD":"THEA","FRF":187,"FRP":188,"CRF":20,"CRP":52,"CF":27.91,"CFD":39.97,"CQt":0.72,"CPz":0.891,"CPzD":36.13,"CPr":31.32}
,{"DP":"INMUNOFERON CAPSULAS 90 CAPS","DD":"CANTABRIA LABS","FRF":9,"FRP":23,"CRF":21,"CRP":66,"CF":26.87,"CFD":22.46,"CQt":0.69,"CPz":0.709,"CPzD":14.69,"CPr":37.9}
,{"DP":"CARTICURE PLUS","DD":"ARAFARMA GROUP","FRF":147,"FRP":149,"CRF":22,"CRP":85,"CF":25.16,"CFD":20.38,"CQt":0.65,"CPz":0.509,"CPzD":16.65,"CPr":49.41}
,{"DP":"COMPLIDERMOL 5ALFA 60 CAPS","DD":"MEDEA","FRF":56,"FRP":58,"CRF":23,"CRP":28,"CF":23.69,"CFD":-4.65,"CQt":0.61,"CPz":1,"CPzD":-16.67,"CPr":21.36}
,{"DP":"REDOXON DOBLE ACCION COMP EFERVESCENTES 30 COMP NARANJA","DD":"BAYER HISPANIA S.L.","FRF":11,"FRP":3,"CRF":24,"CRP":16,"CF":23.23,"CFD":-21.72,"CQt":0.6,"CPz":2,"CPzD":0,"CPr":14.68}
,{"DP":"MELAMIL GOTAS 1 MG DIA 30 ML","DD":"HUMANA SPAIN","FRF":36,"FRP":40,"CRF":25,"CRP":29,"CF":23.11,"CFD":-14.38,"CQt":0.6,"CPz":1,"CPzD":-29.49,"CPr":18.69}]}