{"datiDettRefF":[
{"DP":"GAFAS","DD":"","FRF":1,"FRP":1,"FF":1316.8,"FFD":-11.39,"FQt":66.47,"FPz":89,"FPzD":-10.1,"FPr":14.8,"MRF":1,"MRP":1,"CRF":1,"CRP":1}
,{"DP":"OÛNE LENTES DE CONTACTO BLANDAS 360 ML 2 U","DD":"OFOPAR","FRF":2,"FRP":3,"FF":345.27,"FFD":-25.7,"FQt":17.43,"FPz":35,"FPzD":-25.53,"FPr":9.86,"MRF":2,"MRP":2,"CRF":7,"CRP":8}
,{"DP":"OÛNE LENTES DE CONTACTO BLANDAS 60 ML 2 U","DD":"OFOPAR","FRF":3,"FRP":2,"FF":232.05,"FFD":21.88,"FQt":11.71,"FPz":39,"FPzD":18.18,"FPr":5.95,"MRF":16,"MRP":13,"CRF":21,"CRP":22}
,{"DP":"SUENTILLAS LIQUIDO LENTILLAS 1 L","DD":"ORRAVAN","FRF":4,"FRP":4,"FF":30.5,"FFD":-14.57,"FQt":1.54,"FPz":5,"FPzD":-16.67,"FPr":6.1,"MRF":19,"MRP":20,"CRF":15,"CRP":16}
,{"DP":"RF SOL UNICA LENTES DE CONTACTO BLANDAS 350 ML","DD":"LAB RUEDA FARMA","FRF":5,"FRP":7,"FF":23.9,"FFD":null,"FQt":1.21,"FPz":2,"FPzD":null,"FPr":11.95,"MRF":24,"MRP":24,"CRF":20,"CRP":20}
,{"DP":"OPTIFARM TOALLITAS LIMPIAGAFAS 24 TOALLITAS","DD":"PROHIMA INT","FRF":6,"FRP":5,"FF":19.75,"FFD":0,"FQt":1,"FPz":5,"FPzD":0,"FPr":3.95,"MRF":25,"MRP":25,"CRF":22,"CRP":21}
,{"DP":"SUENTILLAS LIQUIDO LENTILLAS 500 ML","DD":"ORRAVAN","FRF":7,"FRP":6,"FF":12.7,"FFD":null,"FQt":0.64,"FPz":3,"FPzD":null,"FPr":4.23,"MRF":23,"MRP":23,"CRF":25,"CRP":25}
,{"DP":"ACOFAR LENTES DE CONTACTO BLANDAS 250 ML 2 U","DD":"ACOFARMA DISTRIBUCIÓN S A","FRF":8,"FRP":8,"FF":0,"FFD":null,"FQt":0,"FPz":0,"FPzD":null,"FPr":null,"MRF":3,"MRP":4,"CRF":4,"CRP":3}
,{"DP":"ACOFAR LENTES DE CONTACTO BLANDAS 60 ML","DD":"ACOFARMA DISTRIBUCIÓN S A","FRF":9,"FRP":9,"FF":0,"FFD":null,"FQt":0,"FPz":0,"FPzD":null,"FPr":null,"MRF":7,"MRP":5,"CRF":10,"CRP":6}
,{"DP":"CONTACARE MPS 100 ML 2 U","DD":"IMPROSAN PS","FRF":10,"FRP":10,"FF":0,"FFD":null,"FQt":0,"FPz":0,"FPzD":null,"FPr":null,"MRF":21,"MRP":21,"CRF":18,"CRP":17}
,{"DP":"CONTACARE MPS 360 ML 2 U","DD":"IMPROSAN PS","FRF":11,"FRP":11,"FF":0,"FFD":null,"FQt":0,"FPz":0,"FPzD":null,"FPr":null,"MRF":9,"MRP":11,"CRF":9,"CRP":13}
,{"DP":"FARLINE OPTICA SOLUCION UNICA CON HIALURONICO DUPLO 500 ML 2U","DD":"COFARES","FRF":12,"FRP":12,"FF":0,"FFD":null,"FQt":0,"FPz":0,"FPzD":null,"FPr":null,"MRF":5,"MRP":6,"CRF":2,"CRP":4}
,{"DP":"FARLINE OPTICA SOLUCION UNICA LENTES DE CONTACTO DUPLO 360 ML 2U","DD":"COFARES","FRF":13,"FRP":13,"FF":0,"FFD":null,"FQt":0,"FPz":0,"FPzD":null,"FPr":null,"MRF":8,"MRP":8,"CRF":5,"CRP":5}
,{"DP":"HIDRO HEALTH HA+ DD PACK 360 ML","DD":"DISOP","FRF":14,"FRP":14,"FF":0,"FFD":null,"FQt":0,"FPz":0,"FPzD":null,"FPr":null,"MRF":13,"MRP":16,"CRF":24,"CRP":24}
,{"DP":"INTERAPOTHEK LENTES DE CONTACTO BLANDAS 100 ML","DD":"INTERAPOTHEK","FRF":15,"FRP":15,"FF":0,"FFD":null,"FQt":0,"FPz":0,"FPzD":null,"FPr":null,"MRF":20,"MRP":14,"CRF":14,"CRP":12}
,{"DP":"INTERAPOTHEK LENTES DE CONTACTO BLANDAS 250 ML 2 U","DD":"INTERAPOTHEK","FRF":16,"FRP":16,"FF":0,"FFD":null,"FQt":0,"FPz":0,"FPzD":null,"FPr":null,"MRF":11,"MRP":10,"CRF":8,"CRP":9}
,{"DP":"LIQUIDO LENTILLAS VARIOS","DD":"","FRF":17,"FRP":17,"FF":0,"FFD":null,"FQt":0,"FPz":0,"FPzD":null,"FPr":null,"MRF":4,"MRP":3,"CRF":3,"CRP":2}
,{"DP":"MAXLOOK OPTICS SOLUCION UNICA 360 ML","DD":"FARMEDCO INT","FRF":18,"FRP":18,"FF":0,"FFD":null,"FQt":0,"FPz":0,"FPzD":null,"FPr":null,"MRF":18,"MRP":19,"CRF":13,"CRP":14}
,{"DP":"OPTICA VARIOS","DD":"","FRF":19,"FRP":19,"FF":0,"FFD":null,"FQt":0,"FPz":0,"FPzD":null,"FPr":null,"MRF":10,"MRP":9,"CRF":11,"CRP":10}
,{"DP":"OÛNE LENTES DE CONTACTO BLANDAS 100 ML 2 U","DD":"OFOPAR","FRF":20,"FRP":20,"FF":0,"FFD":null,"FQt":0,"FPz":0,"FPzD":null,"FPr":null,"MRF":15,"MRP":12,"CRF":23,"CRP":23}
,{"DP":"SALVELOX LENTES DE CONTACTO BLANDAS 360 ML","DD":"CEDERROTH DISTREX S.A.U.","FRF":21,"FRP":21,"FF":0,"FFD":null,"FQt":0,"FPz":0,"FPzD":null,"FPr":null,"MRF":17,"MRP":18,"CRF":12,"CRP":11}
,{"DP":"SALVELOX LENTES DE CONTACTO BLANDAS 360 ML 2 U","DD":"CEDERROTH DISTREX S.A.U.","FRF":22,"FRP":22,"FF":0,"FFD":null,"FQt":0,"FPz":0,"FPzD":null,"FPr":null,"MRF":12,"MRP":15,"CRF":17,"CRP":18}
,{"DP":"SOLUX TODOS TIPOS LENTES DE CONTACTO 360 ML 2 U","DD":"DISTROSUR","FRF":23,"FRP":23,"FF":0,"FFD":null,"FQt":0,"FPz":0,"FPzD":null,"FPr":null,"MRF":6,"MRP":7,"CRF":6,"CRP":7}
,{"DP":"VISLINE SOLUCION UNICA LENTES DE CONTACTO 100 ML","DD":"COFARES","FRF":24,"FRP":24,"FF":0,"FFD":null,"FQt":0,"FPz":0,"FPzD":null,"FPr":null,"MRF":22,"MRP":22,"CRF":16,"CRP":15}
,{"DP":"VP NATURA 360 ML","DD":"VP PHARMA BARU","FRF":25,"FRP":25,"FF":0,"FFD":null,"FQt":0,"FPz":0,"FPzD":null,"FPr":null,"MRF":14,"MRP":17,"CRF":19,"CRP":19}]
,"datiDettRefM":[
{"DP":"GAFAS","DD":"","FRF":1,"FRP":1,"MRF":1,"MRP":1,"MF":2208.02,"MFD":-5.04,"MQt":76.78,"MPz":175,"MPzD":-9.91,"MPr":12.61}
,{"DP":"OÛNE LENTES DE CONTACTO BLANDAS 360 ML 2 U","DD":"OFOPAR","FRF":2,"FRP":3,"MRF":2,"MRP":2,"MF":92.34,"MFD":-5.56,"MQt":3.21,"MPz":9,"MPzD":-8.47,"MPr":9.97}
,{"DP":"ACOFAR LENTES DE CONTACTO BLANDAS 250 ML 2 U","DD":"ACOFARMA DISTRIBUCIÓN S A","FRF":8,"FRP":8,"MRF":3,"MRP":4,"MF":46.66,"MFD":-6.5,"MQt":1.62,"MPz":6,"MPzD":-1.6,"MPr":7.97}
,{"DP":"LIQUIDO LENTILLAS VARIOS","DD":"","FRF":17,"FRP":17,"MRF":4,"MRP":3,"MF":45.64,"MFD":-26.32,"MQt":1.59,"MPz":7,"MPzD":-16.07,"MPr":7.02}
,{"DP":"FARLINE OPTICA SOLUCION UNICA CON HIALURONICO DUPLO 500 ML 2U","DD":"COFARES","FRF":12,"FRP":12,"MRF":5,"MRP":6,"MF":43.1,"MFD":11.48,"MQt":1.5,"MPz":4,"MPzD":22.92,"MPr":11.86}
,{"DP":"SOLUX TODOS TIPOS LENTES DE CONTACTO 360 ML 2 U","DD":"DISTROSUR","FRF":23,"FRP":23,"MRF":6,"MRP":7,"MF":35.25,"MFD":0.04,"MQt":1.23,"MPz":4,"MPzD":8.35,"MPr":9.65}
,{"DP":"ACOFAR LENTES DE CONTACTO BLANDAS 60 ML","DD":"ACOFARMA DISTRIBUCIÓN S A","FRF":9,"FRP":9,"MRF":7,"MRP":5,"MF":24.82,"MFD":-3.13,"MQt":0.86,"MPz":5,"MPzD":-7.31,"MPr":4.69}
,{"DP":"FARLINE OPTICA SOLUCION UNICA LENTES DE CONTACTO DUPLO 360 ML 2U","DD":"COFARES","FRF":13,"FRP":13,"MRF":8,"MRP":8,"MF":22.59,"MFD":66.67,"MQt":0.79,"MPz":3,"MPzD":97.51,"MPr":8.89}
,{"DP":"CONTACARE MPS 360 ML 2 U","DD":"IMPROSAN PS","FRF":11,"FRP":11,"MRF":9,"MRP":11,"MF":19.65,"MFD":99.28,"MQt":0.68,"MPz":2,"MPzD":80.49,"MPr":8.98}
,{"DP":"OPTICA VARIOS","DD":"","FRF":19,"FRP":19,"MRF":10,"MRP":9,"MF":17.26,"MFD":37.81,"MQt":0.6,"MPz":3,"MPzD":34.38,"MPr":6.13}
,{"DP":"INTERAPOTHEK LENTES DE CONTACTO BLANDAS 250 ML 2 U","DD":"INTERAPOTHEK","FRF":16,"FRP":16,"MRF":11,"MRP":10,"MF":17.04,"MFD":-11.08,"MQt":0.59,"MPz":3,"MPzD":3.74,"MPr":6.79}
,{"DP":"SALVELOX LENTES DE CONTACTO BLANDAS 360 ML 2 U","DD":"CEDERROTH DISTREX S.A.U.","FRF":22,"FRP":22,"MRF":12,"MRP":15,"MF":13.77,"MFD":35.86,"MQt":0.48,"MPz":1,"MPzD":-3.14,"MPr":9.88}
,{"DP":"HIDRO HEALTH HA+ DD PACK 360 ML","DD":"DISOP","FRF":14,"FRP":14,"MRF":13,"MRP":16,"MF":13.69,"MFD":17.58,"MQt":0.48,"MPz":1,"MPzD":-15.14,"MPr":9.89}
,{"DP":"VP NATURA 360 ML","DD":"VP PHARMA BARU","FRF":25,"FRP":25,"MRF":14,"MRP":17,"MF":10.99,"MFD":-50.84,"MQt":0.38,"MPz":1,"MPzD":-63.73,"MPr":8.8}
,{"DP":"OÛNE LENTES DE CONTACTO BLANDAS 100 ML 2 U","DD":"OFOPAR","FRF":20,"FRP":20,"MRF":15,"MRP":12,"MF":10.41,"MFD":-5.94,"MQt":0.36,"MPz":2,"MPzD":10.78,"MPr":6.18}
,{"DP":"OÛNE LENTES DE CONTACTO BLANDAS 60 ML 2 U","DD":"OFOPAR","FRF":3,"FRP":2,"MRF":16,"MRP":13,"MF":10.39,"MFD":10.77,"MQt":0.36,"MPz":2,"MPzD":25,"MPr":5.93}
,{"DP":"SALVELOX LENTES DE CONTACTO BLANDAS 360 ML","DD":"CEDERROTH DISTREX S.A.U.","FRF":21,"FRP":21,"MRF":17,"MRP":18,"MF":9.71,"MFD":-35.35,"MQt":0.34,"MPz":1,"MPzD":-46.69,"MPr":7.81}
,{"DP":"MAXLOOK OPTICS SOLUCION UNICA 360 ML","DD":"FARMEDCO INT","FRF":18,"FRP":18,"MRF":18,"MRP":19,"MF":8.46,"MFD":572.16,"MQt":0.29,"MPz":1,"MPzD":560.71,"MPr":6.86}
,{"DP":"SUENTILLAS LIQUIDO LENTILLAS 1 L","DD":"ORRAVAN","FRF":4,"FRP":4,"MRF":19,"MRP":20,"MF":8.31,"MFD":-20.12,"MQt":0.29,"MPz":1,"MPzD":-42.37,"MPr":6.05}
,{"DP":"INTERAPOTHEK LENTES DE CONTACTO BLANDAS 100 ML","DD":"INTERAPOTHEK","FRF":15,"FRP":15,"MRF":20,"MRP":14,"MF":7.11,"MFD":-16.32,"MQt":0.25,"MPz":2,"MPzD":-13.95,"MPr":3.68}
,{"DP":"CONTACARE MPS 100 ML 2 U","DD":"IMPROSAN PS","FRF":10,"FRP":10,"MRF":21,"MRP":21,"MF":5.92,"MFD":903.53,"MQt":0.21,"MPz":1,"MPzD":873.68,"MPr":4.66}
,{"DP":"VISLINE SOLUCION UNICA LENTES DE CONTACTO 100 ML","DD":"COFARES","FRF":24,"FRP":24,"MRF":22,"MRP":22,"MF":4.43,"MFD":-25.2,"MQt":0.15,"MPz":1,"MPzD":-39.14,"MPr":3.72}
,{"DP":"SUENTILLAS LIQUIDO LENTILLAS 500 ML","DD":"ORRAVAN","FRF":7,"FRP":6,"MRF":23,"MRP":23,"MF":4.21,"MFD":-1.63,"MQt":0.15,"MPz":0.805,"MPzD":-5.74,"MPr":5.23}
,{"DP":"RF SOL UNICA LENTES DE CONTACTO BLANDAS 350 ML","DD":"LAB RUEDA FARMA","FRF":5,"FRP":7,"MRF":24,"MRP":24,"MF":3.27,"MFD":-10.09,"MQt":0.11,"MPz":0.27,"MPzD":-12.37,"MPr":12.11}
,{"DP":"OPTIFARM TOALLITAS LIMPIAGAFAS 24 TOALLITAS","DD":"PROHIMA INT","FRF":6,"FRP":5,"MRF":25,"MRP":25,"MF":0.96,"MFD":-19.09,"MQt":0.03,"MPz":0.265,"MPzD":-18.29,"MPr":3.61}]
,"datiDettRefC":[
{"DP":"GAFAS","DD":"","FRF":1,"FRP":1,"CRF":1,"CRP":1,"CF":1202.66,"CFD":-0.96,"CQt":81.88,"CPz":101,"CPzD":15.49,"CPr":11.88}
,{"DP":"FARLINE OPTICA SOLUCION UNICA CON HIALURONICO DUPLO 500 ML 2U","DD":"COFARES","FRF":12,"FRP":12,"CRF":2,"CRP":4,"CF":27.42,"CFD":46.77,"CQt":1.87,"CPz":2,"CPzD":26.44,"CPr":11.87}
,{"DP":"LIQUIDO LENTILLAS VARIOS","DD":"","FRF":17,"FRP":17,"CRF":3,"CRP":2,"CF":26.75,"CFD":-36.93,"CQt":1.82,"CPz":3,"CPzD":-41.28,"CPr":8.17}
,{"DP":"ACOFAR LENTES DE CONTACTO BLANDAS 250 ML 2 U","DD":"ACOFARMA DISTRIBUCIÓN S A","FRF":8,"FRP":8,"CRF":4,"CRP":3,"CF":25.98,"CFD":-0.8,"CQt":1.77,"CPz":3,"CPzD":7.84,"CPr":9.28}
,{"DP":"FARLINE OPTICA SOLUCION UNICA LENTES DE CONTACTO DUPLO 360 ML 2U","DD":"COFARES","FRF":13,"FRP":13,"CRF":5,"CRP":5,"CF":13.64,"CFD":23.32,"CQt":0.93,"CPz":2,"CPzD":61.76,"CPr":8.93}
,{"DP":"SOLUX TODOS TIPOS LENTES DE CONTACTO 360 ML 2 U","DD":"DISTROSUR","FRF":23,"FRP":23,"CRF":6,"CRP":7,"CF":13.55,"CFD":108.28,"CQt":0.92,"CPz":1,"CPzD":61.76,"CPr":9.81}
,{"DP":"OÛNE LENTES DE CONTACTO BLANDAS 360 ML 2 U","DD":"OFOPAR","FRF":2,"FRP":3,"CRF":7,"CRP":8,"CF":13.33,"CFD":-14.19,"CQt":0.91,"CPz":1,"CPzD":-36.05,"CPr":9.9}
,{"DP":"INTERAPOTHEK LENTES DE CONTACTO BLANDAS 250 ML 2 U","DD":"INTERAPOTHEK","FRF":16,"FRP":16,"CRF":8,"CRP":9,"CF":7.73,"CFD":-38.51,"CQt":0.53,"CPz":1,"CPzD":-47.12,"CPr":6.35}
,{"DP":"CONTACARE MPS 360 ML 2 U","DD":"IMPROSAN PS","FRF":11,"FRP":11,"CRF":9,"CRP":13,"CF":7.65,"CFD":38.32,"CQt":0.52,"CPz":0.855,"CPzD":34.36,"CPr":8.96}
,{"DP":"ACOFAR LENTES DE CONTACTO BLANDAS 60 ML","DD":"ACOFARMA DISTRIBUCIÓN S A","FRF":9,"FRP":9,"CRF":10,"CRP":6,"CF":7.47,"CFD":-12.46,"CQt":0.51,"CPz":2,"CPzD":-9.84,"CPr":3.92}
,{"DP":"OPTICA VARIOS","DD":"","FRF":19,"FRP":19,"CRF":11,"CRP":10,"CF":7.46,"CFD":-25.69,"CQt":0.51,"CPz":1,"CPzD":48.65,"CPr":6.03}
,{"DP":"SALVELOX LENTES DE CONTACTO BLANDAS 360 ML","DD":"CEDERROTH DISTREX S.A.U.","FRF":21,"FRP":21,"CRF":12,"CRP":11,"CF":7.45,"CFD":25.12,"CQt":0.51,"CPz":1,"CPzD":3.77,"CPr":6.61}
,{"DP":"MAXLOOK OPTICS SOLUCION UNICA 360 ML","DD":"FARMEDCO INT","FRF":18,"FRP":18,"CRF":13,"CRP":14,"CF":6.02,"CFD":269.01,"CQt":0.41,"CPz":0.782,"CPzD":258.42,"CPr":7.7}
,{"DP":"INTERAPOTHEK LENTES DE CONTACTO BLANDAS 100 ML","DD":"INTERAPOTHEK","FRF":15,"FRP":15,"CRF":14,"CRP":12,"CF":5.05,"CFD":-35.62,"CQt":0.34,"CPz":1,"CPzD":-56,"CPr":3.39}
,{"DP":"SUENTILLAS LIQUIDO LENTILLAS 1 L","DD":"ORRAVAN","FRF":4,"FRP":4,"CRF":15,"CRP":16,"CF":3.54,"CFD":-46.55,"CQt":0.24,"CPz":0.6,"CPzD":-45,"CPr":5.9}
,{"DP":"VISLINE SOLUCION UNICA LENTES DE CONTACTO 100 ML","DD":"COFARES","FRF":24,"FRP":24,"CRF":16,"CRP":15,"CF":2.38,"CFD":126.91,"CQt":0.16,"CPz":0.727,"CPzD":149.91,"CPr":3.27}
,{"DP":"SALVELOX LENTES DE CONTACTO BLANDAS 360 ML 2 U","DD":"CEDERROTH DISTREX S.A.U.","FRF":22,"FRP":22,"CRF":17,"CRP":18,"CF":2.15,"CFD":null,"CQt":0.15,"CPz":0.218,"CPzD":null,"CPr":9.86}
,{"DP":"CONTACARE MPS 100 ML 2 U","DD":"IMPROSAN PS","FRF":10,"FRP":10,"CRF":18,"CRP":17,"CF":2.06,"CFD":577.21,"CQt":0.14,"CPz":0.4,"CPzD":633.33,"CPr":5.16}
,{"DP":"VP NATURA 360 ML","DD":"VP PHARMA BARU","FRF":25,"FRP":25,"CRF":19,"CRP":19,"CF":1.9,"CFD":-22.95,"CQt":0.13,"CPz":0.218,"CPzD":-25.06,"CPr":8.73}
,{"DP":"RF SOL UNICA LENTES DE CONTACTO BLANDAS 350 ML","DD":"LAB RUEDA FARMA","FRF":5,"FRP":7,"CRF":20,"CRP":20,"CF":1.26,"CFD":177.16,"CQt":0.09,"CPz":0.127,"CPzD":249.25,"CPr":9.9}
,{"DP":"OÛNE LENTES DE CONTACTO BLANDAS 60 ML 2 U","DD":"OFOPAR","FRF":3,"FRP":2,"CRF":21,"CRP":22,"CF":0.54,"CFD":null,"CQt":0.04,"CPz":0.091,"CPzD":null,"CPr":5.95}
,{"DP":"OPTIFARM TOALLITAS LIMPIAGAFAS 24 TOALLITAS","DD":"PROHIMA INT","FRF":6,"FRP":5,"CRF":22,"CRP":21,"CF":0.44,"CFD":-20.52,"CQt":0.03,"CPz":0.127,"CPzD":-30.15,"CPr":3.42}
,{"DP":"OÛNE LENTES DE CONTACTO BLANDAS 100 ML 2 U","DD":"OFOPAR","FRF":20,"FRP":20,"CRF":23,"CRP":23,"CF":0.11,"CFD":-76.1,"CQt":0.01,"CPz":0.018,"CPzD":-75.25,"CPr":5.95}
,{"DP":"HIDRO HEALTH HA+ DD PACK 360 ML","DD":"DISOP","FRF":14,"FRP":14,"CRF":24,"CRP":24,"CF":0,"CFD":null,"CQt":0,"CPz":0,"CPzD":null,"CPr":null}
,{"DP":"SUENTILLAS LIQUIDO LENTILLAS 500 ML","DD":"ORRAVAN","FRF":7,"FRP":6,"CRF":25,"CRP":25,"CF":0,"CFD":-100,"CQt":0,"CPz":0,"CPzD":-100,"CPr":null}]}