{"datiDettRefF":[
{"DP":"INSTANYL 200 MCGPULSACION PULVERIZADOR NASAL 10 DOSIS","DD":"TAKEDA FARMACEUTICA ESPAÑA S.A.","FRF":1,"FRP":56,"FF":1187.16,"FFD":null,"FQt":1.62,"FPz":13,"FPzD":null,"FPr":91.32,"MRF":2091,"MRP":3235,"CRF":3311,"CRP":3313}
,{"DP":"SOMATULINA AUTOGEL 120 MG 1 JERINGA PRECARGADA 0.5 ML","DD":"IPSEN PHARMA","FRF":2,"FRP":1027,"FF":1181.44,"FFD":0,"FQt":1.61,"FPz":1,"FPzD":0,"FPr":1181.44,"MRF":67,"MRP":3110,"CRF":39,"CRP":2794}
,{"DP":"RAPAMUNE 2 MG 30 COMPRIMIDOS RECUBIERTOS","DD":"PFIZER","FRF":3,"FRP":411,"FF":861.45,"FFD":null,"FQt":1.17,"FPz":3,"FPzD":null,"FPr":287.15,"MRF":1553,"MRP":3320,"CRF":728,"CRP":3010}
,{"DP":"LIERAC FACIAL","DD":"LIERAC","FRF":4,"FRP":82,"FF":619.02,"FFD":-52.67,"FQt":0.84,"FPz":10,"FPzD":-56.52,"FPr":61.9,"MRF":103,"MRP":635,"CRF":503,"CRP":2046}
,{"DP":"SAUCO VIT C AN JARABE 120 G","DD":"APOTECA NATURA","FRF":5,"FRP":6,"FF":598.56,"FFD":null,"FQt":0.82,"FPz":48,"FPzD":null,"FPr":12.47,"MRF":322,"MRP":355,"CRF":252,"CRP":263}
,{"DP":"DECAPEPTYL SEMESTRAL 22.5 MG 1 VIAL POLVO + 1 AMPOLLA DISOLVENTE 2 ML","DD":"IPSEN PHARMA","FRF":6,"FRP":1028,"FF":564.38,"FFD":-50,"FQt":0.77,"FPz":1,"FPzD":-50,"FPr":564.38,"MRF":58,"MRP":2874,"CRF":70,"CRP":2676}
,{"DP":"FEMARA 2.5 MG 30 COMPRIMIDOS RECUBIERTOS","DD":"NOVARTIS","FRF":7,"FRP":184,"FF":552.6,"FFD":200,"FQt":0.75,"FPz":6,"FPzD":200,"FPr":92.1,"MRF":218,"MRP":2490,"CRF":214,"CRP":2162}
,{"DP":"INSTANYL 200 MCG NEBULIZADOR NASAL 6 UNIDOSIS 0.1 ML","DD":"TAKEDA FARMACEUTICA ESPAÑA S.A.","FRF":8,"FRP":83,"FF":547.9,"FFD":null,"FQt":0.75,"FPz":10,"FPzD":null,"FPr":54.79,"MRF":2673,"MRP":3269,"CRF":3324,"CRP":3326}
,{"DP":"BOCOUTURE 50 U 6 VIALES","DD":"MERZ PHARMA","FRF":9,"FRP":1029,"FF":521.82,"FFD":null,"FQt":0.71,"FPz":1,"FPzD":null,"FPr":521.82,"MRF":743,"MRP":3287,"CRF":1154,"CRP":3153}
,{"DP":"CIALIS DIARIO 5 MG 28 COMPRIMIDOS","DD":"LILLY","FRF":10,"FRP":303,"FF":491.8,"FFD":105.98,"FQt":0.67,"FPz":4,"FPzD":100,"FPr":122.95,"MRF":446,"MRP":2850,"CRF":652,"CRP":2795}
,{"DP":"CIALIS 20 MG 8 COMPRIMIDOS","DD":"LILLY","FRF":11,"FRP":412,"FF":442.74,"FFD":null,"FQt":0.6,"FPz":3,"FPzD":null,"FPr":147.58,"MRF":893,"MRP":3101,"CRF":2303,"CRP":3154}
,{"DP":"RAPAMUNE 1 MG 100 COMPRIMIDOS RECUBIERTOS","DD":"PFIZER","FRF":12,"FRP":1030,"FF":426.9,"FFD":null,"FQt":0.58,"FPz":1,"FPzD":null,"FPr":426.9,"MRF":795,"MRP":3268,"CRF":3323,"CRP":3325}
,{"DP":"PRADAXA 150 MG 60 CAPSULAS","DD":"BOEHRINGER INGELHEIM, S.A.","FRF":13,"FRP":304,"FF":363.44,"FFD":100,"FQt":0.5,"FPz":4,"FPzD":100,"FPr":90.86,"MRF":38,"MRP":917,"CRF":33,"CRP":555}
,{"DP":"NICOTINELL MINT 2 MG 96 COMPRIMIDOS PARA CHUPAR","DD":"NOVARTIS","FRF":14,"FRP":126,"FF":339.12,"FFD":307.99,"FQt":0.46,"FPz":8,"FPzD":300,"FPr":42.39,"MRF":2515,"MRP":3198,"CRF":2897,"CRP":3162}
,{"DP":"LIXIANA 60 MG 28 COMPRIMIDOS RECUBIERTOS","DD":"DAIICHI SANKYO ESPANA","FRF":15,"FRP":305,"FF":325.2,"FFD":100,"FQt":0.44,"FPz":4,"FPzD":100,"FPr":81.3,"MRF":31,"MRP":618,"CRF":22,"CRP":364}
,{"DP":"LACTIBIANE ATB 14 CAPS","DD":"PILEJE SLU","FRF":16,"FRP":22,"FF":320.85,"FFD":45.84,"FQt":0.44,"FPz":23,"FPzD":43.75,"FPr":13.95,"MRF":963,"MRP":1744,"CRF":1498,"CRP":2219}
,{"DP":"CAUDALIE FACIAL","DD":"CAUDALIE","FRF":17,"FRP":101,"FF":316.5,"FFD":16.76,"FQt":0.43,"FPz":9,"FPzD":-35.71,"FPr":35.17,"MRF":18,"MRP":64,"CRF":37,"CRP":138}
,{"DP":"CIALIS 20 MG 4 COMPRIMIDOS","DD":"LILLY","FRF":18,"FRP":306,"FF":314.72,"FFD":null,"FQt":0.43,"FPz":4,"FPzD":null,"FPr":78.68,"MRF":488,"MRP":2687,"CRF":727,"CRP":2677}
,{"DP":"ATORVASTATINA NORMON EFG 40 MG 28 COMPRIMIDOS RECUBIERTOS","DD":"NORMON","FRF":19,"FRP":41,"FF":313.14,"FFD":21.43,"FQt":0.43,"FPz":17,"FPzD":21.43,"FPr":18.42,"MRF":178,"MRP":346,"CRF":276,"CRP":600}
,{"DP":"DECAPEPTYL TRIMESTRAL 11.25 MG 1 VIAL POLVO + 1 AMPOLLA DISOLV 2 ML","DD":"IPSEN PHARMA","FRF":20,"FRP":1031,"FF":308.66,"FFD":null,"FQt":0.42,"FPz":1,"FPzD":null,"FPr":308.66,"MRF":276,"MRP":3007,"CRF":210,"CRP":2759}
,{"DP":"SAXENDA 6 MGML 5 PLUMAS PRECARGADAS 3 ML","DD":"NOVO NORDISK PHARMA","FRF":21,"FRP":1032,"FF":283.05,"FFD":null,"FQt":0.39,"FPz":1,"FPzD":null,"FPr":283.05,"MRF":193,"MRP":2898,"CRF":313,"CRP":2833}
,{"DP":"XEPLION 75 MG 1 JERINGA SUSP INYECT LIB PROL 0.75 ML","DD":"JANSSEN-CILAG","FRF":22,"FRP":1033,"FF":280.31,"FFD":-1.63,"FQt":0.38,"FPz":1,"FPzD":0,"FPr":280.31,"MRF":225,"MRP":2942,"CRF":470,"CRP":2911}
,{"DP":"LETROZOL PENSA EFG 2.5 MG 30 COMPRIMIDOS RECUBIERTOS","DD":"PENSA PHARMA SA","FRF":23,"FRP":413,"FF":276.3,"FFD":200,"FQt":0.38,"FPz":3,"FPzD":200,"FPr":92.1,"MRF":1935,"MRP":3212,"CRF":1103,"CRP":2876}
,{"DP":"SPIRIVA RESPIMAT INHALADOR","DD":"","FRF":24,"FRP":148,"FF":274.75,"FFD":-27.86,"FQt":0.37,"FPz":7,"FPzD":-12.5,"FPr":39.25,"MRF":33,"MRP":264,"CRF":35,"CRP":182}
,{"DP":"ELIQUIS 5 MG 60 COMPRIMIDOS RECUBIERTOS","DD":"BRISTOL MYERS SQUIBB","FRF":25,"FRP":414,"FF":272.58,"FFD":0,"FQt":0.37,"FPz":3,"FPzD":0,"FPr":90.86,"MRF":2,"MRP":208,"CRF":4,"CRP":176}]
,"datiDettRefM":[
{"DP":"VACUNA ALERGIA","DD":"","FRF":3494,"FRP":3493,"MRF":1,"MRP":611,"MF":835.98,"MFD":3.21,"MQt":0.63,"MPz":3,"MPzD":8.82,"MPr":318.88}
,{"DP":"ELIQUIS 5 MG 60 COMPRIMIDOS RECUBIERTOS","DD":"BRISTOL MYERS SQUIBB","FRF":25,"FRP":414,"MRF":2,"MRP":208,"MF":646.57,"MFD":31.55,"MQt":0.49,"MPz":7,"MPzD":30.15,"MPr":91.1}
,{"DP":"BEXSERO 1 JERINGA PRECARGADA 0.5 ML","DD":"NOVARTIS","FRF":42,"FRP":626,"MRF":3,"MRP":259,"MF":637.35,"MFD":9.78,"MQt":0.48,"MPz":6,"MPzD":9.36,"MPr":105.94}
,{"DP":"LANTUS SOLUSTAR","DD":"","FRF":60,"FRP":416,"MRF":4,"MRP":97,"MF":633.72,"MFD":-8.77,"MQt":0.48,"MPz":11,"MPzD":-8.46,"MPr":57.67}
,{"DP":"PROLIA 60 MG 1 JERINGA PRECARGADA 1 ML","DD":"AMGEN","FRF":37,"FRP":1034,"MRF":5,"MRP":612,"MF":609.66,"MFD":-6.36,"MQt":0.46,"MPz":3,"MPzD":4.13,"MPr":226.02}
,{"DP":"XARELTO 20 MG 28 COMPRIMIDOS RECUBIERTOS","DD":"BAYER HISPANIA S.L.","FRF":180,"FRP":1054,"MRF":6,"MRP":209,"MF":572.44,"MFD":13.93,"MQt":0.43,"MPz":7,"MPzD":18.59,"MPr":84.93}
,{"DP":"TOUJEO 300UI 1 JER PR","DD":"SANOFI AVENTIS S.A.","FRF":45,"FRP":309,"MRF":7,"MRP":113,"MF":545.2,"MFD":19.43,"MQt":0.41,"MPz":10,"MPzD":13.92,"MPr":51.94}
,{"DP":"FORMULAS MAGISTRALES","DD":"","FRF":105,"FRP":151,"MRF":8,"MRP":38,"MF":497.82,"MFD":-7.36,"MQt":0.38,"MPz":18,"MPzD":0.88,"MPr":27.71}
,{"DP":"FRENADOL COMPLEX 10 SOBRES","DD":"JOHNSON & JOHNSON","FRF":44,"FRP":31,"MRF":9,"MRP":6,"MF":482.65,"MFD":-8.4,"MQt":0.37,"MPz":46,"MPzD":-17.73,"MPr":10.43}
,{"DP":"JANUMET 501000 MG 56 COMPRIMIDOS RECUBIERTOS","DD":"MSD","FRF":122,"FRP":635,"MRF":10,"MRP":143,"MF":479.03,"MFD":-0.36,"MQt":0.36,"MPz":9,"MPzD":14.59,"MPr":56.3}
,{"DP":"TRULICITY 1,5 MG 4 PLUMAS PREC","DD":"LILLY","FRF":2186,"FRP":2197,"MRF":11,"MRP":613,"MF":456.8,"MFD":17.42,"MQt":0.35,"MPz":3,"MPzD":16.6,"MPr":144.7}
,{"DP":"DUODART 0.50.4 MG 30 CAPSULAS","DD":"GLAXO SMITHKLINE","FRF":2293,"FRP":2304,"MRF":12,"MRP":34,"MF":451.24,"MFD":-33.18,"MQt":0.34,"MPz":19,"MPzD":-5.51,"MPr":23.51}
,{"DP":"ZEBINIX 800 MG 30 COMPRIMIDOS","DD":"LABORATORIOS BIAL","FRF":2472,"FRP":2483,"MRF":13,"MRP":614,"MF":444.04,"MFD":9,"MQt":0.34,"MPz":3,"MPzD":39.45,"MPr":170.43}
,{"DP":"VICTOZA 6 MGML 2 PLUMAS PRECARGADAS 3 ML","DD":"NOVO NORDISK PHARMA","FRF":28,"FRP":622,"MRF":14,"MRP":615,"MF":443.14,"MFD":-9.26,"MQt":0.34,"MPz":3,"MPzD":-14.62,"MPr":130.75}
,{"DP":"TRAJENTA 5 MG 30 COMPRIMIDOS RECUBIERTOS","DD":"BOEHRINGER INGELHEIM, S.A.","FRF":65,"FRP":418,"MRF":15,"MRP":165,"MF":434.81,"MFD":2.46,"MQt":0.33,"MPz":8,"MPzD":13.5,"MPr":55.9}
,{"DP":"BETMIGA 50 MG 30 COMPRIMIDOS LIBERACION PROLONGADA","DD":"ASTELLAS PHARMA","FRF":99,"FRP":424,"MRF":16,"MRP":166,"MF":359.33,"MFD":13.82,"MQt":0.27,"MPz":8,"MPzD":14.46,"MPr":45.16}
,{"DP":"EFFICIB 501000 MG 56 COMPRIMIDOS RECUBIERTOS","DD":"ALMIRALL S.A.","FRF":121,"FRP":634,"MRF":17,"MRP":260,"MF":340.11,"MFD":-2.17,"MQt":0.26,"MPz":6,"MPzD":5.82,"MPr":56.28}
,{"DP":"CAUDALIE FACIAL","DD":"CAUDALIE","FRF":17,"FRP":101,"MRF":18,"MRP":64,"MF":323.71,"MFD":-3.48,"MQt":0.25,"MPz":14,"MPzD":-10.66,"MPr":22.39}
,{"DP":"CLEXANE 40 MG (4000 UI) 30 JERINGAS PRECARGADAS 0.4 ML","DD":"SANOFI AVENTIS S.A.","FRF":2067,"FRP":2078,"MRF":19,"MRP":916,"MF":323.11,"MFD":-18.43,"MQt":0.24,"MPz":2,"MPzD":-31.73,"MPr":136.48}
,{"DP":"ULTIBRO BREEZHALER 8543 MCG 30 CAPSULAS INHALACION + INHALADOR","DD":"NOVARTIS","FRF":177,"FRP":1053,"MRF":20,"MRP":440,"MF":316.09,"MFD":3.65,"MQt":0.24,"MPz":4,"MPzD":12.98,"MPr":86.25}
,{"DP":"SPIRIVA 18 MCG 30 CAPSULAS + 1 INHALADOR HANDIHALER","DD":"BOEHRINGER INGELHEIM, S.A.","FRF":49,"FRP":239,"MRF":21,"MRP":167,"MF":302.88,"MFD":-31.85,"MQt":0.23,"MPz":8,"MPzD":-11.85,"MPr":39.27}
,{"DP":"EZETROL 10 MG 28 COMPRIMIDOS","DD":"MSD","FRF":40,"FRP":149,"MRF":22,"MRP":114,"MF":302.22,"MFD":-10.48,"MQt":0.23,"MPz":10,"MPzD":-8.51,"MPr":30.86}
,{"DP":"FORXIGA 10 MG 28 COMPRIMIDOS R","DD":"","FRF":2105,"FRP":2116,"MRF":23,"MRP":261,"MF":299.7,"MFD":27.49,"MQt":0.23,"MPz":6,"MPzD":32.3,"MPr":51.82}
,{"DP":"FLUIMUCIL FORTE 600 MG 20 COMPRIMIDOS EFERVESCENTES","DD":"ZAMBON","FRF":51,"FRP":18,"MRF":24,"MRP":7,"MF":299.27,"MFD":-3.36,"MQt":0.23,"MPz":43,"MPzD":-5.71,"MPr":6.92}
,{"DP":"ELIQUIS 2.5 MG 60 COMPRIMIDOS RECUBIERTOS","DD":"BRISTOL MYERS SQUIBB","FRF":56,"FRP":627,"MRF":25,"MRP":616,"MF":298.57,"MFD":36.93,"MQt":0.23,"MPz":3,"MPzD":26.42,"MPr":90.85}]
,"datiDettRefC":[
{"DP":"VACUNA ALERGIA","DD":"","FRF":3494,"FRP":3493,"CRF":1,"CRP":551,"CF":508.69,"CFD":8.56,"CQt":0.59,"CPz":2,"CPzD":23.6,"CPr":325.33}
,{"DP":"FORMULAS MAGISTRALES","DD":"","FRF":105,"FRP":151,"CRF":2,"CRP":17,"CF":505.43,"CFD":6.98,"CQt":0.59,"CPz":17,"CPzD":0.43,"CPr":29.35}
,{"DP":"XARELTO 20 MG 28 COMPRIMIDOS RECUBIERTOS","DD":"BAYER HISPANIA S.L.","FRF":180,"FRP":1054,"CRF":3,"CRP":135,"CF":482.36,"CFD":9.77,"CQt":0.56,"CPz":6,"CPzD":16.2,"CPr":84.76}
,{"DP":"ELIQUIS 5 MG 60 COMPRIMIDOS RECUBIERTOS","DD":"BRISTOL MYERS SQUIBB","FRF":25,"FRP":414,"CRF":4,"CRP":176,"CF":475.78,"CFD":35.21,"CQt":0.55,"CPz":5,"CPzD":29.72,"CPr":90.86}
,{"DP":"LANTUS SOLUSTAR","DD":"","FRF":60,"FRP":416,"CRF":5,"CRP":81,"CF":472.09,"CFD":-9.99,"CQt":0.55,"CPz":8,"CPzD":-11.47,"CPr":57.7}
,{"DP":"TOUJEO 300UI 1 JER PR","DD":"SANOFI AVENTIS S.A.","FRF":45,"FRP":309,"CRF":6,"CRP":69,"CF":452.18,"CFD":18.83,"CQt":0.52,"CPz":9,"CPzD":22.83,"CPr":51.92}
,{"DP":"TRULICITY 1,5 MG 4 PLUMAS PREC","DD":"LILLY","FRF":2186,"FRP":2197,"CRF":7,"CRP":362,"CF":442.4,"CFD":40.17,"CQt":0.51,"CPz":3,"CPzD":43.48,"CPr":144.83}
,{"DP":"PROLIA 60 MG 1 JERINGA PRECARGADA 1 ML","DD":"AMGEN","FRF":37,"FRP":1034,"CRF":8,"CRP":552,"CF":410.16,"CFD":-3.85,"CQt":0.48,"CPz":2,"CPzD":5.77,"CPr":225.59}
,{"DP":"BEXSERO 1 JERINGA PRECARGADA 0.5 ML","DD":"NOVARTIS","FRF":42,"FRP":626,"CRF":9,"CRP":248,"CF":371.88,"CFD":0.47,"CQt":0.43,"CPz":4,"CPzD":14.58,"CPr":105.98}
,{"DP":"TRAJENTA 5 MG 30 COMPRIMIDOS RECUBIERTOS","DD":"BOEHRINGER INGELHEIM, S.A.","FRF":65,"FRP":418,"CRF":10,"CRP":106,"CF":371.07,"CFD":-0.75,"CQt":0.43,"CPz":7,"CPzD":12.24,"CPr":55.76}
,{"DP":"ZEBINIX 800 MG 30 COMPRIMIDOS","DD":"LABORATORIOS BIAL","FRF":2472,"FRP":2483,"CRF":11,"CRP":553,"CF":365.74,"CFD":14.12,"CQt":0.42,"CPz":2,"CPzD":17.02,"CPr":170.47}
,{"DP":"DIOVAN 160 MG 28 COMPRIMIDOS RECUBIERTOS","DD":"NOVARTIS","FRF":2080,"FRP":2091,"CRF":12,"CRP":12,"CF":342.89,"CFD":535.71,"CQt":0.4,"CPz":21,"CPzD":538.12,"CPr":16.3}
,{"DP":"DUODART 0.50.4 MG 30 CAPSULAS","DD":"GLAXO SMITHKLINE","FRF":2293,"FRP":2304,"CRF":13,"CRP":28,"CF":340.25,"CFD":-35.27,"CQt":0.39,"CPz":14,"CPzD":-10.57,"CPr":23.51}
,{"DP":"JANUMET 501000 MG 56 COMPRIMIDOS RECUBIERTOS","DD":"MSD","FRF":122,"FRP":635,"CRF":14,"CRP":177,"CF":300.9,"CFD":-8.65,"CQt":0.35,"CPz":5,"CPzD":-7.09,"CPr":56.29}
,{"DP":"VICTOZA 6 MGML 2 PLUMAS PRECARGADAS 3 ML","DD":"NOVO NORDISK PHARMA","FRF":28,"FRP":622,"CRF":15,"CRP":554,"CF":294.35,"CFD":-20.29,"CQt":0.34,"CPz":2,"CPzD":-24.14,"CPr":130.56}
,{"DP":"BETMIGA 50 MG 30 COMPRIMIDOS LIBERACION PROLONGADA","DD":"ASTELLAS PHARMA","FRF":99,"FRP":424,"CRF":16,"CRP":136,"CF":282.21,"CFD":0.29,"CQt":0.33,"CPz":6,"CPzD":-3.23,"CPr":45.12}
,{"DP":"VISTABEL 50 U 2 VIALES","DD":"ALLERGAN S A","FRF":2471,"FRP":2482,"CRF":17,"CRP":1001,"CF":277.86,"CFD":139.91,"CQt":0.32,"CPz":1,"CPzD":111.54,"CPr":242.58}
,{"DP":"EFFICIB 501000 MG 56 COMPRIMIDOS RECUBIERTOS","DD":"ALMIRALL S.A.","FRF":121,"FRP":634,"CRF":18,"CRP":178,"CF":274.29,"CFD":-6.61,"CQt":0.32,"CPz":5,"CPzD":4.56,"CPr":56.29}
,{"DP":"FRENADOL COMPLEX 10 SOBRES","DD":"JOHNSON & JOHNSON","FRF":44,"FRP":31,"CRF":19,"CRP":6,"CF":270.09,"CFD":3.23,"CQt":0.31,"CPz":26,"CPzD":-6.23,"CPr":10.4}
,{"DP":"ULTIBRO BREEZHALER 8543 MCG 30 CAPSULAS INHALACION + INHALADOR","DD":"NOVARTIS","FRF":177,"FRP":1053,"CRF":20,"CRP":363,"CF":262.75,"CFD":23.65,"CQt":0.3,"CPz":3,"CPzD":21.32,"CPr":86.54}
,{"DP":"FORXIGA 10 MG 28 COMPRIMIDOS R","DD":"","FRF":2105,"FRP":2116,"CRF":21,"CRP":179,"CF":256.08,"CFD":21.43,"CQt":0.3,"CPz":5,"CPzD":22.77,"CPr":51.78}
,{"DP":"LIXIANA 60 MG 28 COMPRIMIDOS RECUBIERTOS","DD":"DAIICHI SANKYO ESPANA","FRF":15,"FRP":305,"CRF":22,"CRP":364,"CF":251.29,"CFD":60.38,"CQt":0.29,"CPz":3,"CPzD":57.14,"CPr":81.3}
,{"DP":"JARDIANCE 10 MG 30 COMPRIMIDOS","DD":"","FRF":125,"FRP":636,"CRF":23,"CRP":249,"CF":249.02,"CFD":39.55,"CQt":0.29,"CPz":4,"CPzD":24.29,"CPr":55.68}
,{"DP":"TRESIBA 100UML 5 PLUMAS 3ML","DD":"NOVO NORDISK PHARMA","FRF":128,"FRP":1047,"CRF":24,"CRP":365,"CF":239.29,"CFD":22.28,"CQt":0.28,"CPz":3,"CPzD":43.48,"CPr":94.01}
,{"DP":"VELMETIA 501000 MG 56 COMPRIMIDOS RECUBIERTOS","DD":"FERRER INTERNACIONAL","FRF":63,"FRP":417,"CRF":25,"CRP":250,"CF":231.3,"CFD":-12.28,"CQt":0.27,"CPz":4,"CPzD":-6.78,"CPr":56.54}]}