{"datiDettRefF":[
{"DP":"ABSORB INC ORINA SUP-NOC ANAT 80 U","DD":"BARNA IMPORT MEDICA","FRF":1,"FRP":11,"FF":263.5,"FFD":25,"FQt":7.08,"FPz":5,"FPzD":25,"FPr":52.7,"MRF":36,"MRP":157,"CRF":31,"CRP":126}
,{"DP":"ABSORB INC ORINA SUP-NOC ANAT T- MED 80 U","DD":"PROCTER & GAMBLE ESPAÑA","FRF":2,"FRP":15,"FF":210.8,"FFD":null,"FQt":5.66,"FPz":4,"FPzD":null,"FPr":52.7,"MRF":38,"MRP":158,"CRF":34,"CRP":135}
,{"DP":"COLECTOR BOLSA RECOG ORINA C-A N - 2 DIAMETRO-25 MM 30+30 U","DD":"COLOPLAST","FRF":3,"FRP":24,"FF":149.73,"FFD":null,"FQt":4.02,"FPz":3,"FPzD":null,"FPr":49.91,"MRF":180,"MRP":245,"CRF":245,"CRP":245}
,{"DP":"GAFAS","DD":"","FRF":4,"FRP":8,"FF":120.7,"FFD":143.84,"FQt":3.24,"FPz":8,"FPzD":100,"FPr":15.09,"MRF":1,"MRP":1,"CRF":5,"CRP":1}
,{"DP":"TENSIOMETRO DIGITAL CON ADAPTADOR DE CORRIENTE DE BRAZO","DD":"ROCHE DIAGNOSTICS","FRF":5,"FRP":47,"FF":107.91,"FFD":80,"FQt":2.9,"FPz":2,"FPzD":100,"FPr":53.95,"MRF":77,"MRP":185,"CRF":54,"CRP":165}
,{"DP":"ALGODON ARROLLADO PURO 100 G","DD":"INDAS","FRF":6,"FRP":6,"FF":89.55,"FFD":50,"FQt":2.4,"FPz":9,"FPzD":50,"FPr":9.95,"MRF":202,"MRP":219,"CRF":228,"CRP":228}
,{"DP":"CAMARA DE INHALACION INFANTIL 1 U","DD":"SANDOZ FARMACEUTICA S.A.","FRF":7,"FRP":48,"FF":88.92,"FFD":85.64,"FQt":2.39,"FPz":2,"FPzD":100,"FPr":44.46,"MRF":94,"MRP":186,"CRF":114,"CRP":188}
,{"DP":"ABSORB INC ORINA NOC ANAT T- GDE 80 U","DD":"HARTMANN","FRF":8,"FRP":49,"FF":87.82,"FFD":null,"FQt":2.36,"FPz":2,"FPzD":null,"FPr":43.91,"MRF":39,"MRP":153,"CRF":32,"CRP":123}
,{"DP":"ABSORB INC ORINA SUP-NOC RECT 80 U + 4 M","DD":"INDAS","FRF":9,"FRP":50,"FF":87.02,"FFD":-28.61,"FQt":2.34,"FPz":2,"FPzD":0,"FPr":43.51,"MRF":50,"MRP":159,"CRF":49,"CRP":155}
,{"DP":"PAÑALES NIÑOS","DD":"","FRF":10,"FRP":9,"FF":83.5,"FFD":213.32,"FQt":2.24,"FPz":7,"FPzD":133.33,"FPr":11.93,"MRF":56,"MRP":47,"CRF":85,"CRP":127}
,{"DP":"MANGUITO TENSIOMETRO DIGITAL 23-43 CM","DD":"ROCHE DIAGNOSTICS","FRF":11,"FRP":79,"FF":75.5,"FFD":null,"FQt":2.03,"FPz":1,"FPzD":null,"FPr":75.5,"MRF":206,"MRP":250,"CRF":250,"CRP":250}
,{"DP":"GASA ESTERIL ALGODON HIDROFILO COMPRESAS SOBRE 3 U  6 U","DD":"ORT Y CGIA","FRF":12,"FRP":4,"FF":68.75,"FFD":null,"FQt":1.85,"FPz":11,"FPzD":null,"FPr":6.25,"MRF":172,"MRP":176,"CRF":220,"CRP":220}
,{"DP":"BOLSAS COLOST RES SINT MIC FIL MIDI TRANSP 15-55 MM 30 U","DD":"HOLLISTER IB","FRF":13,"FRP":80,"FF":67.64,"FFD":null,"FQt":1.82,"FPz":1,"FPzD":null,"FPr":67.64,"MRF":136,"MRP":225,"CRF":62,"CRP":171}
,{"DP":"ABSORB INC ORINA NOC ANAT 60 U","DD":"CARDIOMEDICAL","FRF":14,"FRP":51,"FF":65.86,"FFD":null,"FQt":1.77,"FPz":2,"FPzD":null,"FPr":32.93,"MRF":26,"MRP":128,"CRF":21,"CRP":46}
,{"DP":"COMFEEL PLUS TRANSPARENTE 15 X 15 CM 3 U","DD":"COLOPLAST","FRF":15,"FRP":52,"FF":55.46,"FFD":null,"FQt":1.49,"FPz":2,"FPzD":null,"FPr":27.73,"MRF":149,"MRP":211,"CRF":226,"CRP":226}
,{"DP":"ABSORB INC ORINA SUP-NOC ANAT T- EGDE 80 U","DD":"BARNA IMPORT MEDICA","FRF":16,"FRP":81,"FF":52.7,"FFD":null,"FQt":1.42,"FPz":1,"FPzD":null,"FPr":52.7,"MRF":176,"MRP":244,"CRF":244,"CRP":244}
,{"DP":"ABSORB INC ORINA DIA RECT 80 U","DD":"INDAS","FRF":17,"FRP":53,"FF":51.9,"FFD":100,"FQt":1.39,"FPz":2,"FPzD":100,"FPr":25.95,"MRF":86,"MRP":170,"CRF":73,"CRP":156}
,{"DP":"TOBILLERA T- MED","DD":"3M ESPAÑA","FRF":18,"FRP":25,"FF":49.5,"FFD":null,"FQt":1.33,"FPz":3,"FPzD":null,"FPr":16.5,"MRF":168,"MRP":202,"CRF":199,"CRP":206}
,{"DP":"THERMACARE ADAPTABLE 3 PARCHES","DD":"PFIZER","FRF":19,"FRP":12,"FF":48.25,"FFD":null,"FQt":1.3,"FPz":5,"FPzD":null,"FPr":9.65,"MRF":98,"MRP":140,"CRF":97,"CRP":137}
,{"DP":"PROTECTOR DE CAMA 60 X 90 35 U","DD":"SCA HYGIENE PRODUCTS, S.L.","FRF":20,"FRP":26,"FF":47.85,"FFD":-45,"FQt":1.29,"FPz":3,"FPzD":-50,"FPr":15.95,"MRF":90,"MRP":155,"CRF":75,"CRP":130}
,{"DP":"TIRAS REACTIVAS GLUCEMIA 50 U","DD":"ROCHE DIAGNOSTICS","FRF":21,"FRP":82,"FF":46.5,"FFD":7.54,"FQt":1.25,"FPz":1,"FPzD":0,"FPr":46.5,"MRF":3,"MRP":10,"CRF":4,"CRP":10}
,{"DP":"TIRAS REACTIVAS GLUCEMIA 50 TIRAS REACTIVAS","DD":"MENARINI","FRF":22,"FRP":83,"FF":44.1,"FFD":0,"FQt":1.18,"FPz":1,"FPzD":0,"FPr":44.1,"MRF":33,"MRP":88,"CRF":19,"CRP":44}
,{"DP":"ABSORB INC ORINA NOC ANAT 80 U","DD":"SCA HYGIENE PRODUCTS, S.L.","FRF":23,"FRP":84,"FF":43.91,"FFD":null,"FQt":1.18,"FPz":1,"FPzD":null,"FPr":43.91,"MRF":51,"MRP":160,"CRF":35,"CRP":136}
,{"DP":"ABSORB INC ORINA NOC ANAT T- MED 80 U","DD":"PROCTER & GAMBLE ESPAÑA","FRF":24,"FRP":85,"FF":43.91,"FFD":null,"FQt":1.18,"FPz":1,"FPzD":null,"FPr":43.91,"MRF":23,"MRP":136,"CRF":30,"CRP":117}
,{"DP":"STERILLIUM GEL CON VALVULA 475 ML","DD":"HARTMANN","FRF":25,"FRP":27,"FF":41.32,"FFD":-13.28,"FQt":1.11,"FPz":3,"FPzD":0,"FPr":13.77,"MRF":74,"MRP":134,"CRF":95,"CRP":144}]
,"datiDettRefM":[
{"DP":"GAFAS","DD":"","FRF":4,"FRP":8,"MRF":1,"MRP":1,"MF":153.17,"MFD":1.72,"MQt":1.9,"MPz":13,"MPzD":-5.98,"MPr":11.89}
,{"DP":"ABSORB INC ORINA NOC ANAT T- GDE 80 U","DD":"INDAS","FRF":231,"FRP":230,"MRF":2,"MRP":18,"MF":119.71,"MFD":12.75,"MQt":1.49,"MPz":3,"MPzD":23.61,"MPr":43.94}
,{"DP":"TIRAS REACTIVAS GLUCEMIA 50 U","DD":"ROCHE DIAGNOSTICS","FRF":21,"FRP":82,"MRF":3,"MRP":10,"MF":118.5,"MFD":1.41,"MQt":1.47,"MPz":4,"MPzD":-1.2,"MPr":28.66}
,{"DP":"TIRAS REACTIVAS GLUCEMIA 50 U","DD":"BAYER HISPANIA S.L.","FRF":215,"FRP":214,"MRF":4,"MRP":5,"MF":118.27,"MFD":3.97,"MQt":1.47,"MPz":5,"MPzD":8.7,"MPr":25.15}
,{"DP":"TIRAS REACTIVAS GLUCEMIA 50 U","DD":"ABBOTT LABORATORIES","FRF":214,"FRP":213,"MRF":5,"MRP":19,"MF":87.09,"MFD":0.92,"MQt":1.08,"MPz":3,"MPzD":0.18,"MPr":29.45}
,{"DP":"TIRAS REACTIVAS GLUCEMIA 100 U","DD":"BAYER HISPANIA S.L.","FRF":212,"FRP":211,"MRF":6,"MRP":75,"MF":80.85,"MFD":14.38,"MQt":1.01,"MPz":1,"MPzD":-21.61,"MPr":55.4}
,{"DP":"ABSORB INC ORINA DIA ANAT 80 U","DD":"INDAS","FRF":223,"FRP":222,"MRF":7,"MRP":34,"MF":70.54,"MFD":6.72,"MQt":0.88,"MPz":2,"MPzD":-5.13,"MPr":31.45}
,{"DP":"ABSORB INC ORINA SUP-NOC ANAT T- GDE 80 U","DD":"INDAS","FRF":235,"FRP":234,"MRF":8,"MRP":76,"MF":68.96,"MFD":-6.15,"MQt":0.86,"MPz":1,"MPzD":-28.57,"MPr":52.5}
,{"DP":"ABSORB INC ORINA NOC ANAT T- GDE 80 U","DD":"PROCTER & GAMBLE ESPAÑA","FRF":232,"FRP":231,"MRF":9,"MRP":35,"MF":68.71,"MFD":8.13,"MQt":0.85,"MPz":2,"MPzD":39.1,"MPr":44.29}
,{"DP":"ABSORB INC ORINA DIA ANAT T- GDE 80 U","DD":"INDAS","FRF":227,"FRP":226,"MRF":10,"MRP":36,"MF":67.68,"MFD":10.91,"MQt":0.84,"MPz":2,"MPzD":1.93,"MPr":31.07}
,{"DP":"TIRAS REACTIVAS GLUCEMIA 1 VIAL 50 U","DD":"LIFESCAN ESPAÑA","FRF":211,"FRP":210,"MRF":11,"MRP":37,"MF":64.6,"MFD":-10.04,"MQt":0.8,"MPz":2,"MPzD":-28.57,"MPr":26.38}
,{"DP":"ABSORB INC ORINA NOC ANAT T- MED 80 U","DD":"INDAS","FRF":233,"FRP":232,"MRF":12,"MRP":77,"MF":62.54,"MFD":5.46,"MQt":0.78,"MPz":1,"MPzD":-25.7,"MPr":44.16}
,{"DP":"ABSORB INC ORINA DIA ANAT 80 U 4 MALLAS","DD":"PROCTER & GAMBLE ESPAÑA","FRF":225,"FRP":224,"MRF":13,"MRP":38,"MF":60,"MFD":-6.37,"MQt":0.75,"MPz":2,"MPzD":-2.37,"MPr":31.09}
,{"DP":"CAMARA DE INHALACION ","DD":"KEYLAB MEDICAL","FRF":106,"FRP":126,"MRF":14,"MRP":4,"MF":58.39,"MFD":-13.42,"MQt":0.73,"MPz":8,"MPzD":-13.5,"MPr":7.36}
,{"DP":"TIRAS REACTIVAS GLUCEMIA 100 U","DD":"ROCHE DIAGNOSTICS","FRF":213,"FRP":212,"MRF":15,"MRP":78,"MF":57.96,"MFD":5.62,"MQt":0.72,"MPz":1,"MPzD":2.78,"MPr":55.56}
,{"DP":"ABSORB INC ORINA SUP-NOC ANAT T- GDE 80 U","DD":"PROCTER & GAMBLE ESPAÑA","FRF":236,"FRP":235,"MRF":16,"MRP":79,"MF":56.06,"MFD":-14.74,"MQt":0.7,"MPz":1,"MPzD":-19.91,"MPr":52.64}
,{"DP":"ABSORB INC ORINA NOC ANAT T- GDE 80 U","DD":"EUROPROSAN","FRF":230,"FRP":229,"MRF":17,"MRP":80,"MF":50.08,"MFD":36.88,"MQt":0.62,"MPz":1,"MPzD":20.13,"MPr":43.91}
,{"DP":"ABSORB INC ORINA NOC ANAT 80 U","DD":"BARNA IMPORT MEDICA","FRF":229,"FRP":228,"MRF":18,"MRP":81,"MF":48.33,"MFD":14.81,"MQt":0.6,"MPz":1,"MPzD":4.52,"MPr":43.83}
,{"DP":"CLEARBLUE DIGITAL PRUEBA EMBARAZO ","DD":"PROCTER & GAMBLE ESPAÑA","FRF":44,"FRP":57,"MRF":19,"MRP":11,"MF":47.11,"MFD":3.59,"MQt":0.59,"MPz":4,"MPzD":12.63,"MPr":13.1}
,{"DP":"ABSORB INC ORINA DIA RECT 80 U + 4 MALLAS","DD":"PROCTER & GAMBLE ESPAÑA","FRF":228,"FRP":227,"MRF":20,"MRP":39,"MF":45.55,"MFD":-13.16,"MQt":0.57,"MPz":2,"MPzD":-1.07,"MPr":25.93}
,{"DP":"PRESERVATIVOS","DD":"","FRF":72,"FRP":102,"MRF":21,"MRP":20,"MF":40.06,"MFD":-20.69,"MQt":0.5,"MPz":3,"MPzD":-37.36,"MPr":11.49}
,{"DP":"TIRAS REACTIVAS GLUCEMIA 50 U","DD":"LIFESCAN ESPAÑA","FRF":216,"FRP":215,"MRF":22,"MRP":82,"MF":39.99,"MFD":0.57,"MQt":0.5,"MPz":1,"MPzD":-30.45,"MPr":27.71}
,{"DP":"ABSORB INC ORINA NOC ANAT T- MED 80 U","DD":"PROCTER & GAMBLE ESPAÑA","FRF":24,"FRP":85,"MRF":23,"MRP":136,"MF":37.48,"MFD":-3.69,"MQt":0.47,"MPz":0.849,"MPzD":-4.23,"MPr":44.16}
,{"DP":"MASCARILLA INHALACION INFANTIL","DD":"KEYLAB MEDICAL","FRF":188,"FRP":188,"MRF":24,"MRP":40,"MF":34.95,"MFD":-12.89,"MQt":0.43,"MPz":2,"MPzD":-19.74,"MPr":16.37}
,{"DP":"ABSORB INC ORINA DIA ANAT INICIA 80 U","DD":"INDAS","FRF":226,"FRP":225,"MRF":25,"MRP":83,"MF":34.57,"MFD":-7.78,"MQt":0.43,"MPz":1,"MPzD":-30.71,"MPr":26}]
,"datiDettRefC":[
{"DP":"TIRAS REACTIVAS GLUCEMIA 50 U","DD":"BAYER HISPANIA S.L.","FRF":215,"FRP":214,"CRF":1,"CRP":3,"CF":119.11,"CFD":4.1,"CQt":2.26,"CPz":5,"CPzD":5.36,"CPr":24.81}
,{"DP":"TIRAS REACTIVAS GLUCEMIA 50 U","DD":"ABBOTT LABORATORIES","FRF":214,"FRP":213,"CRF":2,"CRP":9,"CF":105.64,"CFD":1.48,"CQt":2.01,"CPz":3,"CPzD":-17.5,"CPr":31.75}
,{"DP":"ABSORB INC ORINA NOC ANAT T- GDE 80 U","DD":"INDAS","FRF":231,"FRP":230,"CRF":3,"CRP":16,"CF":97.33,"CFD":29.39,"CQt":1.85,"CPz":2,"CPzD":17.02,"CPr":44.24}
,{"DP":"TIRAS REACTIVAS GLUCEMIA 50 U","DD":"ROCHE DIAGNOSTICS","FRF":21,"FRP":82,"CRF":4,"CRP":10,"CF":80.15,"CFD":6.12,"CQt":1.52,"CPz":3,"CPzD":-6.25,"CPr":23.7}
,{"DP":"GAFAS","DD":"","FRF":4,"FRP":8,"CRF":5,"CRP":1,"CF":79.66,"CFD":2.38,"CQt":1.51,"CPz":8,"CPzD":32.53,"CPr":10.26}
,{"DP":"TIRAS REACTIVAS GLUCEMIA 1 VIAL 50 U","DD":"LIFESCAN ESPAÑA","FRF":211,"FRP":210,"CRF":6,"CRP":11,"CF":75.25,"CFD":-24.48,"CQt":1.43,"CPz":3,"CPzD":-27.63,"CPr":22.99}
,{"DP":"ABSORB INC ORINA DIA ANAT 80 U","DD":"INDAS","FRF":223,"FRP":222,"CRF":7,"CRP":17,"CF":70.75,"CFD":3.09,"CQt":1.34,"CPz":2,"CPzD":-9.09,"CPr":31.13}
,{"DP":"ABSORB INC ORINA DIA ANAT T- GDE 80 U","DD":"INDAS","FRF":227,"FRP":226,"CRF":8,"CRP":18,"CF":66.34,"CFD":10.53,"CQt":1.26,"CPz":2,"CPzD":3.77,"CPr":30.92}
,{"DP":"ABSORB INC ORINA SUP-NOC ANAT T- GDE 80 U","DD":"INDAS","FRF":235,"FRP":234,"CRF":9,"CRP":37,"CF":65.64,"CFD":-3.06,"CQt":1.25,"CPz":1,"CPzD":-22.54,"CPr":52.32}
,{"DP":"TIRAS REACTIVAS GLUCEMIA 100 U","DD":"BAYER HISPANIA S.L.","FRF":212,"FRP":211,"CRF":10,"CRP":38,"CF":63.92,"CFD":60.23,"CQt":1.21,"CPz":1,"CPzD":37.5,"CPr":60.62}
,{"DP":"ABSORB INC ORINA SUP-NOC ANAT T- GDE 80 U","DD":"PROCTER & GAMBLE ESPAÑA","FRF":236,"FRP":235,"CRF":11,"CRP":39,"CF":60.17,"CFD":-16.28,"CQt":1.14,"CPz":1,"CPzD":-26.67,"CPr":52.53}
,{"DP":"ABSORB INC ORINA DIA ANAT 80 U 4 MALLAS","DD":"PROCTER & GAMBLE ESPAÑA","FRF":225,"FRP":224,"CRF":12,"CRP":19,"CF":55.17,"CFD":-13.8,"CQt":1.05,"CPz":2,"CPzD":-1.79,"CPr":31.28}
,{"DP":"ABSORB INC ORINA NOC ANAT T- GDE 80 U","DD":"PROCTER & GAMBLE ESPAÑA","FRF":232,"FRP":231,"CRF":13,"CRP":40,"CF":50.25,"CFD":-20.3,"CQt":0.95,"CPz":1,"CPzD":-30.38,"CPr":43.87}
,{"DP":"ABSORB INC ORINA NOC ANAT T- GDE 80 U","DD":"EUROPROSAN","FRF":230,"FRP":229,"CRF":14,"CRP":41,"CF":46.31,"CFD":18.37,"CQt":0.88,"CPz":1,"CPzD":12.24,"CPr":43.91}
,{"DP":"TIRAS REACTIVAS GLUCEMIA 50 U","DD":"LIFESCAN ESPAÑA","FRF":216,"FRP":215,"CRF":15,"CRP":20,"CF":45.48,"CFD":-21.57,"CQt":0.86,"CPz":2,"CPzD":-11.29,"CPr":25.27}
,{"DP":"ABSORB INC ORINA NOC ANAT T- MED 80 U","DD":"INDAS","FRF":233,"FRP":232,"CRF":16,"CRP":42,"CF":45.14,"CFD":10.86,"CQt":0.86,"CPz":1,"CPzD":7.84,"CPr":43.55}
,{"DP":"TIRAS REACTIVAS GLUCEMIA 100 U","DD":"ROCHE DIAGNOSTICS","FRF":213,"FRP":212,"CRF":17,"CRP":82,"CF":43.32,"CFD":20.5,"CQt":0.82,"CPz":0.891,"CPzD":22.51,"CPr":48.62}
,{"DP":"ABSORB INC ORINA DIA RECT 80 U + 4 MALLAS","DD":"PROCTER & GAMBLE ESPAÑA","FRF":228,"FRP":227,"CRF":18,"CRP":43,"CF":38.2,"CFD":-17.35,"CQt":0.73,"CPz":1,"CPzD":-43.88,"CPr":25.94}
,{"DP":"TIRAS REACTIVAS GLUCEMIA 50 TIRAS REACTIVAS","DD":"MENARINI","FRF":22,"FRP":83,"CRF":19,"CRP":44,"CF":37.12,"CFD":-16.08,"CQt":0.7,"CPz":1,"CPzD":-43.3,"CPr":25.84}
,{"DP":"ABSORB INC ORINA DIA ANAT T- UNICA 80 U","DD":"SCA HYGIENE PRODUCTS, S.L.","FRF":42,"FRP":89,"CRF":20,"CRP":45,"CF":36.8,"CFD":-3.7,"CQt":0.7,"CPz":1,"CPzD":-31.25,"CPr":25.95}
,{"DP":"ABSORB INC ORINA NOC ANAT 60 U","DD":"CARDIOMEDICAL","FRF":14,"FRP":51,"CRF":21,"CRP":46,"CF":35.62,"CFD":21.86,"CQt":0.68,"CPz":1,"CPzD":14.58,"CPr":33.21}
,{"DP":"ABSORB INC ORINA NOC ANAT 80 U","DD":"BARNA IMPORT MEDICA","FRF":229,"FRP":228,"CRF":22,"CRP":93,"CF":35.13,"CFD":16.4,"CQt":0.67,"CPz":0.8,"CPzD":15.79,"CPr":43.91}
,{"DP":"MEPILEX BORDER 10 X 10 CM 3 U","DD":"MOLNLYCKE","FRF":254,"FRP":253,"CRF":23,"CRP":12,"CF":35.1,"CFD":192.31,"CQt":0.67,"CPz":3,"CPzD":153.85,"CPr":10.16}
,{"DP":"ABSORB INC ORINA DIA ANAT INICIA 80 U","DD":"INDAS","FRF":226,"FRP":225,"CRF":24,"CRP":47,"CF":33.22,"CFD":-7.85,"CQt":0.63,"CPz":1,"CPzD":-27.63,"CPr":26.1}
,{"DP":"TIRAS REACTIVAS GLUCEMIA 50 U","DD":"MENARINI","FRF":217,"FRP":216,"CRF":25,"CRP":48,"CF":30.83,"CFD":5.3,"CQt":0.59,"CPz":1,"CPzD":-22.54,"CPr":27.8}]}