{ "TIT":"cod.ES2810","GF": [{"dati":[{"name":"F","value":14.1}],"opzioni":{"min":0,"max":25}}]
                       ,"GM": [{"dati":[{"name":"M","value":16.91}],"opzioni":{"min":0,"max":25}}]
                       ,"GC": [{"dati":[{"name":"C","value":22.2}],"opzioni":{"min":0,"max":25}}],"ISF2V":[{"min": 160, "max": 520}],"ISP2V":[{"min": 160, "max":520 }]   ,"ISP2":[{"name": "lb.l0006","series": [{ "name":"lb.l0052","value":400 },{ "name":"lb.l0053","value":326 },{ "name":"lb.l0054","value":339 },{ "name":"lb.l0055","value":381 },{ "name":"lb.l0056","value":353 },{ "name":"lb.l0057","value":310 },{ "name":"lb.l0058","value":404 },{ "name":"lb.l0059","value":237 },{ "name":"lb.l0060","value":320 },{ "name":"lb.l0061","value":390 },{ "name":"lb.l0062","value":323 },{ "name":"lb.l0063","value":350 }]},{"name": "lb.l0007","series": [{ "name":"lb.l0052","value":501.762162162162 },{ "name":"lb.l0053","value":450.043243243243 },{ "name":"lb.l0054","value":488.735135135135 },{ "name":"lb.l0055","value":494.151351351351 },{ "name":"lb.l0056","value":505.075675675676 },{ "name":"lb.l0057","value":459.443243243243 },{ "name":"lb.l0058","value":516.108108108108 },{ "name":"lb.l0059","value":482.864864864865 },{ "name":"lb.l0060","value":479.913513513514 },{ "name":"lb.l0061","value":511.086486486486 },{ "name":"lb.l0062","value":467.491891891892 },{ "name":"lb.l0063","value":478.848648648649 }]},{"name": "lb.l0008","series": [{ "name":"lb.l0052","value":359.054545454545 },{ "name":"lb.l0053","value":328.272727272727 },{ "name":"lb.l0054","value":350.272727272727 },{ "name":"lb.l0055","value":346.163636363636 },{ "name":"lb.l0056","value":383.672727272727 },{ "name":"lb.l0057","value":330.945454545455 },{ "name":"lb.l0058","value":367.345454545455 },{ "name":"lb.l0059","value":333.381818181818 },{ "name":"lb.l0060","value":341.618181818182 },{ "name":"lb.l0061","value":370.145454545455 },{ "name":"lb.l0062","value":335.472727272727 },{ "name":"lb.l0063","value":332.781818181818 }]}] ,"ISP1":[ {"name": "lb.l0040","series": [{"name":"2019","value":400},{"name":"2018","value":383}]},{"name": "lb.l0041","series": [{"name":"2019","value":726},{"name":"2018","value":773}]},{"name": "lb.l0042","series": [{"name":"2019","value":1065},{"name":"2018","value":1139}]},{"name": "lb.l0043","series": [{"name":"2019","value":1446},{"name":"2018","value":1520}]},{"name": "lb.l0044","series": [{"name":"2019","value":1799},{"name":"2018","value":1952}]},{"name": "lb.l0045","series": [{"name":"2019","value":2109},{"name":"2018","value":2358}]},{"name": "lb.l0046","series": [{"name":"2019","value":2513},{"name":"2018","value":2775}]},{"name": "lb.l0047","series": [{"name":"2019","value":2750},{"name":"2018","value":3036}]},{"name": "lb.l0048","series": [{"name":"2019","value":3070},{"name":"2018","value":3396}]},{"name": "lb.l0049","series": [{"name":"2019","value":3460},{"name":"2018","value":3794}]},{"name": "lb.l0050","series": [{"name":"2019","value":3783},{"name":"2018","value":4146}]},{"name": "lb.l0051","series": [{"name":"2019","value":4133},{"name":"2018","value":4490}]}],"dati":[{"IPD":"MAT","PD":"MAT","TF":[{"name":"cod.me20","value":3282},{"name":"cod.subes1","value":253},{"name":"cod.subes2","value":598}],"TM":[{"name":"cod.me20","value":5013.11},{"name":"cod.subes1","value":253.78},{"name":"cod.subes2","value":568.63}],"TC":[{"name":"cod.me20","value":3738.56},{"name":"cod.subes1","value":123.58},{"name":"cod.subes2","value":316.98}],"DTE":[{"H": "lb.l0018","FFt":16663.73,"FFtD":-4.23,"FPz":4133,"FPzD":-7.95,"FQt": 100,"FPr": 4.03,"MFt":19272.28,"MFtD":3.05,"MPz":5835.52,"MPzD":0.39,"MQt": 100,"MPr": 3.3,"CFt":12591.98,"CFtD":0.07,"CPz":4179.13,"CPzD":-0.93,"CQt": 100,"CPr": 3.01},{"H": "cod.me20","FFt":6609.83,"FFtD":-12.06,"FPz":3282,"FPzD":-10.62,"FQt": 79.41,"FPr": 2.01,"MFt":10816.87,"MFtD":0.09,"MPz":5013.11,"MPzD":-0.06,"MQt": 85.91,"MPr": 2.16,"CFt":8099.93,"CFtD":-1.54,"CPz":3738.56,"CPzD":-0.84,"CQt": 89.46,"CPr": 2.17},{"H": "cod.me60","FFt":10053.9,"FFtD":1.73,"FPz":851,"FPzD":4.03,"FQt": 20.59,"FPr": 11.81,"MFt":8455.41,"MFtD":7.1,"MPz":822.41,"MPzD":3.24,"MQt": 14.09,"MPr": 10.28,"CFt":4492.06,"CFtD":3.09,"CPz":440.56,"CPzD":-1.62,"CQt": 10.54,"CPr": 10.2},{"H": "cod.subes1","FFt":2071.53,"FFtD":19.75,"FPz":253,"FPzD":17.67,"FQt": 6.12,"FPr": 8.19,"MFt":2036.79,"MFtD":4.55,"MPz":253.78,"MPzD":3.11,"MQt": 4.35,"MPr": 8.03,"CFt":990.08,"CFtD":-1.22,"CPz":123.58,"CPzD":-2.23,"CQt": 2.96,"CPr": 8.01},{"H": "cod.subes2","FFt":7982.37,"FFtD":-2.09,"FPz":598,"FPzD":-0.83,"FQt": 14.47,"FPr": 13.35,"MFt":6418.62,"MFtD":7.94,"MPz":568.63,"MPzD":3.3,"MQt": 9.74,"MPr": 11.29,"CFt":3501.98,"CFtD":4.38,"CPz":316.98,"CPzD":-1.39,"CQt": 7.58,"CPr": 11.05}]},{"IPD":"PROG","PD":"YTD","TF":[{"name":"cod.me20","value":3282},{"name":"cod.subes1","value":253},{"name":"cod.subes2","value":598}],"TM":[{"name":"cod.me20","value":5013.11},{"name":"cod.subes1","value":253.78},{"name":"cod.subes2","value":568.63}],"TC":[{"name":"cod.me20","value":3738.56},{"name":"cod.subes1","value":123.58},{"name":"cod.subes2","value":316.98}],"DTE":[{"H": "lb.l0018","FFt":16663.73,"FFtD":-4.23,"FPz":4133,"FPzD":-7.95,"FQt": 100,"FPr": 4.03,"MFt":19272.28,"MFtD":3.05,"MPz":5835.52,"MPzD":0.39,"MQt": 100,"MPr": 3.3,"CFt":12591.98,"CFtD":0.07,"CPz":4179.13,"CPzD":-0.93,"CQt": 100,"CPr": 3.01},{"H": "cod.me20","FFt":6609.83,"FFtD":-12.06,"FPz":3282,"FPzD":-10.62,"FQt": 79.41,"FPr": 2.01,"MFt":10816.87,"MFtD":0.09,"MPz":5013.11,"MPzD":-0.06,"MQt": 85.91,"MPr": 2.16,"CFt":8099.93,"CFtD":-1.54,"CPz":3738.56,"CPzD":-0.84,"CQt": 89.46,"CPr": 2.17},{"H": "cod.me60","FFt":10053.9,"FFtD":1.73,"FPz":851,"FPzD":4.03,"FQt": 20.59,"FPr": 11.81,"MFt":8455.41,"MFtD":7.1,"MPz":822.41,"MPzD":3.24,"MQt": 14.09,"MPr": 10.28,"CFt":4492.06,"CFtD":3.09,"CPz":440.56,"CPzD":-1.62,"CQt": 10.54,"CPr": 10.2},{"H": "cod.subes1","FFt":2071.53,"FFtD":19.75,"FPz":253,"FPzD":17.67,"FQt": 6.12,"FPr": 8.19,"MFt":2036.79,"MFtD":4.55,"MPz":253.78,"MPzD":3.11,"MQt": 4.35,"MPr": 8.03,"CFt":990.08,"CFtD":-1.22,"CPz":123.58,"CPzD":-2.23,"CQt": 2.96,"CPr": 8.01},{"H": "cod.subes2","FFt":7982.37,"FFtD":-2.09,"FPz":598,"FPzD":-0.83,"FQt": 14.47,"FPr": 13.35,"MFt":6418.62,"MFtD":7.94,"MPz":568.63,"MPzD":3.3,"MQt": 9.74,"MPr": 11.29,"CFt":3501.98,"CFtD":4.38,"CPz":316.98,"CPzD":-1.39,"CQt": 7.58,"CPr": 11.05}]},{"IPD":"BIM","PD":"BIM","TF":[{"name":"cod.me20","value":520},{"name":"cod.subes1","value":43},{"name":"cod.subes2","value":110}],"TM":[{"name":"cod.me20","value":811.29},{"name":"cod.subes1","value":42.08},{"name":"cod.subes2","value":92.97}],"TC":[{"name":"cod.me20","value":597.53},{"name":"cod.subes1","value":20.25},{"name":"cod.subes2","value":50.47}],"DTE":[{"H": "lb.l0018","FFt":2930.04,"FFtD":11.71,"FPz":673,"FPzD":-3.3,"FQt": 100,"FPr": 4.35,"MFt":3138.17,"MFtD":1.7,"MPz":946.34,"MPzD":-0.71,"MQt": 100,"MPr": 3.32,"CFt":2014.87,"CFtD":-0.6,"CPz":668.25,"CPzD":-1.99,"CQt": 100,"CPr": 3.02},{"H": "cod.me20","FFt":1111.68,"FFtD":-3.84,"FPz":520,"FPzD":-9.09,"FQt": 77.27,"FPr": 2.14,"MFt":1739.62,"MFtD":-1.95,"MPz":811.29,"MPzD":-1.28,"MQt": 85.73,"MPr": 2.14,"CFt":1283.75,"CFtD":-3.31,"CPz":597.53,"CPzD":-2.17,"CQt": 89.42,"CPr": 2.15},{"H": "cod.me60","FFt":1818.36,"FFtD":23.97,"FPz":153,"FPzD":23.39,"FQt": 22.73,"FPr": 11.88,"MFt":1398.55,"MFtD":6.64,"MPz":135.05,"MPzD":2.87,"MQt": 14.27,"MPr": 10.36,"CFt":731.12,"CFtD":4.54,"CPz":70.73,"CPzD":-0.51,"CQt": 10.58,"CPr": 10.34},{"H": "cod.subes1","FFt":349.32,"FFtD":46.98,"FPz":43,"FPzD":48.28,"FQt": 6.39,"FPr": 8.12,"MFt":337.21,"MFtD":3.55,"MPz":42.08,"MPzD":2.83,"MQt": 4.45,"MPr": 8.01,"CFt":162.11,"CFtD":1.35,"CPz":20.25,"CPzD":1.36,"CQt": 3.03,"CPr": 8},{"H": "cod.subes2","FFt":1469.04,"FFtD":19.52,"FPz":110,"FPzD":15.79,"FQt": 16.34,"FPr": 13.35,"MFt":1061.35,"MFtD":7.66,"MPz":92.97,"MPzD":2.89,"MQt": 9.82,"MPr": 11.42,"CFt":569,"CFtD":5.48,"CPz":50.47,"CPzD":-1.25,"CQt": 7.55,"CPr": 11.27}]},{"IPD":"UM","PD":"12/12/2019","TF":[{"name":"cod.me20","value":270},{"name":"cod.subes1","value":18},{"name":"cod.subes2","value":62}],"TM":[{"name":"cod.me20","value":410.2},{"name":"cod.subes1","value":21.59},{"name":"cod.subes2","value":47.05}],"TC":[{"name":"cod.me20","value":297.96},{"name":"cod.subes1","value":10.29},{"name":"cod.subes2","value":24.53}],"DTE":[{"H": "lb.l0018","FFt":1589.81,"FFtD":18.04,"FPz":350,"FPzD":1.74,"FQt": 100,"FPr": 4.54,"MFt":1593.04,"MFtD":3.51,"MPz":478.85,"MPzD":0.5,"MQt": 100,"MPr": 3.33,"CFt":1001.32,"CFtD":-0.21,"CPz":332.78,"CPzD":-1.72,"CQt": 100,"CPr": 3.01},{"H": "cod.me20","FFt":604.91,"FFtD":0.12,"FPz":270,"FPzD":-3.57,"FQt": 77.14,"FPr": 2.24,"MFt":881.5,"MFtD":-0.5,"MPz":410.2,"MPzD":-0.24,"MQt": 85.66,"MPr": 2.15,"CFt":642.86,"CFtD":-2.73,"CPz":297.96,"CPzD":-1.93,"CQt": 89.54,"CPr": 2.16},{"H": "cod.me60","FFt":984.9,"FFtD":32.62,"FPz":80,"FPzD":25,"FQt": 22.86,"FPr": 12.31,"MFt":711.54,"MFtD":8.95,"MPz":68.65,"MPzD":5.14,"MQt": 14.34,"MPr": 10.36,"CFt":358.46,"CFtD":4.65,"CPz":34.82,"CPzD":0.1,"CQt": 10.46,"CPr": 10.3},{"H": "cod.subes1","FFt":143.51,"FFtD":-1.91,"FPz":18,"FPzD":0,"FQt": 5.14,"FPr": 7.97,"MFt":172.69,"MFtD":4,"MPz":21.59,"MPzD":3.5,"MQt": 4.51,"MPr": 8,"CFt":82.16,"CFtD":3,"CPz":10.29,"CPzD":3.66,"CQt": 3.09,"CPr": 7.98},{"H": "cod.subes2","FFt":841.39,"FFtD":41.09,"FPz":62,"FPzD":34.78,"FQt": 17.71,"FPr": 13.57,"MFt":538.85,"MFtD":10.64,"MPz":47.05,"MPzD":5.91,"MQt": 9.83,"MPr": 11.45,"CFt":276.3,"CFtD":5.15,"CPz":24.53,"CPzD":-1.32,"CQt": 7.37,"CPr": 11.26}]}]}