{ "TIT":"cod.ES2890","GF": [{"dati":[{"name":"F","value":16.72}],"opzioni":{"min":0,"max":20}}]
                       ,"GM": [{"dati":[{"name":"M","value":10.47}],"opzioni":{"min":0,"max":20}}]
                       ,"GC": [{"dati":[{"name":"C","value":16.5}],"opzioni":{"min":0,"max":20}}],"ISF2V":[{"min": 10, "max": 80}],"ISP2V":[{"min": 10, "max":80 }]   ,"ISP2":[{"name": "lb.l0006","series": [{ "name":"lb.l0052","value":63 },{ "name":"lb.l0053","value":60 },{ "name":"lb.l0054","value":67 },{ "name":"lb.l0055","value":67 },{ "name":"lb.l0056","value":52 },{ "name":"lb.l0057","value":40 },{ "name":"lb.l0058","value":40 },{ "name":"lb.l0059","value":27 },{ "name":"lb.l0060","value":47 },{ "name":"lb.l0061","value":64 },{ "name":"lb.l0062","value":49 },{ "name":"lb.l0063","value":41 }]},{"name": "lb.l0007","series": [{ "name":"lb.l0052","value":65.8972972972973 },{ "name":"lb.l0053","value":64.8108108108108 },{ "name":"lb.l0054","value":76.1189189189189 },{ "name":"lb.l0055","value":74.7891891891892 },{ "name":"lb.l0056","value":79.6918918918919 },{ "name":"lb.l0057","value":67.6702702702703 },{ "name":"lb.l0058","value":68.2 },{ "name":"lb.l0059","value":59.4918918918919 },{ "name":"lb.l0060","value":68.3675675675676 },{ "name":"lb.l0061","value":76.0918918918919 },{ "name":"lb.l0062","value":68.2918918918919 },{ "name":"lb.l0063","value":59.3405405405405 }]},{"name": "lb.l0008","series": [{ "name":"lb.l0052","value":39.0545454545455 },{ "name":"lb.l0053","value":36.3818181818182 },{ "name":"lb.l0054","value":43.2181818181818 },{ "name":"lb.l0055","value":41.1090909090909 },{ "name":"lb.l0056","value":48.9090909090909 },{ "name":"lb.l0057","value":39.9454545454545 },{ "name":"lb.l0058","value":40.1454545454545 },{ "name":"lb.l0059","value":33.4727272727273 },{ "name":"lb.l0060","value":37.9454545454545 },{ "name":"lb.l0061","value":43.0363636363636 },{ "name":"lb.l0062","value":40.2 },{ "name":"lb.l0063","value":31.2909090909091 }]}] ,"ISP1":[ {"name": "lb.l0040","series": [{"name":"2019","value":63},{"name":"2018","value":50}]},{"name": "lb.l0041","series": [{"name":"2019","value":123},{"name":"2018","value":127}]},{"name": "lb.l0042","series": [{"name":"2019","value":190},{"name":"2018","value":191}]},{"name": "lb.l0043","series": [{"name":"2019","value":257},{"name":"2018","value":262}]},{"name": "lb.l0044","series": [{"name":"2019","value":309},{"name":"2018","value":330}]},{"name": "lb.l0045","series": [{"name":"2019","value":349},{"name":"2018","value":411}]},{"name": "lb.l0046","series": [{"name":"2019","value":389},{"name":"2018","value":471}]},{"name": "lb.l0047","series": [{"name":"2019","value":416},{"name":"2018","value":519}]},{"name": "lb.l0048","series": [{"name":"2019","value":463},{"name":"2018","value":576}]},{"name": "lb.l0049","series": [{"name":"2019","value":527},{"name":"2018","value":645}]},{"name": "lb.l0050","series": [{"name":"2019","value":576},{"name":"2018","value":722}]},{"name": "lb.l0051","series": [{"name":"2019","value":617},{"name":"2018","value":774}]}],"dati":[{"IPD":"MAT","PD":"MAT","TF":[{"name":"cod.me20","value":43},{"name":"cod.subes1","value":41},{"name":"cod.subes2","value":533}],"TM":[{"name":"cod.me20","value":84.78},{"name":"cod.subes1","value":34.87},{"name":"cod.subes2","value":709.11}],"TC":[{"name":"cod.me20","value":62.58},{"name":"cod.subes1","value":21.29},{"name":"cod.subes2","value":390.84}],"DTE":[{"H": "lb.l0018","FFt":12228.5,"FFtD":-22.38,"FPz":617,"FPzD":-20.28,"FQt": 100,"FPr": 19.82,"MFt":11823.84,"MFtD":0.63,"MPz":828.76,"MPzD":-3.95,"MQt": 100,"MPr": 14.27,"CFt":6504.04,"CFtD":-2.01,"CPz":474.71,"CPzD":-7.23,"CQt": 100,"CPr": 13.7},{"H": "cod.me20","FFt":245.25,"FFtD":-40.73,"FPz":43,"FPzD":-30.65,"FQt": 6.97,"FPr": 5.7,"MFt":931.99,"MFtD":-6.17,"MPz":84.78,"MPzD":-12.02,"MQt": 10.23,"MPr": 10.99,"CFt":717.96,"CFtD":-8.78,"CPz":62.58,"CPzD":-16.5,"CQt": 13.18,"CPr": 11.47},{"H": "cod.me60","FFt":11983.25,"FFtD":-21.89,"FPz":574,"FPzD":-19.38,"FQt": 93.03,"FPr": 20.88,"MFt":10891.84,"MFtD":1.26,"MPz":743.98,"MPzD":-2.93,"MQt": 89.77,"MPr": 14.64,"CFt":5786.08,"CFtD":-1.09,"CPz":412.13,"CPzD":-5.64,"CQt": 86.82,"CPr": 14.04},{"H": "cod.subes1","FFt":714.78,"FFtD":14.36,"FPz":41,"FPzD":-10.87,"FQt": 6.65,"FPr": 17.43,"MFt":495.55,"MFtD":4.36,"MPz":34.87,"MPzD":4.57,"MQt": 4.21,"MPr": 14.21,"CFt":309.68,"CFtD":-11.73,"CPz":21.29,"CPzD":-9.99,"CQt": 4.49,"CPr": 14.55},{"H": "cod.subes2","FFt":11268.47,"FFtD":-23.43,"FPz":533,"FPzD":-19.97,"FQt": 86.39,"FPr": 21.14,"MFt":10396.3,"MFtD":1.12,"MPz":709.11,"MPzD":-3.27,"MQt": 85.56,"MPr": 14.66,"CFt":5476.4,"CFtD":-0.42,"CPz":390.84,"CPzD":-5.39,"CQt": 82.33,"CPr": 14.01}]},{"IPD":"PROG","PD":"YTD","TF":[{"name":"cod.me20","value":43},{"name":"cod.subes1","value":41},{"name":"cod.subes2","value":533}],"TM":[{"name":"cod.me20","value":84.78},{"name":"cod.subes1","value":34.87},{"name":"cod.subes2","value":709.11}],"TC":[{"name":"cod.me20","value":62.58},{"name":"cod.subes1","value":21.29},{"name":"cod.subes2","value":390.84}],"DTE":[{"H": "lb.l0018","FFt":12228.5,"FFtD":-22.38,"FPz":617,"FPzD":-20.28,"FQt": 100,"FPr": 19.82,"MFt":11823.84,"MFtD":0.63,"MPz":828.76,"MPzD":-3.95,"MQt": 100,"MPr": 14.27,"CFt":6504.04,"CFtD":-2.01,"CPz":474.71,"CPzD":-7.23,"CQt": 100,"CPr": 13.7},{"H": "cod.me20","FFt":245.25,"FFtD":-40.73,"FPz":43,"FPzD":-30.65,"FQt": 6.97,"FPr": 5.7,"MFt":931.99,"MFtD":-6.17,"MPz":84.78,"MPzD":-12.02,"MQt": 10.23,"MPr": 10.99,"CFt":717.96,"CFtD":-8.78,"CPz":62.58,"CPzD":-16.5,"CQt": 13.18,"CPr": 11.47},{"H": "cod.me60","FFt":11983.25,"FFtD":-21.89,"FPz":574,"FPzD":-19.38,"FQt": 93.03,"FPr": 20.88,"MFt":10891.84,"MFtD":1.26,"MPz":743.98,"MPzD":-2.93,"MQt": 89.77,"MPr": 14.64,"CFt":5786.08,"CFtD":-1.09,"CPz":412.13,"CPzD":-5.64,"CQt": 86.82,"CPr": 14.04},{"H": "cod.subes1","FFt":714.78,"FFtD":14.36,"FPz":41,"FPzD":-10.87,"FQt": 6.65,"FPr": 17.43,"MFt":495.55,"MFtD":4.36,"MPz":34.87,"MPzD":4.57,"MQt": 4.21,"MPr": 14.21,"CFt":309.68,"CFtD":-11.73,"CPz":21.29,"CPzD":-9.99,"CQt": 4.49,"CPr": 14.55},{"H": "cod.subes2","FFt":11268.47,"FFtD":-23.43,"FPz":533,"FPzD":-19.97,"FQt": 86.39,"FPr": 21.14,"MFt":10396.3,"MFtD":1.12,"MPz":709.11,"MPzD":-3.27,"MQt": 85.56,"MPr": 14.66,"CFt":5476.4,"CFtD":-0.42,"CPz":390.84,"CPzD":-5.39,"CQt": 82.33,"CPr": 14.01}]},{"IPD":"BIM","PD":"BIM","TF":[{"name":"cod.me20","value":4},{"name":"cod.subes1","value":11},{"name":"cod.subes2","value":75}],"TM":[{"name":"cod.me20","value":12.66},{"name":"cod.subes1","value":5.85},{"name":"cod.subes2","value":109.12}],"TC":[{"name":"cod.me20","value":8.82},{"name":"cod.subes1","value":2.93},{"name":"cod.subes2","value":59.75}],"DTE":[{"H": "lb.l0018","FFt":1710.5,"FFtD":-34.8,"FPz":90,"FPzD":-30.23,"FQt": 100,"FPr": 19.01,"MFt":1856.52,"MFtD":4.66,"MPz":127.63,"MPzD":-0.65,"MQt": 100,"MPr": 14.55,"CFt":968.32,"CFtD":-2.64,"CPz":71.49,"CPzD":-3.49,"CQt": 100,"CPr": 13.54},{"H": "cod.me20","FFt":34.2,"FFtD":-66.83,"FPz":4,"FPzD":-73.33,"FQt": 4.44,"FPr": 8.55,"MFt":152.82,"MFtD":0.65,"MPz":12.66,"MPzD":-12.74,"MQt": 9.92,"MPr": 12.07,"CFt":103.07,"CFtD":-16.11,"CPz":8.82,"CPzD":-22.03,"CQt": 12.33,"CPr": 11.69},{"H": "cod.me60","FFt":1676.3,"FFtD":-33.49,"FPz":86,"FPzD":-24.56,"FQt": 95.56,"FPr": 19.49,"MFt":1703.7,"MFtD":5.04,"MPz":114.97,"MPzD":0.89,"MQt": 90.08,"MPr": 14.82,"CFt":865.25,"CFtD":-0.74,"CPz":62.67,"CPzD":-0.14,"CQt": 87.67,"CPr": 13.81},{"H": "cod.subes1","FFt":148.1,"FFtD":4.86,"FPz":11,"FPzD":10,"FQt": 12.22,"FPr": 13.46,"MFt":83.85,"MFtD":11.78,"MPz":5.85,"MPzD":16.85,"MQt": 4.58,"MPr": 14.34,"CFt":41.73,"CFtD":-13.02,"CPz":2.93,"CPzD":-9.04,"CQt": 4.09,"CPr": 14.25},{"H": "cod.subes2","FFt":1528.2,"FFtD":-35.77,"FPz":75,"FPzD":-27.88,"FQt": 83.33,"FPr": 20.38,"MFt":1619.86,"MFtD":4.71,"MPz":109.12,"MPzD":0.16,"MQt": 85.49,"MPr": 14.84,"CFt":823.52,"CFtD":-0.02,"CPz":59.75,"CPzD":0.34,"CQt": 83.57,"CPr": 13.78}]},{"IPD":"UM","PD":"12/12/2019","TF":[{"name":"cod.me20","value":2},{"name":"cod.subes1","value":4},{"name":"cod.subes2","value":35}],"TM":[{"name":"cod.me20","value":6.14},{"name":"cod.subes1","value":2.98},{"name":"cod.subes2","value":50.22}],"TC":[{"name":"cod.me20","value":4.53},{"name":"cod.subes1","value":1.45},{"name":"cod.subes2","value":25.31}],"DTE":[{"H": "lb.l0018","FFt":831.68,"FFtD":-29.79,"FPz":41,"FPzD":-21.15,"FQt": 100,"FPr": 20.28,"MFt":873.22,"MFtD":4.49,"MPz":59.34,"MPzD":-2,"MQt": 100,"MPr": 14.72,"CFt":443.67,"CFtD":-1.78,"CPz":31.29,"CPzD":-7.87,"CQt": 100,"CPr": 14.18},{"H": "cod.me20","FFt":13.58,"FFtD":-58.42,"FPz":2,"FPzD":-50,"FQt": 4.88,"FPr": 6.79,"MFt":73.08,"MFtD":-2.83,"MPz":6.14,"MPzD":-16.47,"MQt": 10.35,"MPr": 11.9,"CFt":46.21,"CFtD":-18.77,"CPz":4.53,"CPzD":-20.45,"CQt": 14.47,"CPr": 10.21},{"H": "cod.me60","FFt":818.1,"FFtD":-28.98,"FPz":39,"FPzD":-18.75,"FQt": 95.12,"FPr": 20.98,"MFt":800.14,"MFtD":5.21,"MPz":53.2,"MPzD":0,"MQt": 89.65,"MPr": 15.04,"CFt":397.46,"CFtD":0.67,"CPz":26.76,"CPzD":-5.34,"CQt": 85.53,"CPr": 14.85},{"H": "cod.subes1","FFt":54.46,"FFtD":-30.3,"FPz":4,"FPzD":-20,"FQt": 9.76,"FPr": 13.62,"MFt":42.78,"MFtD":16.99,"MPz":2.98,"MPzD":22.99,"MQt": 5.02,"MPr": 14.37,"CFt":20.79,"CFtD":16.38,"CPz":1.45,"CPzD":17.65,"CQt": 4.65,"CPr": 14.29},{"H": "cod.subes2","FFt":763.64,"FFtD":-28.89,"FPz":35,"FPzD":-18.6,"FQt": 85.37,"FPr": 21.82,"MFt":757.36,"MFtD":4.61,"MPz":50.22,"MPzD":-1.1,"MQt": 84.63,"MPr": 15.08,"CFt":376.67,"CFtD":-0.08,"CPz":25.31,"CPzD":-6.39,"CQt": 80.88,"CPr": 14.88}]}]}