{ "TIT":"cod.ES3050","GF": [{"dati":[{"name":"F","value":20.55}],"opzioni":{"min":0,"max":25}}]
                       ,"GM": [{"dati":[{"name":"M","value":10.92}],"opzioni":{"min":0,"max":25}}]
                       ,"GC": [{"dati":[{"name":"C","value":13.94}],"opzioni":{"min":0,"max":25}}],"ISF2V":[{"min": 40, "max": 300}],"ISP2V":[{"min": 40, "max":300 }]   ,"ISP2":[{"name": "lb.l0006","series": [{ "name":"lb.l0052","value":179 },{ "name":"lb.l0053","value":147 },{ "name":"lb.l0054","value":154 },{ "name":"lb.l0055","value":111 },{ "name":"lb.l0056","value":107 },{ "name":"lb.l0057","value":92 },{ "name":"lb.l0058","value":74 },{ "name":"lb.l0059","value":81 },{ "name":"lb.l0060","value":107 },{ "name":"lb.l0061","value":109 },{ "name":"lb.l0062","value":127 },{ "name":"lb.l0063","value":124 }]},{"name": "lb.l0007","series": [{ "name":"lb.l0052","value":292.535135135135 },{ "name":"lb.l0053","value":238.535135135135 },{ "name":"lb.l0054","value":250.075675675676 },{ "name":"lb.l0055","value":214.086486486486 },{ "name":"lb.l0056","value":230.313513513513 },{ "name":"lb.l0057","value":168.383783783784 },{ "name":"lb.l0058","value":137.67027027027 },{ "name":"lb.l0059","value":133.156756756757 },{ "name":"lb.l0060","value":165.8 },{ "name":"lb.l0061","value":212.859459459459 },{ "name":"lb.l0062","value":219.183783783784 },{ "name":"lb.l0063","value":237.47027027027 }]},{"name": "lb.l0008","series": [{ "name":"lb.l0052","value":162.054545454545 },{ "name":"lb.l0053","value":133.036363636364 },{ "name":"lb.l0054","value":139.254545454545 },{ "name":"lb.l0055","value":117.527272727273 },{ "name":"lb.l0056","value":132.163636363636 },{ "name":"lb.l0057","value":92.3272727272727 },{ "name":"lb.l0058","value":76.1090909090909 },{ "name":"lb.l0059","value":67.5636363636364 },{ "name":"lb.l0060","value":90.4181818181818 },{ "name":"lb.l0061","value":118.727272727273 },{ "name":"lb.l0062","value":121.163636363636 },{ "name":"lb.l0063","value":127.763636363636 }]}] ,"ISP1":[ {"name": "lb.l0040","series": [{"name":"2019","value":179},{"name":"2018","value":147}]},{"name": "lb.l0041","series": [{"name":"2019","value":326},{"name":"2018","value":282}]},{"name": "lb.l0042","series": [{"name":"2019","value":480},{"name":"2018","value":401}]},{"name": "lb.l0043","series": [{"name":"2019","value":591},{"name":"2018","value":500}]},{"name": "lb.l0044","series": [{"name":"2019","value":698},{"name":"2018","value":633}]},{"name": "lb.l0045","series": [{"name":"2019","value":790},{"name":"2018","value":765}]},{"name": "lb.l0046","series": [{"name":"2019","value":864},{"name":"2018","value":896}]},{"name": "lb.l0047","series": [{"name":"2019","value":945},{"name":"2018","value":1042}]},{"name": "lb.l0048","series": [{"name":"2019","value":1052},{"name":"2018","value":1142}]},{"name": "lb.l0049","series": [{"name":"2019","value":1161},{"name":"2018","value":1329}]},{"name": "lb.l0050","series": [{"name":"2019","value":1288},{"name":"2018","value":1484}]},{"name": "lb.l0051","series": [{"name":"2019","value":1412},{"name":"2018","value":1624}]}],"dati":[{"IPD":"MAT","PD":"MAT","TF":[{"name":"cod.me20","value":239},{"name":"cod.subes1","value":544},{"name":"cod.subes2","value":629}],"TM":[{"name":"cod.me20","value":788.13},{"name":"cod.subes1","value":936.25},{"name":"cod.subes2","value":775.69}],"TC":[{"name":"cod.me20","value":452.24},{"name":"cod.subes1","value":506.56},{"name":"cod.subes2","value":419.31}],"DTE":[{"H": "lb.l0018","FFt":12061.01,"FFtD":-7.43,"FPz":1412,"FPzD":-13.05,"FQt": 100,"FPr": 8.54,"MFt":19249.64,"MFtD":1.04,"MPz":2500.07,"MPzD":1.33,"MQt": 100,"MPr": 7.7,"CFt":10598.93,"CFtD":-1.2,"CPz":1378.11,"CPzD":-0.85,"CQt": 100,"CPr": 7.69},{"H": "cod.me20","FFt":2383.61,"FFtD":-16.52,"FPz":239,"FPzD":-33.24,"FQt": 16.93,"FPr": 9.97,"MFt":6486.57,"MFtD":-5.69,"MPz":788.13,"MPzD":1.7,"MQt": 31.52,"MPr": 8.23,"CFt":3770.49,"CFtD":-9.32,"CPz":452.24,"CPzD":-2.57,"CQt": 32.82,"CPr": 8.34},{"H": "cod.me60","FFt":9677.4,"FFtD":-4.88,"FPz":1173,"FPzD":-7.35,"FQt": 83.07,"FPr": 8.25,"MFt":12763.07,"MFtD":4.84,"MPz":1711.94,"MPzD":1.16,"MQt": 68.48,"MPr": 7.46,"CFt":6828.44,"CFtD":3.94,"CPz":925.87,"CPzD":0.02,"CQt": 67.18,"CPr": 7.38},{"H": "cod.subes1","FFt":3780.1,"FFtD":-10.85,"FPz":544,"FPzD":-13.51,"FQt": 38.53,"FPr": 6.95,"MFt":6421.65,"MFtD":3.37,"MPz":936.25,"MPzD":-1.19,"MQt": 37.45,"MPr": 6.86,"CFt":3393.85,"CFtD":-0.29,"CPz":506.56,"CPzD":-4.8,"CQt": 36.76,"CPr": 6.7},{"H": "cod.subes2","FFt":5897.3,"FFtD":-0.61,"FPz":629,"FPzD":-1.26,"FQt": 44.55,"FPr": 9.38,"MFt":6341.42,"MFtD":6.38,"MPz":775.69,"MPzD":4.17,"MQt": 31.03,"MPr": 8.18,"CFt":3434.59,"CFtD":8.5,"CPz":419.31,"CPzD":6.54,"CQt": 30.43,"CPr": 8.19}]},{"IPD":"PROG","PD":"YTD","TF":[{"name":"cod.me20","value":239},{"name":"cod.subes1","value":544},{"name":"cod.subes2","value":629}],"TM":[{"name":"cod.me20","value":788.13},{"name":"cod.subes1","value":936.25},{"name":"cod.subes2","value":775.69}],"TC":[{"name":"cod.me20","value":452.24},{"name":"cod.subes1","value":506.56},{"name":"cod.subes2","value":419.31}],"DTE":[{"H": "lb.l0018","FFt":12061.01,"FFtD":-7.43,"FPz":1412,"FPzD":-13.05,"FQt": 100,"FPr": 8.54,"MFt":19249.64,"MFtD":1.04,"MPz":2500.07,"MPzD":1.33,"MQt": 100,"MPr": 7.7,"CFt":10598.93,"CFtD":-1.2,"CPz":1378.11,"CPzD":-0.85,"CQt": 100,"CPr": 7.69},{"H": "cod.me20","FFt":2383.61,"FFtD":-16.52,"FPz":239,"FPzD":-33.24,"FQt": 16.93,"FPr": 9.97,"MFt":6486.57,"MFtD":-5.69,"MPz":788.13,"MPzD":1.7,"MQt": 31.52,"MPr": 8.23,"CFt":3770.49,"CFtD":-9.32,"CPz":452.24,"CPzD":-2.57,"CQt": 32.82,"CPr": 8.34},{"H": "cod.me60","FFt":9677.4,"FFtD":-4.88,"FPz":1173,"FPzD":-7.35,"FQt": 83.07,"FPr": 8.25,"MFt":12763.07,"MFtD":4.84,"MPz":1711.94,"MPzD":1.16,"MQt": 68.48,"MPr": 7.46,"CFt":6828.44,"CFtD":3.94,"CPz":925.87,"CPzD":0.02,"CQt": 67.18,"CPr": 7.38},{"H": "cod.subes1","FFt":3780.1,"FFtD":-10.85,"FPz":544,"FPzD":-13.51,"FQt": 38.53,"FPr": 6.95,"MFt":6421.65,"MFtD":3.37,"MPz":936.25,"MPzD":-1.19,"MQt": 37.45,"MPr": 6.86,"CFt":3393.85,"CFtD":-0.29,"CPz":506.56,"CPzD":-4.8,"CQt": 36.76,"CPr": 6.7},{"H": "cod.subes2","FFt":5897.3,"FFtD":-0.61,"FPz":629,"FPzD":-1.26,"FQt": 44.55,"FPr": 9.38,"MFt":6341.42,"MFtD":6.38,"MPz":775.69,"MPzD":4.17,"MQt": 31.03,"MPr": 8.18,"CFt":3434.59,"CFtD":8.5,"CPz":419.31,"CPzD":6.54,"CQt": 30.43,"CPr": 8.19}]},{"IPD":"BIM","PD":"BIM","TF":[{"name":"cod.me20","value":51},{"name":"cod.subes1","value":96},{"name":"cod.subes2","value":104}],"TM":[{"name":"cod.me20","value":133.71},{"name":"cod.subes1","value":169.23},{"name":"cod.subes2","value":153.72}],"TC":[{"name":"cod.me20","value":74.6},{"name":"cod.subes1","value":88.85},{"name":"cod.subes2","value":85.47}],"DTE":[{"H": "lb.l0018","FFt":2199.82,"FFtD":-11.07,"FPz":251,"FPzD":-14.92,"FQt": 100,"FPr": 8.76,"MFt":3484.59,"MFtD":-6.09,"MPz":456.65,"MPzD":-6.09,"MQt": 100,"MPr": 7.63,"CFt":1919.57,"CFtD":-4.85,"CPz":248.93,"CPzD":-5.72,"CQt": 100,"CPr": 7.71},{"H": "cod.me20","FFt":577.42,"FFtD":19.08,"FPz":51,"FPzD":6.25,"FQt": 20.32,"FPr": 11.32,"MFt":1050.83,"MFtD":-13.05,"MPz":133.71,"MPzD":-5.98,"MQt": 29.28,"MPr": 7.86,"CFt":595.62,"CFtD":-17,"CPz":74.6,"CPzD":-11.63,"CQt": 29.97,"CPr": 7.98},{"H": "cod.me60","FFt":1622.4,"FFtD":-18.42,"FPz":200,"FPzD":-19.03,"FQt": 79.68,"FPr": 8.11,"MFt":2433.76,"MFtD":-2.73,"MPz":322.95,"MPzD":-6.13,"MQt": 70.72,"MPr": 7.54,"CFt":1323.95,"CFtD":1.86,"CPz":174.33,"CPzD":-2.94,"CQt": 70.03,"CPr": 7.59},{"H": "cod.subes1","FFt":683.79,"FFtD":-8.57,"FPz":96,"FPzD":-14.29,"FQt": 38.25,"FPr": 7.12,"MFt":1141.78,"MFtD":-4.54,"MPz":169.23,"MPzD":-8.96,"MQt": 37.06,"MPr": 6.75,"CFt":588.64,"CFtD":-8.09,"CPz":88.85,"CPzD":-12.42,"CQt": 35.69,"CPr": 6.62},{"H": "cod.subes2","FFt":938.61,"FFtD":-24.36,"FPz":104,"FPzD":-22.96,"FQt": 41.43,"FPr": 9.03,"MFt":1291.99,"MFtD":-1.07,"MPz":153.72,"MPzD":-2.81,"MQt": 33.66,"MPr": 8.4,"CFt":735.3,"CFtD":11.52,"CPz":85.47,"CPzD":9.38,"CQt": 34.34,"CPr": 8.6}]},{"IPD":"UM","PD":"12/12/2019","TF":[{"name":"cod.me20","value":25},{"name":"cod.subes1","value":42},{"name":"cod.subes2","value":57}],"TM":[{"name":"cod.me20","value":67.86},{"name":"cod.subes1","value":89.59},{"name":"cod.subes2","value":80.01}],"TC":[{"name":"cod.me20","value":38.65},{"name":"cod.subes1","value":45.8},{"name":"cod.subes2","value":43.31}],"DTE":[{"H": "lb.l0018","FFt":1066.92,"FFtD":-5.01,"FPz":124,"FPzD":-11.43,"FQt": 100,"FPr": 8.6,"MFt":1803.58,"MFtD":-10.06,"MPz":237.47,"MPzD":-9.96,"MQt": 100,"MPr": 7.59,"CFt":980.93,"CFtD":-7.72,"CPz":127.76,"CPzD":-7.87,"CQt": 100,"CPr": 7.68},{"H": "cod.me20","FFt":270.26,"FFtD":45.9,"FPz":25,"FPzD":31.58,"FQt": 20.16,"FPr": 10.81,"MFt":529.68,"MFtD":-14.46,"MPz":67.86,"MPzD":-7.99,"MQt": 28.58,"MPr": 7.8,"CFt":305.95,"CFtD":-15.12,"CPz":38.65,"CPzD":-9.42,"CQt": 30.25,"CPr": 7.91},{"H": "cod.me60","FFt":796.66,"FFtD":-15.07,"FPz":99,"FPzD":-18.18,"FQt": 79.84,"FPr": 8.05,"MFt":1273.91,"MFtD":-8.09,"MPz":169.61,"MPzD":-10.73,"MQt": 71.42,"MPr": 7.51,"CFt":674.98,"CFtD":-3.92,"CPz":89.11,"CPzD":-7.18,"CQt": 69.75,"CPr": 7.57},{"H": "cod.subes1","FFt":303.05,"FFtD":-19.26,"FPz":42,"FPzD":-26.32,"FQt": 33.87,"FPr": 7.22,"MFt":604.18,"MFtD":-8.1,"MPz":89.59,"MPzD":-12.25,"MQt": 37.73,"MPr": 6.74,"CFt":303.95,"CFtD":-10.01,"CPz":45.8,"CPzD":-14.17,"CQt": 35.85,"CPr": 6.64},{"H": "cod.subes2","FFt":493.61,"FFtD":-12.27,"FPz":57,"FPzD":-10.94,"FQt": 45.97,"FPr": 8.66,"MFt":669.72,"MFtD":-8.09,"MPz":80.01,"MPzD":-8.96,"MQt": 33.69,"MPr": 8.37,"CFt":371.03,"CFtD":1.71,"CPz":43.31,"CPzD":1.58,"CQt": 33.9,"CPr": 8.57}]}]}