{ "TIT":"cod.ES3290","GF": [{"dati":[{"name":"F","value":34.88}],"opzioni":{"min":0,"max":35}}]
                       ,"GM": [{"dati":[{"name":"M","value":18.56}],"opzioni":{"min":0,"max":35}}]
                       ,"GC": [{"dati":[{"name":"C","value":33.29}],"opzioni":{"min":0,"max":35}}],"ISF2V":[{"min": 80, "max": 490}],"ISP2V":[{"min": 80, "max":490 }]   ,"ISP2":[{"name": "lb.l0006","series": [{ "name":"lb.l0052","value":177 },{ "name":"lb.l0053","value":156 },{ "name":"lb.l0054","value":138 },{ "name":"lb.l0055","value":180 },{ "name":"lb.l0056","value":155 },{ "name":"lb.l0057","value":133 },{ "name":"lb.l0058","value":186 },{ "name":"lb.l0059","value":128 },{ "name":"lb.l0060","value":143 },{ "name":"lb.l0061","value":176 },{ "name":"lb.l0062","value":147 },{ "name":"lb.l0063","value":168 }]},{"name": "lb.l0007","series": [{ "name":"lb.l0052","value":383.302702702703 },{ "name":"lb.l0053","value":341.345945945946 },{ "name":"lb.l0054","value":370.983783783784 },{ "name":"lb.l0055","value":374.713513513514 },{ "name":"lb.l0056","value":381.827027027027 },{ "name":"lb.l0057","value":354.72972972973 },{ "name":"lb.l0058","value":455.302702702703 },{ "name":"lb.l0059","value":372.210810810811 },{ "name":"lb.l0060","value":361.410810810811 },{ "name":"lb.l0061","value":385.691891891892 },{ "name":"lb.l0062","value":361.102702702703 },{ "name":"lb.l0063","value":372.978378378378 }]},{"name": "lb.l0008","series": [{ "name":"lb.l0052","value":291.036363636364 },{ "name":"lb.l0053","value":257.963636363636 },{ "name":"lb.l0054","value":276.272727272727 },{ "name":"lb.l0055","value":278.709090909091 },{ "name":"lb.l0056","value":293.109090909091 },{ "name":"lb.l0057","value":265.690909090909 },{ "name":"lb.l0058","value":487.836363636364 },{ "name":"lb.l0059","value":263.490909090909 },{ "name":"lb.l0060","value":269.163636363636 },{ "name":"lb.l0061","value":290.381818181818 },{ "name":"lb.l0062","value":266.254545454545 },{ "name":"lb.l0063","value":271.436363636364 }]}] ,"ISP1":[ {"name": "lb.l0040","series": [{"name":"2019","value":177},{"name":"2018","value":193}]},{"name": "lb.l0041","series": [{"name":"2019","value":333},{"name":"2018","value":354}]},{"name": "lb.l0042","series": [{"name":"2019","value":471},{"name":"2018","value":523}]},{"name": "lb.l0043","series": [{"name":"2019","value":651},{"name":"2018","value":668}]},{"name": "lb.l0044","series": [{"name":"2019","value":806},{"name":"2018","value":866}]},{"name": "lb.l0045","series": [{"name":"2019","value":939},{"name":"2018","value":1035}]},{"name": "lb.l0046","series": [{"name":"2019","value":1125},{"name":"2018","value":1202}]},{"name": "lb.l0047","series": [{"name":"2019","value":1253},{"name":"2018","value":1343}]},{"name": "lb.l0048","series": [{"name":"2019","value":1396},{"name":"2018","value":1477}]},{"name": "lb.l0049","series": [{"name":"2019","value":1572},{"name":"2018","value":1664}]},{"name": "lb.l0050","series": [{"name":"2019","value":1719},{"name":"2018","value":1834}]},{"name": "lb.l0051","series": [{"name":"2019","value":1887},{"name":"2018","value":1987}]}],"dati":[{"IPD":"MAT","PD":"MAT","TF":[{"name":"cod.me20","value":1715},{"name":"cod.subes1","value":0},{"name":"cod.subes2","value":172}],"TM":[{"name":"cod.me20","value":4365.4},{"name":"cod.subes1","value":0},{"name":"cod.subes2","value":150.2}],"TC":[{"name":"cod.me20","value":3444.44},{"name":"cod.subes1","value":0},{"name":"cod.subes2","value":66.91}],"DTE":[{"H": "lb.l0018","FFt":17995.7,"FFtD":-6.97,"FPz":1887,"FPzD":-5.03,"FQt": 100,"FPr": 9.54,"MFt":44430.58,"MFtD":-5.32,"MPz":4515.6,"MPzD":-0.04,"MQt": 100,"MPr": 9.84,"CFt":33304.16,"CFtD":-7.71,"CPz":3511.35,"CPzD":2.57,"CQt": 100,"CPr": 9.48},{"H": "cod.me20","FFt":13751.74,"FFtD":-9.31,"FPz":1715,"FPzD":-5.87,"FQt": 90.89,"FPr": 8.02,"MFt":41086,"MFtD":-6.06,"MPz":4365.4,"MPzD":-0.06,"MQt": 96.67,"MPr": 9.41,"CFt":31754.78,"CFtD":-8.31,"CPz":3444.44,"CPzD":2.67,"CQt": 98.09,"CPr": 9.22},{"H": "cod.me60","FFt":4243.96,"FFtD":1.53,"FPz":172,"FPzD":4.24,"FQt": 9.11,"FPr": 24.67,"MFt":3344.58,"MFtD":4.86,"MPz":150.2,"MPzD":0.62,"MQt": 3.33,"MPr": 22.27,"CFt":1549.38,"CFtD":6.46,"CPz":66.91,"CPzD":-2.65,"CQt": 1.91,"CPr": 23.16},{"H": "cod.subes1","FFt":0,"FFtD":null,"FPz":0,"FPzD":null,"FQt": 0,"FPr": null,"MFt":0,"MFtD":null,"MPz":0,"MPzD":null,"MQt": 0,"MPr": null,"CFt":0,"CFtD":null,"CPz":0,"CPzD":null,"CQt": 0,"CPr": null},{"H": "cod.subes2","FFt":4243.96,"FFtD":1.53,"FPz":172,"FPzD":4.24,"FQt": 9.11,"FPr": 24.67,"MFt":3344.58,"MFtD":4.86,"MPz":150.2,"MPzD":0.62,"MQt": 3.33,"MPr": 22.27,"CFt":1549.38,"CFtD":6.46,"CPz":66.91,"CPzD":-2.65,"CQt": 1.91,"CPr": 23.16}]},{"IPD":"PROG","PD":"YTD","TF":[{"name":"cod.me20","value":1715},{"name":"cod.subes1","value":0},{"name":"cod.subes2","value":172}],"TM":[{"name":"cod.me20","value":4365.4},{"name":"cod.subes1","value":0},{"name":"cod.subes2","value":150.2}],"TC":[{"name":"cod.me20","value":3444.44},{"name":"cod.subes1","value":0},{"name":"cod.subes2","value":66.91}],"DTE":[{"H": "lb.l0018","FFt":17995.7,"FFtD":-6.97,"FPz":1887,"FPzD":-5.03,"FQt": 100,"FPr": 9.54,"MFt":44430.58,"MFtD":-5.32,"MPz":4515.6,"MPzD":-0.04,"MQt": 100,"MPr": 9.84,"CFt":33304.16,"CFtD":-7.71,"CPz":3511.35,"CPzD":2.57,"CQt": 100,"CPr": 9.48},{"H": "cod.me20","FFt":13751.74,"FFtD":-9.31,"FPz":1715,"FPzD":-5.87,"FQt": 90.89,"FPr": 8.02,"MFt":41086,"MFtD":-6.06,"MPz":4365.4,"MPzD":-0.06,"MQt": 96.67,"MPr": 9.41,"CFt":31754.78,"CFtD":-8.31,"CPz":3444.44,"CPzD":2.67,"CQt": 98.09,"CPr": 9.22},{"H": "cod.me60","FFt":4243.96,"FFtD":1.53,"FPz":172,"FPzD":4.24,"FQt": 9.11,"FPr": 24.67,"MFt":3344.58,"MFtD":4.86,"MPz":150.2,"MPzD":0.62,"MQt": 3.33,"MPr": 22.27,"CFt":1549.38,"CFtD":6.46,"CPz":66.91,"CPzD":-2.65,"CQt": 1.91,"CPr": 23.16},{"H": "cod.subes1","FFt":0,"FFtD":null,"FPz":0,"FPzD":null,"FQt": 0,"FPr": null,"MFt":0,"MFtD":null,"MPz":0,"MPzD":null,"MQt": 0,"MPr": null,"CFt":0,"CFtD":null,"CPz":0,"CPzD":null,"CQt": 0,"CPr": null},{"H": "cod.subes2","FFt":4243.96,"FFtD":1.53,"FPz":172,"FPzD":4.24,"FQt": 9.11,"FPr": 24.67,"MFt":3344.58,"MFtD":4.86,"MPz":150.2,"MPzD":0.62,"MQt": 3.33,"MPr": 22.27,"CFt":1549.38,"CFtD":6.46,"CPz":66.91,"CPzD":-2.65,"CQt": 1.91,"CPr": 23.16}]},{"IPD":"BIM","PD":"BIM","TF":[{"name":"cod.me20","value":291},{"name":"cod.subes1","value":0},{"name":"cod.subes2","value":24}],"TM":[{"name":"cod.me20","value":708.49},{"name":"cod.subes1","value":0},{"name":"cod.subes2","value":25.59}],"TC":[{"name":"cod.me20","value":525.71},{"name":"cod.subes1","value":0},{"name":"cod.subes2","value":11.98}],"DTE":[{"H": "lb.l0018","FFt":3090.65,"FFtD":-3.44,"FPz":315,"FPzD":-2.48,"FQt": 100,"FPr": 9.81,"MFt":7351.26,"MFtD":-2.55,"MPz":734.08,"MPzD":-0.86,"MQt": 100,"MPr": 10.01,"CFt":5366.83,"CFtD":-6.35,"CPz":537.69,"CPzD":-3.92,"CQt": 100,"CPr": 9.98},{"H": "cod.me20","FFt":2552.24,"FFtD":6.37,"FPz":291,"FPzD":-1.02,"FQt": 92.38,"FPr": 8.77,"MFt":6768.25,"MFtD":-2.78,"MPz":708.49,"MPzD":-0.82,"MQt": 96.51,"MPr": 9.55,"CFt":5078.19,"CFtD":-6.58,"CPz":525.71,"CPzD":-3.81,"CQt": 97.77,"CPr": 9.66},{"H": "cod.me60","FFt":538.41,"FFtD":-32.81,"FPz":24,"FPzD":-17.24,"FQt": 7.62,"FPr": 22.43,"MFt":583.01,"MFtD":0.16,"MPz":25.59,"MPzD":-2.01,"MQt": 3.49,"MPr": 22.78,"CFt":288.64,"CFtD":-2.27,"CPz":11.98,"CPzD":-8.6,"CQt": 2.23,"CPr": 24.09},{"H": "cod.subes1","FFt":0,"FFtD":null,"FPz":0,"FPzD":null,"FQt": 0,"FPr": null,"MFt":0,"MFtD":null,"MPz":0,"MPzD":null,"MQt": 0,"MPr": null,"CFt":0,"CFtD":null,"CPz":0,"CPzD":null,"CQt": 0,"CPr": null},{"H": "cod.subes2","FFt":538.41,"FFtD":-32.81,"FPz":24,"FPzD":-17.24,"FQt": 7.62,"FPr": 22.43,"MFt":583.01,"MFtD":0.16,"MPz":25.59,"MPzD":-2.01,"MQt": 3.49,"MPr": 22.78,"CFt":288.64,"CFtD":-2.27,"CPz":11.98,"CPzD":-8.6,"CQt": 2.23,"CPr": 24.09}]},{"IPD":"UM","PD":"12/12/2019","TF":[{"name":"cod.me20","value":160},{"name":"cod.subes1","value":0},{"name":"cod.subes2","value":8}],"TM":[{"name":"cod.me20","value":360.97},{"name":"cod.subes1","value":0},{"name":"cod.subes2","value":12.01}],"TC":[{"name":"cod.me20","value":266.04},{"name":"cod.subes1","value":0},{"name":"cod.subes2","value":5.4}],"DTE":[{"H": "lb.l0018","FFt":1705.74,"FFtD":22.16,"FPz":168,"FPzD":9.8,"FQt": 100,"FPr": 10.15,"MFt":3718.23,"MFtD":-1.39,"MPz":372.98,"MPzD":0.46,"MQt": 100,"MPr": 9.97,"CFt":2683.66,"CFtD":-5.28,"CPz":271.44,"CPzD":-2.55,"CQt": 100,"CPr": 9.89},{"H": "cod.me20","FFt":1497.69,"FFtD":37.88,"FPz":160,"FPzD":13.48,"FQt": 95.24,"FPr": 9.36,"MFt":3447.45,"MFtD":-1.36,"MPz":360.97,"MPzD":0.61,"MQt": 96.78,"MPr": 9.55,"CFt":2555.16,"CFtD":-5.25,"CPz":266.04,"CPzD":-2.32,"CQt": 98.01,"CPr": 9.6},{"H": "cod.me60","FFt":208.05,"FFtD":-32.91,"FPz":8,"FPzD":-33.33,"FQt": 4.76,"FPr": 26.01,"MFt":270.78,"MFtD":-1.79,"MPz":12.01,"MPzD":-3.68,"MQt": 3.22,"MPr": 22.54,"CFt":128.49,"CFtD":-5.84,"CPz":5.4,"CPzD":-12.65,"CQt": 1.99,"CPr": 23.8},{"H": "cod.subes1","FFt":0,"FFtD":null,"FPz":0,"FPzD":null,"FQt": 0,"FPr": null,"MFt":0,"MFtD":null,"MPz":0,"MPzD":null,"MQt": 0,"MPr": null,"CFt":0,"CFtD":null,"CPz":0,"CPzD":null,"CQt": 0,"CPr": null},{"H": "cod.subes2","FFt":208.05,"FFtD":-32.91,"FPz":8,"FPzD":-33.33,"FQt": 4.76,"FPr": 26.01,"MFt":270.78,"MFtD":-1.79,"MPz":12.01,"MPzD":-3.68,"MQt": 3.22,"MPr": 22.54,"CFt":128.49,"CFtD":-5.84,"CPz":5.4,"CPzD":-12.65,"CQt": 1.99,"CPr": 23.8}]}]}