{ "TIT":"cod.ES3450","GF": [{"dati":[{"name":"F","value":0}],"opzioni":{"min":0,"max":20}}]
                       ,"GM": [{"dati":[{"name":"M","value":15.71}],"opzioni":{"min":0,"max":20}}]
                       ,"GC": [{"dati":[{"name":"C","value":19.39}],"opzioni":{"min":0,"max":20}}],"ISF2V":[{"min": 20, "max": 110}],"ISP2V":[{"min": 20, "max":110 }]   ,"ISP2":[{"name": "lb.l0006","series": [{ "name":"lb.l0052","value":101 },{ "name":"lb.l0053","value":67 },{ "name":"lb.l0054","value":90 },{ "name":"lb.l0055","value":71 },{ "name":"lb.l0056","value":51 },{ "name":"lb.l0057","value":51 },{ "name":"lb.l0058","value":58 },{ "name":"lb.l0059","value":73 },{ "name":"lb.l0060","value":76 },{ "name":"lb.l0061","value":63 },{ "name":"lb.l0062","value":85 },{ "name":"lb.l0063","value":68 }]},{"name": "lb.l0007","series": [{ "name":"lb.l0052","value":75.027027027027 },{ "name":"lb.l0053","value":68.3405405405405 },{ "name":"lb.l0054","value":73.4432432432432 },{ "name":"lb.l0055","value":71.7567567567568 },{ "name":"lb.l0056","value":65.627027027027 },{ "name":"lb.l0057","value":62.6648648648649 },{ "name":"lb.l0058","value":70.427027027027 },{ "name":"lb.l0059","value":64.0702702702703 },{ "name":"lb.l0060","value":61.0702702702703 },{ "name":"lb.l0061","value":72.6648648648649 },{ "name":"lb.l0062","value":68.5837837837838 },{ "name":"lb.l0063","value":71.4972972972973 }]},{"name": "lb.l0008","series": [{ "name":"lb.l0052","value":41.7454545454545 },{ "name":"lb.l0053","value":38.1090909090909 },{ "name":"lb.l0054","value":39.4909090909091 },{ "name":"lb.l0055","value":36.4363636363636 },{ "name":"lb.l0056","value":35.4909090909091 },{ "name":"lb.l0057","value":32.1636363636364 },{ "name":"lb.l0058","value":37.9454545454545 },{ "name":"lb.l0059","value":31.2909090909091 },{ "name":"lb.l0060","value":32.4363636363636 },{ "name":"lb.l0061","value":38.1090909090909 },{ "name":"lb.l0062","value":35.8545454545455 },{ "name":"lb.l0063","value":36.3818181818182 }]}] ,"ISP1":[ {"name": "lb.l0040","series": [{"name":"2019","value":101},{"name":"2018","value":107}]},{"name": "lb.l0041","series": [{"name":"2019","value":168},{"name":"2018","value":213}]},{"name": "lb.l0042","series": [{"name":"2019","value":258},{"name":"2018","value":321}]},{"name": "lb.l0043","series": [{"name":"2019","value":329},{"name":"2018","value":412}]},{"name": "lb.l0044","series": [{"name":"2019","value":380},{"name":"2018","value":496}]},{"name": "lb.l0045","series": [{"name":"2019","value":431},{"name":"2018","value":578}]},{"name": "lb.l0046","series": [{"name":"2019","value":489},{"name":"2018","value":670}]},{"name": "lb.l0047","series": [{"name":"2019","value":562},{"name":"2018","value":757}]},{"name": "lb.l0048","series": [{"name":"2019","value":638},{"name":"2018","value":844}]},{"name": "lb.l0049","series": [{"name":"2019","value":701},{"name":"2018","value":916}]},{"name": "lb.l0050","series": [{"name":"2019","value":786},{"name":"2018","value":1010}]},{"name": "lb.l0051","series": [{"name":"2019","value":854},{"name":"2018","value":1083}]}],"dati":[{"IPD":"MAT","PD":"MAT","TF":[{"name":"cod.me20","value":0},{"name":"cod.subes1","value":45},{"name":"cod.subes2","value":809}],"TM":[{"name":"cod.me20","value":0},{"name":"cod.subes1","value":73.1},{"name":"cod.subes2","value":752.07}],"TC":[{"name":"cod.me20","value":0},{"name":"cod.subes1","value":37.67},{"name":"cod.subes2","value":397.78}],"DTE":[{"H": "lb.l0018","FFt":14938.28,"FFtD":-23.73,"FPz":854,"FPzD":-21.14,"FQt": 100,"FPr": 17.49,"MFt":12418.31,"MFtD":3.45,"MPz":825.17,"MPzD":0.05,"MQt": 100,"MPr": 15.05,"CFt":6343.15,"CFtD":3.06,"CPz":435.45,"CPzD":-0.73,"CQt": 100,"CPr": 14.57},{"H": "cod.me20","FFt":0,"FFtD":null,"FPz":0,"FPzD":null,"FQt": 0,"FPr": null,"MFt":0,"MFtD":null,"MPz":0,"MPzD":null,"MQt": 0,"MPr": null,"CFt":0,"CFtD":null,"CPz":0,"CPzD":null,"CQt": 0,"CPr": null},{"H": "cod.me60","FFt":14938.28,"FFtD":-23.73,"FPz":854,"FPzD":-21.14,"FQt": 100,"FPr": 17.49,"MFt":12418.31,"MFtD":3.45,"MPz":825.17,"MPzD":0.05,"MQt": 100,"MPr": 15.05,"CFt":6343.15,"CFtD":3.06,"CPz":435.45,"CPzD":-0.73,"CQt": 100,"CPr": 14.57},{"H": "cod.subes1","FFt":669.14,"FFtD":-32.36,"FPz":45,"FPzD":-32.84,"FQt": 5.27,"FPr": 14.87,"MFt":967.33,"MFtD":0.6,"MPz":73.1,"MPzD":-1.2,"MQt": 8.86,"MPr": 13.23,"CFt":487.25,"CFtD":-3.71,"CPz":37.67,"CPzD":-5.6,"CQt": 8.65,"CPr": 12.93},{"H": "cod.subes2","FFt":14269.14,"FFtD":-23.27,"FPz":809,"FPzD":-20.37,"FQt": 94.73,"FPr": 17.64,"MFt":11450.98,"MFtD":3.7,"MPz":752.07,"MPzD":0.17,"MQt": 91.14,"MPr": 15.23,"CFt":5855.9,"CFtD":3.67,"CPz":397.78,"CPzD":-0.25,"CQt": 91.35,"CPr": 14.72}]},{"IPD":"PROG","PD":"YTD","TF":[{"name":"cod.me20","value":0},{"name":"cod.subes1","value":45},{"name":"cod.subes2","value":809}],"TM":[{"name":"cod.me20","value":0},{"name":"cod.subes1","value":73.1},{"name":"cod.subes2","value":752.07}],"TC":[{"name":"cod.me20","value":0},{"name":"cod.subes1","value":37.67},{"name":"cod.subes2","value":397.78}],"DTE":[{"H": "lb.l0018","FFt":14938.28,"FFtD":-23.73,"FPz":854,"FPzD":-21.14,"FQt": 100,"FPr": 17.49,"MFt":12418.31,"MFtD":3.45,"MPz":825.17,"MPzD":0.05,"MQt": 100,"MPr": 15.05,"CFt":6343.15,"CFtD":3.06,"CPz":435.45,"CPzD":-0.73,"CQt": 100,"CPr": 14.57},{"H": "cod.me20","FFt":0,"FFtD":null,"FPz":0,"FPzD":null,"FQt": 0,"FPr": null,"MFt":0,"MFtD":null,"MPz":0,"MPzD":null,"MQt": 0,"MPr": null,"CFt":0,"CFtD":null,"CPz":0,"CPzD":null,"CQt": 0,"CPr": null},{"H": "cod.me60","FFt":14938.28,"FFtD":-23.73,"FPz":854,"FPzD":-21.14,"FQt": 100,"FPr": 17.49,"MFt":12418.31,"MFtD":3.45,"MPz":825.17,"MPzD":0.05,"MQt": 100,"MPr": 15.05,"CFt":6343.15,"CFtD":3.06,"CPz":435.45,"CPzD":-0.73,"CQt": 100,"CPr": 14.57},{"H": "cod.subes1","FFt":669.14,"FFtD":-32.36,"FPz":45,"FPzD":-32.84,"FQt": 5.27,"FPr": 14.87,"MFt":967.33,"MFtD":0.6,"MPz":73.1,"MPzD":-1.2,"MQt": 8.86,"MPr": 13.23,"CFt":487.25,"CFtD":-3.71,"CPz":37.67,"CPzD":-5.6,"CQt": 8.65,"CPr": 12.93},{"H": "cod.subes2","FFt":14269.14,"FFtD":-23.27,"FPz":809,"FPzD":-20.37,"FQt": 94.73,"FPr": 17.64,"MFt":11450.98,"MFtD":3.7,"MPz":752.07,"MPzD":0.17,"MQt": 91.14,"MPr": 15.23,"CFt":5855.9,"CFtD":3.67,"CPz":397.78,"CPzD":-0.25,"CQt": 91.35,"CPr": 14.72}]},{"IPD":"BIM","PD":"BIM","TF":[{"name":"cod.me20","value":0},{"name":"cod.subes1","value":17},{"name":"cod.subes2","value":136}],"TM":[{"name":"cod.me20","value":0},{"name":"cod.subes1","value":12.37},{"name":"cod.subes2","value":127.71}],"TC":[{"name":"cod.me20","value":0},{"name":"cod.subes1","value":6.09},{"name":"cod.subes2","value":66.15}],"DTE":[{"H": "lb.l0018","FFt":2599.95,"FFtD":-15.66,"FPz":153,"FPzD":-8.38,"FQt": 100,"FPr": 16.99,"MFt":2152.33,"MFtD":2.46,"MPz":140.08,"MPzD":-1.92,"MQt": 100,"MPr": 15.36,"CFt":1060.85,"CFtD":1.85,"CPz":72.24,"CPzD":-2.43,"CQt": 100,"CPr": 14.69},{"H": "cod.me20","FFt":0,"FFtD":null,"FPz":0,"FPzD":null,"FQt": 0,"FPr": null,"MFt":0,"MFtD":null,"MPz":0,"MPzD":null,"MQt": 0,"MPr": null,"CFt":0,"CFtD":null,"CPz":0,"CPzD":null,"CQt": 0,"CPr": null},{"H": "cod.me60","FFt":2599.95,"FFtD":-15.66,"FPz":153,"FPzD":-8.38,"FQt": 100,"FPr": 16.99,"MFt":2152.33,"MFtD":2.46,"MPz":140.08,"MPzD":-1.92,"MQt": 100,"MPr": 15.36,"CFt":1060.85,"CFtD":1.85,"CPz":72.24,"CPzD":-2.43,"CQt": 100,"CPr": 14.69},{"H": "cod.subes1","FFt":254.32,"FFtD":70,"FPz":17,"FPzD":70,"FQt": 11.11,"FPr": 14.96,"MFt":163.89,"MFtD":3.71,"MPz":12.37,"MPzD":3.34,"MQt": 8.83,"MPr": 13.25,"CFt":78.51,"CFtD":5.98,"CPz":6.09,"CPzD":4.69,"CQt": 8.43,"CPr": 12.89},{"H": "cod.subes2","FFt":2345.63,"FFtD":-20.03,"FPz":136,"FPzD":-13.38,"FQt": 88.89,"FPr": 17.25,"MFt":1988.44,"MFtD":2.36,"MPz":127.71,"MPzD":-2.4,"MQt": 91.17,"MPr": 15.57,"CFt":982.34,"CFtD":1.54,"CPz":66.15,"CPzD":-3.04,"CQt": 91.57,"CPr": 14.85}]},{"IPD":"UM","PD":"12/12/2019","TF":[{"name":"cod.me20","value":0},{"name":"cod.subes1","value":8},{"name":"cod.subes2","value":60}],"TM":[{"name":"cod.me20","value":0},{"name":"cod.subes1","value":6.44},{"name":"cod.subes2","value":65.05}],"TC":[{"name":"cod.me20","value":0},{"name":"cod.subes1","value":3.38},{"name":"cod.subes2","value":33}],"DTE":[{"H": "lb.l0018","FFt":1164.64,"FFtD":-15.77,"FPz":68,"FPzD":-6.85,"FQt": 100,"FPr": 17.13,"MFt":1098.12,"MFtD":3.88,"MPz":71.5,"MPzD":-0.08,"MQt": 100,"MPr": 15.36,"CFt":533.76,"CFtD":6.19,"CPz":36.38,"CPzD":1.68,"CQt": 100,"CPr": 14.67},{"H": "cod.me20","FFt":0,"FFtD":null,"FPz":0,"FPzD":null,"FQt": 0,"FPr": null,"MFt":0,"MFtD":null,"MPz":0,"MPzD":null,"MQt": 0,"MPr": null,"CFt":0,"CFtD":null,"CPz":0,"CPzD":null,"CQt": 0,"CPr": null},{"H": "cod.me60","FFt":1164.64,"FFtD":-15.77,"FPz":68,"FPzD":-6.85,"FQt": 100,"FPr": 17.13,"MFt":1098.12,"MFtD":3.88,"MPz":71.5,"MPzD":-0.08,"MQt": 100,"MPr": 15.36,"CFt":533.76,"CFtD":6.19,"CPz":36.38,"CPzD":1.68,"CQt": 100,"CPr": 14.67},{"H": "cod.subes1","FFt":119.68,"FFtD":33.33,"FPz":8,"FPzD":33.33,"FQt": 11.76,"FPr": 14.96,"MFt":84.74,"MFtD":-2.14,"MPz":6.44,"MPzD":-1.57,"MQt": 9.01,"MPr": 13.15,"CFt":43.38,"CFtD":3.75,"CPz":3.38,"CPzD":3.91,"CQt": 9.3,"CPr": 12.83},{"H": "cod.subes2","FFt":1044.96,"FFtD":-19.18,"FPz":60,"FPzD":-10.45,"FQt": 88.24,"FPr": 17.42,"MFt":1013.38,"MFtD":4.41,"MPz":65.05,"MPzD":0.07,"MQt": 90.99,"MPr": 15.58,"CFt":490.38,"CFtD":6.41,"CPz":33,"CPzD":1.45,"CQt": 90.7,"CPr": 14.86}]}]}