{
 "Esigenza":"cod.es2810"
 ,"Tempo":"MAT"
 
,"datiTabRiass":[
{"F":10053.90,"M":8455.41,"C":4492.06,"Tipo":"c","H":"dt.d0011"}
,{"F":    1.73,"M":   7.10,"C":   3.09,"Tipo":"i","H":"dt.d0012"}
,{"F":  851.00,"M": 822.41,"C": 440.56,"Tipo":"n","H":"dt.d0013"}
,{"F":    4.03,"M":   3.24,"C":  -1.62,"Tipo":"i","H":"dt.d0026"}]
,"datiDettDittaF":[
{"DD":"ESTEVE","FRF":2,"FRP":1,"FFt":1740.04,"FFtD":19.84,"FPz":218,"FPzD":18.48,"FQt":25.62,"FPr":7.98,"FRef":3,"MRF":1,"MRP":1,"CRF":2,"CRP":1}
,{"DD":"TREPAT-DIET","FRF":1,"FRP":2,"FFt":2328.77,"FFtD":14.21,"FPz":159,"FPzD":11.97,"FQt":18.68,"FPr":14.65,"FRef":4,"MRF":10,"MRP":13,"CRF":13,"CRP":15}
,{"DD":"ABOCA SpA SOCIETA' AGRICOLA","FRF":3,"FRP":3,"FFt":1036.71,"FFtD":-22.12,"FPz":99,"FPzD":-18.85,"FQt":11.63,"FPr":10.47,"FRef":6,"MRF":3,"MRP":2,"CRF":1,"CRP":2}
,{"DD":"HEEL ESPAÑA","FRF":4,"FRP":4,"FFt":905.7,"FFtD":35.82,"FPz":86,"FPzD":30.3,"FQt":10.11,"FPr":10.53,"FRef":3,"MRF":9,"MRP":8,"CRF":8,"CRP":8}
,{"DD":"BOIRON","FRF":7,"FRP":5,"FFt":573.6,"FFtD":23.98,"FPz":48,"FPzD":26.32,"FQt":5.64,"FPr":11.95,"FRef":2,"MRF":8,"MRP":9,"CRF":9,"CRP":9}
,{"DD":"URIACH","FRF":5,"FRP":6,"FFt":774.19,"FFtD":49.83,"FPz":45,"FPzD":7.14,"FQt":5.29,"FPr":17.2,"FRef":5,"MRF":2,"MRP":3,"CRF":3,"CRP":3}
,{"DD":"PILEJE SLU","FRF":6,"FRP":7,"FFt":743.5,"FFtD":-7.39,"FPz":35,"FPzD":0,"FQt":4.11,"FPr":21.24,"FRef":3,"MRF":25,"MRP":26,"CRF":24,"CRP":27}
,{"DD":"URGO","FRF":9,"FRP":8,"FFt":271.5,"FFtD":31.45,"FPz":30,"FPzD":30.43,"FQt":3.53,"FPr":9.05,"FRef":1,"MRF":15,"MRP":14,"CRF":14,"CRP":12}
,{"DD":"PLANTA MEDICA Srl","FRF":8,"FRP":9,"FFt":412.3,"FFtD":-63.79,"FPz":21,"FPzD":-63.79,"FQt":2.47,"FPr":19.63,"FRef":2,"MRF":4,"MRP":6,"CRF":4,"CRP":5}
,{"DD":"PRANAROM","FRF":10,"FRP":10,"FFt":239.25,"FFtD":-45.81,"FPz":21,"FPzD":-48.78,"FQt":2.47,"FPr":11.39,"FRef":2,"MRF":19,"MRP":20,"CRF":25,"CRP":23}]
,"datiDettDittaM":[
{"DD":"ESTEVE","FRF":2,"FRP":1,"MRF":1,"MRP":1,"MFt":1570.56,"MFtD":5.65,"MPz":195,"MPzD":3.5,"MQt":23.67,"MPr":8.07,"MRef":4}
,{"DD":"ABOCA SpA SOCIETA' AGRICOLA","FRF":3,"FRP":3,"MRF":3,"MRP":2,"MFt":1196.4,"MFtD":-1.35,"MPz":109,"MPzD":-2.82,"MQt":13.23,"MPr":11,"MRef":6}
,{"DD":"URIACH","FRF":5,"FRP":6,"MRF":2,"MRP":3,"MFt":1236.8,"MFtD":11.02,"MPz":106,"MPzD":1.31,"MQt":12.93,"MPr":11.63,"MRef":14}
,{"DD":"BOEHRINGER INGELHEIM, S.A.","FRF":21,"FRP":18,"MRF":5,"MRP":4,"MFt":388.94,"MFtD":-4.18,"MPz":45,"MPzD":-6.06,"MQt":5.47,"MPr":8.64,"MRef":5}
,{"DD":"CINFA","FRF":34,"FRP":34,"MRF":7,"MRP":5,"MFt":317.54,"MFtD":16.44,"MPz":36,"MPzD":13.44,"MQt":4.41,"MPr":8.75,"MRef":5}
,{"DD":"PLANTA MEDICA Srl","FRF":8,"FRP":9,"MRF":4,"MRP":6,"MFt":552.31,"MFtD":17.15,"MPz":30,"MPzD":12.37,"MQt":3.68,"MPr":18.23,"MRef":3}
,{"DD":"MILVUS","FRF":43,"FRP":43,"MRF":13,"MRP":7,"MFt":124.42,"MFtD":2.27,"MPz":29,"MPzD":1.8,"MQt":3.48,"MPr":4.35,"MRef":3}
,{"DD":"HEEL ESPAÑA","FRF":4,"FRP":4,"MRF":9,"MRP":8,"MFt":233.31,"MFtD":1.82,"MPz":23,"MPzD":1.58,"MQt":2.74,"MPr":10.34,"MRef":2}
,{"DD":"BOIRON","FRF":7,"FRP":5,"MRF":8,"MRP":9,"MFt":259.24,"MFtD":-6.23,"MPz":22,"MPzD":-6.82,"MQt":2.68,"MPr":11.77,"MRef":1}
,{"DD":"HUMANA SPAIN","FRF":13,"FRP":16,"MRF":6,"MRP":10,"MFt":372.06,"MFtD":9.44,"MPz":19,"MPzD":4.77,"MQt":2.36,"MPr":19.14,"MRef":1}]
,"datiDettDittaC":[
{"DD":"ESTEVE","FRF":2,"FRP":1,"CRF":2,"CRP":1,"CFt":700.14,"CFtD":1.18,"CPz":87,"CPzD":-0.37,"CQt":19.74,"CPr":8.05,"CRef":3}
,{"DD":"ABOCA SpA SOCIETA' AGRICOLA","FRF":3,"FRP":3,"CRF":1,"CRP":2,"CFt":832.35,"CFtD":-6.99,"CPz":76,"CPzD":-8.47,"CQt":17.28,"CPr":10.93,"CRef":6}
,{"DD":"URIACH","FRF":5,"FRP":6,"CRF":3,"CRP":3,"CFt":533.31,"CFtD":3.64,"CPz":49,"CPzD":-4.53,"CQt":11.13,"CPr":10.87,"CRef":9}
,{"DD":"BOEHRINGER INGELHEIM, S.A.","FRF":21,"FRP":18,"CRF":5,"CRP":4,"CFt":195.21,"CFtD":-2.97,"CPz":24,"CPzD":-7.69,"CQt":5.53,"CPr":8.01,"CRef":4}
,{"DD":"PLANTA MEDICA Srl","FRF":8,"FRP":9,"CRF":4,"CRP":5,"CFt":402.49,"CFtD":11.06,"CPz":22,"CPzD":7.46,"CQt":4.92,"CPr":18.57,"CRef":3}
,{"DD":"CINFA","FRF":34,"FRP":34,"CRF":6,"CRP":6,"CFt":185.82,"CFtD":5.75,"CPz":21,"CPzD":4.71,"CQt":4.72,"CPr":8.94,"CRef":6}
,{"DD":"MILVUS","FRF":43,"FRP":43,"CRF":12,"CRP":7,"CFt":91.5,"CFtD":-13.23,"CPz":21,"CPzD":-12.17,"CQt":4.7,"CPr":4.41,"CRef":3}
,{"DD":"HEEL ESPAÑA","FRF":4,"FRP":4,"CRF":8,"CRP":8,"CFt":135.07,"CFtD":-6.3,"CPz":13,"CPzD":-10.29,"CQt":2.96,"CPr":10.35,"CRef":2}
,{"DD":"BOIRON","FRF":7,"FRP":5,"CRF":9,"CRP":9,"CFt":130.99,"CFtD":-17.27,"CPz":11,"CPzD":-19.55,"CQt":2.57,"CPr":11.58,"CRef":3}
,{"DD":"ANGELINI FARMACÉUTICA S A","FRF":12,"FRP":11,"CRF":11,"CRP":10,"CFt":93.37,"CFtD":-2.38,"CPz":10,"CPzD":-2.31,"CQt":2.18,"CPr":9.73,"CRef":3}]
}