{
 "Esigenza":"cod.es2850"
 ,"Tempo":"MAT"
 
,"datiTabRiass":[
{"F":12337.34,"M":18625.11,"C":11303.72,"Tipo":"c","H":"dt.d0011"}
,{"F":   -1.37,"M":   -0.08,"C":   -1.57,"Tipo":"i","H":"dt.d0012"}
,{"F": 1266.00,"M": 2036.76,"C": 1235.76,"Tipo":"n","H":"dt.d0013"}
,{"F":   -7.66,"M":   -4.51,"C":   -6.09,"Tipo":"i","H":"dt.d0026"}]
,"datiDettDittaF":[
{"DD":"ZAMBON","FRF":2,"FRP":1,"FFt":2431.89,"FFtD":10.48,"FPz":333,"FPzD":5.38,"FQt":26.3,"FPr":7.3,"FRef":6,"MRF":1,"MRP":1,"CRF":1,"CRP":1}
,{"DD":"ABOCA SpA SOCIETA' AGRICOLA","FRF":1,"FRP":2,"FFt":3355.97,"FFtD":24.68,"FPz":294,"FPzD":11.36,"FQt":23.22,"FPr":11.41,"FRef":4,"MRF":2,"MRP":2,"CRF":2,"CRP":2}
,{"DD":"PRANAROM","FRF":3,"FRP":3,"FFt":2127.86,"FFtD":-20.81,"FPz":196,"FPzD":-20.33,"FQt":15.48,"FPr":10.86,"FRef":4,"MRF":8,"MRP":8,"CRF":7,"CRP":7}
,{"DD":"PLANTA MEDICA Srl","FRF":4,"FRP":4,"FFt":1616.98,"FFtD":-17.12,"FPz":152,"FPzD":-21.24,"FQt":12.01,"FPr":10.64,"FRef":2,"MRF":6,"MRP":6,"CRF":5,"CRP":6}
,{"DD":"APOTECA NATURA","FRF":5,"FRP":5,"FFt":1074.37,"FFtD":19.66,"FPz":86,"FPzD":19.44,"FQt":6.79,"FPr":12.49,"FRef":1,"MRF":3,"MRP":4,"CRF":3,"CRP":3}
,{"DD":"BOEHRINGER INGELHEIM, S.A.","FRF":6,"FRP":6,"FFt":597.08,"FFtD":-4.5,"FPz":68,"FPzD":-8.11,"FQt":5.37,"FPr":8.78,"FRef":8,"MRF":4,"MRP":3,"CRF":4,"CRP":4}
,{"DD":"BAYER HISPANIA S.L.","FRF":7,"FRP":7,"FFt":181.2,"FFtD":-2.41,"FPz":31,"FPzD":0,"FQt":2.45,"FPr":5.85,"FRef":3,"MRF":9,"MRP":9,"CRF":10,"CRP":8}
,{"DD":"VICKS","FRF":10,"FRP":8,"FFt":127.54,"FFtD":-19.02,"FPz":18,"FPzD":-43.75,"FQt":1.42,"FPr":7.09,"FRef":2,"MRF":19,"MRP":18,"CRF":21,"CRP":21}
,{"DD":"LA PIRENAICA","FRF":14,"FRP":9,"FFt":70.43,"FFtD":-55.87,"FPz":17,"FPzD":-55.26,"FQt":1.34,"FPr":4.14,"FRef":1,"MRF":36,"MRP":31,"CRF":37,"CRP":31}
,{"DD":"OMEGA PHARMA ESPAÑA, S.A.","FRF":8,"FRP":10,"FFt":162.37,"FFtD":198.2,"FPz":13,"FPzD":160,"FQt":1.03,"FPr":12.49,"FRef":1,"MRF":14,"MRP":15,"CRF":16,"CRP":17}]
,"datiDettDittaM":[
{"DD":"ZAMBON","FRF":2,"FRP":1,"MRF":1,"MRP":1,"MFt":4892.17,"MFtD":5.82,"MPz":639,"MPzD":-0.12,"MQt":31.39,"MPr":7.65,"MRef":6}
,{"DD":"ABOCA SpA SOCIETA' AGRICOLA","FRF":1,"FRP":2,"MRF":2,"MRP":2,"MFt":4077.59,"MFtD":-7.62,"MPz":352,"MPzD":-9.04,"MQt":17.28,"MPr":11.59,"MRef":4}
,{"DD":"BOEHRINGER INGELHEIM, S.A.","FRF":6,"FRP":6,"MRF":4,"MRP":3,"MFt":1711.78,"MFtD":-4.03,"MPz":191,"MPzD":-8.68,"MQt":9.37,"MPr":8.97,"MRef":10}
,{"DD":"APOTECA NATURA","FRF":5,"FRP":5,"MRF":3,"MRP":4,"MFt":2006.1,"MFtD":30.91,"MPz":166,"MPzD":29.07,"MQt":8.13,"MPr":12.12,"MRef":1}
,{"DD":"CINFA","FRF":11,"FRP":12,"MRF":5,"MRP":5,"MFt":993.13,"MFtD":-5.83,"MPz":138,"MPzD":-9.44,"MQt":6.78,"MPr":7.19,"MRef":11}
,{"DD":"PLANTA MEDICA Srl","FRF":4,"FRP":4,"MRF":6,"MRP":6,"MFt":829.56,"MFtD":1.69,"MPz":79,"MPzD":-0.77,"MQt":3.88,"MPr":10.49,"MRef":2}
,{"DD":"FERRER INTERNACIONAL","FRF":9,"FRP":11,"MRF":7,"MRP":7,"MFt":698.59,"MFtD":12.43,"MPz":74,"MPzD":-0.93,"MQt":3.64,"MPr":9.42,"MRef":4}
,{"DD":"PRANAROM","FRF":3,"FRP":3,"MRF":8,"MRP":8,"MFt":689.5,"MFtD":-2.66,"MPz":68,"MPzD":-4.32,"MQt":3.32,"MPr":10.19,"MRef":7}
,{"DD":"BAYER HISPANIA S.L.","FRF":7,"FRP":7,"MRF":9,"MRP":9,"MFt":393.69,"MFtD":-8.21,"MPz":63,"MPzD":-11.51,"MQt":3.1,"MPr":6.24,"MRef":3}
,{"DD":"JOHNSON & JOHNSON","FRF":18,"FRP":17,"MRF":10,"MRP":10,"MFt":322.71,"MFtD":-22.3,"MPz":37,"MPzD":-25.63,"MQt":1.8,"MPr":8.81,"MRef":7}]
,"datiDettDittaC":[
{"DD":"ZAMBON","FRF":2,"FRP":1,"CRF":1,"CRP":1,"CFt":2833.21,"CFtD":6.81,"CPz":372,"CPzD":1.28,"CQt":30.07,"CPr":7.63,"CRef":6}
,{"DD":"ABOCA SpA SOCIETA' AGRICOLA","FRF":1,"FRP":2,"CRF":2,"CRP":2,"CFt":2526,"CFtD":-7.37,"CPz":218,"CPzD":-8.63,"CQt":17.62,"CPr":11.6,"CRef":4}
,{"DD":"APOTECA NATURA","FRF":5,"FRP":5,"CRF":3,"CRP":3,"CFt":1495.29,"CFtD":20.28,"CPz":123,"CPzD":18.56,"CQt":9.93,"CPr":12.19,"CRef":1}
,{"DD":"BOEHRINGER INGELHEIM, S.A.","FRF":6,"FRP":6,"CRF":4,"CRP":4,"CFt":923.32,"CFtD":-5.71,"CPz":103,"CPzD":-10.05,"CQt":8.3,"CPr":9,"CRef":10}
,{"DD":"CINFA","FRF":11,"FRP":12,"CRF":6,"CRP":5,"CFt":631.81,"CFtD":-18.27,"CPz":91,"CPzD":-19.73,"CQt":7.39,"CPr":6.92,"CRef":12}
,{"DD":"PLANTA MEDICA Srl","FRF":4,"FRP":4,"CRF":5,"CRP":6,"CFt":663.96,"CFtD":3.13,"CPz":63,"CPzD":0.9,"CQt":5.09,"CPr":10.56,"CRef":2}
,{"DD":"PRANAROM","FRF":3,"FRP":3,"CRF":7,"CRP":7,"CFt":396.12,"CFtD":2.3,"CPz":38,"CPzD":1.85,"CQt":3.07,"CPr":10.45,"CRef":6}
,{"DD":"BAYER HISPANIA S.L.","FRF":7,"FRP":7,"CRF":10,"CRP":8,"CFt":228.68,"CFtD":-18.84,"CPz":37,"CPzD":-20.91,"CQt":3.02,"CPr":6.13,"CRef":3}
,{"DD":"FERRER INTERNACIONAL","FRF":9,"FRP":11,"CRF":8,"CRP":9,"CFt":302.3,"CFtD":-7.39,"CPz":33,"CPzD":-20.32,"CQt":2.69,"CPr":9.08,"CRef":3}]
}