{
 "Esigenza":"cod.es2890"
 ,"Tempo":"MAT"
 
,"datiTabRiass":[
{"F":11983.25,"M":10891.84,"C":5786.08,"Tipo":"c","H":"dt.d0011"}
,{"F":  -21.89,"M":    1.26,"C":  -1.09,"Tipo":"i","H":"dt.d0012"}
,{"F":  574.00,"M":  743.98,"C": 412.13,"Tipo":"n","H":"dt.d0013"}
,{"F":  -19.38,"M":   -2.93,"C":  -5.64,"Tipo":"i","H":"dt.d0026"}]
,"datiDettDittaF":[
{"DD":"ABOCA SpA SOCIETA' AGRICOLA","FRF":4,"FRP":1,"FFt":1281.79,"FFtD":-34.97,"FPz":78,"FPzD":-33.9,"FQt":13.59,"FPr":16.43,"FRef":7,"MRF":2,"MRP":2,"CRF":1,"CRP":2}
,{"DD":"BAYER HISPANIA S.L.","FRF":5,"FRP":2,"FFt":1184.62,"FFtD":-29.05,"FPz":74,"FPzD":-28.85,"FQt":12.89,"FPr":16.01,"FRef":10,"MRF":1,"MRP":1,"CRF":2,"CRP":1}
,{"DD":"PILEJE SLU","FRF":3,"FRP":3,"FFt":1309.86,"FFtD":-35.53,"FPz":53,"FPzD":-32.05,"FQt":9.23,"FPr":24.71,"FRef":1,"MRF":21,"MRP":27,"CRF":25,"CRP":29}
,{"DD":"ERN","FRF":6,"FRP":4,"FFt":534.35,"FFtD":39.44,"FPz":53,"FPzD":39.47,"FQt":9.23,"FPr":10.08,"FRef":2,"MRF":11,"MRP":9,"CRF":9,"CRP":9}
,{"DD":"VITAE N NUTRITION","FRF":2,"FRP":5,"FFt":1410.96,"FFtD":-36.5,"FPz":45,"FPzD":-36.62,"FQt":7.84,"FPr":31.35,"FRef":3,"MRF":12,"MRP":22,"CRF":17,"CRP":21}
,{"DD":"LCN 1955","FRF":1,"FRP":6,"FFt":1763.77,"FFtD":-30.14,"FPz":37,"FPzD":-32.73,"FQt":6.45,"FPr":47.67,"FRef":3,"MRF":10,"MRP":21,"CRF":34,"CRP":48}
,{"DD":"D FELIU","FRF":11,"FRP":7,"FFt":256.77,"FFtD":118.58,"FPz":24,"FPzD":100,"FQt":4.18,"FPr":10.7,"FRef":5,"MRF":24,"MRP":16,"CRF":29,"CRP":24}
,{"DD":"DIAFARM","FRF":7,"FRP":8,"FFt":521.9,"FFtD":-44.7,"FPz":22,"FPzD":-46.34,"FQt":3.83,"FPr":23.72,"FRef":2,"MRF":39,"MRP":40,"CRF":50,"CRP":52}
,{"DD":"APOTECA NATURA","FRF":9,"FRP":9,"FFt":356.87,"FFtD":null,"FPz":18,"FPzD":null,"FQt":3.14,"FPr":19.83,"FRef":2,"MRF":22,"MRP":26,"CRF":13,"CRP":16}
,{"DD":"VIÑAS","FRF":12,"FRP":10,"FFt":230.28,"FFtD":-0.92,"FPz":18,"FPzD":5.88,"FQt":3.14,"FPr":12.79,"FRef":2,"MRF":17,"MRP":14,"CRF":12,"CRP":13}]
,"datiDettDittaM":[
{"DD":"BAYER HISPANIA S.L.","FRF":5,"FRP":2,"MRF":1,"MRP":1,"MFt":2014.01,"MFtD":3.63,"MPz":131,"MPzD":-1.09,"MQt":17.59,"MPr":15.39,"MRef":22}
,{"DD":"ABOCA SpA SOCIETA' AGRICOLA","FRF":4,"FRP":1,"MRF":2,"MRP":2,"MFt":1159.74,"MFtD":-3.49,"MPz":70,"MPzD":-6.46,"MQt":9.47,"MPr":16.46,"MRef":7}
,{"DD":"PFIZER","FRF":27,"FRP":22,"MRF":3,"MRP":3,"MFt":857.01,"MFtD":4.93,"MPz":61,"MPzD":2.77,"MQt":8.27,"MPr":13.94,"MRef":13}
,{"DD":"ANGELINI FARMACÉUTICA S A","FRF":13,"FRP":15,"MRF":4,"MRP":4,"MFt":455.5,"MFtD":-2.79,"MPz":36,"MPzD":-4.71,"MQt":4.88,"MPr":12.55,"MRef":16}
,{"DD":"ARKOPHARMA","FRF":46,"FRP":46,"MRF":7,"MRP":5,"MFt":400.64,"MFtD":-13.37,"MPz":35,"MPzD":-18.2,"MQt":4.77,"MPr":11.29,"MRef":13}
,{"DD":"BOEHRINGER INGELHEIM, S.A.","FRF":23,"FRP":17,"MRF":5,"MRP":6,"MFt":452.04,"MFtD":-19.71,"MPz":31,"MPzD":-23.21,"MQt":4.23,"MPr":14.35,"MRef":6}
,{"DD":"ESTEVE","FRF":15,"FRP":11,"MRF":8,"MRP":8,"MFt":318.08,"MFtD":-7.15,"MPz":23,"MPzD":-7.5,"MQt":3.05,"MPr":14.03,"MRef":1}
,{"DD":"ERN","FRF":6,"FRP":4,"MRF":11,"MRP":9,"MFt":240.68,"MFtD":10.31,"MPz":22,"MPzD":8.5,"MQt":2.9,"MPr":11.15,"MRef":2}
,{"DD":"ITALFARMACO","FRF":16,"FRP":16,"MRF":9,"MRP":10,"MFt":279.13,"MFtD":15.09,"MPz":18,"MPzD":16.8,"MQt":2.4,"MPr":15.65,"MRef":1}]
,"datiDettDittaC":[
{"DD":"BAYER HISPANIA S.L.","FRF":5,"FRP":2,"CRF":2,"CRP":1,"CFt":1012.88,"CFtD":7.32,"CPz":67,"CPzD":-0.97,"CQt":16.32,"CPr":15.06,"CRef":15}
,{"DD":"ABOCA SpA SOCIETA' AGRICOLA","FRF":4,"FRP":1,"CRF":1,"CRP":2,"CFt":1017.75,"CFtD":-3.18,"CPz":62,"CPzD":-5.36,"CQt":14.96,"CPr":16.51,"CRef":6}
,{"DD":"ANGELINI FARMACÉUTICA S A","FRF":13,"FRP":15,"CRF":3,"CRP":3,"CFt":370.81,"CFtD":-1.67,"CPz":28,"CPzD":-10.2,"CQt":6.9,"CPr":13.04,"CRef":12}
,{"DD":"PFIZER","FRF":27,"FRP":22,"CRF":4,"CRP":4,"CFt":321.87,"CFtD":-4.87,"CPz":23,"CPzD":-5.1,"CQt":5.63,"CPr":13.87,"CRef":7}
,{"DD":"OMEGA PHARMA ESPAÑA, S.A.","FRF":58,"FRP":58,"CRF":22,"CRP":5,"CFt":56.56,"CFtD":10.42,"CPz":22,"CPzD":6.05,"CQt":5.44,"CPr":2.53,"CRef":3}
,{"DD":"BOEHRINGER INGELHEIM, S.A.","FRF":23,"FRP":17,"CRF":6,"CRP":6,"CFt":231.48,"CFtD":-18.4,"CPz":16,"CPzD":-22.67,"CQt":3.99,"CPr":14.08,"CRef":3}
,{"DD":"ARKOPHARMA","FRF":46,"FRP":46,"CRF":8,"CRP":8,"CFt":198.52,"CFtD":-19.37,"CPz":14,"CPzD":-30.94,"CQt":3.34,"CPr":14.42,"CRef":2}
,{"DD":"ERN","FRF":6,"FRP":4,"CRF":9,"CRP":9,"CFt":158.87,"CFtD":9.32,"CPz":14,"CPzD":3.22,"CQt":3.48,"CPr":11.09,"CRef":2}
,{"DD":"ITALFARMACO","FRF":16,"FRP":16,"CRF":7,"CRP":10,"CFt":204.23,"CFtD":-6.63,"CPz":13,"CPzD":-5.17,"CQt":3.13,"CPr":15.82,"CRef":1}]
}