{
 "Esigenza":"cod.es3210"
 ,"Tempo":"MAT"
 
,"datiTabRiass":[
{"F":1069.41,"M":1321.86,"C":582.37,"Tipo":"c","H":"dt.d0011"}
,{"F": -52.77,"M": -15.74,"C":-18.85,"Tipo":"i","H":"dt.d0012"}
,{"F":  26.00,"M":  40.88,"C": 20.67,"Tipo":"n","H":"dt.d0013"}
,{"F": -44.68,"M": -17.88,"C":-25.34,"Tipo":"i","H":"dt.d0026"}]
,"datiDettDittaF":[
{"DD":"LIERAC","FRF":1,"FRP":1,"FFt":648,"FFtD":-60.03,"FPz":13,"FPzD":-55.17,"FQt":50,"FPr":49.85,"FRef":1,"MRF":3,"MRP":3,"CRF":5,"CRP":5}
,{"DD":"BOLTON CILE","FRF":2,"FRP":2,"FFt":238.96,"FFtD":-44.32,"FPz":6,"FPzD":-40,"FQt":23.08,"FPr":39.83,"FRef":2,"MRF":1,"MRP":1,"CRF":1,"CRP":1}
,{"DD":"ALMIRALL S.A.","FRF":3,"FRP":3,"FFt":102.5,"FFtD":225.4,"FPz":3,"FPzD":200,"FQt":11.54,"FPr":34.17,"FRef":1,"MRF":2,"MRP":2,"CRF":2,"CRP":3}
,{"DD":"TREPAT-DIET","FRF":4,"FRP":4,"FFt":37.5,"FFtD":90.84,"FPz":2,"FPzD":100,"FQt":7.69,"FPr":18.75,"FRef":1,"MRF":11,"MRP":11,"CRF":10,"CRP":10}
,{"DD":"PILEJE SLU","FRF":5,"FRP":5,"FFt":28.95,"FFtD":-51.67,"FPz":1,"FPzD":-50,"FQt":3.85,"FPr":28.95,"FRef":1,"MRF":12,"MRP":12,"CRF":12,"CRP":12}
,{"DD":"ARKOPHARMA","FRF":6,"FRP":6,"FFt":13.5,"FFtD":null,"FPz":1,"FPzD":null,"FQt":3.85,"FPr":13.5,"FRef":1,"MRF":10,"MRP":10,"CRF":8,"CRP":8}
,{"DD":"GOAH CLINIC S.L.","FRF":8,"FRP":8,"FFt":0,"FFtD":null,"FPz":0,"FPzD":null,"FQt":0,"FPr":null,"FRef":0,"MRF":5,"MRP":5,"CRF":11,"CRP":11}
,{"DD":"NUTRICION C-1985","FRF":9,"FRP":9,"FFt":0,"FFtD":null,"FPz":0,"FPzD":null,"FQt":0,"FPr":null,"FRef":0,"MRF":7,"MRP":7,"CRF":4,"CRP":2}
,{"DD":"PHERGAL","FRF":10,"FRP":10,"FFt":0,"FFtD":null,"FPz":0,"FPzD":null,"FQt":0,"FPr":null,"FRef":0,"MRF":9,"MRP":9,"CRF":9,"CRP":9}]
,"datiDettDittaM":[
{"DD":"BOLTON CILE","FRF":2,"FRP":2,"MRF":1,"MRP":1,"MFt":384.31,"MFtD":-19.4,"MPz":9,"MPzD":-21.31,"MQt":23.18,"MPr":40.56,"MRef":3}
,{"DD":"ALMIRALL S.A.","FRF":3,"FRP":3,"MRF":2,"MRP":2,"MFt":263.22,"MFtD":-3.05,"MPz":8,"MPzD":-7.21,"MQt":19.03,"MPr":33.84,"MRef":2}
,{"DD":"LIERAC","FRF":1,"FRP":1,"MRF":3,"MRP":3,"MFt":216.74,"MFtD":-24.99,"MPz":5,"MPzD":-9.49,"MQt":11.29,"MPr":46.95,"MRef":1}
,{"DD":"PIERRE FABRE IBERICA","FRF":11,"FRP":11,"MRF":4,"MRP":4,"MFt":104.44,"MFtD":-29.62,"MPz":3,"MPzD":-29.03,"MQt":6.97,"MPr":36.66,"MRef":0}
,{"DD":"GOAH CLINIC S.L.","FRF":8,"FRP":8,"MRF":5,"MRP":5,"MFt":66.23,"MFtD":238.39,"MPz":2,"MPzD":236.36,"MQt":4.75,"MPr":34.13,"MRef":1}
,{"DD":"SKIN DIGITAL VENTURES S.L.","FRF":12,"FRP":12,"MRF":6,"MRP":6,"MFt":59.08,"MFtD":null,"MPz":2,"MPzD":null,"MQt":4.01,"MPr":36.07,"MRef":1}
,{"DD":"NUTRICION C-1985","FRF":9,"FRP":9,"MRF":7,"MRP":7,"MFt":39.4,"MFtD":-64.17,"MPz":2,"MPzD":-69.67,"MQt":6.1,"MPr":15.81,"MRef":1}
,{"DD":"PHERGAL","FRF":10,"FRP":10,"MRF":9,"MRP":9,"MFt":19.9,"MFtD":6.1,"MPz":1,"MPzD":-32.23,"MQt":3.58,"MPr":13.58,"MRef":0}
,{"DD":"ARKOPHARMA","FRF":6,"FRP":6,"MRF":10,"MRP":10,"MFt":8.47,"MFtD":-32.45,"MPz":0.751,"MPzD":-33.52,"MQt":1.84,"MPr":11.27,"MRef":0}]
,"datiDettDittaC":[
{"DD":"BOLTON CILE","FRF":2,"FRP":2,"CRF":1,"CRP":1,"CFt":156.27,"CFtD":-25.65,"CPz":4,"CPzD":-23.61,"CQt":18.91,"CPr":39.97,"CRef":1}
,{"DD":"NUTRICION C-1985","FRF":9,"FRP":9,"CRF":4,"CRP":2,"CFt":67.56,"CFtD":-49.35,"CPz":4,"CPzD":-51.43,"CQt":21.11,"CPr":15.48,"CRef":1}
,{"DD":"ALMIRALL S.A.","FRF":3,"FRP":3,"CRF":2,"CRP":3,"CFt":83.68,"CFtD":2.58,"CPz":3,"CPzD":15.38,"CQt":13.37,"CPr":30.28,"CRef":0}
,{"DD":"PIERRE FABRE IBERICA","FRF":11,"FRP":11,"CRF":3,"CRP":4,"CFt":77.39,"CFtD":14.91,"CPz":2,"CPzD":0.92,"CQt":9.23,"CPr":40.54,"CRef":0}
,{"DD":"LIERAC","FRF":1,"FRP":1,"CRF":5,"CRP":5,"CFt":50.47,"CFtD":-26.17,"CPz":1,"CPzD":-29.49,"CQt":5.1,"CPr":47.86,"CRef":1}
,{"DD":"SKIN DIGITAL VENTURES S.L.","FRF":12,"FRP":12,"CRF":6,"CRP":6,"CFt":47.14,"CFtD":null,"CPz":1,"CPzD":null,"CQt":6.24,"CPr":36.52,"CRef":1}
,{"DD":"ARKOPHARMA","FRF":6,"FRP":6,"CRF":8,"CRP":8,"CFt":8.33,"CFtD":-35.94,"CPz":0.982,"CPzD":-34.13,"CQt":4.75,"CPr":8.49,"CRef":0}
,{"DD":"PHERGAL","FRF":10,"FRP":10,"CRF":9,"CRP":9,"CFt":6.07,"CFtD":-56.41,"CPz":0.4,"CPzD":-62.71,"CQt":1.93,"CPr":15.18,"CRef":0}
,{"DD":"TREPAT-DIET","FRF":4,"FRP":4,"CRF":10,"CRP":10,"CFt":0.83,"CFtD":-3.15,"CPz":0.036,"CPzD":-1,"CQt":0.18,"CPr":22.88,"CRef":0}]
}