{
 "Esigenza":"cod.es3410"
 ,"Tempo":"MAT"
 
,"datiTabRiass":[
{"F":9917.86,"M":18898.97,"C":9964.69,"Tipo":"c","H":"dt.d0011"}
,{"F": -14.72,"M":    8.16,"C":   3.56,"Tipo":"i","H":"dt.d0012"}
,{"F": 969.00,"M": 1831.05,"C": 951.16,"Tipo":"n","H":"dt.d0013"}
,{"F": -11.59,"M":   12.10,"C":   5.23,"Tipo":"i","H":"dt.d0026"}]
,"datiDettDittaF":[
{"DD":"ZAMBON","FRF":1,"FRP":1,"FFt":2038.3,"FFtD":-2.7,"FPz":384,"FPzD":-2.78,"FQt":39.63,"FPr":5.31,"FRef":1,"MRF":2,"MRP":2,"CRF":3,"CRP":2}
,{"DD":"NOVARTIS","FRF":2,"FRP":2,"FFt":1348.24,"FFtD":3.29,"FPz":138,"FPzD":0,"FQt":14.24,"FPr":9.77,"FRef":2,"MRF":1,"MRP":1,"CRF":1,"CRP":1}
,{"DD":"ABBOTT LABORATORIES","FRF":11,"FRP":4,"FFt":263.5,"FFtD":-41.43,"FPz":50,"FPzD":-35.9,"FQt":5.16,"FPr":5.27,"FRef":2,"MRF":6,"MRP":3,"CRF":7,"CRP":4}
,{"DD":"HEEL ESPAÑA","FRF":6,"FRP":5,"FFt":627.37,"FFtD":-59.51,"FPz":42,"FPzD":-59.22,"FQt":4.33,"FPr":14.94,"FRef":5,"MRF":8,"MRP":9,"CRF":9,"CRP":11}
,{"DD":"DIAFARM","FRF":3,"FRP":6,"FFt":895,"FFtD":-11.17,"FPz":36,"FPzD":-21.74,"FQt":3.72,"FPr":24.86,"FRef":3,"MRF":14,"MRP":13,"CRF":16,"CRP":14}
,{"DD":"D FELIU","FRF":5,"FRP":7,"FFt":643.56,"FFtD":58.67,"FPz":35,"FPzD":52.17,"FQt":3.61,"FPr":18.39,"FRef":3,"MRF":17,"MRP":15,"CRF":25,"CRP":22}
,{"DD":"GLAXO SMITHKLINE","FRF":8,"FRP":8,"FFt":370.99,"FFtD":3436.61,"FPz":35,"FPzD":3400,"FQt":3.61,"FPr":10.6,"FRef":1,"MRF":19,"MRP":16,"CRF":21,"CRP":19}
,{"DD":"URIACH","FRF":13,"FRP":9,"FFt":198.27,"FFtD":11.29,"FPz":33,"FPzD":3.12,"FQt":3.41,"FPr":6.01,"FRef":2,"MRF":9,"MRP":11,"CRF":13,"CRP":13}
,{"DD":"CHIESI ESPAÑA","FRF":7,"FRP":10,"FFt":389.83,"FFtD":0.2,"FPz":29,"FPzD":-12.12,"FQt":2.99,"FPr":13.44,"FRef":3,"MRF":3,"MRP":5,"CRF":2,"CRP":3}]
,"datiDettDittaM":[
{"DD":"NOVARTIS","FRF":2,"FRP":2,"MRF":1,"MRP":1,"MFt":2941.2,"MFtD":0.51,"MPz":304,"MPzD":-3.02,"MQt":16.61,"MPr":9.67,"MRef":3}
,{"DD":"ZAMBON","FRF":1,"FRP":1,"MRF":2,"MRP":2,"MFt":1502.1,"MFtD":161.12,"MPz":273,"MPzD":165.86,"MQt":14.94,"MPr":5.49,"MRef":3}
,{"DD":"ABBOTT LABORATORIES","FRF":11,"FRP":4,"MRF":6,"MRP":3,"MFt":883.31,"MFtD":-17.45,"MPz":152,"MPzD":-20.5,"MQt":8.31,"MPr":5.81,"MRef":4}
,{"DD":"CHIESI ESPAÑA","FRF":7,"FRP":10,"MRF":3,"MRP":5,"MFt":1346.64,"MFtD":-1.63,"MPz":127,"MPzD":-8.2,"MQt":6.96,"MPr":10.57,"MRef":3}
,{"DD":"RECKITT BENCKISER HEALTHCARE  S A","FRF":19,"FRP":14,"MRF":5,"MRP":6,"MFt":935.5,"MFtD":12.09,"MPz":93,"MPzD":20.72,"MQt":5.1,"MPr":10.02,"MRef":5}
,{"DD":"VIÑAS","FRF":15,"FRP":11,"MRF":11,"MRP":7,"MFt":578.91,"MFtD":-1.89,"MPz":71,"MPzD":-4.38,"MQt":3.88,"MPr":8.15,"MRef":4}
,{"DD":"CINFA","FRF":37,"FRP":37,"MRF":13,"MRP":8,"MFt":443.37,"MFtD":14.17,"MPz":58,"MPzD":29.62,"MQt":3.16,"MPr":7.66,"MRef":7}
,{"DD":"HEEL ESPAÑA","FRF":6,"FRP":5,"MRF":8,"MRP":9,"MFt":814.47,"MFtD":-17.83,"MPz":56,"MPzD":-18.32,"MQt":3.07,"MPr":14.48,"MRef":5}
,{"DD":"PRANAROM","FRF":14,"FRP":12,"MRF":10,"MRP":10,"MFt":623.92,"MFtD":24.63,"MPz":48,"MPzD":22.05,"MQt":2.62,"MPr":13,"MRef":4}]
,"datiDettDittaC":[
{"DD":"NOVARTIS","FRF":2,"FRP":2,"CRF":1,"CRP":1,"CFt":1747.44,"CFtD":-5.33,"CPz":181,"CPzD":-8.53,"CQt":19.06,"CPr":9.64,"CRef":3}
,{"DD":"ZAMBON","FRF":1,"FRP":1,"CRF":3,"CRP":2,"CFt":566,"CFtD":173.23,"CPz":101,"CPzD":182.12,"CQt":10.61,"CPr":5.61,"CRef":3}
,{"DD":"CHIESI ESPAÑA","FRF":7,"FRP":10,"CRF":2,"CRP":3,"CFt":820.17,"CFtD":-0.47,"CPz":79,"CPzD":-6.28,"CQt":8.28,"CPr":10.42,"CRef":3}
,{"DD":"ABBOTT LABORATORIES","FRF":11,"FRP":4,"CRF":7,"CRP":4,"CFt":412.89,"CFtD":-20.94,"CPz":71,"CPzD":-23.49,"CQt":7.46,"CPr":5.82,"CRef":2}
,{"DD":"RECKITT BENCKISER HEALTHCARE  S A","FRF":19,"FRP":14,"CRF":6,"CRP":6,"CFt":480.19,"CFtD":3.44,"CPz":44,"CPzD":8.04,"CQt":4.63,"CPr":10.9,"CRef":5}
,{"DD":"VIÑAS","FRF":15,"FRP":11,"CRF":10,"CRP":7,"CFt":322.14,"CFtD":-2.69,"CPz":40,"CPzD":-3.97,"CQt":4.15,"CPr":8.15,"CRef":4}
,{"DD":"ISDIN","FRF":55,"FRP":55,"CRF":15,"CRP":8,"CFt":206.68,"CFtD":-17.24,"CPz":33,"CPzD":-19.37,"CQt":3.48,"CPr":6.24,"CRef":3}
,{"DD":"CINFA","FRF":37,"FRP":37,"CRF":11,"CRP":9,"CFt":264.76,"CFtD":1.79,"CPz":29,"CPzD":19.03,"CQt":3.09,"CPr":9.02,"CRef":6}
,{"DD":"PRANAROM","FRF":14,"FRP":12,"CRF":8,"CRP":10,"CFt":339.69,"CFtD":35.48,"CPz":26,"CPzD":35.8,"CQt":2.73,"CPr":13.1,"CRef":4}]
}