{
 "Esigenza":"cod.es3450"
 ,"Tempo":"MAT"
 
,"datiTabRiass":[
{"F":14938.28,"M":12418.31,"C":6343.15,"Tipo":"c","H":"dt.d0011"}
,{"F":  -23.73,"M":    3.45,"C":   3.06,"Tipo":"i","H":"dt.d0012"}
,{"F":  854.00,"M":  825.17,"C": 435.45,"Tipo":"n","H":"dt.d0013"}
,{"F":  -21.14,"M":    0.05,"C":  -0.73,"Tipo":"i","H":"dt.d0026"}]
,"datiDettDittaF":[
{"DD":"PILEJE SLU","FRF":1,"FRP":1,"FFt":8798.41,"FFtD":-32.16,"FPz":484,"FPzD":-31.64,"FQt":56.67,"FPr":18.18,"FRef":16,"MRF":2,"MRP":2,"CRF":3,"CRP":5}
,{"DD":"DIAFARM","FRF":4,"FRP":2,"FFt":622.17,"FFtD":112.38,"FPz":45,"FPzD":114.29,"FQt":5.27,"FPr":13.83,"FRef":1,"MRF":31,"MRP":30,"CRF":35,"CRP":36}
,{"DD":"ZAMBON","FRF":3,"FRP":3,"FFt":658.24,"FFtD":-31.67,"FPz":44,"FPzD":-32.31,"FQt":5.15,"FPr":14.96,"FRef":2,"MRF":4,"MRP":4,"CRF":4,"CRP":2}
,{"DD":"CASEN RECORDATI S L","FRF":2,"FRP":4,"FFt":698.08,"FFtD":17.41,"FPz":39,"FPzD":25.81,"FQt":4.57,"FPr":17.9,"FRef":4,"MRF":3,"MRP":3,"CRF":2,"CRP":3}
,{"DD":"DERMOFARM","FRF":6,"FRP":5,"FFt":467.05,"FFtD":-6.79,"FPz":31,"FPzD":-6.06,"FQt":3.63,"FPr":15.07,"FRef":2,"MRF":28,"MRP":27,"CRF":32,"CRP":31}
,{"DD":"HEEL ESPAÑA","FRF":5,"FRP":6,"FFt":619.97,"FFtD":-5.34,"FPz":30,"FPzD":-6.25,"FQt":3.51,"FPr":20.67,"FRef":4,"MRF":8,"MRP":10,"CRF":9,"CRP":9}
,{"DD":"ITALFARMACO","FRF":8,"FRP":7,"FFt":350.5,"FFtD":46.32,"FPz":25,"FPzD":38.89,"FQt":2.93,"FPr":14.02,"FRef":3,"MRF":5,"MRP":5,"CRF":6,"CRP":7}
,{"DD":"FERRING  S A U","FRF":7,"FRP":8,"FFt":381.4,"FFtD":86,"FPz":24,"FPzD":84.62,"FQt":2.81,"FPr":15.89,"FRef":2,"MRF":7,"MRP":7,"CRF":8,"CRP":8}
,{"DD":"SALVAT","FRF":16,"FRP":9,"FFt":166.55,"FFtD":0.71,"FPz":22,"FPzD":10,"FQt":2.58,"FPr":7.57,"FRef":1,"MRF":10,"MRP":8,"CRF":12,"CRP":11}
,{"DD":"ROTTAPHARM S L","FRF":10,"FRP":10,"FFt":282.25,"FFtD":-0.23,"FPz":20,"FPzD":0,"FQt":2.34,"FPr":14.11,"FRef":1,"MRF":46,"MRP":46,"CRF":38,"CRP":37}]
,"datiDettDittaM":[
{"DD":"APOTECA NATURA","FRF":31,"FRP":31,"MRF":1,"MRP":1,"MFt":1684.16,"MFtD":5.43,"MPz":128,"MPzD":4.22,"MQt":15.5,"MPr":13.17,"MRef":1}
,{"DD":"PILEJE SLU","FRF":1,"FRP":1,"MRF":2,"MRP":2,"MFt":1448.63,"MFtD":8.25,"MPz":78,"MPzD":6.33,"MQt":9.46,"MPr":18.55,"MRef":17}
,{"DD":"CASEN RECORDATI S L","FRF":2,"FRP":4,"MRF":3,"MRP":3,"MFt":1228.31,"MFtD":0.62,"MPz":73,"MPzD":0.97,"MQt":8.8,"MPr":16.91,"MRef":10}
,{"DD":"ZAMBON","FRF":3,"FRP":3,"MRF":4,"MRP":4,"MFt":914.64,"MFtD":-0.21,"MPz":68,"MPzD":-2.84,"MQt":8.29,"MPr":13.37,"MRef":4}
,{"DD":"ITALFARMACO","FRF":8,"FRP":7,"MRF":5,"MRP":5,"MFt":765.42,"MFtD":3.73,"MPz":59,"MPzD":1.87,"MQt":7.18,"MPr":12.92,"MRef":4}
,{"DD":"STADA S L","FRF":48,"FRP":48,"MRF":6,"MRP":6,"MFt":732.08,"MFtD":17.62,"MPz":57,"MPzD":11.39,"MQt":6.94,"MPr":12.79,"MRef":9}
,{"DD":"FERRING  S A U","FRF":7,"FRP":8,"MRF":7,"MRP":7,"MFt":585.11,"MFtD":0.76,"MPz":41,"MPzD":-7.93,"MQt":5,"MPr":14.19,"MRef":3}
,{"DD":"SALVAT","FRF":16,"FRP":9,"MRF":10,"MRP":8,"MFt":369.19,"MFtD":-6.29,"MPz":35,"MPzD":-9.92,"MQt":4.27,"MPr":10.49,"MRef":2}
,{"DD":"HEEL ESPAÑA","FRF":5,"FRP":6,"MRF":8,"MRP":10,"MFt":408.04,"MFtD":-7.78,"MPz":23,"MPzD":-2.39,"MQt":2.81,"MPr":17.6,"MRef":8}]
,"datiDettDittaC":[
{"DD":"APOTECA NATURA","FRF":31,"FRP":31,"CRF":1,"CRP":1,"CFt":1096.38,"CFtD":2.32,"CPz":82,"CPzD":0.69,"CQt":18.94,"CPr":13.29,"CRef":1}
,{"DD":"ZAMBON","FRF":3,"FRP":3,"CRF":4,"CRP":2,"CFt":458.63,"CFtD":-3.21,"CPz":35,"CPzD":-5.64,"CQt":8.05,"CPr":13.08,"CRef":4}
,{"DD":"CASEN RECORDATI S L","FRF":2,"FRP":4,"CRF":2,"CRP":3,"CFt":601.83,"CFtD":-5.66,"CPz":34,"CPzD":-6.27,"CQt":7.78,"CPr":17.76,"CRef":8}
,{"DD":"STADA S L","FRF":48,"FRP":48,"CRF":5,"CRP":4,"CFt":415.52,"CFtD":6.18,"CPz":33,"CPzD":-1.57,"CQt":7.51,"CPr":12.71,"CRef":7}
,{"DD":"PILEJE SLU","FRF":1,"FRP":1,"CRF":3,"CRP":5,"CFt":593.39,"CFtD":36.54,"CPz":32,"CPzD":29.41,"CQt":7.31,"CPr":18.65,"CRef":8}
,{"DD":"SANDOZ FARMACEUTICA S.A.","FRF":46,"FRP":46,"CRF":7,"CRP":6,"CFt":286.45,"CFtD":-4.47,"CPz":27,"CPzD":-8.67,"CQt":6.28,"CPr":10.48,"CRef":3}
,{"DD":"ITALFARMACO","FRF":8,"FRP":7,"CRF":6,"CRP":7,"CFt":335.75,"CFtD":5.28,"CPz":25,"CPzD":1.85,"CQt":5.85,"CPr":13.18,"CRef":3}
,{"DD":"FERRING  S A U","FRF":7,"FRP":8,"CRF":8,"CRP":8,"CFt":265.77,"CFtD":8.23,"CPz":19,"CPzD":4.08,"CQt":4.29,"CPr":14.22,"CRef":2}
,{"DD":"HEEL ESPAÑA","FRF":5,"FRP":6,"CRF":9,"CRP":9,"CFt":241.43,"CFtD":7.82,"CPz":13,"CPzD":10.85,"CQt":2.98,"CPr":18.62,"CRef":5}
,{"DD":"NEOVITAL DISTRIBUCION  S L","FRF":27,"FRP":27,"CRF":13,"CRP":10,"CFt":116.71,"CFtD":-4.13,"CPz":13,"CPzD":-4.79,"CQt":2.92,"CPr":9.18,"CRef":2}]
}