{ 
 "TIT":"cod.ESE0005" 
,"GF": [{ 
"dati":[{"name":"F","value":0}] 
,"opzioni":{"min":0,"max":5}}]
                        
,"GM": [{ 
"dati":[{"name":"M","value":0}] 
,"opzioni":{"min":0,"max":5}}]
                        
,"GC": [{ 
"dati":[{"name":"C","value":0}] 
,"opzioni":{"min":0,"max":5}}],"ISF2V":[{"min": 0, "max": 50}]
,"ISP2V":[{"min": 0, "max":50 }]   
,"ISP2":[{"name": "lb.l0006","series": [{ "name":"lb.l0052","value":10 },{ "name":"lb.l0053","value":5 },{ "name":"lb.l0054","value":1 },{ "name":"lb.l0055","value":2 },{ "name":"lb.l0056","value":9 },{ "name":"lb.l0057","value":5 },{ "name":"lb.l0058","value":7 },{ "name":"lb.l0059","value":4 },{ "name":"lb.l0060","value":2 },{ "name":"lb.l0061","value":13 },{ "name":"lb.l0062","value":18 },{ "name":"lb.l0063","value":14 }]}
,{"name": "lb.l0007","series": [{ "name":"lb.l0052","value":18.5463917525773 },{ "name":"lb.l0053","value":8.35051546391752 },{ "name":"lb.l0054","value":5.31958762886598 },{ "name":"lb.l0055","value":6.72164948453608 },{ "name":"lb.l0056","value":10.4742268041237 },{ "name":"lb.l0057","value":10.680412371134 },{ "name":"lb.l0058","value":11.1855670103093 },{ "name":"lb.l0059","value":8.90721649484536 },{ "name":"lb.l0060","value":9.72164948453608 },{ "name":"lb.l0061","value":24.4639175257732 },{ "name":"lb.l0062","value":37.1030927835051 },{ "name":"lb.l0063","value":36.6907216494845 }]}
,{"name": "lb.l0008","series": [{ "name":"lb.l0052","value":24 },{ "name":"lb.l0053","value":10.8979591836735 },{ "name":"lb.l0054","value":7.04081632653061 },{ "name":"lb.l0055","value":9.40816326530612 },{ "name":"lb.l0056","value":14.3061224489796 },{ "name":"lb.l0057","value":15.1428571428571 },{ "name":"lb.l0058","value":15.3877551020408 },{ "name":"lb.l0059","value":11.4081632653061 },{ "name":"lb.l0060","value":13.734693877551 },{ "name":"lb.l0061","value":33.5918367346939 },{ "name":"lb.l0062","value":49.8571428571429 },{ "name":"lb.l0063","value":49.9387755102041 }]}] ,"ISP1":[ 
{"name": "lb.l0040","series": [{"name":"2021","value":10},{"name":"2020","value":34}]},
{"name": "lb.l0041","series": [{"name":"2021","value":15},{"name":"2020","value":62}]},
{"name": "lb.l0042","series": [{"name":"2021","value":16},{"name":"2020","value":90}]},
{"name": "lb.l0043","series": [{"name":"2021","value":18},{"name":"2020","value":93}]},
{"name": "lb.l0044","series": [{"name":"2021","value":27},{"name":"2020","value":94}]},
{"name": "lb.l0045","series": [{"name":"2021","value":32},{"name":"2020","value":98}]},
{"name": "lb.l0046","series": [{"name":"2021","value":39},{"name":"2020","value":98}]},
{"name": "lb.l0047","series": [{"name":"2021","value":43},{"name":"2020","value":100}]},
{"name": "lb.l0048","series": [{"name":"2021","value":45},{"name":"2020","value":105}]},
{"name": "lb.l0049","series": [{"name":"2021","value":58},{"name":"2020","value":110}]},
{"name": "lb.l0050","series": [{"name":"2021","value":76},{"name":"2020","value":118}]},
{"name": "lb.l0051","series": [{"name":"2021","value":90},{"name":"2020","value":119}]}] 
,"dati":[ 
{ 
"IPD":"MAT" 
,"PD":"MAT","TF":[{"name":"cod.meGCAUMNS","value":75},{"name":"cod.esE0000","value":15},{"name":"cod.meGCAUGPA","value": 0},{"name":"cod.meGCAUMEF","value": 0}],"TM":[{"name":"cod.meGCAUMNS","value":136.37113},{"name":"cod.esE0000","value": 51.79381},{"name":"cod.meGCAUGPA","value":  0.00000},{"name":"cod.meGCAUMEF","value":  0.00000}],"TC":[{"name":"cod.meGCAUMNS","value":187.36735},{"name":"cod.esE0000","value": 67.34694},{"name":"cod.meGCAUGPA","value":  0.00000},{"name":"cod.meGCAUMEF","value":  0.00000}] 
,"DTE":[{"H":"lb.l0018","Hid":1,"FFt":839.91,"FFtD":-19.63,"FPz":90,"FPzD":-24.37,"FQt":100,"FPr":9.33,"FM":339.74,"MFt":1727.43,"MFtD":-0.6,"MPz":188.16,"MPzD":-4.35,"MQt":100,"MPr":9.18,"MM":744.59,"CFt":2324.71,"CFtD":0.95,"CPz":254.71,"CPzD":-3.14,"CQt":100,"CPr":9.13,"CM":1015.24}
,{"H":"cod.meGCAUGPA","Hid":0,"FFt":0,"FFtD":null,"FPz":0,"FPzD":null,"FQt":0,"FPr":null,"FM":0,"MFt":0,"MFtD":null,"MPz":0,"MPzD":null,"MQt":0,"MPr":null,"MM":0,"CFt":0,"CFtD":null,"CPz":0,"CPzD":null,"CQt":0,"CPr":null,"CM":0}
,{"H":"cod.meGCAUMEF","Hid":0,"FFt":0,"FFtD":null,"FPz":0,"FPzD":null,"FQt":0,"FPr":null,"FM":0,"MFt":0,"MFtD":null,"MPz":0,"MPzD":null,"MQt":0,"MPr":null,"MM":0,"CFt":0,"CFtD":null,"CPz":0,"CPzD":null,"CQt":0,"CPr":null,"CM":0}
,{"H":"cod.meGCAUMNS","Hid":3,"FFt":679.21,"FFtD":-21.1,"FPz":75,"FPzD":-23.47,"FQt":83.33,"FPr":9.06,"FM":263.37,"MFt":1222.19,"MFtD":-4.61,"MPz":136.37,"MPzD":-7.48,"MQt":72.47,"MPr":8.96,"MM":498.03,"CFt":1674.6,"CFtD":-5.83,"CPz":187.37,"CPzD":-8.59,"CQt":73.56,"CPr":8.94,"CM":681.01}
,{"H":"cod.esE0000","Hid":4,"FFt":160.7,"FFtD":-12.76,"FPz":15,"FPzD":-28.57,"FQt":16.67,"FPr":10.71,"FM":76.37,"MFt":505.24,"MFtD":10.67,"MPz":51.79,"MPzD":4.97,"MQt":27.53,"MPr":9.75,"MM":246.56,"CFt":650.11,"CFtD":23.95,"CPz":67.35,"CPzD":16.12,"CQt":26.44,"CPr":9.65,"CM":334.24}]}, 
{ 
"IPD":"YTD" 
,"PD":"YTD","TF":[{"name":"cod.meGCAUMNS","value":75},{"name":"cod.esE0000","value":15},{"name":"cod.meGCAUGPA","value": 0},{"name":"cod.meGCAUMEF","value": 0}],"TM":[{"name":"cod.meGCAUMNS","value":136.37113},{"name":"cod.esE0000","value": 51.79381},{"name":"cod.meGCAUGPA","value":  0.00000},{"name":"cod.meGCAUMEF","value":  0.00000}],"TC":[{"name":"cod.meGCAUMNS","value":187.36735},{"name":"cod.esE0000","value": 67.34694},{"name":"cod.meGCAUGPA","value":  0.00000},{"name":"cod.meGCAUMEF","value":  0.00000}] 
,"DTE":[{"H":"lb.l0018","Hid":1,"FFt":839.91,"FFtD":-19.63,"FPz":90,"FPzD":-24.37,"FQt":100,"FPr":9.33,"FM":339.74,"MFt":1727.43,"MFtD":-0.6,"MPz":188.16,"MPzD":-4.35,"MQt":100,"MPr":9.18,"MM":744.59,"CFt":2324.71,"CFtD":0.95,"CPz":254.71,"CPzD":-3.14,"CQt":100,"CPr":9.13,"CM":1015.24}
,{"H":"cod.meGCAUGPA","Hid":0,"FFt":0,"FFtD":null,"FPz":0,"FPzD":null,"FQt":0,"FPr":null,"FM":0,"MFt":0,"MFtD":null,"MPz":0,"MPzD":null,"MQt":0,"MPr":null,"MM":0,"CFt":0,"CFtD":null,"CPz":0,"CPzD":null,"CQt":0,"CPr":null,"CM":0}
,{"H":"cod.meGCAUMEF","Hid":0,"FFt":0,"FFtD":null,"FPz":0,"FPzD":null,"FQt":0,"FPr":null,"FM":0,"MFt":0,"MFtD":null,"MPz":0,"MPzD":null,"MQt":0,"MPr":null,"MM":0,"CFt":0,"CFtD":null,"CPz":0,"CPzD":null,"CQt":0,"CPr":null,"CM":0}
,{"H":"cod.meGCAUMNS","Hid":3,"FFt":679.21,"FFtD":-21.1,"FPz":75,"FPzD":-23.47,"FQt":83.33,"FPr":9.06,"FM":263.37,"MFt":1222.19,"MFtD":-4.61,"MPz":136.37,"MPzD":-7.48,"MQt":72.47,"MPr":8.96,"MM":498.03,"CFt":1674.6,"CFtD":-5.83,"CPz":187.37,"CPzD":-8.59,"CQt":73.56,"CPr":8.94,"CM":681.01}
,{"H":"cod.esE0000","Hid":4,"FFt":160.7,"FFtD":-12.76,"FPz":15,"FPzD":-28.57,"FQt":16.67,"FPr":10.71,"FM":76.37,"MFt":505.24,"MFtD":10.67,"MPz":51.79,"MPzD":4.97,"MQt":27.53,"MPr":9.75,"MM":246.56,"CFt":650.11,"CFtD":23.95,"CPz":67.35,"CPzD":16.12,"CQt":26.44,"CPr":9.65,"CM":334.24}]}, 
{ 
"IPD":"BIM" 
,"PD":"BIM","TF":[{"name":"cod.meGCAUMNS","value":25},{"name":"cod.esE0000","value": 7},{"name":"cod.meGCAUGPA","value": 0},{"name":"cod.meGCAUMEF","value": 0}],"TM":[{"name":"cod.meGCAUMNS","value":53.78351},{"name":"cod.esE0000","value":20.01031},{"name":"cod.meGCAUGPA","value": 0.00000},{"name":"cod.meGCAUMEF","value": 0.00000}],"TC":[{"name":"cod.meGCAUMNS","value":72.69388},{"name":"cod.esE0000","value":27.10204},{"name":"cod.meGCAUGPA","value": 0.00000},{"name":"cod.meGCAUMEF","value": 0.00000}] 
,"DTE":[{"H":"lb.l0018","Hid":1,"FFt":307.06,"FFtD":236.87,"FPz":32,"FPzD":255.56,"FQt":100,"FPr":9.6,"FM":114.03,"MFt":683.08,"MFtD":233.24,"MPz":73.79,"MPzD":222,"MQt":100,"MPr":9.26,"MM":293.14,"CFt":921.37,"CFtD":246.67,"CPz":99.8,"CPzD":234.47,"CQt":100,"CPr":9.23,"CM":400.67}
,{"H":"cod.meGCAUGPA","Hid":0,"FFt":0,"FFtD":null,"FPz":0,"FPzD":null,"FQt":0,"FPr":null,"FM":0,"MFt":0,"MFtD":null,"MPz":0,"MPzD":null,"MQt":0,"MPr":null,"MM":0,"CFt":0,"CFtD":null,"CPz":0,"CPzD":null,"CQt":0,"CPr":null,"CM":0}
,{"H":"cod.meGCAUMEF","Hid":0,"FFt":0,"FFtD":null,"FPz":0,"FPzD":null,"FQt":0,"FPr":null,"FM":0,"MFt":0,"MFtD":null,"MPz":0,"MPzD":null,"MQt":0,"MPr":null,"MM":0,"CFt":0,"CFtD":null,"CPz":0,"CPzD":null,"CQt":0,"CPr":null,"CM":0}
,{"H":"cod.meGCAUMNS","Hid":3,"FFt":235.26,"FFtD":263.34,"FPz":25,"FPzD":257.14,"FQt":78.12,"FPr":9.41,"FM":78.03,"MFt":485.89,"MFtD":231.72,"MPz":53.78,"MPzD":220.85,"MQt":72.88,"MPr":9.03,"MM":194.99,"CFt":656.14,"CFtD":227.03,"CPz":72.69,"CPzD":216.9,"CQt":72.84,"CPr":9.03,"CM":261.86}
,{"H":"cod.esE0000","Hid":4,"FFt":71.8,"FFtD":171.97,"FPz":7,"FPzD":250,"FQt":21.88,"FPr":10.26,"FM":36,"MFt":197.2,"MFtD":237.05,"MPz":20.01,"MPzD":225.13,"MQt":27.12,"MPr":9.85,"MM":98.14,"CFt":265.22,"CFtD":307.18,"CPz":27.1,"CPzD":292.9,"CQt":27.16,"CPr":9.79,"CM":138.82}]}, 
{ 
"IPD":"UM" 
,"PD":"UM","TF":[{"name":"cod.meGCAUMNS","value":12},{"name":"cod.esE0000","value": 2},{"name":"cod.meGCAUGPA","value": 0},{"name":"cod.meGCAUMEF","value": 0}],"TM":[{"name":"cod.meGCAUMNS","value":27.391753},{"name":"cod.esE0000","value": 9.298969},{"name":"cod.meGCAUGPA","value": 0.000000},{"name":"cod.meGCAUMEF","value": 0.000000}],"TC":[{"name":"cod.meGCAUMNS","value":37.24490},{"name":"cod.esE0000","value":12.69388},{"name":"cod.meGCAUGPA","value": 0.00000},{"name":"cod.meGCAUMEF","value": 0.00000}] 
,"DTE":[{"H":"lb.l0018","Hid":1,"FFt":136.45,"FFtD":1433.15,"FPz":14,"FPzD":1300,"FQt":100,"FPr":9.75,"FM":48.9,"MFt":338.8,"MFtD":230.46,"MPz":36.69,"MPzD":220.63,"MQt":100,"MPr":9.23,"MM":142.2,"CFt":460.76,"CFtD":236.2,"CPz":49.94,"CPzD":226.27,"CQt":100,"CPr":9.23,"CM":196.15}
,{"H":"cod.meGCAUGPA","Hid":0,"FFt":0,"FFtD":null,"FPz":0,"FPzD":null,"FQt":0,"FPr":null,"FM":0,"MFt":0,"MFtD":null,"MPz":0,"MPzD":null,"MQt":0,"MPr":null,"MM":0,"CFt":0,"CFtD":null,"CPz":0,"CPzD":null,"CQt":0,"CPr":null,"CM":0}
,{"H":"cod.meGCAUMEF","Hid":0,"FFt":0,"FFtD":null,"FPz":0,"FPzD":null,"FQt":0,"FPr":null,"FM":0,"MFt":0,"MFtD":null,"MPz":0,"MPzD":null,"MQt":0,"MPr":null,"MM":0,"CFt":0,"CFtD":null,"CPz":0,"CPzD":null,"CQt":0,"CPr":null,"CM":0}
,{"H":"cod.meGCAUMNS","Hid":3,"FFt":116.45,"FFtD":1208.43,"FPz":12,"FPzD":1100,"FQt":85.71,"FPr":9.7,"FM":37.9,"MFt":248.53,"MFtD":243.91,"MPz":27.39,"MPzD":230.88,"MQt":74.66,"MPr":9.07,"MM":99.61,"CFt":338.44,"CFtD":233.72,"CPz":37.24,"CPzD":221.87,"CQt":74.58,"CPr":9.09,"CM":135.32}
,{"H":"cod.esE0000","Hid":4,"FFt":20,"FFtD":null,"FPz":2,"FPzD":null,"FQt":14.29,"FPr":10,"FM":11,"MFt":90.27,"MFtD":198.33,"MPz":9.3,"MPzD":193.81,"MQt":25.34,"MPr":9.71,"MM":42.6,"CFt":122.31,"CFtD":243.25,"CPz":12.69,"CPzD":239.89,"CQt":25.42,"CPr":9.64,"CM":60.83}]}]}