{ 
 "TIT":"cod.ESE0003" 
,"GF": [{ 
"dati":[{"name":"F","value":0}] 
,"opzioni":{"min":0,"max":5}}]
                        
,"GM": [{ 
"dati":[{"name":"M","value":0}] 
,"opzioni":{"min":0,"max":5}}]
                        
,"GC": [{ 
"dati":[{"name":"C","value":0}] 
,"opzioni":{"min":0,"max":5}}],"ISF2V":[{"min": 100, "max": 380}]
,"ISP2V":[{"min": 100, "max":380 }]   
,"ISP2":[{"name": "lb.l0006","series": [{ "name":"lb.l0052","value":248 },{ "name":"lb.l0053","value":181 },{ "name":"lb.l0054","value":144 },{ "name":"lb.l0055","value":228 },{ "name":"lb.l0056","value":231 },{ "name":"lb.l0057","value":253 },{ "name":"lb.l0058","value":274 },{ "name":"lb.l0059","value":218 },{ "name":"lb.l0060","value":242 },{ "name":"lb.l0061","value":334 },{ "name":"lb.l0062","value":311 },{ "name":"lb.l0063","value":314 }]}
,{"name": "lb.l0007","series": [{ "name":"lb.l0052","value":227.061855670103 },{ "name":"lb.l0053","value":150.432989690722 },{ "name":"lb.l0054","value":156.783505154639 },{ "name":"lb.l0055","value":183.226804123711 },{ "name":"lb.l0056","value":203.381443298969 },{ "name":"lb.l0057","value":206.432989690722 },{ "name":"lb.l0058","value":231.19587628866 },{ "name":"lb.l0059","value":230.463917525773 },{ "name":"lb.l0060","value":217.896907216495 },{ "name":"lb.l0061","value":253.98969072165 },{ "name":"lb.l0062","value":265.721649484536 },{ "name":"lb.l0063","value":288.556701030928 }]}
,{"name": "lb.l0008","series": [{ "name":"lb.l0052","value":308.469387755102 },{ "name":"lb.l0053","value":204.102040816327 },{ "name":"lb.l0054","value":211.857142857143 },{ "name":"lb.l0055","value":250.183673469388 },{ "name":"lb.l0056","value":281.040816326531 },{ "name":"lb.l0057","value":277.755102040816 },{ "name":"lb.l0058","value":308.816326530612 },{ "name":"lb.l0059","value":298.469387755102 },{ "name":"lb.l0060","value":292.918367346939 },{ "name":"lb.l0061","value":339.448979591837 },{ "name":"lb.l0062","value":349.69387755102 },{ "name":"lb.l0063","value":379.061224489796 }]}] ,"ISP1":[ 
{"name": "lb.l0040","series": [{"name":"2021","value":248},{"name":"2020","value":470}]},
{"name": "lb.l0041","series": [{"name":"2021","value":429},{"name":"2020","value":910}]},
{"name": "lb.l0042","series": [{"name":"2021","value":573},{"name":"2020","value":2089}]},
{"name": "lb.l0043","series": [{"name":"2021","value":801},{"name":"2020","value":2197}]},
{"name": "lb.l0044","series": [{"name":"2021","value":1032},{"name":"2020","value":2307}]},
{"name": "lb.l0045","series": [{"name":"2021","value":1285},{"name":"2020","value":2434}]},
{"name": "lb.l0046","series": [{"name":"2021","value":1559},{"name":"2020","value":2613}]},
{"name": "lb.l0047","series": [{"name":"2021","value":1777},{"name":"2020","value":2754}]},
{"name": "lb.l0048","series": [{"name":"2021","value":2019},{"name":"2020","value":2933}]},
{"name": "lb.l0049","series": [{"name":"2021","value":2353},{"name":"2020","value":3159}]},
{"name": "lb.l0050","series": [{"name":"2021","value":2664},{"name":"2020","value":3392}]},
{"name": "lb.l0051","series": [{"name":"2021","value":2978},{"name":"2020","value":3620}]}] 
,"dati":[ 
{ 
"IPD":"MAT" 
,"PD":"MAT","TF":[{"name":"cod.meGCAUMNS","value":2048},{"name":"cod.meGCAUMEF","value": 919},{"name":"cod.esE0000","value":  11},{"name":"cod.meGCAUGPA","value":   0}],"TM":[{"name":"cod.meGCAUMNS","value":1508.71134},{"name":"cod.meGCAUMEF","value":1093.95876},{"name":"cod.esE0000","value":  12.47423},{"name":"cod.meGCAUGPA","value":   0.00000}],"TC":[{"name":"cod.meGCAUMNS","value":2002.51020},{"name":"cod.meGCAUMEF","value":1483.97959},{"name":"cod.esE0000","value":  15.32653},{"name":"cod.meGCAUGPA","value":   0.00000}] 
,"DTE":[{"H":"lb.l0018","Hid":1,"FFt":13205.36,"FFtD":-19.02,"FPz":2978,"FPzD":-17.73,"FQt":100,"FPr":4.43,"FM":6050.28,"MFt":13275.44,"MFtD":6.71,"MPz":2615.14,"MPzD":0.53,"MQt":100,"MPr":5.08,"MM":5565.88,"CFt":17998.19,"CFtD":5.97,"CPz":3501.82,"CPzD":-0.37,"CQt":100,"CPr":5.14,"CM":7525.93}
,{"H":"cod.meGCAUGPA","Hid":0,"FFt":0,"FFtD":null,"FPz":0,"FPzD":null,"FQt":0,"FPr":null,"FM":0,"MFt":0,"MFtD":null,"MPz":0,"MPzD":null,"MQt":0,"MPr":null,"MM":0,"CFt":0,"CFtD":null,"CPz":0,"CPzD":null,"CQt":0,"CPr":null,"CM":0}
,{"H":"cod.meGCAUMEF","Hid":2,"FFt":6323.59,"FFtD":-28.4,"FPz":919,"FPzD":-29.03,"FQt":30.86,"FPr":6.88,"FM":2922.1,"MFt":7209.58,"MFtD":8.3,"MPz":1093.96,"MPzD":4.58,"MQt":41.83,"MPr":6.59,"MM":3091.6,"CFt":9809.47,"CFtD":6.54,"CPz":1483.98,"CPzD":2.81,"CQt":42.38,"CPr":6.61,"CM":4179.03}
,{"H":"cod.meGCAUMNS","Hid":3,"FFt":6837.01,"FFtD":-7.48,"FPz":2048,"FPzD":-11.19,"FQt":68.77,"FPr":3.34,"FM":3113.11,"MFt":5990.84,"MFtD":5.04,"MPz":1508.71,"MPzD":-2.14,"MQt":57.69,"MPr":3.97,"MM":2447.36,"CFt":8093.07,"CFtD":5.48,"CPz":2002.51,"CPzD":-2.52,"CQt":57.18,"CPr":4.04,"CM":3312.81}
,{"H":"cod.esE0000","Hid":4,"FFt":44.76,"FFtD":-46.84,"FPz":11,"FPzD":-42.11,"FQt":0.37,"FPr":4.07,"FM":15.07,"MFt":75.02,"MFtD":-6.62,"MPz":12.47,"MPzD":-8.19,"MQt":0.48,"MPr":6.01,"MM":26.92,"CFt":95.65,"CFtD":-7.74,"CPz":15.33,"CPzD":-10.38,"CQt":0.44,"CPr":6.24,"CM":34.1}]}, 
{ 
"IPD":"YTD" 
,"PD":"YTD","TF":[{"name":"cod.meGCAUMNS","value":2048},{"name":"cod.meGCAUMEF","value": 919},{"name":"cod.esE0000","value":  11},{"name":"cod.meGCAUGPA","value":   0}],"TM":[{"name":"cod.meGCAUMNS","value":1508.71134},{"name":"cod.meGCAUMEF","value":1093.95876},{"name":"cod.esE0000","value":  12.47423},{"name":"cod.meGCAUGPA","value":   0.00000}],"TC":[{"name":"cod.meGCAUMNS","value":2002.51020},{"name":"cod.meGCAUMEF","value":1483.97959},{"name":"cod.esE0000","value":  15.32653},{"name":"cod.meGCAUGPA","value":   0.00000}] 
,"DTE":[{"H":"lb.l0018","Hid":1,"FFt":13205.36,"FFtD":-19.02,"FPz":2978,"FPzD":-17.73,"FQt":100,"FPr":4.43,"FM":6050.28,"MFt":13275.44,"MFtD":6.71,"MPz":2615.14,"MPzD":0.53,"MQt":100,"MPr":5.08,"MM":5565.88,"CFt":17998.19,"CFtD":5.97,"CPz":3501.82,"CPzD":-0.37,"CQt":100,"CPr":5.14,"CM":7525.93}
,{"H":"cod.meGCAUGPA","Hid":0,"FFt":0,"FFtD":null,"FPz":0,"FPzD":null,"FQt":0,"FPr":null,"FM":0,"MFt":0,"MFtD":null,"MPz":0,"MPzD":null,"MQt":0,"MPr":null,"MM":0,"CFt":0,"CFtD":null,"CPz":0,"CPzD":null,"CQt":0,"CPr":null,"CM":0}
,{"H":"cod.meGCAUMEF","Hid":2,"FFt":6323.59,"FFtD":-28.4,"FPz":919,"FPzD":-29.03,"FQt":30.86,"FPr":6.88,"FM":2922.1,"MFt":7209.58,"MFtD":8.3,"MPz":1093.96,"MPzD":4.58,"MQt":41.83,"MPr":6.59,"MM":3091.6,"CFt":9809.47,"CFtD":6.54,"CPz":1483.98,"CPzD":2.81,"CQt":42.38,"CPr":6.61,"CM":4179.03}
,{"H":"cod.meGCAUMNS","Hid":3,"FFt":6837.01,"FFtD":-7.48,"FPz":2048,"FPzD":-11.19,"FQt":68.77,"FPr":3.34,"FM":3113.11,"MFt":5990.84,"MFtD":5.04,"MPz":1508.71,"MPzD":-2.14,"MQt":57.69,"MPr":3.97,"MM":2447.36,"CFt":8093.07,"CFtD":5.48,"CPz":2002.51,"CPzD":-2.52,"CQt":57.18,"CPr":4.04,"CM":3312.81}
,{"H":"cod.esE0000","Hid":4,"FFt":44.76,"FFtD":-46.84,"FPz":11,"FPzD":-42.11,"FQt":0.37,"FPr":4.07,"FM":15.07,"MFt":75.02,"MFtD":-6.62,"MPz":12.47,"MPzD":-8.19,"MQt":0.48,"MPr":6.01,"MM":26.92,"CFt":95.65,"CFtD":-7.74,"CPz":15.33,"CPzD":-10.38,"CQt":0.44,"CPr":6.24,"CM":34.1}]}, 
{ 
"IPD":"BIM" 
,"PD":"BIM","TF":[{"name":"cod.meGCAUMNS","value":405},{"name":"cod.meGCAUMEF","value":220},{"name":"cod.meGCAUGPA","value":  0},{"name":"cod.esE0000","value":  0}],"TM":[{"name":"cod.meGCAUMNS","value":308.175258},{"name":"cod.meGCAUMEF","value":244.268041},{"name":"cod.esE0000","value":  1.835052},{"name":"cod.meGCAUGPA","value":  0.000000}],"TC":[{"name":"cod.meGCAUMNS","value":399.367347},{"name":"cod.meGCAUMEF","value":327.122449},{"name":"cod.esE0000","value":  2.265306},{"name":"cod.meGCAUGPA","value":  0.000000}] 
,"DTE":[{"H":"lb.l0018","Hid":1,"FFt":2789.98,"FFtD":24.3,"FPz":625,"FPzD":35.57,"FQt":100,"FPr":4.46,"FM":1330.09,"MFt":2909.2,"MFtD":49.49,"MPz":554.28,"MPzD":43.54,"MQt":100,"MPr":5.25,"MM":1226.32,"CFt":3873.84,"CFtD":46.01,"CPz":728.76,"CPzD":39.67,"CQt":100,"CPr":5.32,"CM":1629.21}
,{"H":"cod.meGCAUGPA","Hid":0,"FFt":0,"FFtD":null,"FPz":0,"FPzD":null,"FQt":0,"FPr":null,"FM":0,"MFt":0,"MFtD":null,"MPz":0,"MPzD":null,"MQt":0,"MPr":null,"MM":0,"CFt":0,"CFtD":null,"CPz":0,"CPzD":null,"CQt":0,"CPr":null,"CM":0}
,{"H":"cod.meGCAUMEF","Hid":2,"FFt":1476.08,"FFtD":16.02,"FPz":220,"FPzD":19.57,"FQt":35.2,"FPr":6.71,"FM":729.15,"MFt":1636.78,"MFtD":46.04,"MPz":244.27,"MPzD":42.51,"MQt":44.07,"MPr":6.7,"MM":704.59,"CFt":2198.67,"CFtD":42.51,"CPz":327.12,"CPzD":38.85,"CQt":44.89,"CPr":6.72,"CM":940}
,{"H":"cod.meGCAUMNS","Hid":3,"FFt":1313.9,"FFtD":35.75,"FPz":405,"FPzD":46.74,"FQt":64.8,"FPr":3.24,"FM":600.94,"MFt":1261.24,"MFtD":55.22,"MPz":308.18,"MPzD":44.96,"MQt":55.6,"MPr":4.09,"MM":517.51,"CFt":1661.12,"CFtD":51.98,"CPz":399.37,"CPzD":40.98,"CQt":54.8,"CPr":4.16,"CM":683.79}
,{"H":"cod.esE0000","Hid":4,"FFt":0,"FFtD":-100,"FPz":0,"FPzD":-100,"FQt":0,"FPr":null,"FM":0,"MFt":11.18,"MFtD":-12.43,"MPz":1.84,"MPzD":-14.83,"MQt":0.33,"MPr":6.09,"MM":4.22,"CFt":14.05,"CFtD":-19.58,"CPz":2.27,"CPzD":-21.83,"CQt":0.31,"CPr":6.2,"CM":5.43}]}, 
{ 
"IPD":"UM" 
,"PD":"UM","TF":[{"name":"cod.meGCAUMNS","value":223},{"name":"cod.meGCAUMEF","value": 91},{"name":"cod.meGCAUGPA","value":  0},{"name":"cod.esE0000","value":  0}],"TM":[{"name":"cod.meGCAUMNS","value":160.567010},{"name":"cod.meGCAUMEF","value":127.175258},{"name":"cod.esE0000","value":  0.814433},{"name":"cod.meGCAUGPA","value":  0.000000}],"TC":[{"name":"cod.meGCAUMNS","value":208.816327},{"name":"cod.meGCAUMEF","value":169.224490},{"name":"cod.esE0000","value":  1.020408},{"name":"cod.meGCAUGPA","value":  0.000000}] 
,"DTE":[{"H":"lb.l0018","Hid":1,"FFt":1374.33,"FFtD":22.46,"FPz":314,"FPzD":37.72,"FQt":100,"FPr":4.38,"FM":647.84,"MFt":1505.07,"MFtD":53.68,"MPz":288.56,"MPzD":49.67,"MQt":100,"MPr":5.22,"MM":625.97,"CFt":2002.64,"CFtD":47.95,"CPz":379.06,"CPzD":43.62,"CQt":100,"CPr":5.28,"CM":830.32}
,{"H":"cod.meGCAUGPA","Hid":0,"FFt":0,"FFtD":null,"FPz":0,"FPzD":null,"FQt":0,"FPr":null,"FM":0,"MFt":0,"MFtD":null,"MPz":0,"MPzD":null,"MQt":0,"MPr":null,"MM":0,"CFt":0,"CFtD":null,"CPz":0,"CPzD":null,"CQt":0,"CPr":null,"CM":0}
,{"H":"cod.meGCAUMEF","Hid":2,"FFt":637.37,"FFtD":-1.27,"FPz":91,"FPzD":-2.15,"FQt":28.98,"FPr":7,"FM":309.75,"MFt":851.94,"MFtD":49.24,"MPz":127.18,"MPzD":46.46,"MQt":44.07,"MPr":6.7,"MM":364.29,"CFt":1137.14,"CFtD":42.64,"CPz":169.22,"CPzD":39.64,"CQt":44.64,"CPr":6.72,"CM":483.2}
,{"H":"cod.meGCAUMNS","Hid":3,"FFt":736.96,"FFtD":56.07,"FPz":223,"FPzD":66.42,"FQt":71.02,"FPr":3.3,"FM":338.09,"MFt":648.29,"MFtD":61.21,"MPz":160.57,"MPzD":53.03,"MQt":55.64,"MPr":4.04,"MM":259.81,"CFt":859.07,"CFtD":56.87,"CPz":208.82,"CPzD":47.63,"CQt":55.09,"CPr":4.11,"CM":344.61}
,{"H":"cod.esE0000","Hid":4,"FFt":0,"FFtD":-100,"FPz":0,"FPzD":-100,"FQt":0,"FPr":null,"FM":0,"MFt":4.84,"MFtD":-24.24,"MPz":0.81,"MPzD":-21,"MQt":0.28,"MPr":5.94,"MM":1.88,"CFt":6.43,"CFtD":-26.6,"CPz":1.02,"CPzD":-21.88,"CQt":0.27,"CPr":6.3,"CM":2.51}]}]}