{ 
 "TIT":"cod.ESE0007" 
,"GF": [{ 
"dati":[{"name":"F","value":23.02}] 
,"opzioni":{"min":0,"max":25}}]
                        
,"GM": [{ 
"dati":[{"name":"M","value":13.29}] 
,"opzioni":{"min":0,"max":25}}]
                        
,"GC": [{ 
"dati":[{"name":"C","value":12.43}] 
,"opzioni":{"min":0,"max":25}}],"ISF2V":[{"min": 30, "max": 90}]
,"ISP2V":[{"min": 30, "max":90 }]   
,"ISP2":[{"name": "lb.l0006","series": [{ "name":"lb.l0052","value":60 },{ "name":"lb.l0053","value":47 },{ "name":"lb.l0054","value":71 },{ "name":"lb.l0055","value":64 },{ "name":"lb.l0056","value":62 },{ "name":"lb.l0057","value":69 },{ "name":"lb.l0058","value":78 },{ "name":"lb.l0059","value":60 },{ "name":"lb.l0060","value":84 },{ "name":"lb.l0061","value":69 },{ "name":"lb.l0062","value":79 },{ "name":"lb.l0063","value":65 }]}
,{"name": "lb.l0007","series": [{ "name":"lb.l0052","value":54.2061855670103 },{ "name":"lb.l0053","value":45.9587628865979 },{ "name":"lb.l0054","value":50.1443298969072 },{ "name":"lb.l0055","value":48.5154639175258 },{ "name":"lb.l0056","value":45.9690721649485 },{ "name":"lb.l0057","value":46.340206185567 },{ "name":"lb.l0058","value":51.2164948453608 },{ "name":"lb.l0059","value":56.4329896907217 },{ "name":"lb.l0060","value":50.8041237113402 },{ "name":"lb.l0061","value":52.8247422680412 },{ "name":"lb.l0062","value":54.7938144329897 },{ "name":"lb.l0063","value":62.4639175257732 }]}
,{"name": "lb.l0008","series": [{ "name":"lb.l0052","value":74.469387755102 },{ "name":"lb.l0053","value":63.4897959183673 },{ "name":"lb.l0054","value":69.6530612244898 },{ "name":"lb.l0055","value":66.3061224489796 },{ "name":"lb.l0056","value":64.2448979591837 },{ "name":"lb.l0057","value":63.7959183673469 },{ "name":"lb.l0058","value":68.2040816326531 },{ "name":"lb.l0059","value":72.469387755102 },{ "name":"lb.l0060","value":66.8979591836734 },{ "name":"lb.l0061","value":69.7755102040816 },{ "name":"lb.l0062","value":71.6530612244898 },{ "name":"lb.l0063","value":83 }]}] ,"ISP1":[ 
{"name": "lb.l0040","series": [{"name":"2021","value":60},{"name":"2020","value":99}]},
{"name": "lb.l0041","series": [{"name":"2021","value":107},{"name":"2020","value":181}]},
{"name": "lb.l0042","series": [{"name":"2021","value":178},{"name":"2020","value":277}]},
{"name": "lb.l0043","series": [{"name":"2021","value":242},{"name":"2020","value":313}]},
{"name": "lb.l0044","series": [{"name":"2021","value":304},{"name":"2020","value":344}]},
{"name": "lb.l0045","series": [{"name":"2021","value":373},{"name":"2020","value":425}]},
{"name": "lb.l0046","series": [{"name":"2021","value":451},{"name":"2020","value":494}]},
{"name": "lb.l0047","series": [{"name":"2021","value":511},{"name":"2020","value":550}]},
{"name": "lb.l0048","series": [{"name":"2021","value":595},{"name":"2020","value":625}]},
{"name": "lb.l0049","series": [{"name":"2021","value":664},{"name":"2020","value":695}]},
{"name": "lb.l0050","series": [{"name":"2021","value":743},{"name":"2020","value":770}]},
{"name": "lb.l0051","series": [{"name":"2021","value":808},{"name":"2020","value":844}]}] 
,"dati":[ 
{ 
"IPD":"MAT" 
,"PD":"MAT","TF":[{"name":"cod.meGCAUMNS","value":557},{"name":"cod.meGCAUGPA","value":186},{"name":"cod.esE0000","value": 65},{"name":"cod.meGCAUMEF","value":  0}],"TM":[{"name":"cod.meGCAUMNS","value":488.84536},{"name":"cod.meGCAUGPA","value": 82.36082},{"name":"cod.esE0000","value": 48.46392},{"name":"cod.meGCAUMEF","value":  0.00000}],"TC":[{"name":"cod.meGCAUMNS","value":661.93878},{"name":"cod.meGCAUGPA","value":103.65306},{"name":"cod.esE0000","value": 68.36735},{"name":"cod.meGCAUMEF","value":  0.00000}] 
,"DTE":[{"H":"lb.l0018","Hid":1,"FFt":7719.71,"FFtD":-3.6,"FPz":808,"FPzD":-4.27,"FQt":100,"FPr":9.55,"FM":2919.96,"MFt":4982.15,"MFtD":12.43,"MPz":619.67,"MPzD":5.11,"MQt":100,"MPr":8.04,"MM":1746.66,"CFt":6734.52,"CFtD":12.1,"CPz":833.96,"CPzD":4.72,"CQt":100,"CPr":8.08,"CM":2365.95}
,{"H":"cod.meGCAUGPA","Hid":0,"FFt":2399.81,"FFtD":7.04,"FPz":186,"FPzD":5.08,"FQt":23.02,"FPr":12.9,"FM":1135.32,"MFt":885.67,"MFtD":21.75,"MPz":82.36,"MPzD":18.5,"MQt":13.29,"MPr":10.75,"MM":393.9,"CFt":1121.37,"CFtD":22.17,"CPz":103.65,"CPzD":18.83,"CQt":12.43,"CPr":10.82,"CM":503.02}
,{"H":"cod.meGCAUMEF","Hid":0,"FFt":0,"FFtD":null,"FPz":0,"FPzD":null,"FQt":0,"FPr":null,"FM":0,"MFt":0,"MFtD":null,"MPz":0,"MPzD":null,"MQt":0,"MPr":null,"MM":0,"CFt":0,"CFtD":null,"CPz":0,"CPzD":null,"CQt":0,"CPr":null,"CM":0}
,{"H":"cod.meGCAUMNS","Hid":3,"FFt":4256.46,"FFtD":5.57,"FPz":557,"FPzD":-2.45,"FQt":68.94,"FPr":7.64,"FM":1441.54,"MFt":3595.74,"MFtD":10.08,"MPz":488.85,"MPzD":3.04,"MQt":78.89,"MPr":7.36,"MM":1210.55,"CFt":4877.77,"CFtD":10.3,"CPz":661.94,"CPzD":2.88,"CQt":79.37,"CPr":7.37,"CM":1654.59}
,{"H":"cod.esE0000","Hid":4,"FFt":1063.44,"FFtD":-38.69,"FPz":65,"FPzD":-32.29,"FQt":8.04,"FPr":16.36,"FM":343.1,"MFt":500.74,"MFtD":14.49,"MPz":48.46,"MPzD":6.29,"MQt":7.82,"MPr":10.33,"MM":142.22,"CFt":735.38,"CFtD":10.23,"CPz":68.37,"CPzD":4,"CQt":8.2,"CPr":10.76,"CM":208.34}]}, 
{ 
"IPD":"YTD" 
,"PD":"YTD","TF":[{"name":"cod.meGCAUMNS","value":557},{"name":"cod.meGCAUGPA","value":186},{"name":"cod.esE0000","value": 65},{"name":"cod.meGCAUMEF","value":  0}],"TM":[{"name":"cod.meGCAUMNS","value":488.84536},{"name":"cod.meGCAUGPA","value": 82.36082},{"name":"cod.esE0000","value": 48.46392},{"name":"cod.meGCAUMEF","value":  0.00000}],"TC":[{"name":"cod.meGCAUMNS","value":661.93878},{"name":"cod.meGCAUGPA","value":103.65306},{"name":"cod.esE0000","value": 68.36735},{"name":"cod.meGCAUMEF","value":  0.00000}] 
,"DTE":[{"H":"lb.l0018","Hid":1,"FFt":7719.71,"FFtD":-3.6,"FPz":808,"FPzD":-4.27,"FQt":100,"FPr":9.55,"FM":2919.96,"MFt":4982.15,"MFtD":12.43,"MPz":619.67,"MPzD":5.11,"MQt":100,"MPr":8.04,"MM":1746.66,"CFt":6734.52,"CFtD":12.1,"CPz":833.96,"CPzD":4.72,"CQt":100,"CPr":8.08,"CM":2365.95}
,{"H":"cod.meGCAUGPA","Hid":0,"FFt":2399.81,"FFtD":7.04,"FPz":186,"FPzD":5.08,"FQt":23.02,"FPr":12.9,"FM":1135.32,"MFt":885.67,"MFtD":21.75,"MPz":82.36,"MPzD":18.5,"MQt":13.29,"MPr":10.75,"MM":393.9,"CFt":1121.37,"CFtD":22.17,"CPz":103.65,"CPzD":18.83,"CQt":12.43,"CPr":10.82,"CM":503.02}
,{"H":"cod.meGCAUMEF","Hid":0,"FFt":0,"FFtD":null,"FPz":0,"FPzD":null,"FQt":0,"FPr":null,"FM":0,"MFt":0,"MFtD":null,"MPz":0,"MPzD":null,"MQt":0,"MPr":null,"MM":0,"CFt":0,"CFtD":null,"CPz":0,"CPzD":null,"CQt":0,"CPr":null,"CM":0}
,{"H":"cod.meGCAUMNS","Hid":3,"FFt":4256.46,"FFtD":5.57,"FPz":557,"FPzD":-2.45,"FQt":68.94,"FPr":7.64,"FM":1441.54,"MFt":3595.74,"MFtD":10.08,"MPz":488.85,"MPzD":3.04,"MQt":78.89,"MPr":7.36,"MM":1210.55,"CFt":4877.77,"CFtD":10.3,"CPz":661.94,"CPzD":2.88,"CQt":79.37,"CPr":7.37,"CM":1654.59}
,{"H":"cod.esE0000","Hid":4,"FFt":1063.44,"FFtD":-38.69,"FPz":65,"FPzD":-32.29,"FQt":8.04,"FPr":16.36,"FM":343.1,"MFt":500.74,"MFtD":14.49,"MPz":48.46,"MPzD":6.29,"MQt":7.82,"MPr":10.33,"MM":142.22,"CFt":735.38,"CFtD":10.23,"CPz":68.37,"CPzD":4,"CQt":8.2,"CPr":10.76,"CM":208.34}]}, 
{ 
"IPD":"BIM" 
,"PD":"BIM","TF":[{"name":"cod.meGCAUMNS","value":98},{"name":"cod.meGCAUGPA","value":35},{"name":"cod.esE0000","value":11},{"name":"cod.meGCAUMEF","value": 0}],"TM":[{"name":"cod.meGCAUMNS","value":92.494845},{"name":"cod.meGCAUGPA","value":15.567010},{"name":"cod.esE0000","value": 9.195876},{"name":"cod.meGCAUMEF","value": 0.000000}],"TC":[{"name":"cod.meGCAUMNS","value":121.97959},{"name":"cod.meGCAUGPA","value": 20.04082},{"name":"cod.esE0000","value": 12.63265},{"name":"cod.meGCAUMEF","value":  0.00000}] 
,"DTE":[{"H":"lb.l0018","Hid":1,"FFt":1434.48,"FFtD":2.47,"FPz":144,"FPzD":-3.36,"FQt":100,"FPr":9.96,"FM":547.4,"MFt":960.49,"MFtD":9.72,"MPz":117.26,"MPzD":2.42,"MQt":100,"MPr":8.19,"MM":335.73,"CFt":1276.29,"CFtD":6.49,"CPz":154.65,"CPzD":-0.77,"CQt":100,"CPr":8.25,"CM":447.57}
,{"H":"cod.meGCAUGPA","Hid":0,"FFt":445.48,"FFtD":0.34,"FPz":35,"FPzD":2.94,"FQt":24.31,"FPr":12.73,"FM":212.18,"MFt":169.56,"MFtD":13.86,"MPz":15.57,"MPzD":9.42,"MQt":13.28,"MPr":10.89,"MM":75.66,"CFt":218.43,"CFtD":16.43,"CPz":20.04,"CPzD":14.99,"CQt":12.96,"CPr":10.9,"CM":97.55}
,{"H":"cod.meGCAUMEF","Hid":0,"FFt":0,"FFtD":null,"FPz":0,"FPzD":null,"FQt":0,"FPr":null,"FM":0,"MFt":0,"MFtD":null,"MPz":0,"MPzD":null,"MQt":0,"MPr":null,"MM":0,"CFt":0,"CFtD":null,"CPz":0,"CPzD":null,"CQt":0,"CPr":null,"CM":0}
,{"H":"cod.meGCAUMNS","Hid":3,"FFt":809.8,"FFtD":5.57,"FPz":98,"FPzD":-5.77,"FQt":68.06,"FPr":8.26,"FM":277.7,"MFt":694.19,"MFtD":6.36,"MPz":92.49,"MPzD":0.26,"MQt":78.88,"MPr":7.51,"MM":231.85,"CFt":919.34,"CFtD":2.32,"CPz":121.98,"CPzD":-4.09,"CQt":78.87,"CPr":7.54,"CM":309.81}
,{"H":"cod.esE0000","Hid":4,"FFt":179.2,"FFtD":-5.14,"FPz":11,"FPzD":0,"FQt":7.64,"FPr":16.29,"FM":57.52,"MFt":96.74,"MFtD":31.06,"MPz":9.2,"MPzD":14.95,"MQt":7.84,"MPr":10.52,"MM":28.22,"CFt":138.52,"CFtD":23.31,"CPz":12.63,"CPzD":12.34,"CQt":8.17,"CPr":10.97,"CM":40.2}]}, 
{ 
"IPD":"UM" 
,"PD":"UM","TF":[{"name":"cod.meGCAUMNS","value":44},{"name":"cod.meGCAUGPA","value":14},{"name":"cod.esE0000","value": 7},{"name":"cod.meGCAUMEF","value": 0}],"TM":[{"name":"cod.meGCAUMNS","value":49.288660},{"name":"cod.meGCAUGPA","value": 8.051546},{"name":"cod.esE0000","value": 5.123711},{"name":"cod.meGCAUMEF","value": 0.000000}],"TC":[{"name":"cod.meGCAUMNS","value":65.632653},{"name":"cod.meGCAUGPA","value":10.387755},{"name":"cod.esE0000","value": 6.979592},{"name":"cod.meGCAUMEF","value": 0.000000}] 
,"DTE":[{"H":"lb.l0018","Hid":1,"FFt":680.52,"FFtD":-4.86,"FPz":65,"FPzD":-12.16,"FQt":100,"FPr":10.47,"FM":257.2,"MFt":512.96,"MFtD":7.62,"MPz":62.46,"MPzD":0.03,"MQt":100,"MPr":8.21,"MM":179.82,"CFt":687.25,"CFtD":5.4,"CPz":83,"CPzD":-2.24,"CQt":100,"CPr":8.28,"CM":242.28}
,{"H":"cod.meGCAUGPA","Hid":0,"FFt":200.36,"FFtD":-13.49,"FPz":14,"FPzD":-17.65,"FQt":21.54,"FPr":14.31,"FM":98.21,"MFt":89.03,"MFtD":15.25,"MPz":8.05,"MPzD":9.08,"MQt":12.89,"MPr":11.06,"MM":39.73,"CFt":116.38,"CFtD":22.8,"CPz":10.39,"CPzD":17.82,"CQt":12.52,"CPr":11.2,"CM":52.03}
,{"H":"cod.meGCAUMEF","Hid":0,"FFt":0,"FFtD":null,"FPz":0,"FPzD":null,"FQt":0,"FPr":null,"FM":0,"MFt":0,"MFtD":null,"MPz":0,"MPzD":null,"MQt":0,"MPr":null,"MM":0,"CFt":0,"CFtD":null,"CPz":0,"CPzD":null,"CQt":0,"CPr":null,"CM":0}
,{"H":"cod.meGCAUMNS","Hid":3,"FFt":360.56,"FFtD":-1.3,"FPz":44,"FPzD":-12,"FQt":67.69,"FPr":8.19,"FM":116.97,"MFt":371.06,"MFtD":3.62,"MPz":49.29,"MPzD":-2.55,"MQt":78.91,"MPr":7.53,"MM":124.97,"CFt":494.98,"CFtD":-0.03,"CPz":65.63,"CPzD":-6.13,"CQt":79.08,"CPr":7.54,"CM":168.31}
,{"H":"cod.esE0000","Hid":4,"FFt":119.6,"FFtD":1.05,"FPz":7,"FPzD":0,"FQt":10.77,"FPr":17.09,"FM":42.02,"MFt":52.87,"MFtD":28.14,"MPz":5.12,"MPzD":14.25,"MQt":8.2,"MPr":10.32,"MM":15.11,"CFt":75.9,"CFtD":22.15,"CPz":6.98,"CPzD":13.25,"CQt":8.41,"CPr":10.87,"CM":21.94}]}]}