{ 
 "TIT":"cod.ESE0004" 
,"GF": [{ 
"dati":[{"name":"F","value":0}] 
,"opzioni":{"min":0,"max":5}}]
                        
,"GM": [{ 
"dati":[{"name":"M","value":0}] 
,"opzioni":{"min":0,"max":5}}]
                        
,"GC": [{ 
"dati":[{"name":"C","value":0}] 
,"opzioni":{"min":0,"max":5}}],"ISF2V":[{"min": 0, "max": 80}]
,"ISP2V":[{"min": 0, "max":80 }]   
,"ISP2":[{"name": "lb.l0006","series": [{ "name":"lb.l0052","value":14 },{ "name":"lb.l0053","value":4 },{ "name":"lb.l0054","value":6 },{ "name":"lb.l0055","value":14 },{ "name":"lb.l0056","value":26 },{ "name":"lb.l0057","value":23 },{ "name":"lb.l0058","value":43 },{ "name":"lb.l0059","value":31 },{ "name":"lb.l0060","value":23 },{ "name":"lb.l0061","value":17 },{ "name":"lb.l0062","value":18 },{ "name":"lb.l0063","value":12 }]}
,{"name": "lb.l0007","series": [{ "name":"lb.l0052","value":10.2164948453608 },{ "name":"lb.l0053","value":9.22680412371134 },{ "name":"lb.l0054","value":14.5360824742268 },{ "name":"lb.l0055","value":17.0309278350515 },{ "name":"lb.l0056","value":22.2886597938144 },{ "name":"lb.l0057","value":41.2577319587629 },{ "name":"lb.l0058","value":55.7422680412371 },{ "name":"lb.l0059","value":51.8659793814433 },{ "name":"lb.l0060","value":29.2268041237113 },{ "name":"lb.l0061","value":18.7938144329897 },{ "name":"lb.l0062","value":10.9381443298969 },{ "name":"lb.l0063","value":10.4123711340206 }]}
,{"name": "lb.l0008","series": [{ "name":"lb.l0052","value":14.7142857142857 },{ "name":"lb.l0053","value":12.3265306122449 },{ "name":"lb.l0054","value":19.8979591836735 },{ "name":"lb.l0055","value":23.2448979591837 },{ "name":"lb.l0056","value":29.4897959183673 },{ "name":"lb.l0057","value":52.265306122449 },{ "name":"lb.l0058","value":71.2448979591837 },{ "name":"lb.l0059","value":61.3877551020408 },{ "name":"lb.l0060","value":38.0408163265306 },{ "name":"lb.l0061","value":25.4285714285714 },{ "name":"lb.l0062","value":14.3469387755102 },{ "name":"lb.l0063","value":14.3469387755102 }]}] ,"ISP1":[ 
{"name": "lb.l0040","series": [{"name":"2021","value":14},{"name":"2020","value":9}]},
{"name": "lb.l0041","series": [{"name":"2021","value":18},{"name":"2020","value":24}]},
{"name": "lb.l0042","series": [{"name":"2021","value":24},{"name":"2020","value":36}]},
{"name": "lb.l0043","series": [{"name":"2021","value":38},{"name":"2020","value":43}]},
{"name": "lb.l0044","series": [{"name":"2021","value":64},{"name":"2020","value":65}]},
{"name": "lb.l0045","series": [{"name":"2021","value":87},{"name":"2020","value":101}]},
{"name": "lb.l0046","series": [{"name":"2021","value":130},{"name":"2020","value":144}]},
{"name": "lb.l0047","series": [{"name":"2021","value":161},{"name":"2020","value":163}]},
{"name": "lb.l0048","series": [{"name":"2021","value":184},{"name":"2020","value":187}]},
{"name": "lb.l0049","series": [{"name":"2021","value":201},{"name":"2020","value":196}]},
{"name": "lb.l0050","series": [{"name":"2021","value":219},{"name":"2020","value":207}]},
{"name": "lb.l0051","series": [{"name":"2021","value":231},{"name":"2020","value":221}]}] 
,"dati":[ 
{ 
"IPD":"MAT" 
,"PD":"MAT","TF":[{"name":"cod.meGCAUMNS","value":197},{"name":"cod.esE0000","value": 34},{"name":"cod.meGCAUGPA","value":  0},{"name":"cod.meGCAUMEF","value":  0}],"TM":[{"name":"cod.meGCAUMNS","value":207.82474},{"name":"cod.esE0000","value": 83.71134},{"name":"cod.meGCAUGPA","value":  0.00000},{"name":"cod.meGCAUMEF","value":  0.00000}],"TC":[{"name":"cod.meGCAUMNS","value":265.7959},{"name":"cod.esE0000","value":110.9388},{"name":"cod.meGCAUGPA","value":  0.0000},{"name":"cod.meGCAUMEF","value":  0.0000}] 
,"DTE":[{"H":"lb.l0018","Hid":1,"FFt":2330.31,"FFtD":-1.81,"FPz":231,"FPzD":4.52,"FQt":100,"FPr":10.09,"FM":861.61,"MFt":2913.59,"MFtD":-2.11,"MPz":291.54,"MPzD":-2.62,"MQt":100,"MPr":9.99,"MM":1105.09,"CFt":3802.56,"CFtD":-3.33,"CPz":376.73,"CPzD":-4.13,"CQt":100,"CPr":10.09,"CM":1429.21}
,{"H":"cod.meGCAUGPA","Hid":0,"FFt":0,"FFtD":null,"FPz":0,"FPzD":null,"FQt":0,"FPr":null,"FM":0,"MFt":0,"MFtD":null,"MPz":0,"MPzD":null,"MQt":0,"MPr":null,"MM":0,"CFt":0,"CFtD":null,"CPz":0,"CPzD":null,"CQt":0,"CPr":null,"CM":0}
,{"H":"cod.meGCAUMEF","Hid":0,"FFt":0,"FFtD":null,"FPz":0,"FPzD":null,"FQt":0,"FPr":null,"FM":0,"MFt":0,"MFtD":null,"MPz":0,"MPzD":null,"MQt":0,"MPr":null,"MM":0,"CFt":0,"CFtD":null,"CPz":0,"CPzD":null,"CQt":0,"CPr":null,"CM":0}
,{"H":"cod.meGCAUMNS","Hid":3,"FFt":1824.9,"FFtD":13.52,"FPz":197,"FPzD":11.93,"FQt":85.28,"FPr":9.26,"FM":712.02,"MFt":1905.17,"MFtD":-1.5,"MPz":207.82,"MPzD":-2.83,"MQt":71.29,"MPr":9.17,"MM":730.53,"CFt":2431.96,"CFtD":-2.42,"CPz":265.8,"CPzD":-4.22,"CQt":70.55,"CPr":9.15,"CM":924.84}
,{"H":"cod.esE0000","Hid":4,"FFt":505.41,"FFtD":-34,"FPz":34,"FPzD":-24.44,"FQt":14.72,"FPr":14.86,"FM":149.59,"MFt":1008.42,"MFtD":-3.25,"MPz":83.71,"MPzD":-2.07,"MQt":28.71,"MPr":12.05,"MM":374.56,"CFt":1370.6,"CFtD":-4.9,"CPz":110.94,"CPzD":-3.92,"CQt":29.45,"CPr":12.35,"CM":504.37}]}, 
{ 
"IPD":"YTD" 
,"PD":"YTD","TF":[{"name":"cod.meGCAUMNS","value":197},{"name":"cod.esE0000","value": 34},{"name":"cod.meGCAUGPA","value":  0},{"name":"cod.meGCAUMEF","value":  0}],"TM":[{"name":"cod.meGCAUMNS","value":207.82474},{"name":"cod.esE0000","value": 83.71134},{"name":"cod.meGCAUGPA","value":  0.00000},{"name":"cod.meGCAUMEF","value":  0.00000}],"TC":[{"name":"cod.meGCAUMNS","value":265.7959},{"name":"cod.esE0000","value":110.9388},{"name":"cod.meGCAUGPA","value":  0.0000},{"name":"cod.meGCAUMEF","value":  0.0000}] 
,"DTE":[{"H":"lb.l0018","Hid":1,"FFt":2330.31,"FFtD":-1.81,"FPz":231,"FPzD":4.52,"FQt":100,"FPr":10.09,"FM":861.61,"MFt":2913.59,"MFtD":-2.11,"MPz":291.54,"MPzD":-2.62,"MQt":100,"MPr":9.99,"MM":1105.09,"CFt":3802.56,"CFtD":-3.33,"CPz":376.73,"CPzD":-4.13,"CQt":100,"CPr":10.09,"CM":1429.21}
,{"H":"cod.meGCAUGPA","Hid":0,"FFt":0,"FFtD":null,"FPz":0,"FPzD":null,"FQt":0,"FPr":null,"FM":0,"MFt":0,"MFtD":null,"MPz":0,"MPzD":null,"MQt":0,"MPr":null,"MM":0,"CFt":0,"CFtD":null,"CPz":0,"CPzD":null,"CQt":0,"CPr":null,"CM":0}
,{"H":"cod.meGCAUMEF","Hid":0,"FFt":0,"FFtD":null,"FPz":0,"FPzD":null,"FQt":0,"FPr":null,"FM":0,"MFt":0,"MFtD":null,"MPz":0,"MPzD":null,"MQt":0,"MPr":null,"MM":0,"CFt":0,"CFtD":null,"CPz":0,"CPzD":null,"CQt":0,"CPr":null,"CM":0}
,{"H":"cod.meGCAUMNS","Hid":3,"FFt":1824.9,"FFtD":13.52,"FPz":197,"FPzD":11.93,"FQt":85.28,"FPr":9.26,"FM":712.02,"MFt":1905.17,"MFtD":-1.5,"MPz":207.82,"MPzD":-2.83,"MQt":71.29,"MPr":9.17,"MM":730.53,"CFt":2431.96,"CFtD":-2.42,"CPz":265.8,"CPzD":-4.22,"CQt":70.55,"CPr":9.15,"CM":924.84}
,{"H":"cod.esE0000","Hid":4,"FFt":505.41,"FFtD":-34,"FPz":34,"FPzD":-24.44,"FQt":14.72,"FPr":14.86,"FM":149.59,"MFt":1008.42,"MFtD":-3.25,"MPz":83.71,"MPzD":-2.07,"MQt":28.71,"MPr":12.05,"MM":374.56,"CFt":1370.6,"CFtD":-4.9,"CPz":110.94,"CPzD":-3.92,"CQt":29.45,"CPr":12.35,"CM":504.37}]}, 
{ 
"IPD":"BIM" 
,"PD":"BIM","TF":[{"name":"cod.meGCAUMNS","value":22},{"name":"cod.esE0000","value": 8},{"name":"cod.meGCAUGPA","value": 0},{"name":"cod.meGCAUMEF","value": 0}],"TM":[{"name":"cod.meGCAUMNS","value":13.06186},{"name":"cod.esE0000","value": 8.28866},{"name":"cod.meGCAUGPA","value": 0.00000},{"name":"cod.meGCAUMEF","value": 0.00000}],"TC":[{"name":"cod.meGCAUMNS","value":16.65306},{"name":"cod.esE0000","value":12.04082},{"name":"cod.meGCAUGPA","value": 0.00000},{"name":"cod.meGCAUMEF","value": 0.00000}] 
,"DTE":[{"H":"lb.l0018","Hid":1,"FFt":332.24,"FFtD":16.9,"FPz":30,"FPzD":20,"FQt":100,"FPr":11.07,"FM":100.13,"MFt":235.41,"MFtD":5.6,"MPz":21.35,"MPzD":2.12,"MQt":100,"MPr":11.03,"MM":80.96,"CFt":320.09,"CFtD":2.23,"CPz":28.69,"CPzD":-1.19,"CQt":100,"CPr":11.16,"CM":109.14}
,{"H":"cod.meGCAUGPA","Hid":0,"FFt":0,"FFtD":null,"FPz":0,"FPzD":null,"FQt":0,"FPr":null,"FM":0,"MFt":0,"MFtD":null,"MPz":0,"MPzD":null,"MQt":0,"MPr":null,"MM":0,"CFt":0,"CFtD":null,"CPz":0,"CPzD":null,"CQt":0,"CPr":null,"CM":0}
,{"H":"cod.meGCAUMEF","Hid":0,"FFt":0,"FFtD":null,"FPz":0,"FPzD":null,"FQt":0,"FPr":null,"FM":0,"MFt":0,"MFtD":null,"MPz":0,"MPzD":null,"MQt":0,"MPr":null,"MM":0,"CFt":0,"CFtD":null,"CPz":0,"CPzD":null,"CQt":0,"CPr":null,"CM":0}
,{"H":"cod.meGCAUMNS","Hid":3,"FFt":204.81,"FFtD":12.89,"FPz":22,"FPzD":15.79,"FQt":73.33,"FPr":9.31,"FM":60.44,"MFt":122.55,"MFtD":-4.59,"MPz":13.06,"MPzD":-6.08,"MQt":61.18,"MPr":9.38,"MM":43.97,"CFt":155.57,"CFtD":-8.68,"CPz":16.65,"CPzD":-10.53,"CQt":58.04,"CPr":9.34,"CM":55.59}
,{"H":"cod.esE0000","Hid":4,"FFt":127.43,"FFtD":23.96,"FPz":8,"FPzD":33.33,"FQt":26.67,"FPr":15.93,"FM":39.69,"MFt":112.86,"MFtD":19.46,"MPz":8.29,"MPzD":18.41,"MQt":38.82,"MPr":13.62,"MM":36.98,"CFt":164.51,"CFtD":15.26,"CPz":12.04,"CPzD":15.46,"CQt":41.96,"CPr":13.66,"CM":53.55}]}, 
{ 
"IPD":"UM" 
,"PD":"UM","TF":[{"name":"cod.meGCAUMNS","value":6},{"name":"cod.esE0000","value":6},{"name":"cod.meGCAUGPA","value":0},{"name":"cod.meGCAUMEF","value":0}],"TM":[{"name":"cod.meGCAUMNS","value":5.948454},{"name":"cod.esE0000","value":4.463918},{"name":"cod.meGCAUGPA","value":0.000000},{"name":"cod.meGCAUMEF","value":0.000000}],"TC":[{"name":"cod.meGCAUMNS","value":7.734694},{"name":"cod.esE0000","value":6.612245},{"name":"cod.meGCAUGPA","value":0.000000},{"name":"cod.meGCAUMEF","value":0.000000}] 
,"DTE":[{"H":"lb.l0018","Hid":1,"FFt":141.28,"FFtD":4.44,"FPz":12,"FPzD":-14.29,"FQt":100,"FPr":11.77,"FM":43.59,"MFt":114.91,"MFtD":10.82,"MPz":10.41,"MPzD":7.45,"MQt":100,"MPr":11.04,"MM":39.35,"CFt":160.8,"CFtD":11.5,"CPz":14.35,"CPzD":7.33,"CQt":100,"CPr":11.21,"CM":54.42}
,{"H":"cod.meGCAUGPA","Hid":0,"FFt":0,"FFtD":null,"FPz":0,"FPzD":null,"FQt":0,"FPr":null,"FM":0,"MFt":0,"MFtD":null,"MPz":0,"MPzD":null,"MQt":0,"MPr":null,"MM":0,"CFt":0,"CFtD":null,"CPz":0,"CPzD":null,"CQt":0,"CPr":null,"CM":0}
,{"H":"cod.meGCAUMEF","Hid":0,"FFt":0,"FFtD":null,"FPz":0,"FPzD":null,"FQt":0,"FPr":null,"FM":0,"MFt":0,"MFtD":null,"MPz":0,"MPzD":null,"MQt":0,"MPr":null,"MM":0,"CFt":0,"CFtD":null,"CPz":0,"CPzD":null,"CQt":0,"CPr":null,"CM":0}
,{"H":"cod.meGCAUMNS","Hid":3,"FFt":53.7,"FFtD":-55.54,"FPz":6,"FPzD":-53.85,"FQt":50,"FPr":8.95,"FM":18.32,"MFt":55.83,"MFtD":-6.57,"MPz":5.95,"MPzD":-8.12,"MQt":57.13,"MPr":9.39,"MM":20.26,"CFt":72.4,"CFtD":-7.8,"CPz":7.73,"CPzD":-10.4,"CQt":53.91,"CPr":9.36,"CM":26.32}
,{"H":"cod.esE0000","Hid":4,"FFt":87.58,"FFtD":504,"FPz":6,"FPzD":500,"FQt":50,"FPr":14.6,"FM":25.27,"MFt":59.08,"MFtD":34.46,"MPz":4.46,"MPzD":38.78,"MQt":42.87,"MPr":13.24,"MM":19.09,"CFt":88.39,"CFtD":34.58,"CPz":6.61,"CPzD":39.66,"CQt":46.09,"CPr":13.37,"CM":28.11}]}]}