{ 
 "TIT":"cod.ESE0012" 
,"GF": [{ 
"dati":[{"name":"F","value":0.11}] 
,"opzioni":{"min":0,"max":5}}]
                        
,"GM": [{ 
"dati":[{"name":"M","value":0.53}] 
,"opzioni":{"min":0,"max":5}}]
                        
,"GC": [{ 
"dati":[{"name":"C","value":0.43}] 
,"opzioni":{"min":0,"max":5}}],"ISF2V":[{"min": 10, "max": 250}]
,"ISP2V":[{"min": 10, "max":250 }]   
,"ISP2":[{"name": "lb.l0006","series": [{ "name":"lb.l0052","value":147 },{ "name":"lb.l0053","value":46 },{ "name":"lb.l0054","value":50 },{ "name":"lb.l0055","value":53 },{ "name":"lb.l0056","value":48 },{ "name":"lb.l0057","value":46 },{ "name":"lb.l0058","value":47 },{ "name":"lb.l0059","value":23 },{ "name":"lb.l0060","value":41 },{ "name":"lb.l0061","value":125 },{ "name":"lb.l0062","value":153 },{ "name":"lb.l0063","value":120 }]}
,{"name": "lb.l0007","series": [{ "name":"lb.l0052","value":118.711340206186 },{ "name":"lb.l0053","value":40.9587628865979 },{ "name":"lb.l0054","value":31.6701030927835 },{ "name":"lb.l0055","value":41.0309278350515 },{ "name":"lb.l0056","value":53.5257731958763 },{ "name":"lb.l0057","value":44.979381443299 },{ "name":"lb.l0058","value":43.0927835051546 },{ "name":"lb.l0059","value":36.9381443298969 },{ "name":"lb.l0060","value":51.4226804123711 },{ "name":"lb.l0061","value":132.072164948454 },{ "name":"lb.l0062","value":190.175257731959 },{ "name":"lb.l0063","value":174.567010309278 }]}
,{"name": "lb.l0008","series": [{ "name":"lb.l0052","value":154.183673469388 },{ "name":"lb.l0053","value":54.2244897959184 },{ "name":"lb.l0054","value":42.3061224489796 },{ "name":"lb.l0055","value":53.1632653061225 },{ "name":"lb.l0056","value":72.3061224489796 },{ "name":"lb.l0057","value":62.3061224489796 },{ "name":"lb.l0058","value":57.1632653061224 },{ "name":"lb.l0059","value":47.734693877551 },{ "name":"lb.l0060","value":67.6122448979592 },{ "name":"lb.l0061","value":175.183673469388 },{ "name":"lb.l0062","value":249.122448979592 },{ "name":"lb.l0063","value":231.612244897959 }]}] ,"ISP1":[ 
{"name": "lb.l0040","series": [{"name":"2021","value":147},{"name":"2020","value":290}]},
{"name": "lb.l0041","series": [{"name":"2021","value":193},{"name":"2020","value":494}]},
{"name": "lb.l0042","series": [{"name":"2021","value":243},{"name":"2020","value":851}]},
{"name": "lb.l0043","series": [{"name":"2021","value":296},{"name":"2020","value":935}]},
{"name": "lb.l0044","series": [{"name":"2021","value":344},{"name":"2020","value":984}]},
{"name": "lb.l0045","series": [{"name":"2021","value":390},{"name":"2020","value":1028}]},
{"name": "lb.l0046","series": [{"name":"2021","value":437},{"name":"2020","value":1068}]},
{"name": "lb.l0047","series": [{"name":"2021","value":460},{"name":"2020","value":1107}]},
{"name": "lb.l0048","series": [{"name":"2021","value":501},{"name":"2020","value":1204}]},
{"name": "lb.l0049","series": [{"name":"2021","value":626},{"name":"2020","value":1329}]},
{"name": "lb.l0050","series": [{"name":"2021","value":779},{"name":"2020","value":1446}]},
{"name": "lb.l0051","series": [{"name":"2021","value":899},{"name":"2020","value":1542}]}] 
,"dati":[ 
{ 
"IPD":"MAT" 
,"PD":"MAT","TF":[{"name":"cod.meGCAUMNS","value":557},{"name":"cod.esE0000","value":341},{"name":"cod.meGCAUGPA","value":  1},{"name":"cod.meGCAUMEF","value":  0}],"TM":[{"name":"cod.meGCAUMNS","value":841.628866},{"name":"cod.esE0000","value": 75.649485},{"name":"cod.meGCAUMEF","value": 36.804124},{"name":"cod.meGCAUGPA","value":  5.061856}],"TC":[{"name":"cod.meGCAUMNS","value":1105.632653},{"name":"cod.esE0000","value": 100.326531},{"name":"cod.meGCAUMEF","value":  55.530612},{"name":"cod.meGCAUGPA","value":   5.428571}] 
,"DTE":[{"H":"lb.l0018","Hid":1,"FFt":11167.33,"FFtD":-39.89,"FPz":899,"FPzD":-41.7,"FQt":100,"FPr":12.42,"FM":4488.34,"MFt":9105.79,"MFtD":-13.54,"MPz":959.14,"MPzD":-14.78,"MQt":100,"MPr":9.49,"MM":3593.83,"CFt":12109.82,"CFtD":-13.65,"CPz":1266.92,"CPzD":-14.62,"CQt":100,"CPr":9.56,"CM":4735.67}
,{"H":"cod.meGCAUGPA","Hid":0,"FFt":14.1,"FFtD":null,"FPz":1,"FPzD":null,"FQt":0.11,"FPr":14.1,"FM":5.53,"MFt":70.31,"MFtD":93.31,"MPz":5.06,"MPzD":90.31,"MQt":0.53,"MPr":13.89,"MM":27.28,"CFt":76.58,"CFtD":120.15,"CPz":5.43,"CPzD":121.67,"CQt":0.43,"CPr":14.11,"CM":30.13}
,{"H":"cod.meGCAUMEF","Hid":2,"FFt":-3.2,"FFtD":-102.74,"FPz":0,"FPzD":-100,"FQt":0,"FPr":null,"FM":-2.96,"MFt":291.27,"MFtD":9.56,"MPz":36.8,"MPzD":7.24,"MQt":3.84,"MPr":7.91,"MM":146,"CFt":439.56,"CFtD":11.35,"CPz":55.53,"CPzD":10.12,"CQt":4.38,"CPr":7.92,"CM":221.97}
,{"H":"cod.meGCAUMNS","Hid":3,"FFt":6882.71,"FFtD":-36.22,"FPz":557,"FPzD":-39.06,"FQt":61.96,"FPr":12.36,"FM":2727.44,"MFt":7870.36,"MFtD":-12.48,"MPz":841.63,"MPzD":-14.48,"MQt":87.75,"MPr":9.35,"MM":3070.14,"CFt":10420.17,"CFtD":-13.25,"CPz":1105.63,"CPzD":-15.02,"CQt":87.27,"CPr":9.42,"CM":4019.23}
,{"H":"cod.esE0000","Hid":4,"FFt":4273.72,"FFtD":-44.27,"FPz":341,"FPzD":-44.64,"FQt":37.93,"FPr":12.53,"FM":1758.33,"MFt":873.86,"MFtD":-29.41,"MPz":75.65,"MPzD":-27.47,"MQt":7.89,"MPr":11.55,"MM":350.41,"CFt":1173.52,"CFtD":-25.8,"CPz":100.33,"CPzD":-22.86,"CQt":7.92,"CPr":11.7,"CM":464.35}]}, 
{ 
"IPD":"YTD" 
,"PD":"YTD","TF":[{"name":"cod.meGCAUMNS","value":557},{"name":"cod.esE0000","value":341},{"name":"cod.meGCAUGPA","value":  1},{"name":"cod.meGCAUMEF","value":  0}],"TM":[{"name":"cod.meGCAUMNS","value":841.628866},{"name":"cod.esE0000","value": 75.649485},{"name":"cod.meGCAUMEF","value": 36.804124},{"name":"cod.meGCAUGPA","value":  5.061856}],"TC":[{"name":"cod.meGCAUMNS","value":1105.632653},{"name":"cod.esE0000","value": 100.326531},{"name":"cod.meGCAUMEF","value":  55.530612},{"name":"cod.meGCAUGPA","value":   5.428571}] 
,"DTE":[{"H":"lb.l0018","Hid":1,"FFt":11167.33,"FFtD":-39.89,"FPz":899,"FPzD":-41.7,"FQt":100,"FPr":12.42,"FM":4488.34,"MFt":9105.79,"MFtD":-13.54,"MPz":959.14,"MPzD":-14.78,"MQt":100,"MPr":9.49,"MM":3593.83,"CFt":12109.82,"CFtD":-13.65,"CPz":1266.92,"CPzD":-14.62,"CQt":100,"CPr":9.56,"CM":4735.67}
,{"H":"cod.meGCAUGPA","Hid":0,"FFt":14.1,"FFtD":null,"FPz":1,"FPzD":null,"FQt":0.11,"FPr":14.1,"FM":5.53,"MFt":70.31,"MFtD":93.31,"MPz":5.06,"MPzD":90.31,"MQt":0.53,"MPr":13.89,"MM":27.28,"CFt":76.58,"CFtD":120.15,"CPz":5.43,"CPzD":121.67,"CQt":0.43,"CPr":14.11,"CM":30.13}
,{"H":"cod.meGCAUMEF","Hid":2,"FFt":-3.2,"FFtD":-102.74,"FPz":0,"FPzD":-100,"FQt":0,"FPr":null,"FM":-2.96,"MFt":291.27,"MFtD":9.56,"MPz":36.8,"MPzD":7.24,"MQt":3.84,"MPr":7.91,"MM":146,"CFt":439.56,"CFtD":11.35,"CPz":55.53,"CPzD":10.12,"CQt":4.38,"CPr":7.92,"CM":221.97}
,{"H":"cod.meGCAUMNS","Hid":3,"FFt":6882.71,"FFtD":-36.22,"FPz":557,"FPzD":-39.06,"FQt":61.96,"FPr":12.36,"FM":2727.44,"MFt":7870.36,"MFtD":-12.48,"MPz":841.63,"MPzD":-14.48,"MQt":87.75,"MPr":9.35,"MM":3070.14,"CFt":10420.17,"CFtD":-13.25,"CPz":1105.63,"CPzD":-15.02,"CQt":87.27,"CPr":9.42,"CM":4019.23}
,{"H":"cod.esE0000","Hid":4,"FFt":4273.72,"FFtD":-44.27,"FPz":341,"FPzD":-44.64,"FQt":37.93,"FPr":12.53,"FM":1758.33,"MFt":873.86,"MFtD":-29.41,"MPz":75.65,"MPzD":-27.47,"MQt":7.89,"MPr":11.55,"MM":350.41,"CFt":1173.52,"CFtD":-25.8,"CPz":100.33,"CPzD":-22.86,"CQt":7.92,"CPr":11.7,"CM":464.35}]}, 
{ 
"IPD":"BIM" 
,"PD":"BIM","TF":[{"name":"cod.meGCAUMNS","value":213},{"name":"cod.esE0000","value": 58},{"name":"cod.meGCAUMEF","value":  2},{"name":"cod.meGCAUGPA","value":  0}],"TM":[{"name":"cod.meGCAUMNS","value":328.298969},{"name":"cod.esE0000","value": 18.422680},{"name":"cod.meGCAUMEF","value": 16.175258},{"name":"cod.meGCAUGPA","value":  1.845361}],"TC":[{"name":"cod.meGCAUMNS","value":430.489796},{"name":"cod.meGCAUMEF","value": 24.693878},{"name":"cod.esE0000","value": 23.469388},{"name":"cod.meGCAUGPA","value":  2.081633}] 
,"DTE":[{"H":"lb.l0018","Hid":1,"FFt":3519.09,"FFtD":21.88,"FPz":273,"FPzD":28.17,"FQt":100,"FPr":12.89,"FM":1435.41,"MFt":3438.3,"MFtD":96.45,"MPz":364.74,"MPzD":104.24,"MQt":100,"MPr":9.43,"MM":1368.59,"CFt":4556.27,"CFtD":93.32,"CPz":480.73,"CPzD":103.58,"CQt":100,"CPr":9.48,"CM":1805.06}
,{"H":"cod.meGCAUGPA","Hid":0,"FFt":0,"FFtD":null,"FPz":0,"FPzD":null,"FQt":0,"FPr":null,"FM":0,"MFt":25.33,"MFtD":45.11,"MPz":1.85,"MPzD":44.35,"MQt":0.51,"MPr":13.73,"MM":9.7,"CFt":29.44,"CFtD":85.93,"CPz":2.08,"CPzD":85.45,"CQt":0.43,"CPr":14.14,"CM":11.62}
,{"H":"cod.meGCAUMEF","Hid":2,"FFt":13,"FFtD":-260.49,"FPz":2,"FPzD":-300,"FQt":0.73,"FPr":6.5,"FM":3.88,"MFt":129.83,"MFtD":267.54,"MPz":16.18,"MPzD":254.98,"MQt":4.43,"MPr":8.03,"MM":68.52,"CFt":197.72,"CFtD":273.66,"CPz":24.69,"CPzD":264.46,"CQt":5.14,"CPr":8.01,"CM":106.22}
,{"H":"cod.meGCAUMNS","Hid":3,"FFt":2708.14,"FFtD":89.8,"FPz":213,"FPzD":110.89,"FQt":78.02,"FPr":12.71,"FM":1109.79,"MFt":3068.3,"MFtD":111.87,"MPz":328.3,"MPzD":116.37,"MQt":90.01,"MPr":9.35,"MM":1204.87,"CFt":4055.6,"CFtD":109.66,"CPz":430.49,"CPzD":116.15,"CQt":89.55,"CPr":9.42,"CM":1581.06}
,{"H":"cod.esE0000","Hid":4,"FFt":797.95,"FFtD":-45.67,"FPz":58,"FPzD":-48.67,"FQt":21.25,"FPr":13.76,"FM":321.74,"MFt":214.84,"MFtD":-13.8,"MPz":18.42,"MPzD":-12.36,"MQt":5.05,"MPr":11.66,"MM":85.5,"CFt":273.51,"CFtD":-22.69,"CPz":23.47,"CPzD":-19.3,"CQt":4.88,"CPr":11.65,"CM":106.17}]}, 
{ 
"IPD":"UM" 
,"PD":"UM","TF":[{"name":"cod.meGCAUMNS","value":97},{"name":"cod.esE0000","value":23},{"name":"cod.meGCAUGPA","value": 0},{"name":"cod.meGCAUMEF","value": 0}],"TM":[{"name":"cod.meGCAUMNS","value":158.3917526},{"name":"cod.esE0000","value":  8.7835052},{"name":"cod.meGCAUMEF","value":  6.6701031},{"name":"cod.meGCAUGPA","value":  0.7216495}],"TC":[{"name":"cod.meGCAUMNS","value":208.816327},{"name":"cod.esE0000","value": 11.510204},{"name":"cod.meGCAUMEF","value": 10.530612},{"name":"cod.meGCAUGPA","value":  0.755102}] 
,"DTE":[{"H":"lb.l0018","Hid":1,"FFt":1449.46,"FFtD":18.17,"FPz":120,"FPzD":25,"FQt":100,"FPr":12.08,"FM":621.55,"MFt":1626.78,"MFtD":97.51,"MPz":174.57,"MPzD":101.66,"MQt":100,"MPr":9.32,"MM":650.03,"CFt":2157.44,"CFtD":93.09,"CPz":231.61,"CPzD":100.48,"CQt":100,"CPr":9.31,"CM":861.17}
,{"H":"cod.meGCAUGPA","Hid":0,"FFt":0,"FFtD":null,"FPz":0,"FPzD":null,"FQt":0,"FPr":null,"FM":0,"MFt":9.98,"MFtD":73.96,"MPz":0.72,"MPzD":70.73,"MQt":0.41,"MPr":13.83,"MM":3.85,"CFt":10.74,"CFtD":76.99,"CPz":0.76,"CPzD":76.19,"CQt":0.33,"CPr":14.22,"CM":4.25}
,{"H":"cod.meGCAUMEF","Hid":2,"FFt":0,"FFtD":null,"FPz":0,"FPzD":null,"FQt":0,"FPr":null,"FM":0,"MFt":52.86,"MFtD":213.62,"MPz":6.67,"MPzD":202.34,"MQt":3.82,"MPr":7.93,"MM":28.46,"CFt":82.59,"CFtD":242.56,"CPz":10.53,"CPzD":239.47,"CQt":4.55,"CPr":7.84,"CM":45.47}
,{"H":"cod.meGCAUMNS","Hid":3,"FFt":1155.01,"FFtD":87.74,"FPz":97,"FPzD":90.2,"FQt":80.83,"FPr":11.91,"FM":500.49,"MFt":1461.44,"MFtD":107.89,"MPz":158.39,"MPzD":109.12,"MQt":90.73,"MPr":9.23,"MM":577.25,"CFt":1928.95,"CFtD":103.34,"CPz":208.82,"CPzD":107.25,"CQt":90.16,"CPr":9.24,"CM":759.13}
,{"H":"cod.esE0000","Hid":4,"FFt":294.45,"FFtD":-51.84,"FPz":23,"FPzD":-48.89,"FQt":19.17,"FPr":12.8,"FM":121.06,"MFt":102.5,"MFtD":4.53,"MPz":8.78,"MPzD":7.17,"MQt":5.03,"MPr":11.67,"MM":40.46,"CFt":135.16,"CFtD":-2.44,"CPz":11.51,"CPzD":2.36,"CQt":4.97,"CPr":11.74,"CM":52.32}]}]}