{ 
 "TIT":"cod.ESE0015" 
,"GF": [{ 
"dati":[{"name":"F","value":0}] 
,"opzioni":{"min":0,"max":5}}]
                        
,"GM": [{ 
"dati":[{"name":"M","value":0}] 
,"opzioni":{"min":0,"max":5}}]
                        
,"GC": [{ 
"dati":[{"name":"C","value":0}] 
,"opzioni":{"min":0,"max":5}}],"ISF2V":[{"min": 0, "max": 20}]
,"ISP2V":[{"min": 0, "max":20 }]   
,"ISP2":[{"name": "lb.l0006","series": [{ "name":"lb.l0052","value":1 },{ "name":"lb.l0053","value":4 },{ "name":"lb.l0054","value":1 },{ "name":"lb.l0055","value":4 },{ "name":"lb.l0056","value":5 },{ "name":"lb.l0057","value":8 },{ "name":"lb.l0058","value":4 },{ "name":"lb.l0059","value":6 },{ "name":"lb.l0060","value":7 },{ "name":"lb.l0061","value":3 },{ "name":"lb.l0062","value":4 },{ "name":"lb.l0063","value":4 }]}
,{"name": "lb.l0007","series": [{ "name":"lb.l0052","value":2.48453608247423 },{ "name":"lb.l0053","value":2.05154639175258 },{ "name":"lb.l0054","value":2.85567010309278 },{ "name":"lb.l0055","value":4.01030927835052 },{ "name":"lb.l0056","value":5.18556701030928 },{ "name":"lb.l0057","value":6.67010309278351 },{ "name":"lb.l0058","value":9.3298969072165 },{ "name":"lb.l0059","value":12.8453608247423 },{ "name":"lb.l0060","value":8.58762886597938 },{ "name":"lb.l0061","value":7.6701030927835 },{ "name":"lb.l0062","value":6.20618556701031 },{ "name":"lb.l0063","value":5.82474226804124 }]}
,{"name": "lb.l0008","series": [{ "name":"lb.l0052","value":3.44897959183673 },{ "name":"lb.l0053","value":2.79591836734694 },{ "name":"lb.l0054","value":4 },{ "name":"lb.l0055","value":5.69387755102041 },{ "name":"lb.l0056","value":6.51020408163265 },{ "name":"lb.l0057","value":8.46938775510204 },{ "name":"lb.l0058","value":12.1428571428571 },{ "name":"lb.l0059","value":16.5102040816327 },{ "name":"lb.l0060","value":10.9591836734694 },{ "name":"lb.l0061","value":10.265306122449 },{ "name":"lb.l0062","value":7.69387755102041 },{ "name":"lb.l0063","value":7.53061224489796 }]}] ,"ISP1":[ 
{"name": "lb.l0040","series": [{"name":"2021","value":1},{"name":"2020","value":15}]},
{"name": "lb.l0041","series": [{"name":"2021","value":5},{"name":"2020","value":22}]},
{"name": "lb.l0042","series": [{"name":"2021","value":6},{"name":"2020","value":27}]},
{"name": "lb.l0043","series": [{"name":"2021","value":10},{"name":"2020","value":31}]},
{"name": "lb.l0044","series": [{"name":"2021","value":15},{"name":"2020","value":32}]},
{"name": "lb.l0045","series": [{"name":"2021","value":23},{"name":"2020","value":36}]},
{"name": "lb.l0046","series": [{"name":"2021","value":27},{"name":"2020","value":37}]},
{"name": "lb.l0047","series": [{"name":"2021","value":33},{"name":"2020","value":43}]},
{"name": "lb.l0048","series": [{"name":"2021","value":40},{"name":"2020","value":48}]},
{"name": "lb.l0049","series": [{"name":"2021","value":43},{"name":"2020","value":53}]},
{"name": "lb.l0050","series": [{"name":"2021","value":47},{"name":"2020","value":58}]},
{"name": "lb.l0051","series": [{"name":"2021","value":51},{"name":"2020","value":64}]}] 
,"dati":[ 
{ 
"IPD":"MAT" 
,"PD":"MAT","TF":[{"name":"cod.meGCAUMNS","value":38},{"name":"cod.esE0000","value":13},{"name":"cod.meGCAUGPA","value": 0},{"name":"cod.meGCAUMEF","value": 0}],"TM":[{"name":"cod.meGCAUMNS","value":49.21649},{"name":"cod.esE0000","value":24.50515},{"name":"cod.meGCAUGPA","value": 0.00000},{"name":"cod.meGCAUMEF","value": 0.00000}],"TC":[{"name":"cod.meGCAUMNS","value":61.36735},{"name":"cod.esE0000","value":34.65306},{"name":"cod.meGCAUGPA","value": 0.00000},{"name":"cod.meGCAUMEF","value": 0.00000}] 
,"DTE":[{"H":"lb.l0018","Hid":1,"FFt":324.7,"FFtD":-16.17,"FPz":51,"FPzD":-20.31,"FQt":100,"FPr":6.37,"FM":99.07,"MFt":463.29,"MFtD":41.56,"MPz":73.72,"MPzD":35.18,"MQt":100,"MPr":6.28,"MM":182.29,"CFt":625.13,"CFtD":38.88,"CPz":96.02,"CPzD":30.04,"CQt":100,"CPr":6.51,"CM":246.25}
,{"H":"cod.meGCAUGPA","Hid":0,"FFt":0,"FFtD":null,"FPz":0,"FPzD":null,"FQt":0,"FPr":null,"FM":0,"MFt":0,"MFtD":null,"MPz":0,"MPzD":null,"MQt":0,"MPr":null,"MM":0,"CFt":0,"CFtD":null,"CPz":0,"CPzD":null,"CQt":0,"CPr":null,"CM":0}
,{"H":"cod.meGCAUMEF","Hid":0,"FFt":0,"FFtD":null,"FPz":0,"FPzD":null,"FQt":0,"FPr":null,"FM":0,"MFt":0,"MFtD":null,"MPz":0,"MPzD":null,"MQt":0,"MPr":null,"MM":0,"CFt":0,"CFtD":null,"CPz":0,"CPzD":null,"CQt":0,"CPr":null,"CM":0}
,{"H":"cod.meGCAUMNS","Hid":3,"FFt":156.48,"FFtD":-10.9,"FPz":38,"FPzD":-13.64,"FQt":74.51,"FPr":4.12,"FM":52.34,"MFt":226.46,"MFtD":28.87,"MPz":49.22,"MPzD":28.85,"MQt":66.76,"MPr":4.6,"MM":89.98,"CFt":284.47,"CFtD":20.34,"CPz":61.37,"CPzD":19.52,"CQt":63.91,"CPr":4.64,"CM":114.04}
,{"H":"cod.esE0000","Hid":4,"FFt":168.22,"FFtD":-20.54,"FPz":13,"FPzD":-35,"FQt":25.49,"FPr":12.94,"FM":46.73,"MFt":236.83,"MFtD":56.26,"MPz":24.51,"MPzD":49.97,"MQt":33.24,"MPr":9.66,"MM":92.31,"CFt":340.66,"CFtD":59.38,"CPz":34.65,"CPzD":54.08,"CQt":36.09,"CPr":9.83,"CM":132.2}]}, 
{ 
"IPD":"YTD" 
,"PD":"YTD","TF":[{"name":"cod.meGCAUMNS","value":38},{"name":"cod.esE0000","value":13},{"name":"cod.meGCAUGPA","value": 0},{"name":"cod.meGCAUMEF","value": 0}],"TM":[{"name":"cod.meGCAUMNS","value":49.21649},{"name":"cod.esE0000","value":24.50515},{"name":"cod.meGCAUGPA","value": 0.00000},{"name":"cod.meGCAUMEF","value": 0.00000}],"TC":[{"name":"cod.meGCAUMNS","value":61.36735},{"name":"cod.esE0000","value":34.65306},{"name":"cod.meGCAUGPA","value": 0.00000},{"name":"cod.meGCAUMEF","value": 0.00000}] 
,"DTE":[{"H":"lb.l0018","Hid":1,"FFt":324.7,"FFtD":-16.17,"FPz":51,"FPzD":-20.31,"FQt":100,"FPr":6.37,"FM":99.07,"MFt":463.29,"MFtD":41.56,"MPz":73.72,"MPzD":35.18,"MQt":100,"MPr":6.28,"MM":182.29,"CFt":625.13,"CFtD":38.88,"CPz":96.02,"CPzD":30.04,"CQt":100,"CPr":6.51,"CM":246.25}
,{"H":"cod.meGCAUGPA","Hid":0,"FFt":0,"FFtD":null,"FPz":0,"FPzD":null,"FQt":0,"FPr":null,"FM":0,"MFt":0,"MFtD":null,"MPz":0,"MPzD":null,"MQt":0,"MPr":null,"MM":0,"CFt":0,"CFtD":null,"CPz":0,"CPzD":null,"CQt":0,"CPr":null,"CM":0}
,{"H":"cod.meGCAUMEF","Hid":0,"FFt":0,"FFtD":null,"FPz":0,"FPzD":null,"FQt":0,"FPr":null,"FM":0,"MFt":0,"MFtD":null,"MPz":0,"MPzD":null,"MQt":0,"MPr":null,"MM":0,"CFt":0,"CFtD":null,"CPz":0,"CPzD":null,"CQt":0,"CPr":null,"CM":0}
,{"H":"cod.meGCAUMNS","Hid":3,"FFt":156.48,"FFtD":-10.9,"FPz":38,"FPzD":-13.64,"FQt":74.51,"FPr":4.12,"FM":52.34,"MFt":226.46,"MFtD":28.87,"MPz":49.22,"MPzD":28.85,"MQt":66.76,"MPr":4.6,"MM":89.98,"CFt":284.47,"CFtD":20.34,"CPz":61.37,"CPzD":19.52,"CQt":63.91,"CPr":4.64,"CM":114.04}
,{"H":"cod.esE0000","Hid":4,"FFt":168.22,"FFtD":-20.54,"FPz":13,"FPzD":-35,"FQt":25.49,"FPr":12.94,"FM":46.73,"MFt":236.83,"MFtD":56.26,"MPz":24.51,"MPzD":49.97,"MQt":33.24,"MPr":9.66,"MM":92.31,"CFt":340.66,"CFtD":59.38,"CPz":34.65,"CPzD":54.08,"CQt":36.09,"CPr":9.83,"CM":132.2}]}, 
{ 
"IPD":"BIM" 
,"PD":"BIM","TF":[{"name":"cod.meGCAUMNS","value":5},{"name":"cod.esE0000","value":3},{"name":"cod.meGCAUGPA","value":0},{"name":"cod.meGCAUMEF","value":0}],"TM":[{"name":"cod.meGCAUMNS","value":8.226804},{"name":"cod.esE0000","value":3.804124},{"name":"cod.meGCAUGPA","value":0.000000},{"name":"cod.meGCAUMEF","value":0.000000}],"TC":[{"name":"cod.meGCAUMNS","value":10.00000},{"name":"cod.esE0000","value": 5.22449},{"name":"cod.meGCAUGPA","value": 0.00000},{"name":"cod.meGCAUMEF","value": 0.00000}] 
,"DTE":[{"H":"lb.l0018","Hid":1,"FFt":62.31,"FFtD":-16.68,"FPz":8,"FPzD":-27.27,"FQt":100,"FPr":7.79,"FM":18.4,"MFt":74.13,"MFtD":81.37,"MPz":12.03,"MPzD":83.2,"MQt":100,"MPr":6.16,"MM":29.61,"CFt":97.08,"CFtD":75.87,"CPz":15.22,"CPzD":73.49,"CQt":100,"CPr":6.38,"CM":39.3}
,{"H":"cod.meGCAUGPA","Hid":0,"FFt":0,"FFtD":null,"FPz":0,"FPzD":null,"FQt":0,"FPr":null,"FM":0,"MFt":0,"MFtD":null,"MPz":0,"MPzD":null,"MQt":0,"MPr":null,"MM":0,"CFt":0,"CFtD":null,"CPz":0,"CPzD":null,"CQt":0,"CPr":null,"CM":0}
,{"H":"cod.meGCAUMEF","Hid":0,"FFt":0,"FFtD":null,"FPz":0,"FPzD":null,"FQt":0,"FPr":null,"FM":0,"MFt":0,"MFtD":null,"MPz":0,"MPzD":null,"MQt":0,"MPr":null,"MM":0,"CFt":0,"CFtD":null,"CPz":0,"CPzD":null,"CQt":0,"CPr":null,"CM":0}
,{"H":"cod.meGCAUMNS","Hid":3,"FFt":21.6,"FFtD":-25.72,"FPz":5,"FPzD":-28.57,"FQt":62.5,"FPr":4.32,"FM":7.59,"MFt":38.15,"MFtD":89.25,"MPz":8.23,"MPzD":91.83,"MQt":68.38,"MPr":4.64,"MM":14.81,"CFt":46.66,"CFtD":74.75,"CPz":10,"CPzD":74.38,"CQt":65.68,"CPr":4.67,"CM":18.6}
,{"H":"cod.esE0000","Hid":4,"FFt":40.71,"FFtD":-10.92,"FPz":3,"FPzD":-25,"FQt":37.5,"FPr":13.57,"FM":10.81,"MFt":35.97,"MFtD":73.69,"MPz":3.8,"MPzD":66.97,"MQt":31.62,"MPr":9.46,"MM":14.8,"CFt":50.43,"CFtD":76.93,"CPz":5.22,"CPzD":71.81,"CQt":34.32,"CPr":9.65,"CM":20.7}]}, 
{ 
"IPD":"UM" 
,"PD":"UM","TF":[{"name":"cod.meGCAUMNS","value":3},{"name":"cod.esE0000","value":1},{"name":"cod.meGCAUGPA","value":0},{"name":"cod.meGCAUMEF","value":0}],"TM":[{"name":"cod.meGCAUMNS","value":4.206186},{"name":"cod.esE0000","value":1.618557},{"name":"cod.meGCAUGPA","value":0.000000},{"name":"cod.meGCAUMEF","value":0.000000}],"TC":[{"name":"cod.meGCAUMNS","value":5.244898},{"name":"cod.esE0000","value":2.285714},{"name":"cod.meGCAUGPA","value":0.000000},{"name":"cod.meGCAUMEF","value":0.000000}] 
,"DTE":[{"H":"lb.l0018","Hid":1,"FFt":26.11,"FFtD":-12.76,"FPz":4,"FPzD":-33.33,"FQt":100,"FPr":6.53,"FM":7.88,"MFt":35.21,"MFtD":64.3,"MPz":5.82,"MPzD":67.16,"MQt":100,"MPr":6.05,"MM":13.84,"CFt":47.27,"CFtD":66.72,"CPz":7.53,"CPzD":64.73,"CQt":100,"CPr":6.28,"CM":18.89}
,{"H":"cod.meGCAUGPA","Hid":0,"FFt":0,"FFtD":null,"FPz":0,"FPzD":null,"FQt":0,"FPr":null,"FM":0,"MFt":0,"MFtD":null,"MPz":0,"MPzD":null,"MQt":0,"MPr":null,"MM":0,"CFt":0,"CFtD":null,"CPz":0,"CPzD":null,"CQt":0,"CPr":null,"CM":0}
,{"H":"cod.meGCAUMEF","Hid":0,"FFt":0,"FFtD":null,"FPz":0,"FPzD":null,"FQt":0,"FPr":null,"FM":0,"MFt":0,"MFtD":null,"MPz":0,"MPzD":null,"MQt":0,"MPr":null,"MM":0,"CFt":0,"CFtD":null,"CPz":0,"CPzD":null,"CQt":0,"CPr":null,"CM":0}
,{"H":"cod.meGCAUMNS","Hid":3,"FFt":13,"FFtD":-36.52,"FPz":3,"FPzD":-40,"FQt":75,"FPr":4.33,"FM":4.55,"MFt":19.65,"MFtD":79.86,"MPz":4.21,"MPzD":81.33,"MQt":72.21,"MPr":4.67,"MM":7.67,"CFt":24.82,"CFtD":79.33,"CPz":5.24,"CPzD":77.24,"CQt":69.65,"CPr":4.73,"CM":10.1}
,{"H":"cod.esE0000","Hid":4,"FFt":13.11,"FFtD":38.73,"FPz":1,"FPzD":0,"FQt":25,"FPr":13.11,"FM":3.33,"MFt":15.56,"MFtD":48.13,"MPz":1.62,"MPzD":38.94,"MQt":27.79,"MPr":9.62,"MM":6.17,"CFt":22.44,"CFtD":54.69,"CPz":2.29,"CPzD":41.77,"CQt":30.35,"CPr":9.82,"CM":8.79}]}]}