{ 
 "TIT":"cod.ESE0010" 
,"GF": [{ 
"dati":[{"name":"F","value":12.99}] 
,"opzioni":{"min":0,"max":15}}]
                        
,"GM": [{ 
"dati":[{"name":"M","value":4.32}] 
,"opzioni":{"min":0,"max":15}}]
                        
,"GC": [{ 
"dati":[{"name":"C","value":3.81}] 
,"opzioni":{"min":0,"max":15}}],"ISF2V":[{"min": 30, "max": 240}]
,"ISP2V":[{"min": 30, "max":240 }]   
,"ISP2":[{"name": "lb.l0006","series": [{ "name":"lb.l0052","value":106 },{ "name":"lb.l0053","value":48 },{ "name":"lb.l0054","value":65 },{ "name":"lb.l0055","value":74 },{ "name":"lb.l0056","value":127 },{ "name":"lb.l0057","value":76 },{ "name":"lb.l0058","value":70 },{ "name":"lb.l0059","value":55 },{ "name":"lb.l0060","value":63 },{ "name":"lb.l0061","value":110 },{ "name":"lb.l0062","value":145 },{ "name":"lb.l0063","value":131 }]}
,{"name": "lb.l0007","series": [{ "name":"lb.l0052","value":114.041237113402 },{ "name":"lb.l0053","value":65.5051546391752 },{ "name":"lb.l0054","value":73.4536082474227 },{ "name":"lb.l0055","value":89.7628865979381 },{ "name":"lb.l0056","value":112.80412371134 },{ "name":"lb.l0057","value":95.6185567010309 },{ "name":"lb.l0058","value":97.2783505154639 },{ "name":"lb.l0059","value":82.1134020618557 },{ "name":"lb.l0060","value":90.2783505154639 },{ "name":"lb.l0061","value":143.257731958763 },{ "name":"lb.l0062","value":168.164948453608 },{ "name":"lb.l0063","value":162.917525773196 }]}
,{"name": "lb.l0008","series": [{ "name":"lb.l0052","value":157.530612244898 },{ "name":"lb.l0053","value":91.1224489795918 },{ "name":"lb.l0054","value":100.34693877551 },{ "name":"lb.l0055","value":127.265306122449 },{ "name":"lb.l0056","value":163.530612244898 },{ "name":"lb.l0057","value":132.795918367347 },{ "name":"lb.l0058","value":134.285714285714 },{ "name":"lb.l0059","value":107.755102040816 },{ "name":"lb.l0060","value":123.734693877551 },{ "name":"lb.l0061","value":197.040816326531 },{ "name":"lb.l0062","value":231.326530612245 },{ "name":"lb.l0063","value":222.204081632653 }]}] ,"ISP1":[ 
{"name": "lb.l0040","series": [{"name":"2021","value":106},{"name":"2020","value":270}]},
{"name": "lb.l0041","series": [{"name":"2021","value":154},{"name":"2020","value":465}]},
{"name": "lb.l0042","series": [{"name":"2021","value":219},{"name":"2020","value":700}]},
{"name": "lb.l0043","series": [{"name":"2021","value":293},{"name":"2020","value":767}]},
{"name": "lb.l0044","series": [{"name":"2021","value":420},{"name":"2020","value":817}]},
{"name": "lb.l0045","series": [{"name":"2021","value":496},{"name":"2020","value":890}]},
{"name": "lb.l0046","series": [{"name":"2021","value":566},{"name":"2020","value":940}]},
{"name": "lb.l0047","series": [{"name":"2021","value":621},{"name":"2020","value":993}]},
{"name": "lb.l0048","series": [{"name":"2021","value":684},{"name":"2020","value":1061}]},
{"name": "lb.l0049","series": [{"name":"2021","value":794},{"name":"2020","value":1136}]},
{"name": "lb.l0050","series": [{"name":"2021","value":939},{"name":"2020","value":1240}]},
{"name": "lb.l0051","series": [{"name":"2021","value":1070},{"name":"2020","value":1338}]}] 
,"dati":[ 
{ 
"IPD":"MAT" 
,"PD":"MAT","TF":[{"name":"cod.meGCAUMNS","value":513},{"name":"cod.esE0000","value":327},{"name":"cod.meGCAUGPA","value":139},{"name":"cod.meGCAUMEF","value": 91}],"TM":[{"name":"cod.meGCAUMNS","value":759.25773},{"name":"cod.esE0000","value":383.16495},{"name":"cod.meGCAUMEF","value": 96.86598},{"name":"cod.meGCAUGPA","value": 55.90722}],"TC":[{"name":"cod.meGCAUMNS","value":1059.16327},{"name":"cod.esE0000","value": 520.55102},{"name":"cod.meGCAUMEF","value": 141.10204},{"name":"cod.meGCAUGPA","value":  68.12245}] 
,"DTE":[{"H":"lb.l0018","Hid":1,"FFt":11471.12,"FFtD":-10.36,"FPz":1070,"FPzD":-20.03,"FQt":100.00,"FPr":10.72,"FM":4369.46,"MFt":11091.75,"MFtD":8.71,"MPz":1295.20,"MPzD":2.18,"MQt":100.00,"MPr":8.56,"MM":4223.52,"CFt":15457.42,"CFtD":7.59,"CPz":1788.94,"CPzD":0.96,"CQt":100.00,"CPr":8.64,"CM":5896.65}
,{"H":"cod.meGCAUGPA","Hid":0,"FFt":2342.96,"FFtD":-19.32,"FPz":139,"FPzD":-34.12,"FQt":12.99,"FPr":16.86,"FM":1112.94,"MFt":877.72,"MFtD":29.99,"MPz":55.91,"MPzD":6.04,"MQt":4.32,"MPr":15.70,"MM":405.06,"CFt":1085.82,"CFtD":30.29,"CPz":68.12,"CPzD":3.79,"CQt":3.81,"CPr":15.94,"CM":509.15}
,{"H":"cod.meGCAUMEF","Hid":2,"FFt":632.20,"FFtD":-13.34,"FPz":91,"FPzD":-18.75,"FQt":8.50,"FPr":6.95,"FM":240.23,"MFt":667.26,"MFtD":3.36,"MPz":96.87,"MPzD":-4.14,"MQt":7.48,"MPr":6.89,"MM":230.54,"CFt":967.50,"CFtD":2.75,"CPz":141.10,"CPzD":-4.99,"CQt":7.89,"CPr":6.86,"CM":337.81}
,{"H":"cod.meGCAUMNS","Hid":3,"FFt":4060.32,"FFtD":-5.93,"FPz":513,"FPzD":-10.78,"FQt":47.94,"FPr":7.91,"FM":1432.78,"MFt":5776.06,"MFtD":9.64,"MPz":759.26,"MPzD":4.40,"MQt":58.62,"MPr":7.61,"MM":2182.35,"CFt":8053.83,"CFtD":8.35,"CPz":1059.16,"CPzD":2.84,"CQt":59.21,"CPr":7.60,"CM":3055.60}
,{"H":"cod.esE0000","Hid":4,"FFt":4435.64,"FFtD":-8.48,"FPz":327,"FPzD":-25.68,"FQt":30.56,"FPr":13.56,"FM":1583.51,"MFt":3770.71,"MFtD":4.33,"MPz":383.16,"MPzD":-0.88,"MQt":29.58,"MPr":9.84,"MM":1405.57,"CFt":5350.28,"CFtD":3.70,"CPz":520.55,"CPzD":-1.38,"CQt":29.10,"CPr":10.28,"CM":1994.09}]}, 
{ 
"IPD":"YTD" 
,"PD":"YTD","TF":[{"name":"cod.meGCAUMNS","value":513},{"name":"cod.esE0000","value":327},{"name":"cod.meGCAUGPA","value":139},{"name":"cod.meGCAUMEF","value": 91}],"TM":[{"name":"cod.meGCAUMNS","value":759.25773},{"name":"cod.esE0000","value":383.16495},{"name":"cod.meGCAUMEF","value": 96.86598},{"name":"cod.meGCAUGPA","value": 55.90722}],"TC":[{"name":"cod.meGCAUMNS","value":1059.16327},{"name":"cod.esE0000","value": 520.55102},{"name":"cod.meGCAUMEF","value": 141.10204},{"name":"cod.meGCAUGPA","value":  68.12245}] 
,"DTE":[{"H":"lb.l0018","Hid":1,"FFt":11471.12,"FFtD":-10.36,"FPz":1070,"FPzD":-20.03,"FQt":100.00,"FPr":10.72,"FM":4369.46,"MFt":11091.75,"MFtD":8.71,"MPz":1295.20,"MPzD":2.18,"MQt":100.00,"MPr":8.56,"MM":4223.52,"CFt":15457.42,"CFtD":7.59,"CPz":1788.94,"CPzD":0.96,"CQt":100.00,"CPr":8.64,"CM":5896.65}
,{"H":"cod.meGCAUGPA","Hid":0,"FFt":2342.96,"FFtD":-19.32,"FPz":139,"FPzD":-34.12,"FQt":12.99,"FPr":16.86,"FM":1112.94,"MFt":877.72,"MFtD":29.99,"MPz":55.91,"MPzD":6.04,"MQt":4.32,"MPr":15.70,"MM":405.06,"CFt":1085.82,"CFtD":30.29,"CPz":68.12,"CPzD":3.79,"CQt":3.81,"CPr":15.94,"CM":509.15}
,{"H":"cod.meGCAUMEF","Hid":2,"FFt":632.20,"FFtD":-13.34,"FPz":91,"FPzD":-18.75,"FQt":8.50,"FPr":6.95,"FM":240.23,"MFt":667.26,"MFtD":3.36,"MPz":96.87,"MPzD":-4.14,"MQt":7.48,"MPr":6.89,"MM":230.54,"CFt":967.50,"CFtD":2.75,"CPz":141.10,"CPzD":-4.99,"CQt":7.89,"CPr":6.86,"CM":337.81}
,{"H":"cod.meGCAUMNS","Hid":3,"FFt":4060.32,"FFtD":-5.93,"FPz":513,"FPzD":-10.78,"FQt":47.94,"FPr":7.91,"FM":1432.78,"MFt":5776.06,"MFtD":9.64,"MPz":759.26,"MPzD":4.40,"MQt":58.62,"MPr":7.61,"MM":2182.35,"CFt":8053.83,"CFtD":8.35,"CPz":1059.16,"CPzD":2.84,"CQt":59.21,"CPr":7.60,"CM":3055.60}
,{"H":"cod.esE0000","Hid":4,"FFt":4435.64,"FFtD":-8.48,"FPz":327,"FPzD":-25.68,"FQt":30.56,"FPr":13.56,"FM":1583.51,"MFt":3770.71,"MFtD":4.33,"MPz":383.16,"MPzD":-0.88,"MQt":29.58,"MPr":9.84,"MM":1405.57,"CFt":5350.28,"CFtD":3.70,"CPz":520.55,"CPzD":-1.38,"CQt":29.10,"CPr":10.28,"CM":1994.09}]}, 
{ 
"IPD":"BIM" 
,"PD":"BIM","TF":[{"name":"cod.meGCAUMNS","value":137},{"name":"cod.esE0000","value": 77},{"name":"cod.meGCAUGPA","value": 32},{"name":"cod.meGCAUMEF","value": 30}],"TM":[{"name":"cod.meGCAUMNS","value":204.85567},{"name":"cod.esE0000","value": 85.88660},{"name":"cod.meGCAUMEF","value": 26.75258},{"name":"cod.meGCAUGPA","value": 13.58763}],"TC":[{"name":"cod.meGCAUMNS","value":281.51020},{"name":"cod.esE0000","value":115.08163},{"name":"cod.meGCAUMEF","value": 39.38776},{"name":"cod.meGCAUGPA","value": 17.55102}] 
,"DTE":[{"H":"lb.l0018","Hid":1,"FFt":2922.10,"FFtD":34.21,"FPz":276,"FPzD":36.63,"FQt":100.00,"FPr":10.59,"FM":1124.52,"MFt":2882.97,"MFtD":81.55,"MPz":331.08,"MPzD":72.60,"MQt":100.00,"MPr":8.71,"MM":1104.20,"CFt":3980.59,"CFtD":78.20,"CPz":453.53,"CPzD":69.02,"CQt":100.00,"CPr":8.78,"CM":1532.52}
,{"H":"cod.meGCAUGPA","Hid":0,"FFt":539.53,"FFtD":-13.42,"FPz":32,"FPzD":-13.51,"FQt":11.59,"FPr":16.86,"FM":261.42,"MFt":216.96,"MFtD":96.80,"MPz":13.59,"MPzD":84.08,"MQt":4.10,"MPr":15.97,"MM":99.13,"CFt":285.53,"CFtD":95.36,"CPz":17.55,"CPzD":78.42,"CQt":3.87,"CPr":16.27,"CM":132.32}
,{"H":"cod.meGCAUMEF","Hid":2,"FFt":213.12,"FFtD":159.27,"FPz":30,"FPzD":150.00,"FQt":10.87,"FPr":7.10,"FM":84.00,"MFt":188.91,"MFtD":102.27,"MPz":26.75,"MPzD":90.95,"MQt":8.08,"MPr":7.06,"MM":64.23,"CFt":277.85,"CFtD":106.45,"CPz":39.39,"CPzD":93.39,"CQt":8.68,"CPr":7.05,"CM":95.11}
,{"H":"cod.meGCAUMNS","Hid":3,"FFt":1137.95,"FFtD":48.25,"FPz":137,"FPzD":38.38,"FQt":49.64,"FPr":8.31,"FM":417.75,"MFt":1585.66,"MFtD":88.50,"MPz":204.86,"MPzD":80.71,"MQt":61.87,"MPr":7.74,"MM":607.23,"CFt":2179.38,"CFtD":82.90,"CPz":281.51,"CPzD":74.98,"CQt":62.07,"CPr":7.74,"CM":839.71}
,{"H":"cod.esE0000","Hid":4,"FFt":1031.50,"FFtD":46.47,"FPz":77,"FPzD":42.59,"FQt":27.90,"FPr":13.40,"FM":361.35,"MFt":891.44,"MFtD":64.12,"MPz":85.89,"MPzD":50.49,"MQt":25.94,"MPr":10.38,"MM":333.61,"CFt":1237.83,"CFtD":62.57,"CPz":115.08,"CPzD":48.98,"CQt":25.37,"CPr":10.76,"CM":465.38}]}, 
{ 
"IPD":"UM" 
,"PD":"UM","TF":[{"name":"cod.meGCAUMNS","value":66},{"name":"cod.esE0000","value":40},{"name":"cod.meGCAUGPA","value":15},{"name":"cod.meGCAUMEF","value":10}],"TM":[{"name":"cod.meGCAUMNS","value":103.103093},{"name":"cod.esE0000","value": 40.762887},{"name":"cod.meGCAUMEF","value": 12.701031},{"name":"cod.meGCAUGPA","value":  6.350515}],"TC":[{"name":"cod.meGCAUMNS","value":141.163265},{"name":"cod.esE0000","value": 54.183673},{"name":"cod.meGCAUMEF","value": 18.510204},{"name":"cod.meGCAUGPA","value":  8.346939}] 
,"DTE":[{"H":"lb.l0018","Hid":1,"FFt":1430.44,"FFtD":32.64,"FPz":131,"FPzD":33.67,"FQt":100.00,"FPr":10.92,"FM":572.62,"MFt":1421.76,"MFtD":77.36,"MPz":162.92,"MPzD":66.91,"MQt":100.00,"MPr":8.73,"MM":550.13,"CFt":1950.40,"CFtD":71.99,"CPz":222.20,"CPzD":61.73,"CQt":100.00,"CPr":8.78,"CM":758.33}
,{"H":"cod.meGCAUGPA","Hid":0,"FFt":251.84,"FFtD":-16.27,"FPz":15,"FPzD":-16.67,"FQt":11.45,"FPr":16.79,"FM":122.64,"MFt":101.94,"MFtD":83.00,"MPz":6.35,"MPzD":69.70,"MQt":3.90,"MPr":16.05,"MM":46.56,"CFt":136.02,"CFtD":79.82,"CPz":8.35,"CPzD":63.60,"CQt":3.76,"CPr":16.30,"CM":62.71}
,{"H":"cod.meGCAUMEF","Hid":2,"FFt":70.92,"FFtD":15.04,"FPz":10,"FPzD":11.11,"FQt":7.63,"FPr":7.09,"FM":27.89,"MFt":89.68,"MFtD":86.42,"MPz":12.70,"MPzD":76.76,"MQt":7.80,"MPr":7.06,"MM":30.95,"CFt":130.54,"CFtD":91.35,"CPz":18.51,"CPzD":79.96,"CQt":8.33,"CPr":7.05,"CM":45.71}
,{"H":"cod.meGCAUMNS","Hid":3,"FFt":554.94,"FFtD":77.18,"FPz":66,"FPzD":60.98,"FQt":50.38,"FPr":8.41,"FM":222.51,"MFt":798.62,"MFtD":83.59,"MPz":103.10,"MPzD":75.67,"MQt":63.29,"MPr":7.75,"MM":309.04,"CFt":1093.79,"CFtD":77.67,"CPz":141.16,"CPzD":69.37,"CQt":63.53,"CPr":7.75,"CM":424.81}
,{"H":"cod.esE0000","Hid":4,"FFt":552.74,"FFtD":37.22,"FPz":40,"FPzD":33.33,"FQt":30.53,"FPr":13.82,"FM":199.58,"MFt":431.52,"MFtD":64.19,"MPz":40.76,"MPzD":45.64,"MQt":25.02,"MPr":10.59,"MM":163.59,"CFt":590.06,"CFtD":57.54,"CPz":54.18,"CPzD":40.18,"CQt":24.38,"CPr":10.89,"CM":225.10}]}]}