{ 
 "TIT":"cod.ESE0024" 
,"GF": [{ 
"dati":[{"name":"F","value":0}] 
,"opzioni":{"min":0,"max":5}}]
                        
,"GM": [{ 
"dati":[{"name":"M","value":0}] 
,"opzioni":{"min":0,"max":5}}]
                        
,"GC": [{ 
"dati":[{"name":"C","value":0}] 
,"opzioni":{"min":0,"max":5}}],"ISF2V":[{"min": 0, "max": 20}]
,"ISP2V":[{"min": 0, "max":20 }]   
,"ISP2":[{"name": "lb.l0006","series": [{ "name":"lb.l0052","value":2 },{ "name":"lb.l0053","value":3 },{ "name":"lb.l0054","value":2 },{ "name":"lb.l0055","value":5 },{ "name":"lb.l0056","value":4 },{ "name":"lb.l0057","value":3 },{ "name":"lb.l0058","value":4 },{ "name":"lb.l0059","value":3 },{ "name":"lb.l0060","value":14 },{ "name":"lb.l0061","value":5 },{ "name":"lb.l0062","value":9 },{ "name":"lb.l0063","value":3 }]}
,{"name": "lb.l0007","series": [{ "name":"lb.l0052","value":6.39175257731959 },{ "name":"lb.l0053","value":4.9381443298969 },{ "name":"lb.l0054","value":5.48453608247422 },{ "name":"lb.l0055","value":5.51546391752577 },{ "name":"lb.l0056","value":7.42268041237113 },{ "name":"lb.l0057","value":7.64948453608247 },{ "name":"lb.l0058","value":9.8041237113402 },{ "name":"lb.l0059","value":12.8762886597938 },{ "name":"lb.l0060","value":11.7319587628866 },{ "name":"lb.l0061","value":11.1546391752577 },{ "name":"lb.l0062","value":9.60824742268041 },{ "name":"lb.l0063","value":8.51546391752577 }]}
,{"name": "lb.l0008","series": [{ "name":"lb.l0052","value":8.48979591836734 },{ "name":"lb.l0053","value":6.85714285714286 },{ "name":"lb.l0054","value":7.3469387755102 },{ "name":"lb.l0055","value":8.04081632653061 },{ "name":"lb.l0056","value":10.5102040816327 },{ "name":"lb.l0057","value":10.469387755102 },{ "name":"lb.l0058","value":12.5918367346939 },{ "name":"lb.l0059","value":14.734693877551 },{ "name":"lb.l0060","value":15.6734693877551 },{ "name":"lb.l0061","value":14.9591836734694 },{ "name":"lb.l0062","value":13.1020408163265 },{ "name":"lb.l0063","value":11.3061224489796 }]}] ,"ISP1":[ 
{"name": "lb.l0040","series": [{"name":"2021","value":2},{"name":"2020","value":12}]},
{"name": "lb.l0041","series": [{"name":"2021","value":5},{"name":"2020","value":20}]},
{"name": "lb.l0042","series": [{"name":"2021","value":7},{"name":"2020","value":29}]},
{"name": "lb.l0043","series": [{"name":"2021","value":12},{"name":"2020","value":33}]},
{"name": "lb.l0044","series": [{"name":"2021","value":16},{"name":"2020","value":34}]},
{"name": "lb.l0045","series": [{"name":"2021","value":19},{"name":"2020","value":37}]},
{"name": "lb.l0046","series": [{"name":"2021","value":23},{"name":"2020","value":44}]},
{"name": "lb.l0047","series": [{"name":"2021","value":26},{"name":"2020","value":49}]},
{"name": "lb.l0048","series": [{"name":"2021","value":40},{"name":"2020","value":51}]},
{"name": "lb.l0049","series": [{"name":"2021","value":45},{"name":"2020","value":60}]},
{"name": "lb.l0050","series": [{"name":"2021","value":54},{"name":"2020","value":63}]},
{"name": "lb.l0051","series": [{"name":"2021","value":57},{"name":"2020","value":68}]}] 
,"dati":[ 
{ 
"IPD":"MAT" 
,"PD":"MAT","TF":[{"name":"cod.esE0000","value":51},{"name":"cod.meGCAUMNS","value": 6},{"name":"cod.meGCAUGPA","value": 0},{"name":"cod.meGCAUMEF","value": 0}],"TM":[{"name":"cod.esE0000","value":94.494845},{"name":"cod.meGCAUMNS","value": 6.597938},{"name":"cod.meGCAUGPA","value": 0.000000},{"name":"cod.meGCAUMEF","value": 0.000000}],"TC":[{"name":"cod.esE0000","value":125.000000},{"name":"cod.meGCAUMNS","value":  9.081633},{"name":"cod.meGCAUGPA","value":  0.000000},{"name":"cod.meGCAUMEF","value":  0.000000}] 
,"DTE":[{"H":"lb.l0018","Hid":1,"FFt":1071.17,"FFtD":-12.63,"FPz":57,"FPzD":-16.18,"FQt":100,"FPr":18.79,"FM":514.68,"MFt":1806.05,"MFtD":-14.27,"MPz":101.09,"MPzD":-16.58,"MQt":100,"MPr":17.87,"MM":825.48,"CFt":2383.3,"CFtD":-18.57,"CPz":134.08,"CPzD":-20.95,"CQt":100,"CPr":17.77,"CM":1095.32}
,{"H":"cod.meGCAUGPA","Hid":0,"FFt":0,"FFtD":null,"FPz":0,"FPzD":null,"FQt":0,"FPr":null,"FM":0,"MFt":0,"MFtD":null,"MPz":0,"MPzD":null,"MQt":0,"MPr":null,"MM":0,"CFt":0,"CFtD":null,"CPz":0,"CPzD":null,"CQt":0,"CPr":null,"CM":0}
,{"H":"cod.meGCAUMEF","Hid":0,"FFt":0,"FFtD":null,"FPz":0,"FPzD":null,"FQt":0,"FPr":null,"FM":0,"MFt":0,"MFtD":null,"MPz":0,"MPzD":null,"MQt":0,"MPr":null,"MM":0,"CFt":0,"CFtD":null,"CPz":0,"CPzD":null,"CQt":0,"CPr":null,"CM":0}
,{"H":"cod.meGCAUMNS","Hid":3,"FFt":82.75,"FFtD":-44.93,"FPz":6,"FPzD":-45.45,"FQt":10.53,"FPr":13.79,"FM":32.32,"MFt":93.07,"MFtD":-40.88,"MPz":6.6,"MPzD":-42.81,"MQt":6.53,"MPr":14.11,"MM":32.82,"CFt":128.68,"CFtD":-46.52,"CPz":9.08,"CPzD":-48.2,"CQt":6.77,"CPr":14.17,"CM":45.28}
,{"H":"cod.esE0000","Hid":4,"FFt":988.42,"FFtD":-8.11,"FPz":51,"FPzD":-10.53,"FQt":89.47,"FPr":19.38,"FM":482.36,"MFt":1712.98,"MFtD":-12.12,"MPz":94.49,"MPzD":-13.82,"MQt":93.47,"MPr":18.13,"MM":792.67,"CFt":2254.62,"CFtD":-16.07,"CPz":125,"CPzD":-17.81,"CQt":93.23,"CPr":18.04,"CM":1050.05}]}, 
{ 
"IPD":"YTD" 
,"PD":"YTD","TF":[{"name":"cod.esE0000","value":51},{"name":"cod.meGCAUMNS","value": 6},{"name":"cod.meGCAUGPA","value": 0},{"name":"cod.meGCAUMEF","value": 0}],"TM":[{"name":"cod.esE0000","value":94.494845},{"name":"cod.meGCAUMNS","value": 6.597938},{"name":"cod.meGCAUGPA","value": 0.000000},{"name":"cod.meGCAUMEF","value": 0.000000}],"TC":[{"name":"cod.esE0000","value":125.000000},{"name":"cod.meGCAUMNS","value":  9.081633},{"name":"cod.meGCAUGPA","value":  0.000000},{"name":"cod.meGCAUMEF","value":  0.000000}] 
,"DTE":[{"H":"lb.l0018","Hid":1,"FFt":1071.17,"FFtD":-12.63,"FPz":57,"FPzD":-16.18,"FQt":100,"FPr":18.79,"FM":514.68,"MFt":1806.05,"MFtD":-14.27,"MPz":101.09,"MPzD":-16.58,"MQt":100,"MPr":17.87,"MM":825.48,"CFt":2383.3,"CFtD":-18.57,"CPz":134.08,"CPzD":-20.95,"CQt":100,"CPr":17.77,"CM":1095.32}
,{"H":"cod.meGCAUGPA","Hid":0,"FFt":0,"FFtD":null,"FPz":0,"FPzD":null,"FQt":0,"FPr":null,"FM":0,"MFt":0,"MFtD":null,"MPz":0,"MPzD":null,"MQt":0,"MPr":null,"MM":0,"CFt":0,"CFtD":null,"CPz":0,"CPzD":null,"CQt":0,"CPr":null,"CM":0}
,{"H":"cod.meGCAUMEF","Hid":0,"FFt":0,"FFtD":null,"FPz":0,"FPzD":null,"FQt":0,"FPr":null,"FM":0,"MFt":0,"MFtD":null,"MPz":0,"MPzD":null,"MQt":0,"MPr":null,"MM":0,"CFt":0,"CFtD":null,"CPz":0,"CPzD":null,"CQt":0,"CPr":null,"CM":0}
,{"H":"cod.meGCAUMNS","Hid":3,"FFt":82.75,"FFtD":-44.93,"FPz":6,"FPzD":-45.45,"FQt":10.53,"FPr":13.79,"FM":32.32,"MFt":93.07,"MFtD":-40.88,"MPz":6.6,"MPzD":-42.81,"MQt":6.53,"MPr":14.11,"MM":32.82,"CFt":128.68,"CFtD":-46.52,"CPz":9.08,"CPzD":-48.2,"CQt":6.77,"CPr":14.17,"CM":45.28}
,{"H":"cod.esE0000","Hid":4,"FFt":988.42,"FFtD":-8.11,"FPz":51,"FPzD":-10.53,"FQt":89.47,"FPr":19.38,"FM":482.36,"MFt":1712.98,"MFtD":-12.12,"MPz":94.49,"MPzD":-13.82,"MQt":93.47,"MPr":18.13,"MM":792.67,"CFt":2254.62,"CFtD":-16.07,"CPz":125,"CPzD":-17.81,"CQt":93.23,"CPr":18.04,"CM":1050.05}]}, 
{ 
"IPD":"BIM" 
,"PD":"BIM","TF":[{"name":"cod.esE0000","value":8},{"name":"cod.meGCAUMNS","value":4},{"name":"cod.meGCAUGPA","value":0},{"name":"cod.meGCAUMEF","value":0}],"TM":[{"name":"cod.esE0000","value":16.814433},{"name":"cod.meGCAUMNS","value": 1.309278},{"name":"cod.meGCAUGPA","value": 0.000000},{"name":"cod.meGCAUMEF","value": 0.000000}],"TC":[{"name":"cod.esE0000","value":22.693878},{"name":"cod.meGCAUMNS","value": 1.714286},{"name":"cod.meGCAUGPA","value": 0.000000},{"name":"cod.meGCAUMEF","value": 0.000000}] 
,"DTE":[{"H":"lb.l0018","Hid":1,"FFt":211.99,"FFtD":26.11,"FPz":12,"FPzD":50,"FQt":100,"FPr":17.67,"FM":99.45,"MFt":325.59,"MFtD":26.31,"MPz":18.12,"MPzD":23.63,"MQt":100,"MPr":17.97,"MM":148.29,"CFt":439.72,"CFtD":26.66,"CPz":24.41,"CPzD":23.3,"CQt":100,"CPr":18.02,"CM":200.45}
,{"H":"cod.meGCAUGPA","Hid":0,"FFt":0,"FFtD":null,"FPz":0,"FPzD":null,"FQt":0,"FPr":null,"FM":0,"MFt":0,"MFtD":null,"MPz":0,"MPzD":null,"MQt":0,"MPr":null,"MM":0,"CFt":0,"CFtD":null,"CPz":0,"CPzD":null,"CQt":0,"CPr":null,"CM":0}
,{"H":"cod.meGCAUMEF","Hid":0,"FFt":0,"FFtD":null,"FPz":0,"FPzD":null,"FQt":0,"FPr":null,"FM":0,"MFt":0,"MFtD":null,"MPz":0,"MPzD":null,"MQt":0,"MPr":null,"MM":0,"CFt":0,"CFtD":null,"CPz":0,"CPzD":null,"CQt":0,"CPr":null,"CM":0}
,{"H":"cod.meGCAUMNS","Hid":3,"FFt":55.15,"FFtD":null,"FPz":4,"FPzD":null,"FQt":33.33,"FPr":13.79,"FM":21.42,"MFt":18.54,"MFtD":32.8,"MPz":1.31,"MPzD":29.59,"MQt":7.22,"MPr":14.16,"MM":6.36,"CFt":24.39,"CFtD":28.55,"CPz":1.71,"CPzD":27.27,"CQt":7.02,"CPr":14.23,"CM":8.55}
,{"H":"cod.esE0000","Hid":4,"FFt":156.84,"FFtD":-6.7,"FPz":8,"FPzD":0,"FQt":66.67,"FPr":19.6,"FM":78.03,"MFt":307.06,"MFtD":25.94,"MPz":16.81,"MPzD":23.19,"MQt":92.78,"MPr":18.26,"MM":141.93,"CFt":415.33,"CFtD":26.55,"CPz":22.69,"CPzD":23.01,"CQt":92.98,"CPr":18.3,"CM":191.89}]}, 
{ 
"IPD":"UM" 
,"PD":"UM","TF":[{"name":"cod.esE0000","value":2},{"name":"cod.meGCAUMNS","value":1},{"name":"cod.meGCAUGPA","value":0},{"name":"cod.meGCAUMEF","value":0}],"TM":[{"name":"cod.esE0000","value":7.7938144},{"name":"cod.meGCAUMNS","value":0.7216495},{"name":"cod.meGCAUGPA","value":0.0000000},{"name":"cod.meGCAUMEF","value":0.0000000}],"TC":[{"name":"cod.esE0000","value":10.3265306},{"name":"cod.meGCAUMNS","value": 0.9795918},{"name":"cod.meGCAUGPA","value": 0.0000000},{"name":"cod.meGCAUMEF","value": 0.0000000}] 
,"DTE":[{"H":"lb.l0018","Hid":1,"FFt":56.9,"FFtD":-41.52,"FPz":3,"FPzD":-40,"FQt":100,"FPr":18.97,"FM":26.99,"MFt":154.99,"MFtD":31.61,"MPz":8.52,"MPzD":26.69,"MQt":100,"MPr":18.2,"MM":70.96,"CFt":207.84,"CFtD":26.4,"CPz":11.31,"CPzD":20.17,"CQt":100,"CPr":18.38,"CM":95.62}
,{"H":"cod.meGCAUGPA","Hid":0,"FFt":0,"FFtD":null,"FPz":0,"FPzD":null,"FQt":0,"FPr":null,"FM":0,"MFt":0,"MFtD":null,"MPz":0,"MPzD":null,"MQt":0,"MPr":null,"MM":0,"CFt":0,"CFtD":null,"CPz":0,"CPzD":null,"CQt":0,"CPr":null,"CM":0}
,{"H":"cod.meGCAUMEF","Hid":0,"FFt":0,"FFtD":null,"FPz":0,"FPzD":null,"FQt":0,"FPr":null,"FM":0,"MFt":0,"MFtD":null,"MPz":0,"MPzD":null,"MQt":0,"MPr":null,"MM":0,"CFt":0,"CFtD":null,"CPz":0,"CPzD":null,"CQt":0,"CPr":null,"CM":0}
,{"H":"cod.meGCAUMNS","Hid":3,"FFt":14.5,"FFtD":null,"FPz":1,"FPzD":null,"FQt":33.33,"FPr":14.5,"FM":6,"MFt":10.32,"MFtD":45.07,"MPz":0.72,"MPzD":40,"MQt":8.47,"MPr":14.29,"MM":3.51,"CFt":14.05,"CFtD":26.21,"CPz":0.98,"CPzD":23.08,"CQt":8.66,"CPr":14.34,"CM":4.8}
,{"H":"cod.esE0000","Hid":4,"FFt":42.4,"FFtD":-56.42,"FPz":2,"FPzD":-60,"FQt":66.67,"FPr":21.2,"FM":20.99,"MFt":144.68,"MFtD":30.74,"MPz":7.79,"MPzD":25.58,"MQt":91.53,"MPr":18.56,"MM":67.45,"CFt":193.79,"CFtD":26.41,"CPz":10.33,"CPzD":19.91,"CQt":91.34,"CPr":18.77,"CM":90.82}]}]}