{ 
 "TIT":"cod.ESE0020" 
,"GF": [{ 
"dati":[{"name":"F","value":10.09}] 
,"opzioni":{"min":0,"max":15}}]
                        
,"GM": [{ 
"dati":[{"name":"M","value":11.55}] 
,"opzioni":{"min":0,"max":15}}]
                        
,"GC": [{ 
"dati":[{"name":"C","value":10.82}] 
,"opzioni":{"min":0,"max":15}}],"ISF2V":[{"min": 0, "max": 60}]
,"ISP2V":[{"min": 0, "max":60 }]   
,"ISP2":[{"name": "lb.l0006","series": [{ "name":"lb.l0052","value":10 },{ "name":"lb.l0053","value":27 },{ "name":"lb.l0054","value":20 },{ "name":"lb.l0055","value":22 },{ "name":"lb.l0056","value":25 },{ "name":"lb.l0057","value":24 },{ "name":"lb.l0058","value":29 },{ "name":"lb.l0059","value":23 },{ "name":"lb.l0060","value":30 },{ "name":"lb.l0061","value":46 },{ "name":"lb.l0062","value":44 },{ "name":"lb.l0063","value":37 }]}
,{"name": "lb.l0007","series": [{ "name":"lb.l0052","value":19.9175257731959 },{ "name":"lb.l0053","value":15.9278350515464 },{ "name":"lb.l0054","value":17.7938144329897 },{ "name":"lb.l0055","value":19.0824742268041 },{ "name":"lb.l0056","value":23.701030927835 },{ "name":"lb.l0057","value":29.1030927835052 },{ "name":"lb.l0058","value":36.5670103092784 },{ "name":"lb.l0059","value":40.1443298969072 },{ "name":"lb.l0060","value":32.0515463917526 },{ "name":"lb.l0061","value":35.7422680412371 },{ "name":"lb.l0062","value":33.6082474226804 },{ "name":"lb.l0063","value":31.8453608247423 }]}
,{"name": "lb.l0008","series": [{ "name":"lb.l0052","value":26.9387755102041 },{ "name":"lb.l0053","value":21.2040816326531 },{ "name":"lb.l0054","value":24.0204081632653 },{ "name":"lb.l0055","value":26.4489795918367 },{ "name":"lb.l0056","value":33.5918367346939 },{ "name":"lb.l0057","value":39.6734693877551 },{ "name":"lb.l0058","value":50.6734693877551 },{ "name":"lb.l0059","value":52.8775510204082 },{ "name":"lb.l0060","value":43.5510204081633 },{ "name":"lb.l0061","value":50.2040816326531 },{ "name":"lb.l0062","value":45.4489795918367 },{ "name":"lb.l0063","value":43.3265306122449 }]}] ,"ISP1":[ 
{"name": "lb.l0040","series": [{"name":"2021","value":10},{"name":"2020","value":45}]},
{"name": "lb.l0041","series": [{"name":"2021","value":37},{"name":"2020","value":78}]},
{"name": "lb.l0042","series": [{"name":"2021","value":57},{"name":"2020","value":110}]},
{"name": "lb.l0043","series": [{"name":"2021","value":79},{"name":"2020","value":120}]},
{"name": "lb.l0044","series": [{"name":"2021","value":104},{"name":"2020","value":137}]},
{"name": "lb.l0045","series": [{"name":"2021","value":128},{"name":"2020","value":160}]},
{"name": "lb.l0046","series": [{"name":"2021","value":157},{"name":"2020","value":190}]},
{"name": "lb.l0047","series": [{"name":"2021","value":180},{"name":"2020","value":214}]},
{"name": "lb.l0048","series": [{"name":"2021","value":210},{"name":"2020","value":238}]},
{"name": "lb.l0049","series": [{"name":"2021","value":256},{"name":"2020","value":254}]},
{"name": "lb.l0050","series": [{"name":"2021","value":300},{"name":"2020","value":266}]},
{"name": "lb.l0051","series": [{"name":"2021","value":337},{"name":"2020","value":288}]}] 
,"dati":[ 
{ 
"IPD":"MAT" 
,"PD":"MAT","TF":[{"name":"cod.meGCAUMNS","value":217},{"name":"cod.esE0000","value": 86},{"name":"cod.meGCAUGPA","value": 34},{"name":"cod.meGCAUMEF","value":  0}],"TM":[{"name":"cod.meGCAUMNS","value":240.75258},{"name":"cod.esE0000","value": 55.98969},{"name":"cod.meGCAUGPA","value": 38.74227},{"name":"cod.meGCAUMEF","value":  0.00000}],"TC":[{"name":"cod.meGCAUMNS","value":326.40816},{"name":"cod.esE0000","value": 82.02041},{"name":"cod.meGCAUGPA","value": 49.53061},{"name":"cod.meGCAUMEF","value":  0.00000}] 
,"DTE":[{"H":"lb.l0018","Hid":1,"FFt":3601.62,"FFtD":26.86,"FPz":337,"FPzD":17.01,"FQt":100,"FPr":10.69,"FM":1250.86,"MFt":3360.5,"MFtD":32.34,"MPz":335.48,"MPzD":25.16,"MQt":100,"MPr":10.02,"MM":1121.16,"CFt":4609.65,"CFtD":32.07,"CPz":457.96,"CPzD":24.67,"CQt":100,"CPr":10.07,"CM":1530.98}
,{"H":"cod.meGCAUGPA","Hid":0,"FFt":483.5,"FFtD":-16.58,"FPz":34,"FPzD":-17.07,"FQt":10.09,"FPr":14.22,"FM":212.66,"MFt":531.14,"MFtD":26.2,"MPz":38.74,"MPzD":24.35,"MQt":11.55,"MPr":13.71,"MM":235.53,"CFt":683.1,"CFtD":21.71,"CPz":49.53,"CPzD":19.73,"CQt":10.82,"CPr":13.79,"CM":304.76}
,{"H":"cod.meGCAUMEF","Hid":0,"FFt":0,"FFtD":null,"FPz":0,"FPzD":null,"FQt":0,"FPr":null,"FM":0,"MFt":0,"MFtD":null,"MPz":0,"MPzD":null,"MQt":0,"MPr":null,"MM":0,"CFt":0,"CFtD":null,"CPz":0,"CPzD":null,"CQt":0,"CPr":null,"CM":0}
,{"H":"cod.meGCAUMNS","Hid":3,"FFt":1904.82,"FFtD":5.74,"FPz":217,"FPzD":1.88,"FQt":64.39,"FPr":8.78,"FM":603.73,"MFt":2066.57,"MFtD":23.73,"MPz":240.75,"MPzD":19.28,"MQt":71.76,"MPr":8.58,"MM":645.88,"CFt":2799.04,"CFtD":23.58,"CPz":326.41,"CPzD":18.83,"CQt":71.27,"CPr":8.58,"CM":872.22}
,{"H":"cod.esE0000","Hid":4,"FFt":1213.3,"FFtD":164.8,"FPz":86,"FPzD":152.94,"FQt":25.52,"FPr":14.11,"FM":434.47,"MFt":762.8,"MFtD":70.2,"MPz":55.99,"MPzD":59.74,"MQt":16.69,"MPr":13.62,"MM":239.75,"CFt":1127.51,"CFtD":69.77,"CPz":82.02,"CPzD":59.93,"CQt":17.91,"CPr":13.75,"CM":354.01}]}, 
{ 
"IPD":"YTD" 
,"PD":"YTD","TF":[{"name":"cod.meGCAUMNS","value":217},{"name":"cod.esE0000","value": 86},{"name":"cod.meGCAUGPA","value": 34},{"name":"cod.meGCAUMEF","value":  0}],"TM":[{"name":"cod.meGCAUMNS","value":240.75258},{"name":"cod.esE0000","value": 55.98969},{"name":"cod.meGCAUGPA","value": 38.74227},{"name":"cod.meGCAUMEF","value":  0.00000}],"TC":[{"name":"cod.meGCAUMNS","value":326.40816},{"name":"cod.esE0000","value": 82.02041},{"name":"cod.meGCAUGPA","value": 49.53061},{"name":"cod.meGCAUMEF","value":  0.00000}] 
,"DTE":[{"H":"lb.l0018","Hid":1,"FFt":3601.62,"FFtD":26.86,"FPz":337,"FPzD":17.01,"FQt":100,"FPr":10.69,"FM":1250.86,"MFt":3360.5,"MFtD":32.34,"MPz":335.48,"MPzD":25.16,"MQt":100,"MPr":10.02,"MM":1121.16,"CFt":4609.65,"CFtD":32.07,"CPz":457.96,"CPzD":24.67,"CQt":100,"CPr":10.07,"CM":1530.98}
,{"H":"cod.meGCAUGPA","Hid":0,"FFt":483.5,"FFtD":-16.58,"FPz":34,"FPzD":-17.07,"FQt":10.09,"FPr":14.22,"FM":212.66,"MFt":531.14,"MFtD":26.2,"MPz":38.74,"MPzD":24.35,"MQt":11.55,"MPr":13.71,"MM":235.53,"CFt":683.1,"CFtD":21.71,"CPz":49.53,"CPzD":19.73,"CQt":10.82,"CPr":13.79,"CM":304.76}
,{"H":"cod.meGCAUMEF","Hid":0,"FFt":0,"FFtD":null,"FPz":0,"FPzD":null,"FQt":0,"FPr":null,"FM":0,"MFt":0,"MFtD":null,"MPz":0,"MPzD":null,"MQt":0,"MPr":null,"MM":0,"CFt":0,"CFtD":null,"CPz":0,"CPzD":null,"CQt":0,"CPr":null,"CM":0}
,{"H":"cod.meGCAUMNS","Hid":3,"FFt":1904.82,"FFtD":5.74,"FPz":217,"FPzD":1.88,"FQt":64.39,"FPr":8.78,"FM":603.73,"MFt":2066.57,"MFtD":23.73,"MPz":240.75,"MPzD":19.28,"MQt":71.76,"MPr":8.58,"MM":645.88,"CFt":2799.04,"CFtD":23.58,"CPz":326.41,"CPzD":18.83,"CQt":71.27,"CPr":8.58,"CM":872.22}
,{"H":"cod.esE0000","Hid":4,"FFt":1213.3,"FFtD":164.8,"FPz":86,"FPzD":152.94,"FQt":25.52,"FPr":14.11,"FM":434.47,"MFt":762.8,"MFtD":70.2,"MPz":55.99,"MPzD":59.74,"MQt":16.69,"MPr":13.62,"MM":239.75,"CFt":1127.51,"CFtD":69.77,"CPz":82.02,"CPzD":59.93,"CQt":17.91,"CPr":13.75,"CM":354.01}]}, 
{ 
"IPD":"BIM" 
,"PD":"BIM","TF":[{"name":"cod.meGCAUMNS","value":50},{"name":"cod.esE0000","value":29},{"name":"cod.meGCAUGPA","value": 2},{"name":"cod.meGCAUMEF","value": 0}],"TM":[{"name":"cod.meGCAUMNS","value":47.360825},{"name":"cod.esE0000","value":11.731959},{"name":"cod.meGCAUGPA","value": 6.360825},{"name":"cod.meGCAUMEF","value": 0.000000}],"TC":[{"name":"cod.meGCAUMNS","value":63.979592},{"name":"cod.esE0000","value":16.102041},{"name":"cod.meGCAUGPA","value": 8.693878},{"name":"cod.meGCAUMEF","value": 0.000000}] 
,"DTE":[{"H":"lb.l0018","Hid":1,"FFt":892.18,"FFtD":160.64,"FPz":81,"FPzD":138.24,"FQt":100,"FPr":11.01,"FM":333.72,"MFt":666.28,"MFtD":88.07,"MPz":65.45,"MPzD":75.97,"MQt":100,"MPr":10.18,"MM":221.35,"CFt":910.16,"CFtD":87,"CPz":88.78,"CPzD":73.51,"CQt":100,"CPr":10.25,"CM":303.38}
,{"H":"cod.meGCAUGPA","Hid":0,"FFt":29.8,"FFtD":-73.95,"FPz":2,"FPzD":-75,"FQt":2.47,"FPr":14.9,"FM":13.94,"MFt":88.06,"MFtD":42.49,"MPz":6.36,"MPzD":40.23,"MQt":9.72,"MPr":13.84,"MM":39.14,"CFt":121.24,"CFtD":45.63,"CPz":8.69,"CPzD":43.43,"CQt":9.79,"CPr":13.95,"CM":53.98}
,{"H":"cod.meGCAUMEF","Hid":0,"FFt":0,"FFtD":null,"FPz":0,"FPzD":null,"FQt":0,"FPr":null,"FM":0,"MFt":0,"MFtD":null,"MPz":0,"MPzD":null,"MQt":0,"MPr":null,"MM":0,"CFt":0,"CFtD":null,"CPz":0,"CPzD":null,"CQt":0,"CPr":null,"CM":0}
,{"H":"cod.meGCAUMNS","Hid":3,"FFt":448.22,"FFtD":126.26,"FPz":50,"FPzD":117.39,"FQt":61.73,"FPr":8.96,"FM":146.26,"MFt":416.37,"MFtD":77.99,"MPz":47.36,"MPzD":68.16,"MQt":72.36,"MPr":8.79,"MM":130.9,"CFt":565.37,"CFtD":75.79,"CPz":63.98,"CPzD":64.83,"CQt":72.07,"CPr":8.84,"CM":177.95}
,{"H":"cod.esE0000","Hid":4,"FFt":414.16,"FFtD":1289.8,"FPz":29,"FPzD":866.67,"FQt":35.8,"FPr":14.28,"FM":173.52,"MFt":161.85,"MFtD":176.46,"MPz":11.73,"MPzD":161.01,"MQt":17.92,"MPr":13.8,"MM":51.31,"CFt":223.55,"CFtD":173.16,"CPz":16.1,"CPzD":156.17,"CQt":18.14,"CPr":13.88,"CM":71.45}]}, 
{ 
"IPD":"UM" 
,"PD":"UM","TF":[{"name":"cod.meGCAUMNS","value":19},{"name":"cod.esE0000","value":17},{"name":"cod.meGCAUGPA","value": 1},{"name":"cod.meGCAUMEF","value": 0}],"TM":[{"name":"cod.meGCAUMNS","value":23.113402},{"name":"cod.esE0000","value": 5.639175},{"name":"cod.meGCAUGPA","value": 3.092784},{"name":"cod.meGCAUMEF","value": 0.000000}],"TC":[{"name":"cod.meGCAUMNS","value":31.489796},{"name":"cod.esE0000","value": 7.632653},{"name":"cod.meGCAUGPA","value": 4.204082},{"name":"cod.meGCAUMEF","value": 0.000000}] 
,"DTE":[{"H":"lb.l0018","Hid":1,"FFt":437.72,"FFtD":102.41,"FPz":37,"FPzD":68.18,"FQt":100,"FPr":11.83,"FM":173.73,"MFt":322.07,"MFtD":76.23,"MPz":31.85,"MPzD":65.1,"MQt":100,"MPr":10.11,"MM":107.32,"CFt":442.06,"CFtD":74.18,"CPz":43.33,"CPzD":61.81,"CQt":100,"CPr":10.2,"CM":148.08}
,{"H":"cod.meGCAUGPA","Hid":0,"FFt":14.9,"FFtD":-73.95,"FPz":1,"FPzD":-75,"FQt":2.7,"FPr":14.9,"FM":6.97,"MFt":42.7,"MFtD":28.49,"MPz":3.09,"MPzD":27.12,"MQt":9.71,"MPr":13.81,"MM":18.91,"CFt":58.42,"CFtD":32.36,"CPz":4.2,"CPzD":31.21,"CQt":9.7,"CPr":13.9,"CM":25.8}
,{"H":"cod.meGCAUMEF","Hid":0,"FFt":0,"FFtD":null,"FPz":0,"FPzD":null,"FQt":0,"FPr":null,"FM":0,"MFt":0,"MFtD":null,"MPz":0,"MPzD":null,"MQt":0,"MPr":null,"MM":0,"CFt":0,"CFtD":null,"CPz":0,"CPzD":null,"CQt":0,"CPr":null,"CM":0}
,{"H":"cod.meGCAUMNS","Hid":3,"FFt":169.82,"FFtD":17.16,"FPz":19,"FPzD":11.76,"FQt":51.35,"FPr":8.94,"FM":55,"MFt":202.92,"MFtD":66.82,"MPz":23.11,"MPzD":56.89,"MQt":72.58,"MPr":8.78,"MM":64.07,"CFt":278.3,"CFtD":63.61,"CPz":31.49,"CPzD":52.92,"CQt":72.68,"CPr":8.84,"CM":88.3}
,{"H":"cod.esE0000","Hid":4,"FFt":253,"FFtD":1694.33,"FPz":17,"FPzD":1600,"FQt":45.95,"FPr":14.88,"FM":111.76,"MFt":76.44,"MFtD":174.18,"MPz":5.64,"MPzD":165.53,"MQt":17.71,"MPr":13.56,"MM":24.33,"CFt":105.34,"CFtD":166.34,"CPz":7.63,"CPzD":156.16,"CQt":17.62,"CPr":13.8,"CM":33.97}]}]}