{ 
 "TIT":"cod.ESE0029" 
,"GF": [{ 
"dati":[{"name":"F","value":0}] 
,"opzioni":{"min":0,"max":5}}]
                        
,"GM": [{ 
"dati":[{"name":"M","value":0}] 
,"opzioni":{"min":0,"max":5}}]
                        
,"GC": [{ 
"dati":[{"name":"C","value":0}] 
,"opzioni":{"min":0,"max":5}}],"ISF2V":[{"min": 10, "max": 40}]
,"ISP2V":[{"min": 10, "max":40 }]   
,"ISP2":[{"name": "lb.l0006","series": [{ "name":"lb.l0052","value":25 },{ "name":"lb.l0053","value":23 },{ "name":"lb.l0054","value":24 },{ "name":"lb.l0055","value":20 },{ "name":"lb.l0056","value":24 },{ "name":"lb.l0057","value":33 },{ "name":"lb.l0058","value":22 },{ "name":"lb.l0059","value":21 },{ "name":"lb.l0060","value":32 },{ "name":"lb.l0061","value":34 },{ "name":"lb.l0062","value":25 },{ "name":"lb.l0063","value":18 }]}
,{"name": "lb.l0007","series": [{ "name":"lb.l0052","value":21.4742268041237 },{ "name":"lb.l0053","value":21.1546391752577 },{ "name":"lb.l0054","value":21.6082474226804 },{ "name":"lb.l0055","value":20.340206185567 },{ "name":"lb.l0056","value":20.2474226804124 },{ "name":"lb.l0057","value":21.2474226804124 },{ "name":"lb.l0058","value":25.5051546391753 },{ "name":"lb.l0059","value":27.5051546391753 },{ "name":"lb.l0060","value":25.9484536082474 },{ "name":"lb.l0061","value":25.5876288659794 },{ "name":"lb.l0062","value":23.298969072165 },{ "name":"lb.l0063","value":23.5567010309278 }]}
,{"name": "lb.l0008","series": [{ "name":"lb.l0052","value":29.8367346938776 },{ "name":"lb.l0053","value":28.9591836734694 },{ "name":"lb.l0054","value":30.6938775510204 },{ "name":"lb.l0055","value":29.1224489795918 },{ "name":"lb.l0056","value":27.4897959183673 },{ "name":"lb.l0057","value":29.2244897959184 },{ "name":"lb.l0058","value":33.0816326530612 },{ "name":"lb.l0059","value":36.8775510204082 },{ "name":"lb.l0060","value":34.530612244898 },{ "name":"lb.l0061","value":35.0612244897959 },{ "name":"lb.l0062","value":30.5510204081633 },{ "name":"lb.l0063","value":30.9387755102041 }]}] ,"ISP1":[ 
{"name": "lb.l0040","series": [{"name":"2021","value":25},{"name":"2020","value":30}]},
{"name": "lb.l0041","series": [{"name":"2021","value":48},{"name":"2020","value":58}]},
{"name": "lb.l0042","series": [{"name":"2021","value":72},{"name":"2020","value":83}]},
{"name": "lb.l0043","series": [{"name":"2021","value":92},{"name":"2020","value":98}]},
{"name": "lb.l0044","series": [{"name":"2021","value":116},{"name":"2020","value":113}]},
{"name": "lb.l0045","series": [{"name":"2021","value":149},{"name":"2020","value":130}]},
{"name": "lb.l0046","series": [{"name":"2021","value":171},{"name":"2020","value":143}]},
{"name": "lb.l0047","series": [{"name":"2021","value":192},{"name":"2020","value":167}]},
{"name": "lb.l0048","series": [{"name":"2021","value":224},{"name":"2020","value":187}]},
{"name": "lb.l0049","series": [{"name":"2021","value":258},{"name":"2020","value":212}]},
{"name": "lb.l0050","series": [{"name":"2021","value":283},{"name":"2020","value":234}]},
{"name": "lb.l0051","series": [{"name":"2021","value":301},{"name":"2020","value":258}]}] 
,"dati":[ 
{ 
"IPD":"MAT" 
,"PD":"MAT","TF":[{"name":"cod.meGCAUMNS","value":255},{"name":"cod.esE0000","value": 46},{"name":"cod.meGCAUGPA","value":  0},{"name":"cod.meGCAUMEF","value":  0}],"TM":[{"name":"cod.meGCAUMNS","value":257.78351},{"name":"cod.esE0000","value": 19.69072},{"name":"cod.meGCAUGPA","value":  0.00000},{"name":"cod.meGCAUMEF","value":  0.00000}],"TC":[{"name":"cod.meGCAUMNS","value":349.02041},{"name":"cod.esE0000","value": 27.34694},{"name":"cod.meGCAUGPA","value":  0.00000},{"name":"cod.meGCAUMEF","value":  0.00000}] 
,"DTE":[{"H":"lb.l0018","Hid":1,"FFt":2805.37,"FFtD":24.58,"FPz":301,"FPzD":16.67,"FQt":100,"FPr":9.32,"FM":911.55,"MFt":2321.95,"MFtD":8.48,"MPz":277.47,"MPzD":2.95,"MQt":100,"MPr":8.37,"MM":786.23,"CFt":3187.77,"CFtD":6.14,"CPz":376.37,"CPzD":0.88,"CQt":100,"CPr":8.47,"CM":1077.62}
,{"H":"cod.meGCAUGPA","Hid":0,"FFt":0,"FFtD":null,"FPz":0,"FPzD":null,"FQt":0,"FPr":null,"FM":0,"MFt":0,"MFtD":null,"MPz":0,"MPzD":null,"MQt":0,"MPr":null,"MM":0,"CFt":0,"CFtD":null,"CPz":0,"CPzD":null,"CQt":0,"CPr":null,"CM":0}
,{"H":"cod.meGCAUMEF","Hid":0,"FFt":0,"FFtD":null,"FPz":0,"FPzD":null,"FQt":0,"FPr":null,"FM":0,"MFt":0,"MFtD":null,"MPz":0,"MPzD":null,"MQt":0,"MPr":null,"MM":0,"CFt":0,"CFtD":null,"CPz":0,"CPzD":null,"CQt":0,"CPr":null,"CM":0}
,{"H":"cod.meGCAUMNS","Hid":3,"FFt":2050.38,"FFtD":19.05,"FPz":255,"FPzD":12.83,"FQt":84.72,"FPr":8.04,"FM":673.52,"MFt":2006.17,"MFtD":7.37,"MPz":257.78,"MPzD":2.3,"MQt":92.9,"MPr":7.78,"MM":672.34,"CFt":2742.46,"CFtD":5.23,"CPz":349.02,"CPzD":0.3,"CQt":92.73,"CPr":7.86,"CM":915.81}
,{"H":"cod.esE0000","Hid":4,"FFt":754.99,"FFtD":42.55,"FPz":46,"FPzD":43.75,"FQt":15.28,"FPr":16.41,"FM":238.03,"MFt":315.78,"MFtD":16.11,"MPz":19.69,"MPzD":12.16,"MQt":7.1,"MPr":16.04,"MM":113.89,"CFt":445.31,"CFtD":12.1,"CPz":27.35,"CPzD":8.85,"CQt":7.27,"CPr":16.28,"CM":161.81}]}, 
{ 
"IPD":"YTD" 
,"PD":"YTD","TF":[{"name":"cod.meGCAUMNS","value":255},{"name":"cod.esE0000","value": 46},{"name":"cod.meGCAUGPA","value":  0},{"name":"cod.meGCAUMEF","value":  0}],"TM":[{"name":"cod.meGCAUMNS","value":257.78351},{"name":"cod.esE0000","value": 19.69072},{"name":"cod.meGCAUGPA","value":  0.00000},{"name":"cod.meGCAUMEF","value":  0.00000}],"TC":[{"name":"cod.meGCAUMNS","value":349.02041},{"name":"cod.esE0000","value": 27.34694},{"name":"cod.meGCAUGPA","value":  0.00000},{"name":"cod.meGCAUMEF","value":  0.00000}] 
,"DTE":[{"H":"lb.l0018","Hid":1,"FFt":2805.37,"FFtD":24.58,"FPz":301,"FPzD":16.67,"FQt":100,"FPr":9.32,"FM":911.55,"MFt":2321.95,"MFtD":8.48,"MPz":277.47,"MPzD":2.95,"MQt":100,"MPr":8.37,"MM":786.23,"CFt":3187.77,"CFtD":6.14,"CPz":376.37,"CPzD":0.88,"CQt":100,"CPr":8.47,"CM":1077.62}
,{"H":"cod.meGCAUGPA","Hid":0,"FFt":0,"FFtD":null,"FPz":0,"FPzD":null,"FQt":0,"FPr":null,"FM":0,"MFt":0,"MFtD":null,"MPz":0,"MPzD":null,"MQt":0,"MPr":null,"MM":0,"CFt":0,"CFtD":null,"CPz":0,"CPzD":null,"CQt":0,"CPr":null,"CM":0}
,{"H":"cod.meGCAUMEF","Hid":0,"FFt":0,"FFtD":null,"FPz":0,"FPzD":null,"FQt":0,"FPr":null,"FM":0,"MFt":0,"MFtD":null,"MPz":0,"MPzD":null,"MQt":0,"MPr":null,"MM":0,"CFt":0,"CFtD":null,"CPz":0,"CPzD":null,"CQt":0,"CPr":null,"CM":0}
,{"H":"cod.meGCAUMNS","Hid":3,"FFt":2050.38,"FFtD":19.05,"FPz":255,"FPzD":12.83,"FQt":84.72,"FPr":8.04,"FM":673.52,"MFt":2006.17,"MFtD":7.37,"MPz":257.78,"MPzD":2.3,"MQt":92.9,"MPr":7.78,"MM":672.34,"CFt":2742.46,"CFtD":5.23,"CPz":349.02,"CPzD":0.3,"CQt":92.73,"CPr":7.86,"CM":915.81}
,{"H":"cod.esE0000","Hid":4,"FFt":754.99,"FFtD":42.55,"FPz":46,"FPzD":43.75,"FQt":15.28,"FPr":16.41,"FM":238.03,"MFt":315.78,"MFtD":16.11,"MPz":19.69,"MPzD":12.16,"MQt":7.1,"MPr":16.04,"MM":113.89,"CFt":445.31,"CFtD":12.1,"CPz":27.35,"CPzD":8.85,"CQt":7.27,"CPr":16.28,"CM":161.81}]}, 
{ 
"IPD":"BIM" 
,"PD":"BIM","TF":[{"name":"cod.meGCAUMNS","value":36},{"name":"cod.esE0000","value": 7},{"name":"cod.meGCAUGPA","value": 0},{"name":"cod.meGCAUMEF","value": 0}],"TM":[{"name":"cod.meGCAUMNS","value":43.85567},{"name":"cod.esE0000","value": 3.00000},{"name":"cod.meGCAUGPA","value": 0.00000},{"name":"cod.meGCAUMEF","value": 0.00000}],"TC":[{"name":"cod.meGCAUMNS","value":57.448980},{"name":"cod.esE0000","value": 4.040816},{"name":"cod.meGCAUGPA","value": 0.000000},{"name":"cod.meGCAUMEF","value": 0.000000}] 
,"DTE":[{"H":"lb.l0018","Hid":1,"FFt":399.47,"FFtD":-11.74,"FPz":43,"FPzD":-6.52,"FQt":100,"FPr":9.29,"FM":147.23,"MFt":399.69,"MFtD":9.7,"MPz":46.86,"MPzD":4.55,"MQt":100,"MPr":8.53,"MM":134.79,"CFt":529.92,"CFtD":4.53,"CPz":61.49,"CPzD":-0.3,"CQt":100,"CPr":8.62,"CM":178.24}
,{"H":"cod.meGCAUGPA","Hid":0,"FFt":0,"FFtD":null,"FPz":0,"FPzD":null,"FQt":0,"FPr":null,"FM":0,"MFt":0,"MFtD":null,"MPz":0,"MPzD":null,"MQt":0,"MPr":null,"MM":0,"CFt":0,"CFtD":null,"CPz":0,"CPzD":null,"CQt":0,"CPr":null,"CM":0}
,{"H":"cod.meGCAUMEF","Hid":0,"FFt":0,"FFtD":null,"FPz":0,"FPzD":null,"FQt":0,"FPr":null,"FM":0,"MFt":0,"MFtD":null,"MPz":0,"MPzD":null,"MQt":0,"MPr":null,"MM":0,"CFt":0,"CFtD":null,"CPz":0,"CPzD":null,"CQt":0,"CPr":null,"CM":0}
,{"H":"cod.meGCAUMNS","Hid":3,"FFt":289.02,"FFtD":-6.01,"FPz":36,"FPzD":-7.69,"FQt":83.72,"FPr":8.03,"FM":113.59,"MFt":351.19,"MFtD":10.52,"MPz":43.86,"MPzD":4.75,"MQt":93.6,"MPr":8.01,"MM":117.7,"CFt":464.48,"CFtD":5.72,"CPz":57.45,"CPzD":-0.04,"CQt":93.43,"CPr":8.09,"CM":155.26}
,{"H":"cod.esE0000","Hid":4,"FFt":110.45,"FFtD":-23.89,"FPz":7,"FPzD":0,"FQt":16.28,"FPr":15.78,"FM":33.64,"MFt":48.5,"MFtD":4.14,"MPz":3,"MPzD":1.75,"MQt":6.4,"MPr":16.17,"MM":17.08,"CFt":65.44,"CFtD":-3.22,"CPz":4.04,"CPzD":-3.88,"CQt":6.57,"CPr":16.2,"CM":22.98}]}, 
{ 
"IPD":"UM" 
,"PD":"UM","TF":[{"name":"cod.meGCAUMNS","value":16},{"name":"cod.esE0000","value": 2},{"name":"cod.meGCAUGPA","value": 0},{"name":"cod.meGCAUMEF","value": 0}],"TM":[{"name":"cod.meGCAUMNS","value":22.195876},{"name":"cod.esE0000","value": 1.360825},{"name":"cod.meGCAUGPA","value": 0.000000},{"name":"cod.meGCAUMEF","value": 0.000000}],"TC":[{"name":"cod.meGCAUMNS","value":29.000000},{"name":"cod.esE0000","value": 1.938776},{"name":"cod.meGCAUGPA","value": 0.000000},{"name":"cod.meGCAUMEF","value": 0.000000}] 
,"DTE":[{"H":"lb.l0018","Hid":1,"FFt":148.88,"FFtD":-42.97,"FPz":18,"FPzD":-25,"FQt":100,"FPr":8.27,"FM":56.52,"MFt":199.36,"MFtD":10.91,"MPz":23.56,"MPzD":4.96,"MQt":100,"MPr":8.46,"MM":67.1,"CFt":265.01,"CFtD":5.16,"CPz":30.94,"CPzD":-1.88,"CQt":100,"CPr":8.57,"CM":88.97}
,{"H":"cod.meGCAUGPA","Hid":0,"FFt":0,"FFtD":null,"FPz":0,"FPzD":null,"FQt":0,"FPr":null,"FM":0,"MFt":0,"MFtD":null,"MPz":0,"MPzD":null,"MQt":0,"MPr":null,"MM":0,"CFt":0,"CFtD":null,"CPz":0,"CPzD":null,"CQt":0,"CPr":null,"CM":0}
,{"H":"cod.meGCAUMEF","Hid":0,"FFt":0,"FFtD":null,"FPz":0,"FPzD":null,"FQt":0,"FPr":null,"FM":0,"MFt":0,"MFtD":null,"MPz":0,"MPzD":null,"MQt":0,"MPr":null,"MM":0,"CFt":0,"CFtD":null,"CPz":0,"CPzD":null,"CQt":0,"CPr":null,"CM":0}
,{"H":"cod.meGCAUMNS","Hid":3,"FFt":121.39,"FFtD":-22.06,"FPz":16,"FPzD":-20,"FQt":88.89,"FPr":7.59,"FM":49.15,"MFt":177.13,"MFtD":11.4,"MPz":22.2,"MPzD":4.97,"MQt":94.22,"MPr":7.98,"MM":59.04,"CFt":233.44,"CFtD":5.16,"CPz":29,"CPzD":-2.2,"CQt":93.73,"CPr":8.05,"CM":77.57}
,{"H":"cod.esE0000","Hid":4,"FFt":27.49,"FFtD":-73.89,"FPz":2,"FPzD":-50,"FQt":11.11,"FPr":13.74,"FM":7.37,"MFt":22.23,"MFtD":7.2,"MPz":1.36,"MPzD":4.76,"MQt":5.78,"MPr":16.33,"MM":8.06,"CFt":31.57,"CFtD":5.16,"CPz":1.94,"CPzD":3.26,"CQt":6.27,"CPr":16.28,"CM":11.39}]}]}