{ 
 "TIT":"cod.ESE0031" 
,"GF": [{ 
"dati":[{"name":"F","value":0}] 
,"opzioni":{"min":0,"max":5}}]
                        
,"GM": [{ 
"dati":[{"name":"M","value":0}] 
,"opzioni":{"min":0,"max":5}}]
                        
,"GC": [{ 
"dati":[{"name":"C","value":0}] 
,"opzioni":{"min":0,"max":5}}],"ISF2V":[{"min": 10, "max": 70}]
,"ISP2V":[{"min": 10, "max":70 }]   
,"ISP2":[{"name": "lb.l0006","series": [{ "name":"lb.l0052","value":57 },{ "name":"lb.l0053","value":44 },{ "name":"lb.l0054","value":45 },{ "name":"lb.l0055","value":47 },{ "name":"lb.l0056","value":45 },{ "name":"lb.l0057","value":29 },{ "name":"lb.l0058","value":44 },{ "name":"lb.l0059","value":21 },{ "name":"lb.l0060","value":33 },{ "name":"lb.l0061","value":63 },{ "name":"lb.l0062","value":49 },{ "name":"lb.l0063","value":24 }]}
,{"name": "lb.l0007","series": [{ "name":"lb.l0052","value":41.7525773195876 },{ "name":"lb.l0053","value":38.1340206185567 },{ "name":"lb.l0054","value":46.2989690721649 },{ "name":"lb.l0055","value":43.7216494845361 },{ "name":"lb.l0056","value":44.0927835051546 },{ "name":"lb.l0057","value":40.2474226804124 },{ "name":"lb.l0058","value":43.659793814433 },{ "name":"lb.l0059","value":39.0103092783505 },{ "name":"lb.l0060","value":42.7113402061856 },{ "name":"lb.l0061","value":44.4845360824742 },{ "name":"lb.l0062","value":43.4020618556701 },{ "name":"lb.l0063","value":41.1649484536082 }]}
,{"name": "lb.l0008","series": [{ "name":"lb.l0052","value":55.8571428571429 },{ "name":"lb.l0053","value":50 },{ "name":"lb.l0054","value":62.2244897959184 },{ "name":"lb.l0055","value":57.6938775510204 },{ "name":"lb.l0056","value":57.7959183673469 },{ "name":"lb.l0057","value":52.5510204081633 },{ "name":"lb.l0058","value":56.4897959183673 },{ "name":"lb.l0059","value":49.5510204081633 },{ "name":"lb.l0060","value":55.2244897959184 },{ "name":"lb.l0061","value":56.8979591836735 },{ "name":"lb.l0062","value":55.0204081632653 },{ "name":"lb.l0063","value":52.5510204081633 }]}] ,"ISP1":[ 
{"name": "lb.l0040","series": [{"name":"2021","value":57},{"name":"2020","value":44}]},
{"name": "lb.l0041","series": [{"name":"2021","value":101},{"name":"2020","value":92}]},
{"name": "lb.l0042","series": [{"name":"2021","value":146},{"name":"2020","value":153}]},
{"name": "lb.l0043","series": [{"name":"2021","value":193},{"name":"2020","value":196}]},
{"name": "lb.l0044","series": [{"name":"2021","value":238},{"name":"2020","value":247}]},
{"name": "lb.l0045","series": [{"name":"2021","value":267},{"name":"2020","value":296}]},
{"name": "lb.l0046","series": [{"name":"2021","value":311},{"name":"2020","value":338}]},
{"name": "lb.l0047","series": [{"name":"2021","value":332},{"name":"2020","value":386}]},
{"name": "lb.l0048","series": [{"name":"2021","value":365},{"name":"2020","value":443}]},
{"name": "lb.l0049","series": [{"name":"2021","value":428},{"name":"2020","value":489}]},
{"name": "lb.l0050","series": [{"name":"2021","value":477},{"name":"2020","value":553}]},
{"name": "lb.l0051","series": [{"name":"2021","value":501},{"name":"2020","value":606}]}] 
,"dati":[ 
{ 
"IPD":"MAT" 
,"PD":"MAT","TF":[{"name":"cod.esE0000","value":328},{"name":"cod.meGCAUMNS","value":173},{"name":"cod.meGCAUGPA","value":  0},{"name":"cod.meGCAUMEF","value":  0}],"TM":[{"name":"cod.esE0000","value":361.0206},{"name":"cod.meGCAUMNS","value":147.6598},{"name":"cod.meGCAUGPA","value":  0.0000},{"name":"cod.meGCAUMEF","value":  0.0000}],"TC":[{"name":"cod.esE0000","value":467.7959},{"name":"cod.meGCAUMNS","value":194.0612},{"name":"cod.meGCAUGPA","value":  0.0000},{"name":"cod.meGCAUMEF","value":  0.0000}] 
,"DTE":[{"H":"lb.l0018","Hid":1,"FFt":9882.54,"FFtD":-21.86,"FPz":501,"FPzD":-17.33,"FQt":100,"FPr":19.73,"FM":3023.87,"MFt":10179.17,"MFtD":9.33,"MPz":508.68,"MPzD":6.52,"MQt":100,"MPr":20.01,"MM":3358.55,"CFt":13368.47,"CFtD":7.37,"CPz":661.86,"CPzD":4.58,"CQt":100,"CPr":20.2,"CM":4388.25}
,{"H":"cod.meGCAUGPA","Hid":0,"FFt":0,"FFtD":null,"FPz":0,"FPzD":null,"FQt":0,"FPr":null,"FM":0,"MFt":0,"MFtD":null,"MPz":0,"MPzD":null,"MQt":0,"MPr":null,"MM":0,"CFt":0,"CFtD":null,"CPz":0,"CPzD":null,"CQt":0,"CPr":null,"CM":0}
,{"H":"cod.meGCAUMEF","Hid":0,"FFt":0,"FFtD":null,"FPz":0,"FPzD":null,"FQt":0,"FPr":null,"FM":0,"MFt":0,"MFtD":null,"MPz":0,"MPzD":null,"MQt":0,"MPr":null,"MM":0,"CFt":0,"CFtD":null,"CPz":0,"CPzD":null,"CQt":0,"CPr":null,"CM":0}
,{"H":"cod.meGCAUMNS","Hid":3,"FFt":2376.65,"FFtD":5.76,"FPz":173,"FPzD":10.19,"FQt":34.53,"FPr":13.74,"FM":830.87,"MFt":2026.15,"MFtD":-4.23,"MPz":147.66,"MPzD":-3.67,"MQt":29.03,"MPr":13.72,"MM":809.71,"CFt":2660.97,"CFtD":-4.06,"CPz":194.06,"CPzD":-2.81,"CQt":29.32,"CPr":13.71,"CM":1063.67}
,{"H":"cod.esE0000","Hid":4,"FFt":7505.89,"FFtD":-27.83,"FPz":328,"FPzD":-26.95,"FQt":65.47,"FPr":22.88,"FM":2193,"MFt":8153.02,"MFtD":13.32,"MPz":361.02,"MPzD":11.34,"MQt":70.97,"MPr":22.58,"MM":2548.84,"CFt":10707.5,"CFtD":10.64,"CPz":467.8,"CPzD":7.98,"CQt":70.68,"CPr":22.89,"CM":3324.58}]}, 
{ 
"IPD":"YTD" 
,"PD":"YTD","TF":[{"name":"cod.esE0000","value":328},{"name":"cod.meGCAUMNS","value":173},{"name":"cod.meGCAUGPA","value":  0},{"name":"cod.meGCAUMEF","value":  0}],"TM":[{"name":"cod.esE0000","value":361.0206},{"name":"cod.meGCAUMNS","value":147.6598},{"name":"cod.meGCAUGPA","value":  0.0000},{"name":"cod.meGCAUMEF","value":  0.0000}],"TC":[{"name":"cod.esE0000","value":467.7959},{"name":"cod.meGCAUMNS","value":194.0612},{"name":"cod.meGCAUGPA","value":  0.0000},{"name":"cod.meGCAUMEF","value":  0.0000}] 
,"DTE":[{"H":"lb.l0018","Hid":1,"FFt":9882.54,"FFtD":-21.86,"FPz":501,"FPzD":-17.33,"FQt":100,"FPr":19.73,"FM":3023.87,"MFt":10179.17,"MFtD":9.33,"MPz":508.68,"MPzD":6.52,"MQt":100,"MPr":20.01,"MM":3358.55,"CFt":13368.47,"CFtD":7.37,"CPz":661.86,"CPzD":4.58,"CQt":100,"CPr":20.2,"CM":4388.25}
,{"H":"cod.meGCAUGPA","Hid":0,"FFt":0,"FFtD":null,"FPz":0,"FPzD":null,"FQt":0,"FPr":null,"FM":0,"MFt":0,"MFtD":null,"MPz":0,"MPzD":null,"MQt":0,"MPr":null,"MM":0,"CFt":0,"CFtD":null,"CPz":0,"CPzD":null,"CQt":0,"CPr":null,"CM":0}
,{"H":"cod.meGCAUMEF","Hid":0,"FFt":0,"FFtD":null,"FPz":0,"FPzD":null,"FQt":0,"FPr":null,"FM":0,"MFt":0,"MFtD":null,"MPz":0,"MPzD":null,"MQt":0,"MPr":null,"MM":0,"CFt":0,"CFtD":null,"CPz":0,"CPzD":null,"CQt":0,"CPr":null,"CM":0}
,{"H":"cod.meGCAUMNS","Hid":3,"FFt":2376.65,"FFtD":5.76,"FPz":173,"FPzD":10.19,"FQt":34.53,"FPr":13.74,"FM":830.87,"MFt":2026.15,"MFtD":-4.23,"MPz":147.66,"MPzD":-3.67,"MQt":29.03,"MPr":13.72,"MM":809.71,"CFt":2660.97,"CFtD":-4.06,"CPz":194.06,"CPzD":-2.81,"CQt":29.32,"CPr":13.71,"CM":1063.67}
,{"H":"cod.esE0000","Hid":4,"FFt":7505.89,"FFtD":-27.83,"FPz":328,"FPzD":-26.95,"FQt":65.47,"FPr":22.88,"FM":2193,"MFt":8153.02,"MFtD":13.32,"MPz":361.02,"MPzD":11.34,"MQt":70.97,"MPr":22.58,"MM":2548.84,"CFt":10707.5,"CFtD":10.64,"CPz":467.8,"CPzD":7.98,"CQt":70.68,"CPr":22.89,"CM":3324.58}]}, 
{ 
"IPD":"BIM" 
,"PD":"BIM","TF":[{"name":"cod.esE0000","value":45},{"name":"cod.meGCAUMNS","value":28},{"name":"cod.meGCAUGPA","value": 0},{"name":"cod.meGCAUMEF","value": 0}],"TM":[{"name":"cod.esE0000","value":60.30928},{"name":"cod.meGCAUMNS","value":24.25773},{"name":"cod.meGCAUGPA","value": 0.00000},{"name":"cod.meGCAUMEF","value": 0.00000}],"TC":[{"name":"cod.esE0000","value":76.44898},{"name":"cod.meGCAUMNS","value":31.12245},{"name":"cod.meGCAUGPA","value": 0.00000},{"name":"cod.meGCAUMEF","value": 0.00000}] 
,"DTE":[{"H":"lb.l0018","Hid":1,"FFt":1390.52,"FFtD":-38.51,"FPz":73,"FPzD":-37.61,"FQt":100,"FPr":19.05,"FM":448.71,"MFt":1694.05,"MFtD":4.68,"MPz":84.57,"MPzD":2.44,"MQt":100,"MPr":20.03,"MM":557.7,"CFt":2175.8,"CFtD":1.07,"CPz":107.57,"CPzD":-0.92,"CQt":100,"CPr":20.23,"CM":718.8}
,{"H":"cod.meGCAUGPA","Hid":0,"FFt":0,"FFtD":null,"FPz":0,"FPzD":null,"FQt":0,"FPr":null,"FM":0,"MFt":0,"MFtD":null,"MPz":0,"MPzD":null,"MQt":0,"MPr":null,"MM":0,"CFt":0,"CFtD":null,"CPz":0,"CPzD":null,"CQt":0,"CPr":null,"CM":0}
,{"H":"cod.meGCAUMEF","Hid":0,"FFt":0,"FFtD":null,"FPz":0,"FPzD":null,"FQt":0,"FPr":null,"FM":0,"MFt":0,"MFtD":null,"MPz":0,"MPzD":null,"MQt":0,"MPr":null,"MM":0,"CFt":0,"CFtD":null,"CPz":0,"CPzD":null,"CQt":0,"CPr":null,"CM":0}
,{"H":"cod.meGCAUMNS","Hid":3,"FFt":356.45,"FFtD":-13.7,"FPz":28,"FPzD":-6.67,"FQt":38.36,"FPr":12.73,"FM":130.86,"MFt":340.03,"MFtD":8.17,"MPz":24.26,"MPzD":1.69,"MQt":28.68,"MPr":14.02,"MM":134.34,"CFt":437.12,"CFtD":6.99,"CPz":31.12,"CPzD":0.79,"CQt":28.93,"CPr":14.05,"CM":173.75}
,{"H":"cod.esE0000","Hid":4,"FFt":1034.07,"FFtD":-44.05,"FPz":45,"FPzD":-48.28,"FQt":61.64,"FPr":22.98,"FM":317.85,"MFt":1354.02,"MFtD":3.84,"MPz":60.31,"MPzD":2.74,"MQt":71.32,"MPr":22.45,"MM":423.36,"CFt":1738.67,"CFtD":-0.31,"CPz":76.45,"CPzD":-1.6,"CQt":71.07,"CPr":22.74,"CM":545.05}]}, 
{ 
"IPD":"UM" 
,"PD":"UM","TF":[{"name":"cod.meGCAUMNS","value":12},{"name":"cod.esE0000","value":12},{"name":"cod.meGCAUGPA","value": 0},{"name":"cod.meGCAUMEF","value": 0}],"TM":[{"name":"cod.esE0000","value":29.37113},{"name":"cod.meGCAUMNS","value":11.79381},{"name":"cod.meGCAUGPA","value": 0.00000},{"name":"cod.meGCAUMEF","value": 0.00000}],"TC":[{"name":"cod.esE0000","value":37.26531},{"name":"cod.meGCAUMNS","value":15.28571},{"name":"cod.meGCAUGPA","value": 0.00000},{"name":"cod.meGCAUMEF","value": 0.00000}] 
,"DTE":[{"H":"lb.l0018","Hid":1,"FFt":427.73,"FFtD":-59.09,"FPz":24,"FPzD":-54.72,"FQt":100,"FPr":17.82,"FM":140.59,"MFt":822.02,"MFtD":2.49,"MPz":41.16,"MPzD":0.33,"MQt":100,"MPr":19.97,"MM":270.86,"CFt":1052.73,"CFtD":0.01,"CPz":52.55,"CPzD":-1.68,"CQt":100,"CPr":20.03,"CM":350.52}
,{"H":"cod.meGCAUGPA","Hid":0,"FFt":0,"FFtD":null,"FPz":0,"FPzD":null,"FQt":0,"FPr":null,"FM":0,"MFt":0,"MFtD":null,"MPz":0,"MPzD":null,"MQt":0,"MPr":null,"MM":0,"CFt":0,"CFtD":null,"CPz":0,"CPzD":null,"CQt":0,"CPr":null,"CM":0}
,{"H":"cod.meGCAUMEF","Hid":0,"FFt":0,"FFtD":null,"FPz":0,"FPzD":null,"FQt":0,"FPr":null,"FM":0,"MFt":0,"MFtD":null,"MPz":0,"MPzD":null,"MQt":0,"MPr":null,"MM":0,"CFt":0,"CFtD":null,"CPz":0,"CPzD":null,"CQt":0,"CPr":null,"CM":0}
,{"H":"cod.meGCAUMNS","Hid":3,"FFt":158.58,"FFtD":31.38,"FPz":12,"FPzD":33.33,"FQt":50,"FPr":13.22,"FM":59.48,"MFt":165.68,"MFtD":3.84,"MPz":11.79,"MPzD":-3.21,"MQt":28.65,"MPr":14.05,"MM":66.38,"CFt":215.42,"CFtD":3.44,"CPz":15.29,"CPzD":-3.85,"CQt":29.09,"CPr":14.09,"CM":87.57}
,{"H":"cod.esE0000","Hid":4,"FFt":269.15,"FFtD":-70.89,"FPz":12,"FPzD":-72.73,"FQt":50,"FPr":22.43,"FM":81.11,"MFt":656.35,"MFtD":2.15,"MPz":29.37,"MPzD":1.82,"MQt":71.35,"MPr":22.35,"MM":204.48,"CFt":837.32,"CFtD":-0.84,"CPz":37.27,"CPzD":-0.76,"CQt":70.91,"CPr":22.47,"CM":262.95}]}]}