{ 
 "TIT":"cod.ESE0030" 
,"GF": [{ 
"dati":[{"name":"F","value":2.03}] 
,"opzioni":{"min":0,"max":5}}]
                        
,"GM": [{ 
"dati":[{"name":"M","value":1.74}] 
,"opzioni":{"min":0,"max":5}}]
                        
,"GC": [{ 
"dati":[{"name":"C","value":1.51}] 
,"opzioni":{"min":0,"max":5}}],"ISF2V":[{"min": 30, "max": 80}]
,"ISP2V":[{"min": 30, "max":80 }]   
,"ISP2":[{"name": "lb.l0006","series": [{ "name":"lb.l0052","value":55 },{ "name":"lb.l0053","value":68 },{ "name":"lb.l0054","value":73 },{ "name":"lb.l0055","value":49 },{ "name":"lb.l0056","value":47 },{ "name":"lb.l0057","value":64 },{ "name":"lb.l0058","value":61 },{ "name":"lb.l0059","value":46 },{ "name":"lb.l0060","value":70 },{ "name":"lb.l0061","value":68 },{ "name":"lb.l0062","value":73 },{ "name":"lb.l0063","value":64 }]}
,{"name": "lb.l0007","series": [{ "name":"lb.l0052","value":47.8659793814433 },{ "name":"lb.l0053","value":49.5463917525773 },{ "name":"lb.l0054","value":54.7525773195876 },{ "name":"lb.l0055","value":50.5463917525773 },{ "name":"lb.l0056","value":50.1855670103092 },{ "name":"lb.l0057","value":49.3195876288659 },{ "name":"lb.l0058","value":50.9484536082474 },{ "name":"lb.l0059","value":48.7319587628866 },{ "name":"lb.l0060","value":50.9381443298969 },{ "name":"lb.l0061","value":49.721649484536 },{ "name":"lb.l0062","value":45.5773195876288 },{ "name":"lb.l0063","value":46.8865979381443 }]}
,{"name": "lb.l0008","series": [{ "name":"lb.l0052","value":66.265306122449 },{ "name":"lb.l0053","value":69 },{ "name":"lb.l0054","value":74.1836734693878 },{ "name":"lb.l0055","value":70.1020408163266 },{ "name":"lb.l0056","value":68.1632653061225 },{ "name":"lb.l0057","value":65.6122448979592 },{ "name":"lb.l0058","value":68.2857142857143 },{ "name":"lb.l0059","value":63.7755102040816 },{ "name":"lb.l0060","value":69.1224489795919 },{ "name":"lb.l0061","value":67.1224489795919 },{ "name":"lb.l0062","value":59.9795918367347 },{ "name":"lb.l0063","value":62.0408163265306 }]}] ,"ISP1":[ 
{"name": "lb.l0040","series": [{"name":"2021","value":55},{"name":"2020","value":83}]},
{"name": "lb.l0041","series": [{"name":"2021","value":123},{"name":"2020","value":154}]},
{"name": "lb.l0042","series": [{"name":"2021","value":196},{"name":"2020","value":241}]},
{"name": "lb.l0043","series": [{"name":"2021","value":245},{"name":"2020","value":284}]},
{"name": "lb.l0044","series": [{"name":"2021","value":292},{"name":"2020","value":331}]},
{"name": "lb.l0045","series": [{"name":"2021","value":356},{"name":"2020","value":406}]},
{"name": "lb.l0046","series": [{"name":"2021","value":417},{"name":"2020","value":455}]},
{"name": "lb.l0047","series": [{"name":"2021","value":463},{"name":"2020","value":496}]},
{"name": "lb.l0048","series": [{"name":"2021","value":533},{"name":"2020","value":547}]},
{"name": "lb.l0049","series": [{"name":"2021","value":601},{"name":"2020","value":605}]},
{"name": "lb.l0050","series": [{"name":"2021","value":674},{"name":"2020","value":659}]},
{"name": "lb.l0051","series": [{"name":"2021","value":738},{"name":"2020","value":721}]}] 
,"dati":[ 
{ 
"IPD":"MAT" 
,"PD":"MAT","TF":[{"name":"cod.esE0000","value":394},{"name":"cod.meGCAUMNS","value":329},{"name":"cod.meGCAUGPA","value": 15},{"name":"cod.meGCAUMEF","value":  0}],"TM":[{"name":"cod.esE0000","value":363.00000},{"name":"cod.meGCAUMNS","value":221.63918},{"name":"cod.meGCAUGPA","value": 10.38144},{"name":"cod.meGCAUMEF","value":  0.00000}],"TC":[{"name":"cod.esE0000","value":486.53061},{"name":"cod.meGCAUMNS","value":304.95918},{"name":"cod.meGCAUGPA","value": 12.16327},{"name":"cod.meGCAUMEF","value":  0.00000}] 
,"DTE":[{"H":"lb.l0018","Hid":1,"FFt":10973.03,"FFtD":7.01,"FPz":738,"FPzD":2.36,"FQt":100,"FPr":14.87,"FM":3723.88,"MFt":8798.35,"MFtD":12.93,"MPz":595.02,"MPzD":8.29,"MQt":100,"MPr":14.79,"MM":2980.08,"CFt":11904.86,"CFtD":11.79,"CPz":803.65,"CPzD":7.15,"CQt":100,"CPr":14.81,"CM":4031.2}
,{"H":"cod.meGCAUGPA","Hid":0,"FFt":226.48,"FFtD":-65.04,"FPz":15,"FPzD":-65.12,"FQt":2.03,"FPr":15.1,"FM":88.88,"MFt":154.98,"MFtD":-2.33,"MPz":10.38,"MPzD":-3.82,"MQt":1.74,"MPr":14.93,"MM":60,"CFt":182.48,"CFtD":6.68,"CPz":12.16,"CPzD":4.56,"CQt":1.51,"CPr":15,"CM":70.36}
,{"H":"cod.meGCAUMEF","Hid":0,"FFt":0,"FFtD":null,"FPz":0,"FPzD":null,"FQt":0,"FPr":null,"FM":0,"MFt":0,"MFtD":null,"MPz":0,"MPzD":null,"MQt":0,"MPr":null,"MM":0,"CFt":0,"CFtD":null,"CPz":0,"CPzD":null,"CQt":0,"CPr":null,"CM":0}
,{"H":"cod.meGCAUMNS","Hid":3,"FFt":4154.99,"FFtD":-5.04,"FPz":329,"FPzD":-8.61,"FQt":44.58,"FPr":12.63,"FM":1397.46,"MFt":2678.29,"MFtD":1.95,"MPz":221.64,"MPzD":0.95,"MQt":37.25,"MPr":12.08,"MM":885.66,"CFt":3679.87,"CFtD":0.43,"CPz":304.96,"CPzD":-0.78,"CQt":37.95,"CPr":12.07,"CM":1215.77}
,{"H":"cod.esE0000","Hid":4,"FFt":6591.56,"FFtD":26.03,"FPz":394,"FPzD":23.9,"FQt":53.39,"FPr":16.73,"FM":2237.54,"MFt":5965.08,"MFtD":19.18,"MPz":363,"MPzD":13.74,"MQt":61.01,"MPr":16.43,"MM":2034.41,"CFt":8042.51,"CFtD":18.03,"CPz":486.53,"CPzD":12.88,"CQt":60.54,"CPr":16.53,"CM":2745.07}]}, 
{ 
"IPD":"YTD" 
,"PD":"YTD","TF":[{"name":"cod.esE0000","value":394},{"name":"cod.meGCAUMNS","value":329},{"name":"cod.meGCAUGPA","value": 15},{"name":"cod.meGCAUMEF","value":  0}],"TM":[{"name":"cod.esE0000","value":363.00000},{"name":"cod.meGCAUMNS","value":221.63918},{"name":"cod.meGCAUGPA","value": 10.38144},{"name":"cod.meGCAUMEF","value":  0.00000}],"TC":[{"name":"cod.esE0000","value":486.53061},{"name":"cod.meGCAUMNS","value":304.95918},{"name":"cod.meGCAUGPA","value": 12.16327},{"name":"cod.meGCAUMEF","value":  0.00000}] 
,"DTE":[{"H":"lb.l0018","Hid":1,"FFt":10973.03,"FFtD":7.01,"FPz":738,"FPzD":2.36,"FQt":100,"FPr":14.87,"FM":3723.88,"MFt":8798.35,"MFtD":12.93,"MPz":595.02,"MPzD":8.29,"MQt":100,"MPr":14.79,"MM":2980.08,"CFt":11904.86,"CFtD":11.79,"CPz":803.65,"CPzD":7.15,"CQt":100,"CPr":14.81,"CM":4031.2}
,{"H":"cod.meGCAUGPA","Hid":0,"FFt":226.48,"FFtD":-65.04,"FPz":15,"FPzD":-65.12,"FQt":2.03,"FPr":15.1,"FM":88.88,"MFt":154.98,"MFtD":-2.33,"MPz":10.38,"MPzD":-3.82,"MQt":1.74,"MPr":14.93,"MM":60,"CFt":182.48,"CFtD":6.68,"CPz":12.16,"CPzD":4.56,"CQt":1.51,"CPr":15,"CM":70.36}
,{"H":"cod.meGCAUMEF","Hid":0,"FFt":0,"FFtD":null,"FPz":0,"FPzD":null,"FQt":0,"FPr":null,"FM":0,"MFt":0,"MFtD":null,"MPz":0,"MPzD":null,"MQt":0,"MPr":null,"MM":0,"CFt":0,"CFtD":null,"CPz":0,"CPzD":null,"CQt":0,"CPr":null,"CM":0}
,{"H":"cod.meGCAUMNS","Hid":3,"FFt":4154.99,"FFtD":-5.04,"FPz":329,"FPzD":-8.61,"FQt":44.58,"FPr":12.63,"FM":1397.46,"MFt":2678.29,"MFtD":1.95,"MPz":221.64,"MPzD":0.95,"MQt":37.25,"MPr":12.08,"MM":885.66,"CFt":3679.87,"CFtD":0.43,"CPz":304.96,"CPzD":-0.78,"CQt":37.95,"CPr":12.07,"CM":1215.77}
,{"H":"cod.esE0000","Hid":4,"FFt":6591.56,"FFtD":26.03,"FPz":394,"FPzD":23.9,"FQt":53.39,"FPr":16.73,"FM":2237.54,"MFt":5965.08,"MFtD":19.18,"MPz":363,"MPzD":13.74,"MQt":61.01,"MPr":16.43,"MM":2034.41,"CFt":8042.51,"CFtD":18.03,"CPz":486.53,"CPzD":12.88,"CQt":60.54,"CPr":16.53,"CM":2745.07}]}, 
{ 
"IPD":"BIM" 
,"PD":"BIM","TF":[{"name":"cod.esE0000","value":76},{"name":"cod.meGCAUMNS","value":58},{"name":"cod.meGCAUGPA","value": 3},{"name":"cod.meGCAUMEF","value": 0}],"TM":[{"name":"cod.esE0000","value":55.680412},{"name":"cod.meGCAUMNS","value":35.319588},{"name":"cod.meGCAUGPA","value": 1.463918},{"name":"cod.meGCAUMEF","value": 0.000000}],"TC":[{"name":"cod.esE0000","value":72.653061},{"name":"cod.meGCAUMNS","value":47.551020},{"name":"cod.meGCAUGPA","value": 1.816327},{"name":"cod.meGCAUMEF","value": 0.000000}] 
,"DTE":[{"H":"lb.l0018","Hid":1,"FFt":1995.34,"FFtD":20.93,"FPz":137,"FPzD":18.1,"FQt":100,"FPr":14.56,"FM":734.16,"MFt":1374.53,"MFtD":5.31,"MPz":92.46,"MPzD":2.63,"MQt":100,"MPr":14.87,"MM":464.61,"CFt":1821.02,"CFtD":1.2,"CPz":122.02,"CPzD":-1.42,"CQt":100,"CPr":14.92,"CM":615.52}
,{"H":"cod.meGCAUGPA","Hid":0,"FFt":45.6,"FFtD":-50,"FPz":3,"FPzD":-50,"FQt":2.19,"FPr":15.2,"FM":18.15,"MFt":21.51,"MFtD":-6.57,"MPz":1.46,"MPzD":-4.7,"MQt":1.58,"MPr":14.69,"MM":8.22,"CFt":26.72,"CFtD":2.65,"CPz":1.82,"CPzD":5.95,"CQt":1.49,"CPr":14.71,"CM":10.04}
,{"H":"cod.meGCAUMEF","Hid":0,"FFt":0,"FFtD":null,"FPz":0,"FPzD":null,"FQt":0,"FPr":null,"FM":0,"MFt":0,"MFtD":null,"MPz":0,"MPzD":null,"MQt":0,"MPr":null,"MM":0,"CFt":0,"CFtD":null,"CPz":0,"CPzD":null,"CQt":0,"CPr":null,"CM":0}
,{"H":"cod.meGCAUMNS","Hid":3,"FFt":728.95,"FFtD":8.33,"FPz":58,"FPzD":5.45,"FQt":42.34,"FPr":12.57,"FM":251.73,"MFt":425.15,"MFtD":-0.91,"MPz":35.32,"MPzD":-0.81,"MQt":38.2,"MPr":12.04,"MM":141.91,"CFt":570.77,"CFtD":-4.23,"CPz":47.55,"CPzD":-4.12,"CQt":38.97,"CPr":12,"CM":190.63}
,{"H":"cod.esE0000","Hid":4,"FFt":1220.79,"FFtD":37.8,"FPz":76,"FPzD":38.18,"FQt":55.47,"FPr":16.06,"FM":464.28,"MFt":927.87,"MFtD":8.76,"MPz":55.68,"MPzD":5.16,"MQt":60.22,"MPr":16.66,"MM":314.47,"CFt":1223.53,"CFtD":3.92,"CPz":72.65,"CPzD":0.25,"CQt":59.54,"CPr":16.84,"CM":414.85}]}, 
{ 
"IPD":"UM" 
,"PD":"UM","TF":[{"name":"cod.esE0000","value":34},{"name":"cod.meGCAUMNS","value":27},{"name":"cod.meGCAUGPA","value": 3},{"name":"cod.meGCAUMEF","value": 0}],"TM":[{"name":"cod.esE0000","value":28.0206186},{"name":"cod.meGCAUMNS","value":18.1855670},{"name":"cod.meGCAUGPA","value": 0.6804124},{"name":"cod.meGCAUMEF","value": 0.0000000}],"TC":[{"name":"cod.esE0000","value":36.653061},{"name":"cod.meGCAUMNS","value":24.510204},{"name":"cod.meGCAUGPA","value": 0.877551},{"name":"cod.meGCAUMEF","value": 0.000000}] 
,"DTE":[{"H":"lb.l0018","Hid":1,"FFt":937.56,"FFtD":5.37,"FPz":64,"FPzD":3.23,"FQt":100,"FPr":14.65,"FM":347.67,"MFt":691.69,"MFtD":6.19,"MPz":46.89,"MPzD":3.67,"MQt":100,"MPr":14.75,"MM":233.54,"CFt":918.18,"CFtD":1.39,"CPz":62.04,"CPzD":-0.85,"CQt":100,"CPr":14.8,"CM":308.69}
,{"H":"cod.meGCAUGPA","Hid":0,"FFt":45.6,"FFtD":200,"FPz":3,"FPzD":200,"FQt":4.69,"FPr":15.2,"FM":18.15,"MFt":10.03,"MFtD":-13.51,"MPz":0.68,"MPzD":-10.81,"MQt":1.45,"MPr":14.73,"MM":3.82,"CFt":12.88,"CFtD":-2.89,"CPz":0.88,"CPzD":2.38,"CQt":1.41,"CPr":14.68,"CM":4.8}
,{"H":"cod.meGCAUMEF","Hid":0,"FFt":0,"FFtD":null,"FPz":0,"FPzD":null,"FQt":0,"FPr":null,"FM":0,"MFt":0,"MFtD":null,"MPz":0,"MPzD":null,"MQt":0,"MPr":null,"MM":0,"CFt":0,"CFtD":null,"CPz":0,"CPzD":null,"CQt":0,"CPr":null,"CM":0}
,{"H":"cod.meGCAUMNS","Hid":3,"FFt":330.06,"FFtD":-12.28,"FPz":27,"FPzD":-12.9,"FQt":42.19,"FPr":12.22,"FM":121.18,"MFt":217.45,"MFtD":-0.38,"MPz":18.19,"MPzD":0.51,"MQt":38.79,"MPr":11.96,"MM":72.22,"CFt":291.89,"CFtD":-4.94,"CPz":24.51,"CPzD":-3.92,"CQt":39.51,"CPr":11.91,"CM":96.74}
,{"H":"cod.esE0000","Hid":4,"FFt":561.9,"FFtD":12.76,"FPz":34,"FPzD":13.33,"FQt":53.12,"FPr":16.53,"FM":208.34,"MFt":464.21,"MFtD":10.14,"MPz":28.02,"MPzD":6.25,"MQt":59.76,"MPr":16.57,"MM":157.5,"CFt":613.41,"CFtD":4.81,"CPz":36.65,"CPzD":1.24,"CQt":59.08,"CPr":16.74,"CM":207.15}]}]}