{ 
 "TIT":"cod.ESE0037" 
,"GF": [{ 
"dati":[{"name":"F","value":74.92}] 
,"opzioni":{"min":0,"max":75}}]
                        
,"GM": [{ 
"dati":[{"name":"M","value":57.31}] 
,"opzioni":{"min":0,"max":75}}]
                        
,"GC": [{ 
"dati":[{"name":"C","value":55.01}] 
,"opzioni":{"min":0,"max":75}}],"ISF2V":[{"min": 0, "max": 90}]
,"ISP2V":[{"min": 0, "max":90 }]   
,"ISP2":[{"name": "lb.l0006","series": [{ "name":"lb.l0052","value":30 },{ "name":"lb.l0053","value":21 },{ "name":"lb.l0054","value":4 },{ "name":"lb.l0055","value":6 },{ "name":"lb.l0056","value":15 },{ "name":"lb.l0057","value":12 },{ "name":"lb.l0058","value":12 },{ "name":"lb.l0059","value":9 },{ "name":"lb.l0060","value":15 },{ "name":"lb.l0061","value":41 },{ "name":"lb.l0062","value":88 },{ "name":"lb.l0063","value":46 }]}
,{"name": "lb.l0007","series": [{ "name":"lb.l0052","value":25.6701030927835 },{ "name":"lb.l0053","value":13.4639175257732 },{ "name":"lb.l0054","value":7.77319587628866 },{ "name":"lb.l0055","value":9.57731958762887 },{ "name":"lb.l0056","value":15.4948453608247 },{ "name":"lb.l0057","value":15.3298969072165 },{ "name":"lb.l0058","value":16.6185567010309 },{ "name":"lb.l0059","value":12.9896907216495 },{ "name":"lb.l0060","value":14.1546391752577 },{ "name":"lb.l0061","value":38.360824742268 },{ "name":"lb.l0062","value":56.8969072164948 },{ "name":"lb.l0063","value":48.9896907216495 }]}
,{"name": "lb.l0008","series": [{ "name":"lb.l0052","value":33.6326530612245 },{ "name":"lb.l0053","value":17.3469387755102 },{ "name":"lb.l0054","value":9.30612244897959 },{ "name":"lb.l0055","value":12.4081632653061 },{ "name":"lb.l0056","value":21.265306122449 },{ "name":"lb.l0057","value":20.3061224489796 },{ "name":"lb.l0058","value":21.9591836734694 },{ "name":"lb.l0059","value":15.9183673469388 },{ "name":"lb.l0060","value":17.4285714285714 },{ "name":"lb.l0061","value":49.0816326530612 },{ "name":"lb.l0062","value":74.9795918367347 },{ "name":"lb.l0063","value":63.3265306122449 }]}] ,"ISP1":[ 
{"name": "lb.l0040","series": [{"name":"2021","value":30},{"name":"2020","value":137}]},
{"name": "lb.l0041","series": [{"name":"2021","value":51},{"name":"2020","value":202}]},
{"name": "lb.l0042","series": [{"name":"2021","value":55},{"name":"2020","value":259}]},
{"name": "lb.l0043","series": [{"name":"2021","value":61},{"name":"2020","value":265}]},
{"name": "lb.l0044","series": [{"name":"2021","value":76},{"name":"2020","value":275}]},
{"name": "lb.l0045","series": [{"name":"2021","value":88},{"name":"2020","value":278}]},
{"name": "lb.l0046","series": [{"name":"2021","value":100},{"name":"2020","value":281}]},
{"name": "lb.l0047","series": [{"name":"2021","value":109},{"name":"2020","value":289}]},
{"name": "lb.l0048","series": [{"name":"2021","value":124},{"name":"2020","value":301}]},
{"name": "lb.l0049","series": [{"name":"2021","value":165},{"name":"2020","value":319}]},
{"name": "lb.l0050","series": [{"name":"2021","value":253},{"name":"2020","value":334}]},
{"name": "lb.l0051","series": [{"name":"2021","value":299},{"name":"2020","value":356}]}] 
,"dati":[ 
{ 
"IPD":"MAT" 
,"PD":"MAT","TF":[{"name":"cod.meGCAUGPA","value":224},{"name":"cod.esE0000","value": 61},{"name":"cod.meGCAUMNS","value": 14},{"name":"cod.meGCAUMEF","value":  0}],"TM":[{"name":"cod.meGCAUGPA","value":157.79381},{"name":"cod.esE0000","value": 97.19588},{"name":"cod.meGCAUMNS","value": 20.32990},{"name":"cod.meGCAUMEF","value":  0.00000}],"TC":[{"name":"cod.meGCAUGPA","value":196.34694},{"name":"cod.esE0000","value":131.63265},{"name":"cod.meGCAUMNS","value": 28.97959},{"name":"cod.meGCAUMEF","value":  0.00000}] 
,"DTE":[{"H":"lb.l0018","Hid":1,"FFt":3933.94,"FFtD":-15.61,"FPz":299,"FPzD":-16.01,"FQt":100,"FPr":13.16,"FM":1942.81,"MFt":3439.11,"MFtD":4.63,"MPz":275.32,"MPzD":1.34,"MQt":100,"MPr":12.49,"MM":1598.67,"CFt":4461.07,"CFtD":3.26,"CPz":356.96,"CPzD":-0.46,"CQt":100,"CPr":12.5,"CM":2083.74}
,{"H":"cod.meGCAUGPA","Hid":0,"FFt":2972.83,"FFtD":-21.14,"FPz":224,"FPzD":-20,"FQt":74.92,"FPr":13.27,"FM":1458.83,"MFt":2008.46,"MFtD":8.16,"MPz":157.79,"MPzD":7.29,"MQt":57.31,"MPr":12.73,"MM":896.58,"CFt":2507.5,"CFtD":6.5,"CPz":196.35,"CPzD":5.25,"CQt":55.01,"CPr":12.77,"CM":1122.82}
,{"H":"cod.meGCAUMEF","Hid":0,"FFt":0,"FFtD":null,"FPz":0,"FPzD":null,"FQt":0,"FPr":null,"FM":0,"MFt":0,"MFtD":null,"MPz":0,"MPzD":null,"MQt":0,"MPr":null,"MM":0,"CFt":0,"CFtD":null,"CPz":0,"CPzD":null,"CQt":0,"CPr":null,"CM":0}
,{"H":"cod.meGCAUMNS","Hid":3,"FFt":154.15,"FFtD":-68.23,"FPz":14,"FPzD":-66.67,"FQt":4.68,"FPr":11.01,"FM":82.1,"MFt":229.5,"MFtD":-28.68,"MPz":20.33,"MPzD":-28.37,"MQt":7.38,"MPr":11.29,"MM":120.7,"CFt":327.55,"CFtD":-28.9,"CPz":28.98,"CPzD":-29.35,"CQt":8.12,"CPr":11.3,"CM":171.29}
,{"H":"cod.esE0000","Hid":4,"FFt":806.96,"FFtD":98.57,"FPz":61,"FPzD":79.41,"FQt":20.4,"FPr":13.23,"FM":401.88,"MFt":1201.15,"MFtD":8.39,"MPz":97.2,"MPzD":1,"MQt":35.3,"MPr":12.36,"MM":581.39,"CFt":1626.03,"CFtD":8.03,"CPz":131.63,"CPzD":0.45,"CQt":36.88,"CPr":12.35,"CM":789.63}]}, 
{ 
"IPD":"YTD" 
,"PD":"YTD","TF":[{"name":"cod.meGCAUGPA","value":224},{"name":"cod.esE0000","value": 61},{"name":"cod.meGCAUMNS","value": 14},{"name":"cod.meGCAUMEF","value":  0}],"TM":[{"name":"cod.meGCAUGPA","value":157.79381},{"name":"cod.esE0000","value": 97.19588},{"name":"cod.meGCAUMNS","value": 20.32990},{"name":"cod.meGCAUMEF","value":  0.00000}],"TC":[{"name":"cod.meGCAUGPA","value":196.34694},{"name":"cod.esE0000","value":131.63265},{"name":"cod.meGCAUMNS","value": 28.97959},{"name":"cod.meGCAUMEF","value":  0.00000}] 
,"DTE":[{"H":"lb.l0018","Hid":1,"FFt":3933.94,"FFtD":-15.61,"FPz":299,"FPzD":-16.01,"FQt":100,"FPr":13.16,"FM":1942.81,"MFt":3439.11,"MFtD":4.63,"MPz":275.32,"MPzD":1.34,"MQt":100,"MPr":12.49,"MM":1598.67,"CFt":4461.07,"CFtD":3.26,"CPz":356.96,"CPzD":-0.46,"CQt":100,"CPr":12.5,"CM":2083.74}
,{"H":"cod.meGCAUGPA","Hid":0,"FFt":2972.83,"FFtD":-21.14,"FPz":224,"FPzD":-20,"FQt":74.92,"FPr":13.27,"FM":1458.83,"MFt":2008.46,"MFtD":8.16,"MPz":157.79,"MPzD":7.29,"MQt":57.31,"MPr":12.73,"MM":896.58,"CFt":2507.5,"CFtD":6.5,"CPz":196.35,"CPzD":5.25,"CQt":55.01,"CPr":12.77,"CM":1122.82}
,{"H":"cod.meGCAUMEF","Hid":0,"FFt":0,"FFtD":null,"FPz":0,"FPzD":null,"FQt":0,"FPr":null,"FM":0,"MFt":0,"MFtD":null,"MPz":0,"MPzD":null,"MQt":0,"MPr":null,"MM":0,"CFt":0,"CFtD":null,"CPz":0,"CPzD":null,"CQt":0,"CPr":null,"CM":0}
,{"H":"cod.meGCAUMNS","Hid":3,"FFt":154.15,"FFtD":-68.23,"FPz":14,"FPzD":-66.67,"FQt":4.68,"FPr":11.01,"FM":82.1,"MFt":229.5,"MFtD":-28.68,"MPz":20.33,"MPzD":-28.37,"MQt":7.38,"MPr":11.29,"MM":120.7,"CFt":327.55,"CFtD":-28.9,"CPz":28.98,"CPzD":-29.35,"CQt":8.12,"CPr":11.3,"CM":171.29}
,{"H":"cod.esE0000","Hid":4,"FFt":806.96,"FFtD":98.57,"FPz":61,"FPzD":79.41,"FQt":20.4,"FPr":13.23,"FM":401.88,"MFt":1201.15,"MFtD":8.39,"MPz":97.2,"MPzD":1,"MQt":35.3,"MPr":12.36,"MM":581.39,"CFt":1626.03,"CFtD":8.03,"CPz":131.63,"CPzD":0.45,"CQt":36.88,"CPr":12.35,"CM":789.63}]}, 
{ 
"IPD":"BIM" 
,"PD":"BIM","TF":[{"name":"cod.meGCAUGPA","value":98},{"name":"cod.esE0000","value":30},{"name":"cod.meGCAUMNS","value": 6},{"name":"cod.meGCAUMEF","value": 0}],"TM":[{"name":"cod.meGCAUGPA","value":60.340206},{"name":"cod.esE0000","value":37.474227},{"name":"cod.meGCAUMNS","value": 8.072165},{"name":"cod.meGCAUMEF","value": 0.000000}],"TC":[{"name":"cod.meGCAUGPA","value":76.57143},{"name":"cod.esE0000","value":49.93878},{"name":"cod.meGCAUMNS","value":11.79592},{"name":"cod.meGCAUMEF","value": 0.00000}] 
,"DTE":[{"H":"lb.l0018","Hid":1,"FFt":1778.75,"FFtD":268.25,"FPz":134,"FPzD":262.16,"FQt":100,"FPr":13.27,"FM":897.92,"MFt":1334.17,"MFtD":200.55,"MPz":105.89,"MPzD":192.2,"MQt":100,"MPr":12.6,"MM":614.18,"CFt":1744.01,"CFtD":201.82,"CPz":138.31,"CPzD":192.87,"CQt":100,"CPr":12.61,"CM":804.72}
,{"H":"cod.meGCAUGPA","Hid":0,"FFt":1293.43,"FFtD":234.75,"FPz":98,"FPzD":237.93,"FQt":73.13,"FPr":13.2,"FM":631.03,"MFt":768.1,"MFtD":209.19,"MPz":60.34,"MPzD":210.01,"MQt":56.99,"MPr":12.73,"MM":341.75,"CFt":977.47,"CFtD":201.65,"CPz":76.57,"CPzD":202.34,"CQt":55.36,"CPr":12.77,"CM":435.45}
,{"H":"cod.meGCAUMEF","Hid":0,"FFt":0,"FFtD":null,"FPz":0,"FPzD":null,"FQt":0,"FPr":null,"FM":0,"MFt":0,"MFtD":null,"MPz":0,"MPzD":null,"MQt":0,"MPr":null,"MM":0,"CFt":0,"CFtD":null,"CPz":0,"CPzD":null,"CQt":0,"CPr":null,"CM":0}
,{"H":"cod.meGCAUMNS","Hid":3,"FFt":73.35,"FFtD":493.93,"FPz":6,"FPzD":500,"FQt":4.48,"FPr":12.22,"FM":38.51,"MFt":94.73,"MFtD":242.28,"MPz":8.07,"MPzD":230.38,"MQt":7.62,"MPr":11.74,"MM":48.94,"CFt":137.54,"CFtD":230.37,"CPz":11.8,"CPzD":219.34,"CQt":8.53,"CPr":11.66,"CM":69.84}
,{"H":"cod.esE0000","Hid":4,"FFt":411.97,"FFtD":388.75,"FPz":30,"FPzD":328.57,"FQt":22.39,"FPr":13.73,"FM":228.38,"MFt":471.35,"MFtD":180.9,"MPz":37.47,"MPzD":161.51,"MQt":35.39,"MPr":12.58,"MM":223.5,"CFt":628.99,"CFtD":196.47,"CPz":49.94,"CPzD":174.33,"CQt":36.11,"CPr":12.6,"CM":299.43}]}, 
{ 
"IPD":"UM" 
,"PD":"UM","TF":[{"name":"cod.meGCAUGPA","value":37},{"name":"cod.esE0000","value": 7},{"name":"cod.meGCAUMNS","value": 2},{"name":"cod.meGCAUMEF","value": 0}],"TM":[{"name":"cod.meGCAUGPA","value":28.783505},{"name":"cod.esE0000","value":16.670103},{"name":"cod.meGCAUMNS","value": 3.536082},{"name":"cod.meGCAUMEF","value": 0.000000}],"TC":[{"name":"cod.meGCAUGPA","value":36.163265},{"name":"cod.esE0000","value":22.265306},{"name":"cod.meGCAUMNS","value": 4.897959},{"name":"cod.meGCAUMEF","value": 0.000000}] 
,"DTE":[{"H":"lb.l0018","Hid":1,"FFt":602.89,"FFtD":113.62,"FPz":46,"FPzD":109.09,"FQt":100,"FPr":13.11,"FM":303.12,"MFt":620.68,"MFtD":169.72,"MPz":48.99,"MPzD":160.53,"MQt":100,"MPr":12.67,"MM":286.62,"CFt":804.39,"CFtD":174.61,"CPz":63.33,"CPzD":164.09,"CQt":100,"CPr":12.7,"CM":372.77}
,{"H":"cod.meGCAUGPA","Hid":0,"FFt":483.41,"FFtD":141.29,"FPz":37,"FPzD":146.67,"FQt":80.43,"FPr":13.07,"FM":233.75,"MFt":366.63,"MFtD":196.76,"MPz":28.78,"MPzD":196.71,"MQt":58.75,"MPr":12.74,"MM":163.38,"CFt":462.99,"CFtD":188.32,"CPz":36.16,"CPzD":187.66,"CQt":57.11,"CPr":12.8,"CM":207.39}
,{"H":"cod.meGCAUMEF","Hid":0,"FFt":0,"FFtD":null,"FPz":0,"FPzD":null,"FQt":0,"FPr":null,"FM":0,"MFt":0,"MFtD":null,"MPz":0,"MPzD":null,"MQt":0,"MPr":null,"MM":0,"CFt":0,"CFtD":null,"CPz":0,"CPzD":null,"CQt":0,"CPr":null,"CM":0}
,{"H":"cod.meGCAUMNS","Hid":3,"FFt":25,"FFtD":157.73,"FPz":2,"FPzD":100,"FQt":4.35,"FPr":12.5,"FM":14.04,"MFt":42.07,"MFtD":201.1,"MPz":3.54,"MPzD":188.24,"MQt":7.22,"MPr":11.9,"MM":22.41,"CFt":57.66,"CFtD":161.19,"CPz":4.9,"CPzD":152.63,"CQt":7.73,"CPr":11.77,"CM":30.09}
,{"H":"cod.esE0000","Hid":4,"FFt":94.48,"FFtD":30.88,"FPz":7,"FPzD":16.67,"FQt":15.22,"FPr":13.5,"FM":55.33,"MFt":211.98,"MFtD":128.91,"MPz":16.67,"MPzD":111.65,"MQt":34.03,"MPr":12.72,"MM":100.83,"CFt":283.74,"CFtD":157.33,"CPz":22.27,"CPzD":135.13,"CQt":35.16,"CPr":12.74,"CM":135.29}]}]}