{ 
 "TIT":"cod.ESE0038" 
,"GF": [{ 
"dati":[{"name":"F","value":0}] 
,"opzioni":{"min":0,"max":5}}]
                        
,"GM": [{ 
"dati":[{"name":"M","value":0}] 
,"opzioni":{"min":0,"max":5}}]
                        
,"GC": [{ 
"dati":[{"name":"C","value":0}] 
,"opzioni":{"min":0,"max":5}}],"ISF2V":[{"min": 0, "max": 20}]
,"ISP2V":[{"min": 0, "max":20 }]   
,"ISP2":[{"name": "lb.l0006","series": [{ "name":"lb.l0052","value":14 },{ "name":"lb.l0053","value":2 },{ "name":"lb.l0054","value":3 },{ "name":"lb.l0055","value":3 },{ "name":"lb.l0056","value":7 },{ "name":"lb.l0057","value":1 },{ "name":"lb.l0058","value":9 },{ "name":"lb.l0059","value":7 },{ "name":"lb.l0060","value":9 },{ "name":"lb.l0061","value":9 },{ "name":"lb.l0062","value":3 },{ "name":"lb.l0063","value":2 }]}
,{"name": "lb.l0007","series": [{ "name":"lb.l0052","value":2.48453608247423 },{ "name":"lb.l0053","value":1.97938144329897 },{ "name":"lb.l0054","value":2.10309278350515 },{ "name":"lb.l0055","value":2.60824742268041 },{ "name":"lb.l0056","value":2.83505154639175 },{ "name":"lb.l0057","value":2.80412371134021 },{ "name":"lb.l0058","value":3.63917525773196 },{ "name":"lb.l0059","value":4.14432989690722 },{ "name":"lb.l0060","value":2.90721649484536 },{ "name":"lb.l0061","value":2.97938144329897 },{ "name":"lb.l0062","value":2.56701030927835 },{ "name":"lb.l0063","value":2.60824742268041 }]}
,{"name": "lb.l0008","series": [{ "name":"lb.l0052","value":3.59183673469388 },{ "name":"lb.l0053","value":2.91836734693878 },{ "name":"lb.l0054","value":2.95918367346939 },{ "name":"lb.l0055","value":3.42857142857143 },{ "name":"lb.l0056","value":3.93877551020408 },{ "name":"lb.l0057","value":3.61224489795918 },{ "name":"lb.l0058","value":4.97959183673469 },{ "name":"lb.l0059","value":4.97959183673469 },{ "name":"lb.l0060","value":3.51020408163265 },{ "name":"lb.l0061","value":3.91836734693877 },{ "name":"lb.l0062","value":3.53061224489796 },{ "name":"lb.l0063","value":3.55102040816326 }]}] ,"ISP1":[ 
{"name": "lb.l0040","series": [{"name":"2021","value":14},{"name":"2020","value":4}]},
{"name": "lb.l0041","series": [{"name":"2021","value":16},{"name":"2020","value":12}]},
{"name": "lb.l0042","series": [{"name":"2021","value":19},{"name":"2020","value":19}]},
{"name": "lb.l0043","series": [{"name":"2021","value":22},{"name":"2020","value":20}]},
{"name": "lb.l0044","series": [{"name":"2021","value":29},{"name":"2020","value":21}]},
{"name": "lb.l0045","series": [{"name":"2021","value":30},{"name":"2020","value":23}]},
{"name": "lb.l0046","series": [{"name":"2021","value":39},{"name":"2020","value":33}]},
{"name": "lb.l0047","series": [{"name":"2021","value":46},{"name":"2020","value":36}]},
{"name": "lb.l0048","series": [{"name":"2021","value":55},{"name":"2020","value":47}]},
{"name": "lb.l0049","series": [{"name":"2021","value":64},{"name":"2020","value":50}]},
{"name": "lb.l0050","series": [{"name":"2021","value":67},{"name":"2020","value":55}]},
{"name": "lb.l0051","series": [{"name":"2021","value":69},{"name":"2020","value":59}]}] 
,"dati":[ 
{ 
"IPD":"MAT" 
,"PD":"MAT","TF":[{"name":"cod.esE0000","value":69},{"name":"cod.meGCAUGPA","value": 0},{"name":"cod.meGCAUMEF","value": 0},{"name":"cod.meGCAUMNS","value": 0}],"TM":[{"name":"cod.esE0000","value":33.65979},{"name":"cod.meGCAUGPA","value": 0.00000},{"name":"cod.meGCAUMEF","value": 0.00000},{"name":"cod.meGCAUMNS","value": 0.00000}],"TC":[{"name":"cod.esE0000","value":44.91837},{"name":"cod.meGCAUGPA","value": 0.00000},{"name":"cod.meGCAUMEF","value": 0.00000},{"name":"cod.meGCAUMNS","value": 0.00000}] 
,"DTE":[{"H":"lb.l0018","Hid":1,"FFt":517.03,"FFtD":5.87,"FPz":69,"FPzD":16.95,"FQt":100,"FPr":7.49,"FM":186.31,"MFt":321.14,"MFtD":23.09,"MPz":33.66,"MPzD":15.62,"MQt":100,"MPr":9.54,"MM":116.36,"CFt":436.93,"CFtD":20.83,"CPz":44.92,"CPzD":11.84,"CQt":100,"CPr":9.73,"CM":155.83}
,{"H":"cod.meGCAUGPA","Hid":0,"FFt":0,"FFtD":null,"FPz":0,"FPzD":null,"FQt":0,"FPr":null,"FM":0,"MFt":0,"MFtD":null,"MPz":0,"MPzD":null,"MQt":0,"MPr":null,"MM":0,"CFt":0,"CFtD":null,"CPz":0,"CPzD":null,"CQt":0,"CPr":null,"CM":0}
,{"H":"cod.meGCAUMEF","Hid":0,"FFt":0,"FFtD":null,"FPz":0,"FPzD":null,"FQt":0,"FPr":null,"FM":0,"MFt":0,"MFtD":null,"MPz":0,"MPzD":null,"MQt":0,"MPr":null,"MM":0,"CFt":0,"CFtD":null,"CPz":0,"CPzD":null,"CQt":0,"CPr":null,"CM":0}
,{"H":"cod.meGCAUMNS","Hid":0,"FFt":0,"FFtD":null,"FPz":0,"FPzD":null,"FQt":0,"FPr":null,"FM":0,"MFt":0,"MFtD":null,"MPz":0,"MPzD":null,"MQt":0,"MPr":null,"MM":0,"CFt":0,"CFtD":null,"CPz":0,"CPzD":null,"CQt":0,"CPr":null,"CM":0}
,{"H":"cod.esE0000","Hid":4,"FFt":517.03,"FFtD":5.87,"FPz":69,"FPzD":16.95,"FQt":100,"FPr":7.49,"FM":186.31,"MFt":321.14,"MFtD":23.09,"MPz":33.66,"MPzD":15.62,"MQt":100,"MPr":9.54,"MM":116.36,"CFt":436.93,"CFtD":20.83,"CPz":44.92,"CPzD":11.84,"CQt":100,"CPr":9.73,"CM":155.83}]}, 
{ 
"IPD":"YTD" 
,"PD":"YTD","TF":[{"name":"cod.esE0000","value":69},{"name":"cod.meGCAUGPA","value": 0},{"name":"cod.meGCAUMEF","value": 0},{"name":"cod.meGCAUMNS","value": 0}],"TM":[{"name":"cod.esE0000","value":33.65979},{"name":"cod.meGCAUGPA","value": 0.00000},{"name":"cod.meGCAUMEF","value": 0.00000},{"name":"cod.meGCAUMNS","value": 0.00000}],"TC":[{"name":"cod.esE0000","value":44.91837},{"name":"cod.meGCAUGPA","value": 0.00000},{"name":"cod.meGCAUMEF","value": 0.00000},{"name":"cod.meGCAUMNS","value": 0.00000}] 
,"DTE":[{"H":"lb.l0018","Hid":1,"FFt":517.03,"FFtD":5.87,"FPz":69,"FPzD":16.95,"FQt":100,"FPr":7.49,"FM":186.31,"MFt":321.14,"MFtD":23.09,"MPz":33.66,"MPzD":15.62,"MQt":100,"MPr":9.54,"MM":116.36,"CFt":436.93,"CFtD":20.83,"CPz":44.92,"CPzD":11.84,"CQt":100,"CPr":9.73,"CM":155.83}
,{"H":"cod.meGCAUGPA","Hid":0,"FFt":0,"FFtD":null,"FPz":0,"FPzD":null,"FQt":0,"FPr":null,"FM":0,"MFt":0,"MFtD":null,"MPz":0,"MPzD":null,"MQt":0,"MPr":null,"MM":0,"CFt":0,"CFtD":null,"CPz":0,"CPzD":null,"CQt":0,"CPr":null,"CM":0}
,{"H":"cod.meGCAUMEF","Hid":0,"FFt":0,"FFtD":null,"FPz":0,"FPzD":null,"FQt":0,"FPr":null,"FM":0,"MFt":0,"MFtD":null,"MPz":0,"MPzD":null,"MQt":0,"MPr":null,"MM":0,"CFt":0,"CFtD":null,"CPz":0,"CPzD":null,"CQt":0,"CPr":null,"CM":0}
,{"H":"cod.meGCAUMNS","Hid":0,"FFt":0,"FFtD":null,"FPz":0,"FPzD":null,"FQt":0,"FPr":null,"FM":0,"MFt":0,"MFtD":null,"MPz":0,"MPzD":null,"MQt":0,"MPr":null,"MM":0,"CFt":0,"CFtD":null,"CPz":0,"CPzD":null,"CQt":0,"CPr":null,"CM":0}
,{"H":"cod.esE0000","Hid":4,"FFt":517.03,"FFtD":5.87,"FPz":69,"FPzD":16.95,"FQt":100,"FPr":7.49,"FM":186.31,"MFt":321.14,"MFtD":23.09,"MPz":33.66,"MPzD":15.62,"MQt":100,"MPr":9.54,"MM":116.36,"CFt":436.93,"CFtD":20.83,"CPz":44.92,"CPzD":11.84,"CQt":100,"CPr":9.73,"CM":155.83}]}, 
{ 
"IPD":"BIM" 
,"PD":"BIM","TF":[{"name":"cod.esE0000","value":5},{"name":"cod.meGCAUGPA","value":0},{"name":"cod.meGCAUMEF","value":0},{"name":"cod.meGCAUMNS","value":0}],"TM":[{"name":"cod.esE0000","value":5.175258},{"name":"cod.meGCAUGPA","value":0.000000},{"name":"cod.meGCAUMEF","value":0.000000},{"name":"cod.meGCAUMNS","value":0.000000}],"TC":[{"name":"cod.esE0000","value":7.081633},{"name":"cod.meGCAUGPA","value":0.000000},{"name":"cod.meGCAUMEF","value":0.000000},{"name":"cod.meGCAUMNS","value":0.000000}] 
,"DTE":[{"H":"lb.l0018","Hid":1,"FFt":53.9,"FFtD":-38.61,"FPz":5,"FPzD":-44.44,"FQt":100,"FPr":10.78,"FM":15.34,"MFt":46.3,"MFtD":19.31,"MPz":5.18,"MPzD":19.81,"MQt":100,"MPr":8.95,"MM":15.89,"CFt":63.38,"CFtD":14.22,"CPz":7.08,"CPzD":17.63,"CQt":100,"CPr":8.95,"CM":21.55}
,{"H":"cod.meGCAUGPA","Hid":0,"FFt":0,"FFtD":null,"FPz":0,"FPzD":null,"FQt":0,"FPr":null,"FM":0,"MFt":0,"MFtD":null,"MPz":0,"MPzD":null,"MQt":0,"MPr":null,"MM":0,"CFt":0,"CFtD":null,"CPz":0,"CPzD":null,"CQt":0,"CPr":null,"CM":0}
,{"H":"cod.meGCAUMEF","Hid":0,"FFt":0,"FFtD":null,"FPz":0,"FPzD":null,"FQt":0,"FPr":null,"FM":0,"MFt":0,"MFtD":null,"MPz":0,"MPzD":null,"MQt":0,"MPr":null,"MM":0,"CFt":0,"CFtD":null,"CPz":0,"CPzD":null,"CQt":0,"CPr":null,"CM":0}
,{"H":"cod.meGCAUMNS","Hid":0,"FFt":0,"FFtD":null,"FPz":0,"FPzD":null,"FQt":0,"FPr":null,"FM":0,"MFt":0,"MFtD":null,"MPz":0,"MPzD":null,"MQt":0,"MPr":null,"MM":0,"CFt":0,"CFtD":null,"CPz":0,"CPzD":null,"CQt":0,"CPr":null,"CM":0}
,{"H":"cod.esE0000","Hid":4,"FFt":53.9,"FFtD":-38.61,"FPz":5,"FPzD":-44.44,"FQt":100,"FPr":10.78,"FM":15.34,"MFt":46.3,"MFtD":19.31,"MPz":5.18,"MPzD":19.81,"MQt":100,"MPr":8.95,"MM":15.89,"CFt":63.38,"CFtD":14.22,"CPz":7.08,"CPzD":17.63,"CQt":100,"CPr":8.95,"CM":21.55}]}, 
{ 
"IPD":"UM" 
,"PD":"UM","TF":[{"name":"cod.esE0000","value":2},{"name":"cod.meGCAUGPA","value":0},{"name":"cod.meGCAUMEF","value":0},{"name":"cod.meGCAUMNS","value":0}],"TM":[{"name":"cod.esE0000","value":2.608247},{"name":"cod.meGCAUGPA","value":0.000000},{"name":"cod.meGCAUMEF","value":0.000000},{"name":"cod.meGCAUMNS","value":0.000000}],"TC":[{"name":"cod.esE0000","value":3.55102},{"name":"cod.meGCAUGPA","value":0.00000},{"name":"cod.meGCAUMEF","value":0.00000},{"name":"cod.meGCAUMNS","value":0.00000}] 
,"DTE":[{"H":"lb.l0018","Hid":1,"FFt":24.6,"FFtD":-48.32,"FPz":2,"FPzD":-50,"FQt":100,"FPr":12.3,"FM":3.85,"MFt":22.61,"MFtD":9.47,"MPz":2.61,"MPzD":14.48,"MQt":100,"MPr":8.67,"MM":7.97,"CFt":31.35,"CFtD":7.94,"CPz":3.55,"CPzD":12.99,"CQt":100,"CPr":8.83,"CM":10.86}
,{"H":"cod.meGCAUGPA","Hid":0,"FFt":0,"FFtD":null,"FPz":0,"FPzD":null,"FQt":0,"FPr":null,"FM":0,"MFt":0,"MFtD":null,"MPz":0,"MPzD":null,"MQt":0,"MPr":null,"MM":0,"CFt":0,"CFtD":null,"CPz":0,"CPzD":null,"CQt":0,"CPr":null,"CM":0}
,{"H":"cod.meGCAUMEF","Hid":0,"FFt":0,"FFtD":null,"FPz":0,"FPzD":null,"FQt":0,"FPr":null,"FM":0,"MFt":0,"MFtD":null,"MPz":0,"MPzD":null,"MQt":0,"MPr":null,"MM":0,"CFt":0,"CFtD":null,"CPz":0,"CPzD":null,"CQt":0,"CPr":null,"CM":0}
,{"H":"cod.meGCAUMNS","Hid":0,"FFt":0,"FFtD":null,"FPz":0,"FPzD":null,"FQt":0,"FPr":null,"FM":0,"MFt":0,"MFtD":null,"MPz":0,"MPzD":null,"MQt":0,"MPr":null,"MM":0,"CFt":0,"CFtD":null,"CPz":0,"CPzD":null,"CQt":0,"CPr":null,"CM":0}
,{"H":"cod.esE0000","Hid":4,"FFt":24.6,"FFtD":-48.32,"FPz":2,"FPzD":-50,"FQt":100,"FPr":12.3,"FM":3.85,"MFt":22.61,"MFtD":9.47,"MPz":2.61,"MPzD":14.48,"MQt":100,"MPr":8.67,"MM":7.97,"CFt":31.35,"CFtD":7.94,"CPz":3.55,"CPzD":12.99,"CQt":100,"CPr":8.83,"CM":10.86}]}]}