{ 
 "TIT":"cod.ESE0043" 
,"GF": [{ 
"dati":[{"name":"F","value":1.2}] 
,"opzioni":{"min":0,"max":10}}]
                        
,"GM": [{ 
"dati":[{"name":"M","value":5.62}] 
,"opzioni":{"min":0,"max":10}}]
                        
,"GC": [{ 
"dati":[{"name":"C","value":4.45}] 
,"opzioni":{"min":0,"max":10}}],"ISF2V":[{"min": 0, "max": 40}]
,"ISP2V":[{"min": 0, "max":40 }]   
,"ISP2":[{"name": "lb.l0006","series": [{ "name":"lb.l0052","value":40 },{ "name":"lb.l0053","value":32 },{ "name":"lb.l0054","value":32 },{ "name":"lb.l0055","value":18 },{ "name":"lb.l0056","value":36 },{ "name":"lb.l0057","value":29 },{ "name":"lb.l0058","value":20 },{ "name":"lb.l0059","value":19 },{ "name":"lb.l0060","value":22 },{ "name":"lb.l0061","value":25 },{ "name":"lb.l0062","value":34 },{ "name":"lb.l0063","value":26 }]}
,{"name": "lb.l0007","series": [{ "name":"lb.l0052","value":12.5670103092783 },{ "name":"lb.l0053","value":11.5463917525773 },{ "name":"lb.l0054","value":13.2680412371134 },{ "name":"lb.l0055","value":11.9690721649484 },{ "name":"lb.l0056","value":13.7628865979381 },{ "name":"lb.l0057","value":11.2680412371134 },{ "name":"lb.l0058","value":12.6907216494845 },{ "name":"lb.l0059","value":11.1855670103093 },{ "name":"lb.l0060","value":12.0412371134021 },{ "name":"lb.l0061","value":12.4432989690722 },{ "name":"lb.l0062","value":11.979381443299 },{ "name":"lb.l0063","value":11.3505154639175 }]}
,{"name": "lb.l0008","series": [{ "name":"lb.l0052","value":18.0816326530612 },{ "name":"lb.l0053","value":16.265306122449 },{ "name":"lb.l0054","value":19.4897959183673 },{ "name":"lb.l0055","value":17.5510204081633 },{ "name":"lb.l0056","value":19.4897959183673 },{ "name":"lb.l0057","value":15.3469387755102 },{ "name":"lb.l0058","value":18.1836734693878 },{ "name":"lb.l0059","value":15.2448979591837 },{ "name":"lb.l0060","value":17.1020408163265 },{ "name":"lb.l0061","value":16.8163265306122 },{ "name":"lb.l0062","value":16.9183673469388 },{ "name":"lb.l0063","value":15.8979591836735 }]}] ,"ISP1":[ 
{"name": "lb.l0040","series": [{"name":"2021","value":40},{"name":"2020","value":32}]},
{"name": "lb.l0041","series": [{"name":"2021","value":72},{"name":"2020","value":52}]},
{"name": "lb.l0042","series": [{"name":"2021","value":104},{"name":"2020","value":83}]},
{"name": "lb.l0043","series": [{"name":"2021","value":122},{"name":"2020","value":104}]},
{"name": "lb.l0044","series": [{"name":"2021","value":158},{"name":"2020","value":135}]},
{"name": "lb.l0045","series": [{"name":"2021","value":187},{"name":"2020","value":152}]},
{"name": "lb.l0046","series": [{"name":"2021","value":207},{"name":"2020","value":180}]},
{"name": "lb.l0047","series": [{"name":"2021","value":226},{"name":"2020","value":202}]},
{"name": "lb.l0048","series": [{"name":"2021","value":248},{"name":"2020","value":226}]},
{"name": "lb.l0049","series": [{"name":"2021","value":273},{"name":"2020","value":254}]},
{"name": "lb.l0050","series": [{"name":"2021","value":307},{"name":"2020","value":281}]},
{"name": "lb.l0051","series": [{"name":"2021","value":333},{"name":"2020","value":299}]}] 
,"dati":[ 
{ 
"IPD":"MAT" 
,"PD":"MAT","TF":[{"name":"cod.esE0000","value":329},{"name":"cod.meGCAUGPA","value":  4},{"name":"cod.meGCAUMEF","value":  0},{"name":"cod.meGCAUMNS","value":  0}],"TM":[{"name":"cod.esE0000","value":137.855670},{"name":"cod.meGCAUGPA","value":  8.216495},{"name":"cod.meGCAUMEF","value":  0.000000},{"name":"cod.meGCAUMNS","value":  0.000000}],"TC":[{"name":"cod.esE0000","value":197.204082},{"name":"cod.meGCAUGPA","value":  9.183673},{"name":"cod.meGCAUMEF","value":  0.000000},{"name":"cod.meGCAUMNS","value":  0.000000}] 
,"DTE":[{"H":"lb.l0018","Hid":1,"FFt":8814.94,"FFtD":3.06,"FPz":333,"FPzD":11.37,"FQt":100,"FPr":26.47,"FM":2822.18,"MFt":3262.82,"MFtD":5.2,"MPz":146.07,"MPzD":7.5,"MQt":100,"MPr":22.34,"MM":1192.87,"CFt":4669.06,"CFtD":1.85,"CPz":206.39,"CPzD":4.61,"CQt":100,"CPr":22.62,"CM":1725.41}
,{"H":"cod.meGCAUGPA","Hid":0,"FFt":118.89,"FFtD":-43.39,"FPz":4,"FPzD":-42.86,"FQt":1.2,"FPr":29.72,"FM":50.65,"MFt":235.14,"MFtD":57.83,"MPz":8.22,"MPzD":59.4,"MQt":5.62,"MPr":28.62,"MM":89.28,"CFt":261.61,"CFtD":72.14,"CPz":9.18,"CPzD":75.78,"CQt":4.45,"CPr":28.49,"CM":100.24}
,{"H":"cod.meGCAUMEF","Hid":0,"FFt":0,"FFtD":null,"FPz":0,"FPzD":null,"FQt":0,"FPr":null,"FM":0,"MFt":0,"MFtD":null,"MPz":0,"MPzD":null,"MQt":0,"MPr":null,"MM":0,"CFt":0,"CFtD":null,"CPz":0,"CPzD":null,"CQt":0,"CPr":null,"CM":0}
,{"H":"cod.meGCAUMNS","Hid":0,"FFt":0,"FFtD":null,"FPz":0,"FPzD":null,"FQt":0,"FPr":null,"FM":0,"MFt":0,"MFtD":null,"MPz":0,"MPzD":null,"MQt":0,"MPr":null,"MM":0,"CFt":0,"CFtD":null,"CPz":0,"CPzD":null,"CQt":0,"CPr":null,"CM":0}
,{"H":"cod.esE0000","Hid":4,"FFt":8696.05,"FFtD":4.23,"FPz":329,"FPzD":12.67,"FQt":98.8,"FPr":26.43,"FM":2771.53,"MFt":3027.67,"MFtD":2.55,"MPz":137.86,"MPzD":5.45,"MQt":94.38,"MPr":21.96,"MM":1103.59,"CFt":4407.45,"CFtD":-0.56,"CPz":197.2,"CPzD":2.68,"CQt":95.55,"CPr":22.35,"CM":1625.17}]}, 
{ 
"IPD":"YTD" 
,"PD":"YTD","TF":[{"name":"cod.esE0000","value":329},{"name":"cod.meGCAUGPA","value":  4},{"name":"cod.meGCAUMEF","value":  0},{"name":"cod.meGCAUMNS","value":  0}],"TM":[{"name":"cod.esE0000","value":137.855670},{"name":"cod.meGCAUGPA","value":  8.216495},{"name":"cod.meGCAUMEF","value":  0.000000},{"name":"cod.meGCAUMNS","value":  0.000000}],"TC":[{"name":"cod.esE0000","value":197.204082},{"name":"cod.meGCAUGPA","value":  9.183673},{"name":"cod.meGCAUMEF","value":  0.000000},{"name":"cod.meGCAUMNS","value":  0.000000}] 
,"DTE":[{"H":"lb.l0018","Hid":1,"FFt":8814.94,"FFtD":3.06,"FPz":333,"FPzD":11.37,"FQt":100,"FPr":26.47,"FM":2822.18,"MFt":3262.82,"MFtD":5.2,"MPz":146.07,"MPzD":7.5,"MQt":100,"MPr":22.34,"MM":1192.87,"CFt":4669.06,"CFtD":1.85,"CPz":206.39,"CPzD":4.61,"CQt":100,"CPr":22.62,"CM":1725.41}
,{"H":"cod.meGCAUGPA","Hid":0,"FFt":118.89,"FFtD":-43.39,"FPz":4,"FPzD":-42.86,"FQt":1.2,"FPr":29.72,"FM":50.65,"MFt":235.14,"MFtD":57.83,"MPz":8.22,"MPzD":59.4,"MQt":5.62,"MPr":28.62,"MM":89.28,"CFt":261.61,"CFtD":72.14,"CPz":9.18,"CPzD":75.78,"CQt":4.45,"CPr":28.49,"CM":100.24}
,{"H":"cod.meGCAUMEF","Hid":0,"FFt":0,"FFtD":null,"FPz":0,"FPzD":null,"FQt":0,"FPr":null,"FM":0,"MFt":0,"MFtD":null,"MPz":0,"MPzD":null,"MQt":0,"MPr":null,"MM":0,"CFt":0,"CFtD":null,"CPz":0,"CPzD":null,"CQt":0,"CPr":null,"CM":0}
,{"H":"cod.meGCAUMNS","Hid":0,"FFt":0,"FFtD":null,"FPz":0,"FPzD":null,"FQt":0,"FPr":null,"FM":0,"MFt":0,"MFtD":null,"MPz":0,"MPzD":null,"MQt":0,"MPr":null,"MM":0,"CFt":0,"CFtD":null,"CPz":0,"CPzD":null,"CQt":0,"CPr":null,"CM":0}
,{"H":"cod.esE0000","Hid":4,"FFt":8696.05,"FFtD":4.23,"FPz":329,"FPzD":12.67,"FQt":98.8,"FPr":26.43,"FM":2771.53,"MFt":3027.67,"MFtD":2.55,"MPz":137.86,"MPzD":5.45,"MQt":94.38,"MPr":21.96,"MM":1103.59,"CFt":4407.45,"CFtD":-0.56,"CPz":197.2,"CPzD":2.68,"CQt":95.55,"CPr":22.35,"CM":1625.17}]}, 
{ 
"IPD":"BIM" 
,"PD":"BIM","TF":[{"name":"cod.esE0000","value":60},{"name":"cod.meGCAUGPA","value": 0},{"name":"cod.meGCAUMEF","value": 0},{"name":"cod.meGCAUMNS","value": 0}],"TM":[{"name":"cod.esE0000","value":22.7628866},{"name":"cod.meGCAUGPA","value": 0.5670103},{"name":"cod.meGCAUMEF","value": 0.0000000},{"name":"cod.meGCAUMNS","value": 0.0000000}],"TC":[{"name":"cod.esE0000","value":32.0408163},{"name":"cod.meGCAUGPA","value": 0.7755102},{"name":"cod.meGCAUMEF","value": 0.0000000},{"name":"cod.meGCAUMNS","value": 0.0000000}] 
,"DTE":[{"H":"lb.l0018","Hid":1,"FFt":1723.77,"FFtD":45.97,"FPz":60,"FPzD":33.33,"FQt":100,"FPr":28.73,"FM":536.42,"MFt":504.42,"MFtD":-12.05,"MPz":23.33,"MPzD":-4.64,"MQt":100,"MPr":21.62,"MM":174.5,"CFt":718.93,"CFtD":-15.36,"CPz":32.82,"CPzD":-7.48,"CQt":100,"CPr":21.91,"CM":248.13}
,{"H":"cod.meGCAUGPA","Hid":0,"FFt":0,"FFtD":-100,"FPz":0,"FPzD":-100,"FQt":0,"FPr":null,"FM":0,"MFt":16.08,"MFtD":-45.39,"MPz":0.57,"MPzD":-44.44,"MQt":2.43,"MPr":28.35,"MM":6.14,"CFt":21.78,"CFtD":-22.88,"CPz":0.78,"CPzD":-19.15,"CQt":2.36,"CPr":28.09,"CM":8.27}
,{"H":"cod.meGCAUMEF","Hid":0,"FFt":0,"FFtD":null,"FPz":0,"FPzD":null,"FQt":0,"FPr":null,"FM":0,"MFt":0,"MFtD":null,"MPz":0,"MPzD":null,"MQt":0,"MPr":null,"MM":0,"CFt":0,"CFtD":null,"CPz":0,"CPzD":null,"CQt":0,"CPr":null,"CM":0}
,{"H":"cod.meGCAUMNS","Hid":0,"FFt":0,"FFtD":null,"FPz":0,"FPzD":null,"FQt":0,"FPr":null,"FM":0,"MFt":0,"MFtD":null,"MPz":0,"MPzD":null,"MQt":0,"MPr":null,"MM":0,"CFt":0,"CFtD":null,"CPz":0,"CPzD":null,"CQt":0,"CPr":null,"CM":0}
,{"H":"cod.esE0000","Hid":4,"FFt":1723.77,"FFtD":53.81,"FPz":60,"FPzD":39.53,"FQt":100,"FPr":28.73,"FM":536.42,"MFt":488.35,"MFtD":-10.24,"MPz":22.76,"MPzD":-2.9,"MQt":97.57,"MPr":21.45,"MM":168.36,"CFt":697.15,"CFtD":-15.1,"CPz":32.04,"CPzD":-7.16,"CQt":97.64,"CPr":21.76,"CM":239.86}]}, 
{ 
"IPD":"UM" 
,"PD":"UM","TF":[{"name":"cod.esE0000","value":26},{"name":"cod.meGCAUGPA","value": 0},{"name":"cod.meGCAUMEF","value": 0},{"name":"cod.meGCAUMNS","value": 0}],"TM":[{"name":"cod.esE0000","value":11.092784},{"name":"cod.meGCAUGPA","value": 0.257732},{"name":"cod.meGCAUMEF","value": 0.000000},{"name":"cod.meGCAUMNS","value": 0.000000}],"TC":[{"name":"cod.esE0000","value":15.5714286},{"name":"cod.meGCAUGPA","value": 0.3265306},{"name":"cod.meGCAUMEF","value": 0.0000000},{"name":"cod.meGCAUMNS","value": 0.0000000}] 
,"DTE":[{"H":"lb.l0018","Hid":1,"FFt":693.54,"FFtD":41.27,"FPz":26,"FPzD":44.44,"FQt":100,"FPr":26.67,"FM":208.31,"MFt":244.87,"MFtD":-9.39,"MPz":11.35,"MPzD":-4.68,"MQt":100,"MPr":21.57,"MM":84.16,"CFt":344.69,"CFtD":-10.6,"CPz":15.9,"CPzD":-4.53,"CQt":100,"CPr":21.68,"CM":118.13}
,{"H":"cod.meGCAUGPA","Hid":0,"FFt":0,"FFtD":-100,"FPz":0,"FPzD":-100,"FQt":0,"FPr":null,"FM":0,"MFt":7.42,"MFtD":-47.58,"MPz":0.26,"MPzD":-46.81,"MQt":2.27,"MPr":28.8,"MM":2.67,"CFt":9.34,"CFtD":-18.46,"CPz":0.33,"CPzD":-15.79,"CQt":2.05,"CPr":28.59,"CM":3.16}
,{"H":"cod.meGCAUMEF","Hid":0,"FFt":0,"FFtD":null,"FPz":0,"FPzD":null,"FQt":0,"FPr":null,"FM":0,"MFt":0,"MFtD":null,"MPz":0,"MPzD":null,"MQt":0,"MPr":null,"MM":0,"CFt":0,"CFtD":null,"CPz":0,"CPzD":null,"CQt":0,"CPr":null,"CM":0}
,{"H":"cod.meGCAUMNS","Hid":0,"FFt":0,"FFtD":null,"FPz":0,"FPzD":null,"FQt":0,"FPr":null,"FM":0,"MFt":0,"MFtD":null,"MPz":0,"MPzD":null,"MQt":0,"MPr":null,"MM":0,"CFt":0,"CFtD":null,"CPz":0,"CPzD":null,"CQt":0,"CPr":null,"CM":0}
,{"H":"cod.esE0000","Hid":4,"FFt":693.54,"FFtD":50.5,"FPz":26,"FPzD":52.94,"FQt":100,"FPr":26.67,"FM":208.31,"MFt":237.45,"MFtD":-7.28,"MPz":11.09,"MPzD":-2.89,"MQt":97.73,"MPr":21.41,"MM":81.49,"CFt":335.36,"CFtD":-10.36,"CPz":15.57,"CPzD":-4.27,"CQt":97.95,"CPr":21.54,"CM":114.97}]}]}