{ 
 "TIT":"cod.ESE0044" 
,"GF": [{ 
"dati":[{"name":"F","value":0}] 
,"opzioni":{"min":0,"max":5}}]
                        
,"GM": [{ 
"dati":[{"name":"M","value":0}] 
,"opzioni":{"min":0,"max":5}}]
                        
,"GC": [{ 
"dati":[{"name":"C","value":0}] 
,"opzioni":{"min":0,"max":5}}],"ISF2V":[{"min": 0, "max": 10}]
,"ISP2V":[{"min": 0, "max":10 }]   
,"ISP2":[{"name": "lb.l0006","series": [{ "name":"lb.l0052","value":2 },{ "name":"lb.l0053","value":3 },{ "name":"lb.l0054","value":2 },{ "name":"lb.l0055","value":2 },{ "name":"lb.l0056","value":0 },{ "name":"lb.l0057","value":2 },{ "name":"lb.l0058","value":2 },{ "name":"lb.l0059","value":1 },{ "name":"lb.l0060","value":5 },{ "name":"lb.l0061","value":1 },{ "name":"lb.l0062","value":0 },{ "name":"lb.l0063","value":2 }]}
,{"name": "lb.l0007","series": [{ "name":"lb.l0052","value":1 },{ "name":"lb.l0053","value":1.09278350515464 },{ "name":"lb.l0054","value":1.32989690721649 },{ "name":"lb.l0055","value":1.48453608247423 },{ "name":"lb.l0056","value":1.11340206185567 },{ "name":"lb.l0057","value":1.09278350515464 },{ "name":"lb.l0058","value":1 },{ "name":"lb.l0059","value":1.06185567010309 },{ "name":"lb.l0060","value":0.77319587628866 },{ "name":"lb.l0061","value":0.958762886597938 },{ "name":"lb.l0062","value":0.958762886597938 },{ "name":"lb.l0063","value":1 }]}
,{"name": "lb.l0008","series": [{ "name":"lb.l0052","value":1.22448979591837 },{ "name":"lb.l0053","value":1.38775510204082 },{ "name":"lb.l0054","value":1.85714285714286 },{ "name":"lb.l0055","value":2.10204081632653 },{ "name":"lb.l0056","value":1.3469387755102 },{ "name":"lb.l0057","value":1.28571428571429 },{ "name":"lb.l0058","value":1.16326530612245 },{ "name":"lb.l0059","value":1.38775510204082 },{ "name":"lb.l0060","value":0.918367346938776 },{ "name":"lb.l0061","value":1.26530612244898 },{ "name":"lb.l0062","value":1.20408163265306 },{ "name":"lb.l0063","value":1.42857142857143 }]}] ,"ISP1":[ 
{"name": "lb.l0040","series": [{"name":"2021","value":2},{"name":"2020","value":1}]},
{"name": "lb.l0041","series": [{"name":"2021","value":5},{"name":"2020","value":3}]},
{"name": "lb.l0042","series": [{"name":"2021","value":7},{"name":"2020","value":8}]},
{"name": "lb.l0043","series": [{"name":"2021","value":9},{"name":"2020","value":8}]},
{"name": "lb.l0044","series": [{"name":"2021","value":9},{"name":"2020","value":11}]},
{"name": "lb.l0045","series": [{"name":"2021","value":11},{"name":"2020","value":12}]},
{"name": "lb.l0046","series": [{"name":"2021","value":13},{"name":"2020","value":15}]},
{"name": "lb.l0047","series": [{"name":"2021","value":14},{"name":"2020","value":17}]},
{"name": "lb.l0048","series": [{"name":"2021","value":19},{"name":"2020","value":19}]},
{"name": "lb.l0049","series": [{"name":"2021","value":20},{"name":"2020","value":22}]},
{"name": "lb.l0050","series": [{"name":"2021","value":20},{"name":"2020","value":22}]},
{"name": "lb.l0051","series": [{"name":"2021","value":22},{"name":"2020","value":23}]}] 
,"dati":[ 
{ 
"IPD":"MAT" 
,"PD":"MAT","TF":[{"name":"cod.esE0000","value":22},{"name":"cod.meGCAUGPA","value": 0},{"name":"cod.meGCAUMEF","value": 0},{"name":"cod.meGCAUMNS","value": 0}],"TM":[{"name":"cod.esE0000","value":12.86598},{"name":"cod.meGCAUGPA","value": 0.00000},{"name":"cod.meGCAUMEF","value": 0.00000},{"name":"cod.meGCAUMNS","value": 0.00000}],"TC":[{"name":"cod.esE0000","value":16.57143},{"name":"cod.meGCAUGPA","value": 0.00000},{"name":"cod.meGCAUMEF","value": 0.00000},{"name":"cod.meGCAUMNS","value": 0.00000}] 
,"DTE":[{"H":"lb.l0018","Hid":1,"FFt":387.75,"FFtD":-3.37,"FPz":22,"FPzD":-4.35,"FQt":100,"FPr":17.62,"FM":118.32,"MFt":200.75,"MFtD":9.87,"MPz":12.87,"MPzD":15.66,"MQt":100,"MPr":15.6,"MM":63.52,"CFt":264.26,"CFtD":4.66,"CPz":16.57,"CPzD":5.59,"CQt":100,"CPr":15.95,"CM":85.79}
,{"H":"cod.meGCAUGPA","Hid":0,"FFt":0,"FFtD":null,"FPz":0,"FPzD":null,"FQt":0,"FPr":null,"FM":0,"MFt":0,"MFtD":null,"MPz":0,"MPzD":null,"MQt":0,"MPr":null,"MM":0,"CFt":0,"CFtD":null,"CPz":0,"CPzD":null,"CQt":0,"CPr":null,"CM":0}
,{"H":"cod.meGCAUMEF","Hid":0,"FFt":0,"FFtD":null,"FPz":0,"FPzD":null,"FQt":0,"FPr":null,"FM":0,"MFt":0,"MFtD":null,"MPz":0,"MPzD":null,"MQt":0,"MPr":null,"MM":0,"CFt":0,"CFtD":null,"CPz":0,"CPzD":null,"CQt":0,"CPr":null,"CM":0}
,{"H":"cod.meGCAUMNS","Hid":0,"FFt":0,"FFtD":null,"FPz":0,"FPzD":null,"FQt":0,"FPr":null,"FM":0,"MFt":0,"MFtD":null,"MPz":0,"MPzD":null,"MQt":0,"MPr":null,"MM":0,"CFt":0,"CFtD":null,"CPz":0,"CPzD":null,"CQt":0,"CPr":null,"CM":0}
,{"H":"cod.esE0000","Hid":4,"FFt":387.75,"FFtD":-3.37,"FPz":22,"FPzD":-4.35,"FQt":100,"FPr":17.62,"FM":118.32,"MFt":200.75,"MFtD":9.87,"MPz":12.87,"MPzD":15.66,"MQt":100,"MPr":15.6,"MM":63.52,"CFt":264.26,"CFtD":4.66,"CPz":16.57,"CPzD":5.59,"CQt":100,"CPr":15.95,"CM":85.79}]}, 
{ 
"IPD":"YTD" 
,"PD":"YTD","TF":[{"name":"cod.esE0000","value":22},{"name":"cod.meGCAUGPA","value": 0},{"name":"cod.meGCAUMEF","value": 0},{"name":"cod.meGCAUMNS","value": 0}],"TM":[{"name":"cod.esE0000","value":12.86598},{"name":"cod.meGCAUGPA","value": 0.00000},{"name":"cod.meGCAUMEF","value": 0.00000},{"name":"cod.meGCAUMNS","value": 0.00000}],"TC":[{"name":"cod.esE0000","value":16.57143},{"name":"cod.meGCAUGPA","value": 0.00000},{"name":"cod.meGCAUMEF","value": 0.00000},{"name":"cod.meGCAUMNS","value": 0.00000}] 
,"DTE":[{"H":"lb.l0018","Hid":1,"FFt":387.75,"FFtD":-3.37,"FPz":22,"FPzD":-4.35,"FQt":100,"FPr":17.62,"FM":118.32,"MFt":200.75,"MFtD":9.87,"MPz":12.87,"MPzD":15.66,"MQt":100,"MPr":15.6,"MM":63.52,"CFt":264.26,"CFtD":4.66,"CPz":16.57,"CPzD":5.59,"CQt":100,"CPr":15.95,"CM":85.79}
,{"H":"cod.meGCAUGPA","Hid":0,"FFt":0,"FFtD":null,"FPz":0,"FPzD":null,"FQt":0,"FPr":null,"FM":0,"MFt":0,"MFtD":null,"MPz":0,"MPzD":null,"MQt":0,"MPr":null,"MM":0,"CFt":0,"CFtD":null,"CPz":0,"CPzD":null,"CQt":0,"CPr":null,"CM":0}
,{"H":"cod.meGCAUMEF","Hid":0,"FFt":0,"FFtD":null,"FPz":0,"FPzD":null,"FQt":0,"FPr":null,"FM":0,"MFt":0,"MFtD":null,"MPz":0,"MPzD":null,"MQt":0,"MPr":null,"MM":0,"CFt":0,"CFtD":null,"CPz":0,"CPzD":null,"CQt":0,"CPr":null,"CM":0}
,{"H":"cod.meGCAUMNS","Hid":0,"FFt":0,"FFtD":null,"FPz":0,"FPzD":null,"FQt":0,"FPr":null,"FM":0,"MFt":0,"MFtD":null,"MPz":0,"MPzD":null,"MQt":0,"MPr":null,"MM":0,"CFt":0,"CFtD":null,"CPz":0,"CPzD":null,"CQt":0,"CPr":null,"CM":0}
,{"H":"cod.esE0000","Hid":4,"FFt":387.75,"FFtD":-3.37,"FPz":22,"FPzD":-4.35,"FQt":100,"FPr":17.62,"FM":118.32,"MFt":200.75,"MFtD":9.87,"MPz":12.87,"MPzD":15.66,"MQt":100,"MPr":15.6,"MM":63.52,"CFt":264.26,"CFtD":4.66,"CPz":16.57,"CPzD":5.59,"CQt":100,"CPr":15.95,"CM":85.79}]}, 
{ 
"IPD":"BIM" 
,"PD":"BIM","TF":[{"name":"cod.esE0000","value":2},{"name":"cod.meGCAUGPA","value":0},{"name":"cod.meGCAUMEF","value":0},{"name":"cod.meGCAUMNS","value":0}],"TM":[{"name":"cod.esE0000","value":1.958763},{"name":"cod.meGCAUGPA","value":0.000000},{"name":"cod.meGCAUMEF","value":0.000000},{"name":"cod.meGCAUMNS","value":0.000000}],"TC":[{"name":"cod.esE0000","value":2.632653},{"name":"cod.meGCAUGPA","value":0.000000},{"name":"cod.meGCAUMEF","value":0.000000},{"name":"cod.meGCAUMNS","value":0.000000}] 
,"DTE":[{"H":"lb.l0018","Hid":1,"FFt":36.07,"FFtD":104.94,"FPz":2,"FPzD":100,"FQt":100,"FPr":18.04,"FM":12.47,"MFt":29.35,"MFtD":-3.45,"MPz":1.96,"MPzD":3.26,"MQt":100,"MPr":14.98,"MM":9.75,"CFt":40.7,"CFtD":-0.15,"CPz":2.63,"CPzD":4.03,"CQt":100,"CPr":15.46,"CM":13.17}
,{"H":"cod.meGCAUGPA","Hid":0,"FFt":0,"FFtD":null,"FPz":0,"FPzD":null,"FQt":0,"FPr":null,"FM":0,"MFt":0,"MFtD":null,"MPz":0,"MPzD":null,"MQt":0,"MPr":null,"MM":0,"CFt":0,"CFtD":null,"CPz":0,"CPzD":null,"CQt":0,"CPr":null,"CM":0}
,{"H":"cod.meGCAUMEF","Hid":0,"FFt":0,"FFtD":null,"FPz":0,"FPzD":null,"FQt":0,"FPr":null,"FM":0,"MFt":0,"MFtD":null,"MPz":0,"MPzD":null,"MQt":0,"MPr":null,"MM":0,"CFt":0,"CFtD":null,"CPz":0,"CPzD":null,"CQt":0,"CPr":null,"CM":0}
,{"H":"cod.meGCAUMNS","Hid":0,"FFt":0,"FFtD":null,"FPz":0,"FPzD":null,"FQt":0,"FPr":null,"FM":0,"MFt":0,"MFtD":null,"MPz":0,"MPzD":null,"MQt":0,"MPr":null,"MM":0,"CFt":0,"CFtD":null,"CPz":0,"CPzD":null,"CQt":0,"CPr":null,"CM":0}
,{"H":"cod.esE0000","Hid":4,"FFt":36.07,"FFtD":104.94,"FPz":2,"FPzD":100,"FQt":100,"FPr":18.04,"FM":12.47,"MFt":29.35,"MFtD":-3.45,"MPz":1.96,"MPzD":3.26,"MQt":100,"MPr":14.98,"MM":9.75,"CFt":40.7,"CFtD":-0.15,"CPz":2.63,"CPzD":4.03,"CQt":100,"CPr":15.46,"CM":13.17}]}, 
{ 
"IPD":"UM" 
,"PD":"UM","TF":[{"name":"cod.esE0000","value":2},{"name":"cod.meGCAUGPA","value":0},{"name":"cod.meGCAUMEF","value":0},{"name":"cod.meGCAUMNS","value":0}],"TM":[{"name":"cod.esE0000","value":1},{"name":"cod.meGCAUGPA","value":0},{"name":"cod.meGCAUMEF","value":0},{"name":"cod.meGCAUMNS","value":0}],"TC":[{"name":"cod.esE0000","value":1.428571},{"name":"cod.meGCAUGPA","value":0.000000},{"name":"cod.meGCAUMEF","value":0.000000},{"name":"cod.meGCAUMNS","value":0.000000}] 
,"DTE":[{"H":"lb.l0018","Hid":1,"FFt":36.07,"FFtD":104.94,"FPz":2,"FPzD":100,"FQt":100,"FPr":18.04,"FM":12.47,"MFt":15.38,"MFtD":1.76,"MPz":1,"MPzD":8.99,"MQt":100,"MPr":15.38,"MM":4.98,"CFt":22.08,"CFtD":3.32,"CPz":1.43,"CPzD":11.11,"CQt":100,"CPr":15.45,"CM":7.1}
,{"H":"cod.meGCAUGPA","Hid":0,"FFt":0,"FFtD":null,"FPz":0,"FPzD":null,"FQt":0,"FPr":null,"FM":0,"MFt":0,"MFtD":null,"MPz":0,"MPzD":null,"MQt":0,"MPr":null,"MM":0,"CFt":0,"CFtD":null,"CPz":0,"CPzD":null,"CQt":0,"CPr":null,"CM":0}
,{"H":"cod.meGCAUMEF","Hid":0,"FFt":0,"FFtD":null,"FPz":0,"FPzD":null,"FQt":0,"FPr":null,"FM":0,"MFt":0,"MFtD":null,"MPz":0,"MPzD":null,"MQt":0,"MPr":null,"MM":0,"CFt":0,"CFtD":null,"CPz":0,"CPzD":null,"CQt":0,"CPr":null,"CM":0}
,{"H":"cod.meGCAUMNS","Hid":0,"FFt":0,"FFtD":null,"FPz":0,"FPzD":null,"FQt":0,"FPr":null,"FM":0,"MFt":0,"MFtD":null,"MPz":0,"MPzD":null,"MQt":0,"MPr":null,"MM":0,"CFt":0,"CFtD":null,"CPz":0,"CPzD":null,"CQt":0,"CPr":null,"CM":0}
,{"H":"cod.esE0000","Hid":4,"FFt":36.07,"FFtD":104.94,"FPz":2,"FPzD":100,"FQt":100,"FPr":18.04,"FM":12.47,"MFt":15.38,"MFtD":1.76,"MPz":1,"MPzD":8.99,"MQt":100,"MPr":15.38,"MM":4.98,"CFt":22.08,"CFtD":3.32,"CPz":1.43,"CPzD":11.11,"CQt":100,"CPr":15.45,"CM":7.1}]}]}