{ 
 "TIT":"cod.ESE0047" 
,"GF": [{ 
"dati":[{"name":"F","value":0}] 
,"opzioni":{"min":0,"max":5}}]
                        
,"GM": [{ 
"dati":[{"name":"M","value":0}] 
,"opzioni":{"min":0,"max":5}}]
                        
,"GC": [{ 
"dati":[{"name":"C","value":0}] 
,"opzioni":{"min":0,"max":5}}],"ISF2V":[{"min": 0, "max": 10}]
,"ISP2V":[{"min": 0, "max":10 }]   
,"ISP2":[{"name": "lb.l0006","series": [{ "name":"lb.l0052","value":0 },{ "name":"lb.l0053","value":0 },{ "name":"lb.l0055","value":0 },{ "name":"lb.l0056","value":0 },{ "name":"lb.l0057","value":0 },{ "name":"lb.l0058","value":0 },{ "name":"lb.l0059","value":0 },{ "name":"lb.l0060","value":0 },{ "name":"lb.l0061","value":0 },{ "name":"lb.l0062","value":0 },{ "name":"lb.l0063","value":0 },{ "name":"lb.l0054","value":0 }]}
,{"name": "lb.l0007","series": [{ "name":"lb.l0052","value":0.0721649484536082 },{ "name":"lb.l0053","value":0.0206185567010309 },{ "name":"lb.l0055","value":0.0515463917525773 },{ "name":"lb.l0056","value":0.0515463917525773 },{ "name":"lb.l0057","value":0.0103092783505155 },{ "name":"lb.l0058","value":0.0206185567010309 },{ "name":"lb.l0059","value":0.0103092783505155 },{ "name":"lb.l0060","value":0.0103092783505155 },{ "name":"lb.l0061","value":0.0103092783505155 },{ "name":"lb.l0062","value":0.0412371134020619 },{ "name":"lb.l0063","value":0.0206185567010309 },{ "name":"lb.l0054","value":0 }]}
,{"name": "lb.l0008","series": [{ "name":"lb.l0052","value":0.102040816326531 },{ "name":"lb.l0053","value":0.0408163265306122 },{ "name":"lb.l0055","value":0.102040816326531 },{ "name":"lb.l0056","value":0.0408163265306122 },{ "name":"lb.l0057","value":0 },{ "name":"lb.l0058","value":0.0204081632653061 },{ "name":"lb.l0059","value":0.0204081632653061 },{ "name":"lb.l0060","value":0.0204081632653061 },{ "name":"lb.l0061","value":0.0204081632653061 },{ "name":"lb.l0062","value":0.0816326530612245 },{ "name":"lb.l0063","value":0.0204081632653061 },{ "name":"lb.l0054","value":0 }]}] ,"ISP1":[ 
{"name": "lb.l0040","series": [{"name":"2021","value":0},{"name":"2020","value":0}]},
{"name": "lb.l0041","series": [{"name":"2021","value":0},{"name":"2020","value":0}]},
{"name": "lb.l0042","series": [{"name":"2021","value":0},{"name":"2020","value":0}]},
{"name": "lb.l0043","series": [{"name":"2021","value":0},{"name":"2020","value":0}]},
{"name": "lb.l0044","series": [{"name":"2021","value":0},{"name":"2020","value":0}]},
{"name": "lb.l0045","series": [{"name":"2021","value":0},{"name":"2020","value":0}]},
{"name": "lb.l0046","series": [{"name":"2021","value":0},{"name":"2020","value":0}]},
{"name": "lb.l0047","series": [{"name":"2021","value":0},{"name":"2020","value":0}]},
{"name": "lb.l0048","series": [{"name":"2021","value":0},{"name":"2020","value":0}]},
{"name": "lb.l0049","series": [{"name":"2021","value":0},{"name":"2020","value":0}]},
{"name": "lb.l0050","series": [{"name":"2021","value":0},{"name":"2020","value":0}]},
{"name": "lb.l0051","series": [{"name":"2021","value":0},{"name":"2020","value":0}]}] 
,"dati":[ 
{ 
"IPD":"MAT" 
,"PD":"MAT","TF":[{"name":"cod.meGCAUGPA","value":0},{"name":"cod.meGCAUMEF","value":0},{"name":"cod.meGCAUMNS","value":0},{"name":"cod.esE0000","value":0}],"TM":[{"name":"cod.esE0000","value":0.3195876},{"name":"cod.meGCAUGPA","value":0.0000000},{"name":"cod.meGCAUMEF","value":0.0000000},{"name":"cod.meGCAUMNS","value":0.0000000}],"TC":[{"name":"cod.esE0000","value":0.4693878},{"name":"cod.meGCAUGPA","value":0.0000000},{"name":"cod.meGCAUMEF","value":0.0000000},{"name":"cod.meGCAUMNS","value":0.0000000}] 
,"DTE":[{"H":"lb.l0018","Hid":1,"FFt":0,"FFtD":null,"FPz":0,"FPzD":null,"FQt":null,"FPr":null,"FM":0,"MFt":5.08,"MFtD":115.22,"MPz":0.32,"MPzD":106.67,"MQt":100,"MPr":15.88,"MM":1.61,"CFt":7.35,"CFtD":116.23,"CPz":0.47,"CPzD":109.09,"CQt":100,"CPr":15.65,"CM":2.21}
,{"H":"cod.meGCAUGPA","Hid":0,"FFt":0,"FFtD":null,"FPz":0,"FPzD":null,"FQt":null,"FPr":null,"FM":0,"MFt":0,"MFtD":null,"MPz":0,"MPzD":null,"MQt":0,"MPr":null,"MM":0,"CFt":0,"CFtD":null,"CPz":0,"CPzD":null,"CQt":0,"CPr":null,"CM":0}
,{"H":"cod.meGCAUMEF","Hid":0,"FFt":0,"FFtD":null,"FPz":0,"FPzD":null,"FQt":null,"FPr":null,"FM":0,"MFt":0,"MFtD":null,"MPz":0,"MPzD":null,"MQt":0,"MPr":null,"MM":0,"CFt":0,"CFtD":null,"CPz":0,"CPzD":null,"CQt":0,"CPr":null,"CM":0}
,{"H":"cod.meGCAUMNS","Hid":0,"FFt":0,"FFtD":null,"FPz":0,"FPzD":null,"FQt":null,"FPr":null,"FM":0,"MFt":0,"MFtD":null,"MPz":0,"MPzD":null,"MQt":0,"MPr":null,"MM":0,"CFt":0,"CFtD":null,"CPz":0,"CPzD":null,"CQt":0,"CPr":null,"CM":0}
,{"H":"cod.esE0000","Hid":4,"FFt":0,"FFtD":null,"FPz":0,"FPzD":null,"FQt":null,"FPr":null,"FM":0,"MFt":5.08,"MFtD":115.22,"MPz":0.32,"MPzD":106.67,"MQt":100,"MPr":15.88,"MM":1.61,"CFt":7.35,"CFtD":116.23,"CPz":0.47,"CPzD":109.09,"CQt":100,"CPr":15.65,"CM":2.21}]}, 
{ 
"IPD":"YTD" 
,"PD":"YTD","TF":[{"name":"cod.meGCAUGPA","value":0},{"name":"cod.meGCAUMEF","value":0},{"name":"cod.meGCAUMNS","value":0},{"name":"cod.esE0000","value":0}],"TM":[{"name":"cod.esE0000","value":0.3195876},{"name":"cod.meGCAUGPA","value":0.0000000},{"name":"cod.meGCAUMEF","value":0.0000000},{"name":"cod.meGCAUMNS","value":0.0000000}],"TC":[{"name":"cod.esE0000","value":0.4693878},{"name":"cod.meGCAUGPA","value":0.0000000},{"name":"cod.meGCAUMEF","value":0.0000000},{"name":"cod.meGCAUMNS","value":0.0000000}] 
,"DTE":[{"H":"lb.l0018","Hid":1,"FFt":0,"FFtD":null,"FPz":0,"FPzD":null,"FQt":null,"FPr":null,"FM":0,"MFt":5.08,"MFtD":115.22,"MPz":0.32,"MPzD":106.67,"MQt":100,"MPr":15.88,"MM":1.61,"CFt":7.35,"CFtD":116.23,"CPz":0.47,"CPzD":109.09,"CQt":100,"CPr":15.65,"CM":2.21}
,{"H":"cod.meGCAUGPA","Hid":0,"FFt":0,"FFtD":null,"FPz":0,"FPzD":null,"FQt":null,"FPr":null,"FM":0,"MFt":0,"MFtD":null,"MPz":0,"MPzD":null,"MQt":0,"MPr":null,"MM":0,"CFt":0,"CFtD":null,"CPz":0,"CPzD":null,"CQt":0,"CPr":null,"CM":0}
,{"H":"cod.meGCAUMEF","Hid":0,"FFt":0,"FFtD":null,"FPz":0,"FPzD":null,"FQt":null,"FPr":null,"FM":0,"MFt":0,"MFtD":null,"MPz":0,"MPzD":null,"MQt":0,"MPr":null,"MM":0,"CFt":0,"CFtD":null,"CPz":0,"CPzD":null,"CQt":0,"CPr":null,"CM":0}
,{"H":"cod.meGCAUMNS","Hid":0,"FFt":0,"FFtD":null,"FPz":0,"FPzD":null,"FQt":null,"FPr":null,"FM":0,"MFt":0,"MFtD":null,"MPz":0,"MPzD":null,"MQt":0,"MPr":null,"MM":0,"CFt":0,"CFtD":null,"CPz":0,"CPzD":null,"CQt":0,"CPr":null,"CM":0}
,{"H":"cod.esE0000","Hid":4,"FFt":0,"FFtD":null,"FPz":0,"FPzD":null,"FQt":null,"FPr":null,"FM":0,"MFt":5.08,"MFtD":115.22,"MPz":0.32,"MPzD":106.67,"MQt":100,"MPr":15.88,"MM":1.61,"CFt":7.35,"CFtD":116.23,"CPz":0.47,"CPzD":109.09,"CQt":100,"CPr":15.65,"CM":2.21}]}, 
{ 
"IPD":"BIM" 
,"PD":"BIM","TF":[{"name":"cod.meGCAUGPA","value":0},{"name":"cod.meGCAUMEF","value":0},{"name":"cod.meGCAUMNS","value":0},{"name":"cod.esE0000","value":0}],"TM":[{"name":"cod.esE0000","value":0.06185567},{"name":"cod.meGCAUGPA","value":0.00000000},{"name":"cod.meGCAUMEF","value":0.00000000},{"name":"cod.meGCAUMNS","value":0.00000000}],"TC":[{"name":"cod.esE0000","value":0.1020408},{"name":"cod.meGCAUGPA","value":0.0000000},{"name":"cod.meGCAUMEF","value":0.0000000},{"name":"cod.meGCAUMNS","value":0.0000000}] 
,"DTE":[{"H":"lb.l0018","Hid":1,"FFt":0,"FFtD":null,"FPz":0,"FPzD":null,"FQt":null,"FPr":null,"FM":0,"MFt":0.93,"MFtD":-16.91,"MPz":0.06,"MPzD":-14.29,"MQt":100,"MPr":15.11,"MM":0.23,"CFt":1.53,"CFtD":-31.11,"CPz":0.1,"CPzD":-28.57,"CQt":100,"CPr":15.03,"CM":0.35}
,{"H":"cod.meGCAUGPA","Hid":0,"FFt":0,"FFtD":null,"FPz":0,"FPzD":null,"FQt":null,"FPr":null,"FM":0,"MFt":0,"MFtD":null,"MPz":0,"MPzD":null,"MQt":0,"MPr":null,"MM":0,"CFt":0,"CFtD":null,"CPz":0,"CPzD":null,"CQt":0,"CPr":null,"CM":0}
,{"H":"cod.meGCAUMEF","Hid":0,"FFt":0,"FFtD":null,"FPz":0,"FPzD":null,"FQt":null,"FPr":null,"FM":0,"MFt":0,"MFtD":null,"MPz":0,"MPzD":null,"MQt":0,"MPr":null,"MM":0,"CFt":0,"CFtD":null,"CPz":0,"CPzD":null,"CQt":0,"CPr":null,"CM":0}
,{"H":"cod.meGCAUMNS","Hid":0,"FFt":0,"FFtD":null,"FPz":0,"FPzD":null,"FQt":null,"FPr":null,"FM":0,"MFt":0,"MFtD":null,"MPz":0,"MPzD":null,"MQt":0,"MPr":null,"MM":0,"CFt":0,"CFtD":null,"CPz":0,"CPzD":null,"CQt":0,"CPr":null,"CM":0}
,{"H":"cod.esE0000","Hid":4,"FFt":0,"FFtD":null,"FPz":0,"FPzD":null,"FQt":null,"FPr":null,"FM":0,"MFt":0.93,"MFtD":-16.91,"MPz":0.06,"MPzD":-14.29,"MQt":100,"MPr":15.11,"MM":0.23,"CFt":1.53,"CFtD":-31.11,"CPz":0.1,"CPzD":-28.57,"CQt":100,"CPr":15.03,"CM":0.35}]}, 
{ 
"IPD":"UM" 
,"PD":"UM","TF":[{"name":"cod.meGCAUGPA","value":0},{"name":"cod.meGCAUMEF","value":0},{"name":"cod.meGCAUMNS","value":0},{"name":"cod.esE0000","value":0}],"TM":[{"name":"cod.esE0000","value":0.02061856},{"name":"cod.meGCAUGPA","value":0.00000000},{"name":"cod.meGCAUMEF","value":0.00000000},{"name":"cod.meGCAUMNS","value":0.00000000}],"TC":[{"name":"cod.esE0000","value":0.02040816},{"name":"cod.meGCAUGPA","value":0.00000000},{"name":"cod.meGCAUMEF","value":0.00000000},{"name":"cod.meGCAUMNS","value":0.00000000}] 
,"DTE":[{"H":"lb.l0018","Hid":1,"FFt":0,"FFtD":null,"FPz":0,"FPzD":null,"FQt":null,"FPr":null,"FM":0,"MFt":0.3,"MFtD":-55.57,"MPz":0.02,"MPzD":-50,"MQt":100,"MPr":14.68,"MM":0.09,"CFt":0.28,"CFtD":-79.02,"CPz":0.02,"CPzD":-75,"CQt":100,"CPr":13.87,"CM":0.06}
,{"H":"cod.meGCAUGPA","Hid":0,"FFt":0,"FFtD":null,"FPz":0,"FPzD":null,"FQt":null,"FPr":null,"FM":0,"MFt":0,"MFtD":null,"MPz":0,"MPzD":null,"MQt":0,"MPr":null,"MM":0,"CFt":0,"CFtD":null,"CPz":0,"CPzD":null,"CQt":0,"CPr":null,"CM":0}
,{"H":"cod.meGCAUMEF","Hid":0,"FFt":0,"FFtD":null,"FPz":0,"FPzD":null,"FQt":null,"FPr":null,"FM":0,"MFt":0,"MFtD":null,"MPz":0,"MPzD":null,"MQt":0,"MPr":null,"MM":0,"CFt":0,"CFtD":null,"CPz":0,"CPzD":null,"CQt":0,"CPr":null,"CM":0}
,{"H":"cod.meGCAUMNS","Hid":0,"FFt":0,"FFtD":null,"FPz":0,"FPzD":null,"FQt":null,"FPr":null,"FM":0,"MFt":0,"MFtD":null,"MPz":0,"MPzD":null,"MQt":0,"MPr":null,"MM":0,"CFt":0,"CFtD":null,"CPz":0,"CPzD":null,"CQt":0,"CPr":null,"CM":0}
,{"H":"cod.esE0000","Hid":4,"FFt":0,"FFtD":null,"FPz":0,"FPzD":null,"FQt":null,"FPr":null,"FM":0,"MFt":0.3,"MFtD":-55.57,"MPz":0.02,"MPzD":-50,"MQt":100,"MPr":14.68,"MM":0.09,"CFt":0.28,"CFtD":-79.02,"CPz":0.02,"CPzD":-75,"CQt":100,"CPr":13.87,"CM":0.06}]}]}