{ 
 "TIT":"cod.ESE0052" 
,"GF": [{ 
"dati":[{"name":"F","value":0}] 
,"opzioni":{"min":0,"max":5}}]
                        
,"GM": [{ 
"dati":[{"name":"M","value":0}] 
,"opzioni":{"min":0,"max":5}}]
                        
,"GC": [{ 
"dati":[{"name":"C","value":0}] 
,"opzioni":{"min":0,"max":5}}],"ISF2V":[{"min": 110, "max": 290}]
,"ISP2V":[{"min": 110, "max":290 }]   
,"ISP2":[{"name": "lb.l0006","series": [{ "name":"lb.l0052","value":286 },{ "name":"lb.l0053","value":188 },{ "name":"lb.l0054","value":261 },{ "name":"lb.l0055","value":243 },{ "name":"lb.l0056","value":221 },{ "name":"lb.l0057","value":231 },{ "name":"lb.l0058","value":242 },{ "name":"lb.l0059","value":228 },{ "name":"lb.l0060","value":198 },{ "name":"lb.l0061","value":237 },{ "name":"lb.l0062","value":273 },{ "name":"lb.l0063","value":183 }]}
,{"name": "lb.l0007","series": [{ "name":"lb.l0052","value":172.474226804125 },{ "name":"lb.l0053","value":161.051546391754 },{ "name":"lb.l0054","value":193.731958762888 },{ "name":"lb.l0055","value":177.494845360826 },{ "name":"lb.l0056","value":179.36082474227 },{ "name":"lb.l0057","value":176.711340206187 },{ "name":"lb.l0058","value":201.618556701032 },{ "name":"lb.l0059","value":195.752577319589 },{ "name":"lb.l0060","value":181.556701030929 },{ "name":"lb.l0061","value":186.092783505156 },{ "name":"lb.l0062","value":183.917525773197 },{ "name":"lb.l0063","value":175.587628865981 }]}
,{"name": "lb.l0008","series": [{ "name":"lb.l0052","value":236.163265306122 },{ "name":"lb.l0053","value":224.306122448979 },{ "name":"lb.l0054","value":269.408163265305 },{ "name":"lb.l0055","value":246.551020408163 },{ "name":"lb.l0056","value":244.42857142857 },{ "name":"lb.l0057","value":241.408163265305 },{ "name":"lb.l0058","value":271.551020408162 },{ "name":"lb.l0059","value":254.612244897958 },{ "name":"lb.l0060","value":243.69387755102 },{ "name":"lb.l0061","value":245.142857142856 },{ "name":"lb.l0062","value":249.469387755101 },{ "name":"lb.l0063","value":234.183673469387 }]}] ,"ISP1":[ 
{"name": "lb.l0040","series": [{"name":"2021","value":286},{"name":"2020","value":356}]},
{"name": "lb.l0041","series": [{"name":"2021","value":474},{"name":"2020","value":647}]},
{"name": "lb.l0042","series": [{"name":"2021","value":735},{"name":"2020","value":936}]},
{"name": "lb.l0043","series": [{"name":"2021","value":978},{"name":"2020","value":1093}]},
{"name": "lb.l0044","series": [{"name":"2021","value":1199},{"name":"2020","value":1274}]},
{"name": "lb.l0045","series": [{"name":"2021","value":1430},{"name":"2020","value":1534}]},
{"name": "lb.l0046","series": [{"name":"2021","value":1672},{"name":"2020","value":1836}]},
{"name": "lb.l0047","series": [{"name":"2021","value":1900},{"name":"2020","value":2050}]},
{"name": "lb.l0048","series": [{"name":"2021","value":2098},{"name":"2020","value":2299}]},
{"name": "lb.l0049","series": [{"name":"2021","value":2335},{"name":"2020","value":2501}]},
{"name": "lb.l0050","series": [{"name":"2021","value":2608},{"name":"2020","value":2754}]},
{"name": "lb.l0051","series": [{"name":"2021","value":2791},{"name":"2020","value":2963}]}] 
,"dati":[ 
{ 
"IPD":"MAT" 
,"PD":"MAT","TF":[{"name":"cod.esE0000","value":2791},{"name":"cod.meGCAUGPA","value":   0},{"name":"cod.meGCAUMEF","value":   0},{"name":"cod.meGCAUMNS","value":   0}],"TM":[{"name":"cod.esE0000","value":2185.351},{"name":"cod.meGCAUGPA","value":   0.000},{"name":"cod.meGCAUMEF","value":   0.000},{"name":"cod.meGCAUMNS","value":   0.000}],"TC":[{"name":"cod.esE0000","value":2960.918},{"name":"cod.meGCAUGPA","value":   0.000},{"name":"cod.meGCAUMEF","value":   0.000},{"name":"cod.meGCAUMNS","value":   0.000}] 
,"DTE":[{"H":"lb.l0018","Hid":1,"FFt":27694.19,"FFtD":-2.08,"FPz":2791,"FPzD":-5.8,"FQt":100,"FPr":9.92,"FM":9688.11,"MFt":19742.32,"MFtD":4.4,"MPz":2185.35,"MPzD":3.78,"MQt":100,"MPr":9.03,"MM":6454.38,"CFt":26669.75,"CFtD":3.52,"CPz":2960.92,"CPzD":2.64,"CQt":100,"CPr":9.01,"CM":8771.35}
,{"H":"cod.meGCAUGPA","Hid":0,"FFt":0,"FFtD":null,"FPz":0,"FPzD":null,"FQt":0,"FPr":null,"FM":0,"MFt":0,"MFtD":null,"MPz":0,"MPzD":null,"MQt":0,"MPr":null,"MM":0,"CFt":0,"CFtD":null,"CPz":0,"CPzD":null,"CQt":0,"CPr":null,"CM":0}
,{"H":"cod.meGCAUMEF","Hid":0,"FFt":0,"FFtD":null,"FPz":0,"FPzD":null,"FQt":0,"FPr":null,"FM":0,"MFt":0,"MFtD":null,"MPz":0,"MPzD":null,"MQt":0,"MPr":null,"MM":0,"CFt":0,"CFtD":null,"CPz":0,"CPzD":null,"CQt":0,"CPr":null,"CM":0}
,{"H":"cod.meGCAUMNS","Hid":0,"FFt":0,"FFtD":null,"FPz":0,"FPzD":null,"FQt":0,"FPr":null,"FM":0,"MFt":0,"MFtD":null,"MPz":0,"MPzD":null,"MQt":0,"MPr":null,"MM":0,"CFt":0,"CFtD":null,"CPz":0,"CPzD":null,"CQt":0,"CPr":null,"CM":0}
,{"H":"cod.esE0000","Hid":4,"FFt":27694.19,"FFtD":-2.08,"FPz":2791,"FPzD":-5.8,"FQt":100,"FPr":9.92,"FM":9688.11,"MFt":19742.32,"MFtD":4.4,"MPz":2185.35,"MPzD":3.78,"MQt":100,"MPr":9.03,"MM":6454.38,"CFt":26669.75,"CFtD":3.52,"CPz":2960.92,"CPzD":2.64,"CQt":100,"CPr":9.01,"CM":8771.35}]}, 
{ 
"IPD":"YTD" 
,"PD":"YTD","TF":[{"name":"cod.esE0000","value":2791},{"name":"cod.meGCAUGPA","value":   0},{"name":"cod.meGCAUMEF","value":   0},{"name":"cod.meGCAUMNS","value":   0}],"TM":[{"name":"cod.esE0000","value":2185.351},{"name":"cod.meGCAUGPA","value":   0.000},{"name":"cod.meGCAUMEF","value":   0.000},{"name":"cod.meGCAUMNS","value":   0.000}],"TC":[{"name":"cod.esE0000","value":2960.918},{"name":"cod.meGCAUGPA","value":   0.000},{"name":"cod.meGCAUMEF","value":   0.000},{"name":"cod.meGCAUMNS","value":   0.000}] 
,"DTE":[{"H":"lb.l0018","Hid":1,"FFt":27694.19,"FFtD":-2.08,"FPz":2791,"FPzD":-5.8,"FQt":100,"FPr":9.92,"FM":9688.11,"MFt":19742.32,"MFtD":4.4,"MPz":2185.35,"MPzD":3.78,"MQt":100,"MPr":9.03,"MM":6454.38,"CFt":26669.75,"CFtD":3.52,"CPz":2960.92,"CPzD":2.64,"CQt":100,"CPr":9.01,"CM":8771.35}
,{"H":"cod.meGCAUGPA","Hid":0,"FFt":0,"FFtD":null,"FPz":0,"FPzD":null,"FQt":0,"FPr":null,"FM":0,"MFt":0,"MFtD":null,"MPz":0,"MPzD":null,"MQt":0,"MPr":null,"MM":0,"CFt":0,"CFtD":null,"CPz":0,"CPzD":null,"CQt":0,"CPr":null,"CM":0}
,{"H":"cod.meGCAUMEF","Hid":0,"FFt":0,"FFtD":null,"FPz":0,"FPzD":null,"FQt":0,"FPr":null,"FM":0,"MFt":0,"MFtD":null,"MPz":0,"MPzD":null,"MQt":0,"MPr":null,"MM":0,"CFt":0,"CFtD":null,"CPz":0,"CPzD":null,"CQt":0,"CPr":null,"CM":0}
,{"H":"cod.meGCAUMNS","Hid":0,"FFt":0,"FFtD":null,"FPz":0,"FPzD":null,"FQt":0,"FPr":null,"FM":0,"MFt":0,"MFtD":null,"MPz":0,"MPzD":null,"MQt":0,"MPr":null,"MM":0,"CFt":0,"CFtD":null,"CPz":0,"CPzD":null,"CQt":0,"CPr":null,"CM":0}
,{"H":"cod.esE0000","Hid":4,"FFt":27694.19,"FFtD":-2.08,"FPz":2791,"FPzD":-5.8,"FQt":100,"FPr":9.92,"FM":9688.11,"MFt":19742.32,"MFtD":4.4,"MPz":2185.35,"MPzD":3.78,"MQt":100,"MPr":9.03,"MM":6454.38,"CFt":26669.75,"CFtD":3.52,"CPz":2960.92,"CPzD":2.64,"CQt":100,"CPr":9.01,"CM":8771.35}]}, 
{ 
"IPD":"BIM" 
,"PD":"BIM","TF":[{"name":"cod.esE0000","value":456},{"name":"cod.meGCAUGPA","value":  0},{"name":"cod.meGCAUMEF","value":  0},{"name":"cod.meGCAUMNS","value":  0}],"TM":[{"name":"cod.esE0000","value":359.5052},{"name":"cod.meGCAUGPA","value":  0.0000},{"name":"cod.meGCAUMEF","value":  0.0000},{"name":"cod.meGCAUMNS","value":  0.0000}],"TC":[{"name":"cod.esE0000","value":483.6531},{"name":"cod.meGCAUGPA","value":  0.0000},{"name":"cod.meGCAUMEF","value":  0.0000},{"name":"cod.meGCAUMNS","value":  0.0000}] 
,"DTE":[{"H":"lb.l0018","Hid":1,"FFt":4379.57,"FFtD":-9.37,"FPz":456,"FPzD":-1.3,"FQt":100,"FPr":9.6,"FM":1538.86,"MFt":3254.05,"MFtD":2.89,"MPz":359.51,"MPzD":4,"MQt":100,"MPr":9.05,"MM":1056.38,"CFt":4366.95,"CFtD":1.11,"CPz":483.65,"CPzD":2.5,"CQt":100,"CPr":9.03,"CM":1424.65}
,{"H":"cod.meGCAUGPA","Hid":0,"FFt":0,"FFtD":null,"FPz":0,"FPzD":null,"FQt":0,"FPr":null,"FM":0,"MFt":0,"MFtD":null,"MPz":0,"MPzD":null,"MQt":0,"MPr":null,"MM":0,"CFt":0,"CFtD":null,"CPz":0,"CPzD":null,"CQt":0,"CPr":null,"CM":0}
,{"H":"cod.meGCAUMEF","Hid":0,"FFt":0,"FFtD":null,"FPz":0,"FPzD":null,"FQt":0,"FPr":null,"FM":0,"MFt":0,"MFtD":null,"MPz":0,"MPzD":null,"MQt":0,"MPr":null,"MM":0,"CFt":0,"CFtD":null,"CPz":0,"CPzD":null,"CQt":0,"CPr":null,"CM":0}
,{"H":"cod.meGCAUMNS","Hid":0,"FFt":0,"FFtD":null,"FPz":0,"FPzD":null,"FQt":0,"FPr":null,"FM":0,"MFt":0,"MFtD":null,"MPz":0,"MPzD":null,"MQt":0,"MPr":null,"MM":0,"CFt":0,"CFtD":null,"CPz":0,"CPzD":null,"CQt":0,"CPr":null,"CM":0}
,{"H":"cod.esE0000","Hid":4,"FFt":4379.57,"FFtD":-9.37,"FPz":456,"FPzD":-1.3,"FQt":100,"FPr":9.6,"FM":1538.86,"MFt":3254.05,"MFtD":2.89,"MPz":359.51,"MPzD":4,"MQt":100,"MPr":9.05,"MM":1056.38,"CFt":4366.95,"CFtD":1.11,"CPz":483.65,"CPzD":2.5,"CQt":100,"CPr":9.03,"CM":1424.65}]}, 
{ 
"IPD":"UM" 
,"PD":"UM","TF":[{"name":"cod.esE0000","value":183},{"name":"cod.meGCAUGPA","value":  0},{"name":"cod.meGCAUMEF","value":  0},{"name":"cod.meGCAUMNS","value":  0}],"TM":[{"name":"cod.esE0000","value":175.5876},{"name":"cod.meGCAUGPA","value":  0.0000},{"name":"cod.meGCAUMEF","value":  0.0000},{"name":"cod.meGCAUMNS","value":  0.0000}],"TC":[{"name":"cod.esE0000","value":234.1837},{"name":"cod.meGCAUGPA","value":  0.0000},{"name":"cod.meGCAUMEF","value":  0.0000},{"name":"cod.meGCAUMNS","value":  0.0000}] 
,"DTE":[{"H":"lb.l0018","Hid":1,"FFt":1827.93,"FFtD":-24.13,"FPz":183,"FPzD":-12.44,"FQt":100,"FPr":9.99,"FM":616.37,"MFt":1614.6,"MFtD":0.8,"MPz":175.59,"MPzD":1.34,"MQt":100,"MPr":9.2,"MM":527.98,"CFt":2155.92,"CFtD":-1.06,"CPz":234.18,"CPzD":-0.67,"CQt":100,"CPr":9.21,"CM":709.91}
,{"H":"cod.meGCAUGPA","Hid":0,"FFt":0,"FFtD":null,"FPz":0,"FPzD":null,"FQt":0,"FPr":null,"FM":0,"MFt":0,"MFtD":null,"MPz":0,"MPzD":null,"MQt":0,"MPr":null,"MM":0,"CFt":0,"CFtD":null,"CPz":0,"CPzD":null,"CQt":0,"CPr":null,"CM":0}
,{"H":"cod.meGCAUMEF","Hid":0,"FFt":0,"FFtD":null,"FPz":0,"FPzD":null,"FQt":0,"FPr":null,"FM":0,"MFt":0,"MFtD":null,"MPz":0,"MPzD":null,"MQt":0,"MPr":null,"MM":0,"CFt":0,"CFtD":null,"CPz":0,"CPzD":null,"CQt":0,"CPr":null,"CM":0}
,{"H":"cod.meGCAUMNS","Hid":0,"FFt":0,"FFtD":null,"FPz":0,"FPzD":null,"FQt":0,"FPr":null,"FM":0,"MFt":0,"MFtD":null,"MPz":0,"MPzD":null,"MQt":0,"MPr":null,"MM":0,"CFt":0,"CFtD":null,"CPz":0,"CPzD":null,"CQt":0,"CPr":null,"CM":0}
,{"H":"cod.esE0000","Hid":4,"FFt":1827.93,"FFtD":-24.13,"FPz":183,"FPzD":-12.44,"FQt":100,"FPr":9.99,"FM":616.37,"MFt":1614.6,"MFtD":0.8,"MPz":175.59,"MPzD":1.34,"MQt":100,"MPr":9.2,"MM":527.98,"CFt":2155.92,"CFtD":-1.06,"CPz":234.18,"CPzD":-0.67,"CQt":100,"CPr":9.21,"CM":709.91}]}]}