{ 
 "TIT":"cod.ESE0051" 
,"GF": [{ 
"dati":[{"name":"F","value":25}] 
,"opzioni":{"min":0,"max":30}}]
                        
,"GM": [{ 
"dati":[{"name":"M","value":17.06}] 
,"opzioni":{"min":0,"max":30}}]
                        
,"GC": [{ 
"dati":[{"name":"C","value":13.64}] 
,"opzioni":{"min":0,"max":30}}],"ISF2V":[{"min": 0, "max": 10}]
,"ISP2V":[{"min": 0, "max":10 }]   
,"ISP2":[{"name": "lb.l0006","series": [{ "name":"lb.l0052","value":5 },{ "name":"lb.l0053","value":4 },{ "name":"lb.l0054","value":3 },{ "name":"lb.l0055","value":3 },{ "name":"lb.l0056","value":5 },{ "name":"lb.l0057","value":4 },{ "name":"lb.l0058","value":3 },{ "name":"lb.l0059","value":1 },{ "name":"lb.l0060","value":4 },{ "name":"lb.l0061","value":1 },{ "name":"lb.l0062","value":5 },{ "name":"lb.l0063","value":2 }]}
,{"name": "lb.l0007","series": [{ "name":"lb.l0052","value":2.83505154639175 },{ "name":"lb.l0053","value":2.56701030927835 },{ "name":"lb.l0054","value":2.89690721649485 },{ "name":"lb.l0055","value":3.02061855670103 },{ "name":"lb.l0056","value":2.71134020618557 },{ "name":"lb.l0057","value":2.72164948453608 },{ "name":"lb.l0058","value":2.90721649484536 },{ "name":"lb.l0059","value":2.62886597938144 },{ "name":"lb.l0060","value":3.07216494845361 },{ "name":"lb.l0061","value":2.89690721649485 },{ "name":"lb.l0062","value":3.49484536082474 },{ "name":"lb.l0063","value":3 }]}
,{"name": "lb.l0008","series": [{ "name":"lb.l0052","value":3.28571428571429 },{ "name":"lb.l0053","value":3.61224489795918 },{ "name":"lb.l0054","value":3.59183673469388 },{ "name":"lb.l0055","value":3.77551020408163 },{ "name":"lb.l0056","value":3.40816326530612 },{ "name":"lb.l0057","value":3.59183673469388 },{ "name":"lb.l0058","value":3.6530612244898 },{ "name":"lb.l0059","value":3.44897959183673 },{ "name":"lb.l0060","value":3.91836734693878 },{ "name":"lb.l0061","value":3.42857142857143 },{ "name":"lb.l0062","value":4.71428571428571 },{ "name":"lb.l0063","value":3.85714285714286 }]}] ,"ISP1":[ 
{"name": "lb.l0040","series": [{"name":"2021","value":5},{"name":"2020","value":3}]},
{"name": "lb.l0041","series": [{"name":"2021","value":9},{"name":"2020","value":7}]},
{"name": "lb.l0042","series": [{"name":"2021","value":12},{"name":"2020","value":16}]},
{"name": "lb.l0043","series": [{"name":"2021","value":15},{"name":"2020","value":20}]},
{"name": "lb.l0044","series": [{"name":"2021","value":20},{"name":"2020","value":27}]},
{"name": "lb.l0045","series": [{"name":"2021","value":24},{"name":"2020","value":31}]},
{"name": "lb.l0046","series": [{"name":"2021","value":27},{"name":"2020","value":39}]},
{"name": "lb.l0047","series": [{"name":"2021","value":28},{"name":"2020","value":42}]},
{"name": "lb.l0048","series": [{"name":"2021","value":32},{"name":"2020","value":50}]},
{"name": "lb.l0049","series": [{"name":"2021","value":33},{"name":"2020","value":57}]},
{"name": "lb.l0050","series": [{"name":"2021","value":38},{"name":"2020","value":60}]},
{"name": "lb.l0051","series": [{"name":"2021","value":40},{"name":"2020","value":65}]}] 
,"dati":[ 
{ 
"IPD":"MAT" 
,"PD":"MAT","TF":[{"name":"cod.esE0000","value":30},{"name":"cod.meGCAUGPA","value":10},{"name":"cod.meGCAUMEF","value": 0},{"name":"cod.meGCAUMNS","value": 0}],"TM":[{"name":"cod.esE0000","value":28.824742},{"name":"cod.meGCAUGPA","value": 5.927835},{"name":"cod.meGCAUMEF","value": 0.000000},{"name":"cod.meGCAUMNS","value": 0.000000}],"TC":[{"name":"cod.esE0000","value":38.244898},{"name":"cod.meGCAUGPA","value": 6.040816},{"name":"cod.meGCAUMEF","value": 0.000000},{"name":"cod.meGCAUMNS","value": 0.000000}] 
,"DTE":[{"H":"lb.l0018","Hid":1,"FFt":1064.89,"FFtD":-40.41,"FPz":40,"FPzD":-38.46,"FQt":100,"FPr":26.62,"FM":325.36,"MFt":781.69,"MFtD":16.76,"MPz":34.75,"MPzD":17.46,"MQt":100,"MPr":22.49,"MM":241.27,"CFt":993.89,"CFtD":16.11,"CPz":44.29,"CPzD":18.39,"CQt":100,"CPr":22.44,"CM":300.99}
,{"H":"cod.meGCAUGPA","Hid":0,"FFt":313,"FFtD":-63.19,"FPz":10,"FPzD":-62.96,"FQt":25,"FPr":31.3,"FM":123.06,"MFt":177.07,"MFtD":21.17,"MPz":5.93,"MPzD":20.8,"MQt":17.06,"MPr":29.87,"MM":64.25,"CFt":181.74,"CFtD":1.75,"CPz":6.04,"CPzD":2.42,"CQt":13.64,"CPr":30.09,"CM":65.39}
,{"H":"cod.meGCAUMEF","Hid":0,"FFt":0,"FFtD":null,"FPz":0,"FPzD":null,"FQt":0,"FPr":null,"FM":0,"MFt":0,"MFtD":null,"MPz":0,"MPzD":null,"MQt":0,"MPr":null,"MM":0,"CFt":0,"CFtD":null,"CPz":0,"CPzD":null,"CQt":0,"CPr":null,"CM":0}
,{"H":"cod.meGCAUMNS","Hid":0,"FFt":0,"FFtD":null,"FPz":0,"FPzD":null,"FQt":0,"FPr":null,"FM":0,"MFt":0,"MFtD":null,"MPz":0,"MPzD":null,"MQt":0,"MPr":null,"MM":0,"CFt":0,"CFtD":null,"CPz":0,"CPzD":null,"CQt":0,"CPr":null,"CM":0}
,{"H":"cod.esE0000","Hid":4,"FFt":751.89,"FFtD":-19.75,"FPz":30,"FPzD":-21.05,"FQt":75,"FPr":25.06,"FM":202.3,"MFt":604.62,"MFtD":15.53,"MPz":28.82,"MPzD":16.79,"MQt":82.94,"MPr":20.98,"MM":177.02,"CFt":812.15,"CFtD":19.9,"CPz":38.24,"CPzD":21.37,"CQt":86.36,"CPr":21.24,"CM":235.59}]}, 
{ 
"IPD":"YTD" 
,"PD":"YTD","TF":[{"name":"cod.esE0000","value":30},{"name":"cod.meGCAUGPA","value":10},{"name":"cod.meGCAUMEF","value": 0},{"name":"cod.meGCAUMNS","value": 0}],"TM":[{"name":"cod.esE0000","value":28.824742},{"name":"cod.meGCAUGPA","value": 5.927835},{"name":"cod.meGCAUMEF","value": 0.000000},{"name":"cod.meGCAUMNS","value": 0.000000}],"TC":[{"name":"cod.esE0000","value":38.244898},{"name":"cod.meGCAUGPA","value": 6.040816},{"name":"cod.meGCAUMEF","value": 0.000000},{"name":"cod.meGCAUMNS","value": 0.000000}] 
,"DTE":[{"H":"lb.l0018","Hid":1,"FFt":1064.89,"FFtD":-40.41,"FPz":40,"FPzD":-38.46,"FQt":100,"FPr":26.62,"FM":325.36,"MFt":781.69,"MFtD":16.76,"MPz":34.75,"MPzD":17.46,"MQt":100,"MPr":22.49,"MM":241.27,"CFt":993.89,"CFtD":16.11,"CPz":44.29,"CPzD":18.39,"CQt":100,"CPr":22.44,"CM":300.99}
,{"H":"cod.meGCAUGPA","Hid":0,"FFt":313,"FFtD":-63.19,"FPz":10,"FPzD":-62.96,"FQt":25,"FPr":31.3,"FM":123.06,"MFt":177.07,"MFtD":21.17,"MPz":5.93,"MPzD":20.8,"MQt":17.06,"MPr":29.87,"MM":64.25,"CFt":181.74,"CFtD":1.75,"CPz":6.04,"CPzD":2.42,"CQt":13.64,"CPr":30.09,"CM":65.39}
,{"H":"cod.meGCAUMEF","Hid":0,"FFt":0,"FFtD":null,"FPz":0,"FPzD":null,"FQt":0,"FPr":null,"FM":0,"MFt":0,"MFtD":null,"MPz":0,"MPzD":null,"MQt":0,"MPr":null,"MM":0,"CFt":0,"CFtD":null,"CPz":0,"CPzD":null,"CQt":0,"CPr":null,"CM":0}
,{"H":"cod.meGCAUMNS","Hid":0,"FFt":0,"FFtD":null,"FPz":0,"FPzD":null,"FQt":0,"FPr":null,"FM":0,"MFt":0,"MFtD":null,"MPz":0,"MPzD":null,"MQt":0,"MPr":null,"MM":0,"CFt":0,"CFtD":null,"CPz":0,"CPzD":null,"CQt":0,"CPr":null,"CM":0}
,{"H":"cod.esE0000","Hid":4,"FFt":751.89,"FFtD":-19.75,"FPz":30,"FPzD":-21.05,"FQt":75,"FPr":25.06,"FM":202.3,"MFt":604.62,"MFtD":15.53,"MPz":28.82,"MPzD":16.79,"MQt":82.94,"MPr":20.98,"MM":177.02,"CFt":812.15,"CFtD":19.9,"CPz":38.24,"CPzD":21.37,"CQt":86.36,"CPr":21.24,"CM":235.59}]}, 
{ 
"IPD":"BIM" 
,"PD":"BIM","TF":[{"name":"cod.esE0000","value":4},{"name":"cod.meGCAUGPA","value":3},{"name":"cod.meGCAUMEF","value":0},{"name":"cod.meGCAUMNS","value":0}],"TM":[{"name":"cod.esE0000","value":5.432990},{"name":"cod.meGCAUGPA","value":1.061856},{"name":"cod.meGCAUMEF","value":0.000000},{"name":"cod.meGCAUMNS","value":0.000000}],"TC":[{"name":"cod.esE0000","value":7.285714},{"name":"cod.meGCAUGPA","value":1.285714},{"name":"cod.meGCAUMEF","value":0.000000},{"name":"cod.meGCAUMNS","value":0.000000}] 
,"DTE":[{"H":"lb.l0018","Hid":1,"FFt":200.42,"FFtD":-1.65,"FPz":7,"FPzD":-12.5,"FQt":100,"FPr":28.63,"FM":68.21,"MFt":145.57,"MFtD":20.39,"MPz":6.49,"MPzD":22.09,"MQt":100,"MPr":22.41,"MM":44.65,"CFt":193.05,"CFtD":24.77,"CPz":8.57,"CPzD":28.44,"CQt":100,"CPr":22.52,"CM":57.35}
,{"H":"cod.meGCAUGPA","Hid":0,"FFt":93.9,"FFtD":0,"FPz":3,"FPzD":0,"FQt":42.86,"FPr":31.3,"FM":36.93,"MFt":32.22,"MFtD":19.57,"MPz":1.06,"MPzD":17.05,"MQt":16.35,"MPr":30.35,"MM":11.24,"CFt":38.91,"CFtD":16.46,"CPz":1.29,"CPzD":16.67,"CQt":15,"CPr":30.26,"CM":13.19}
,{"H":"cod.meGCAUMEF","Hid":0,"FFt":0,"FFtD":null,"FPz":0,"FPzD":null,"FQt":0,"FPr":null,"FM":0,"MFt":0,"MFtD":null,"MPz":0,"MPzD":null,"MQt":0,"MPr":null,"MM":0,"CFt":0,"CFtD":null,"CPz":0,"CPzD":null,"CQt":0,"CPr":null,"CM":0}
,{"H":"cod.meGCAUMNS","Hid":0,"FFt":0,"FFtD":null,"FPz":0,"FPzD":null,"FQt":0,"FPr":null,"FM":0,"MFt":0,"MFtD":null,"MPz":0,"MPzD":null,"MQt":0,"MPr":null,"MM":0,"CFt":0,"CFtD":null,"CPz":0,"CPzD":null,"CQt":0,"CPr":null,"CM":0}
,{"H":"cod.esE0000","Hid":4,"FFt":106.52,"FFtD":-3.06,"FPz":4,"FPzD":-20,"FQt":57.14,"FPr":26.63,"FM":31.28,"MFt":113.35,"MFtD":20.63,"MPz":5.43,"MPzD":23.13,"MQt":83.65,"MPr":20.86,"MM":33.41,"CFt":154.14,"CFtD":27.06,"CPz":7.29,"CPzD":30.77,"CQt":85,"CPr":21.16,"CM":44.16}]}, 
{ 
"IPD":"UM" 
,"PD":"UM","TF":[{"name":"cod.meGCAUGPA","value":1},{"name":"cod.esE0000","value":1},{"name":"cod.meGCAUMEF","value":0},{"name":"cod.meGCAUMNS","value":0}],"TM":[{"name":"cod.esE0000","value":2.4226804},{"name":"cod.meGCAUGPA","value":0.5773196},{"name":"cod.meGCAUMEF","value":0.0000000},{"name":"cod.meGCAUMNS","value":0.0000000}],"TC":[{"name":"cod.esE0000","value":3.1632653},{"name":"cod.meGCAUGPA","value":0.6938776},{"name":"cod.meGCAUMEF","value":0.0000000},{"name":"cod.meGCAUMNS","value":0.0000000}] 
,"DTE":[{"H":"lb.l0018","Hid":1,"FFt":56.66,"FFtD":-56.49,"FPz":2,"FPzD":-60,"FQt":100,"FPr":28.33,"FM":18.14,"MFt":67.69,"MFtD":5.42,"MPz":3,"MPzD":6.99,"MQt":100,"MPr":22.56,"MM":20.77,"CFt":87.85,"CFtD":10.66,"CPz":3.86,"CPzD":13.86,"CQt":100,"CPr":22.78,"CM":25.68}
,{"H":"cod.meGCAUGPA","Hid":0,"FFt":31.3,"FFtD":-50,"FPz":1,"FPzD":-50,"FQt":50,"FPr":31.3,"FM":12.31,"MFt":17.45,"MFtD":18.92,"MPz":0.58,"MPzD":16.67,"MQt":19.24,"MPr":30.23,"MM":6.04,"CFt":20.8,"CFtD":16.12,"CPz":0.69,"CPzD":17.24,"CQt":17.99,"CPr":29.98,"CM":6.89}
,{"H":"cod.meGCAUMEF","Hid":0,"FFt":0,"FFtD":null,"FPz":0,"FPzD":null,"FQt":0,"FPr":null,"FM":0,"MFt":0,"MFtD":null,"MPz":0,"MPzD":null,"MQt":0,"MPr":null,"MM":0,"CFt":0,"CFtD":null,"CPz":0,"CPzD":null,"CQt":0,"CPr":null,"CM":0}
,{"H":"cod.meGCAUMNS","Hid":0,"FFt":0,"FFtD":null,"FPz":0,"FPzD":null,"FQt":0,"FPr":null,"FM":0,"MFt":0,"MFtD":null,"MPz":0,"MPzD":null,"MQt":0,"MPr":null,"MM":0,"CFt":0,"CFtD":null,"CPz":0,"CPzD":null,"CQt":0,"CPr":null,"CM":0}
,{"H":"cod.esE0000","Hid":4,"FFt":25.36,"FFtD":-62.5,"FPz":1,"FPzD":-66.67,"FQt":50,"FPr":25.36,"FM":5.83,"MFt":50.24,"MFtD":1.42,"MPz":2.42,"MPzD":4.91,"MQt":80.76,"MPr":20.74,"MM":14.74,"CFt":67.05,"CFtD":9.07,"CPz":3.16,"CPzD":13.14,"CQt":82.01,"CPr":21.19,"CM":18.8}]}]}