{
"Merceologia":"cod.me250"
,"Tempo":"YTD"

,"datiTabRiass":[
{"F":8510.15,"M":6685.0642,"C":3522.3885,"Tipo":"c","H":"dt.d0011"}
,{"F": -17.70,"M":  -1.1300,"C":  -2.1400,"Tipo":"i","H":"dt.d0012"}
,{"F":1006.00,"M": 940.5622,"C": 573.7818,"Tipo":"n","H":"dt.d0013"}
,{"F":   2.55,"M":   1.5500,"C":   3.6500,"Tipo":"i","H":"dt.d0026"}]
,"datiDettDittaF":[
{"DD":"VICHY","FRF":1,"FRP":1,"FF":2581.87,"FFD":-6.57,"FQt":32.97,"FPz":261,"FPzD":-7.77,"FPr":9.89,"FRef":15,"MRF":2,"MRP":4,"CRF":5,"CRP":5}
,{"DD":"LA ROCHE POSAY","FRF":2,"FRP":4,"FF":1262.25,"FFD":-5.41,"FQt":16.12,"FPz":96,"FPzD":-4.95,"FPr":13.15,"FRef":6,"MRF":9,"MRP":10,"CRF":19,"CRP":27}
,{"DD":"ROGER & GALLET","FRF":3,"FRP":6,"FF":1041.62,"FFD":-43.91,"FQt":13.3,"FPz":44,"FPzD":-49.43,"FPr":23.67,"FRef":12,"MRF":14,"MRP":27,"CRF":28,"CRP":38}
,{"DD":"ISDIN","FRF":4,"FRP":5,"FF":780.01,"FFD":25.75,"FQt":9.96,"FPz":55,"FPzD":19.57,"FPr":14.18,"FRef":8,"MRF":3,"MRP":5,"CRF":4,"CRP":7}
,{"DD":"DISTROSUR","FRF":5,"FRP":2,"FF":352.97,"FFD":-15.52,"FQt":4.51,"FPz":181,"FPzD":-16.59,"FPr":1.95,"FRef":1,"MRF":37,"MRP":20,"CRF":40,"CRP":29}
,{"DD":"BDF BEIERSDORF","FRF":6,"FRP":10,"FF":285,"FFD":-21.04,"FQt":3.64,"FPz":14,"FPzD":-17.65,"FPr":20.36,"FRef":3,"MRF":6,"MRP":9,"CRF":9,"CRP":12}
,{"DD":"LAB LETI","FRF":7,"FRP":8,"FF":270.28,"FFD":-5.43,"FQt":3.45,"FPz":17,"FPzD":-5.56,"FPr":15.9,"FRef":3,"MRF":5,"MRP":8,"CRF":7,"CRP":10}
,{"DD":"PIERRE FABRE IBERICA","FRF":8,"FRP":11,"FF":246,"FFD":-26.84,"FQt":3.14,"FPz":14,"FPzD":-26.32,"FPr":17.57,"FRef":4,"MRF":11,"MRP":16,"CRF":14,"CRP":20}
,{"DD":"INDUSTRIAS BETER","FRF":9,"FRP":7,"FF":226.9,"FFD":450.06,"FQt":2.9,"FPz":37,"FPzD":184.62,"FPr":6.13,"FRef":8,"MRF":45,"MRP":42,"CRF":44,"CRP":37}
,{"DD":"ROVI","FRF":10,"FRP":12,"FF":112.7,"FFD":40.96,"FQt":1.44,"FPz":9,"FPzD":50,"FPr":12.52,"FRef":1,"MRF":8,"MRP":12,"CRF":8,"CRP":11}]
,"datiDettDittaM":[
{"DD":"VICHY","FRF":1,"FRP":1,"MRF":2,"MRP":4,"MF":632,"MFD":3.81,"MQt":10.79,"MPz":72,"MPzD":1.13,"MPr":8.79,"MRef":14}
,{"DD":"LA ROCHE POSAY","FRF":2,"FRP":4,"MRF":9,"MRP":10,"MF":214.84,"MFD":-6.3,"MQt":3.67,"MPz":17,"MPzD":-6.95,"MPr":12.92,"MRef":6}
,{"DD":"ISDIN","FRF":4,"FRP":5,"MRF":3,"MRP":5,"MF":528.44,"MFD":-0.82,"MQt":9.02,"MPz":44,"MPzD":-2.03,"MPr":11.96,"MRef":11}
,{"DD":"BDF BEIERSDORF","FRF":6,"FRP":10,"MRF":6,"MRP":9,"MF":257.15,"MFD":-16.78,"MQt":4.39,"MPz":18,"MPzD":-11.37,"MPr":14.53,"MRef":6}
,{"DD":"LAB LETI","FRF":7,"FRP":8,"MRF":5,"MRP":8,"MF":337.09,"MFD":-10,"MQt":5.76,"MPz":22,"MPzD":-6.95,"MPr":15.6,"MRef":3}
,{"DD":"ROVI","FRF":10,"FRP":12,"MRF":8,"MRP":12,"MF":220.5,"MFD":-0.52,"MQt":3.76,"MPz":16,"MPzD":-0.87,"MPr":13.74,"MRef":2}
,{"DD":"IAP PHARMA PARFUMS","FRF":12,"FRP":14,"MRF":1,"MRP":1,"MF":1379.49,"MFD":2.38,"MQt":23.55,"MPz":142,"MPzD":2.78,"MPr":9.7,"MRef":42}
,{"DD":"BIODERMA-NAOS SKIN CARE","FRF":24,"FRP":25,"MRF":4,"MRP":7,"MF":423.97,"MFD":22.89,"MQt":7.24,"MPz":33,"MPzD":20.72,"MPr":12.87,"MRef":4}
,{"DD":"ACOFARMA DISTRIBUCIÓN S A","FRF":33,"FRP":33,"MRF":10,"MRP":2,"MF":199.94,"MFD":15.19,"MQt":3.41,"MPz":118,"MPzD":16.41,"MPr":1.7,"MRef":15}
,{"DD":"INTERAPOTHEK","FRF":47,"FRP":47,"MRF":7,"MRP":3,"MF":229.39,"MFD":4.7,"MQt":3.92,"MPz":102,"MPzD":5.13,"MPr":2.24,"MRef":24}]
,"datiDettDittaC":[
{"DD":"VICHY","FRF":1,"FRP":1,"CRF":5,"CRP":5,"CF":199.34,"CFD":4.31,"CQt":6.85,"CPz":21,"CPzD":1.76,"CPr":9.28,"CRef":5}
,{"DD":"ISDIN","FRF":4,"FRP":5,"CRF":4,"CRP":7,"CF":218.9,"CFD":-8.44,"CQt":7.52,"CPz":18,"CPzD":-6.25,"CPr":12.49,"CRef":4}
,{"DD":"BDF BEIERSDORF","FRF":6,"FRP":10,"CRF":9,"CRP":12,"CF":98.7,"CFD":-25.2,"CQt":3.39,"CPz":6,"CPzD":-24.49,"CPr":15.92,"CRef":2}
,{"DD":"LAB LETI","FRF":7,"FRP":8,"CRF":7,"CRP":10,"CF":122.51,"CFD":-30.77,"CQt":4.21,"CPz":8,"CPzD":-27.87,"CPr":16.08,"CRef":2}
,{"DD":"ROVI","FRF":10,"FRP":12,"CRF":8,"CRP":11,"CF":109.7,"CFD":5.91,"CQt":3.77,"CPz":8,"CPzD":6.8,"CPr":13.77,"CRef":1}
,{"DD":"IAP PHARMA PARFUMS","FRF":12,"FRP":14,"CRF":1,"CRP":2,"CF":784.34,"CFD":5.1,"CQt":26.94,"CPz":82,"CPzD":5.89,"CPr":9.6,"CRef":34}
,{"DD":"BIODERMA-NAOS SKIN CARE","FRF":24,"FRP":25,"CRF":3,"CRP":6,"CF":237.71,"CFD":36.67,"CQt":8.17,"CPz":18,"CPzD":33.96,"CPr":13.4,"CRef":3}
,{"DD":"ACOFARMA DISTRIBUCIÓN S A","FRF":33,"FRP":33,"CRF":6,"CRP":3,"CF":132.39,"CFD":-4.37,"CQt":4.55,"CPz":62,"CPzD":-0.44,"CPr":2.14,"CRef":15}
,{"DD":"COFARES","FRF":38,"FRP":38,"CRF":10,"CRP":4,"CF":65.52,"CFD":69.97,"CQt":2.25,"CPz":44,"CPzD":242.78,"CPr":1.5,"CRef":10}
,{"DD":"INTERAPOTHEK","FRF":47,"FRP":47,"CRF":2,"CRP":1,"CF":247,"CFD":-1.57,"CQt":8.48,"CPz":113,"CPzD":-0.27,"CPr":2.19,"CRef":21}]
}