{
"Merceologia":"cod.me270"
,"Tempo":"YTD"

,"datiTabRiass":[
{"F":26602.70,"M":28677.189,"C":15428.634,"Tipo":"c","H":"dt.d0011"}
,{"F":  -11.57,"M":    1.410,"C":    0.240,"Tipo":"i","H":"dt.d0012"}
,{"F": 3157.00,"M": 3727.643,"C": 1953.473,"Tipo":"n","H":"dt.d0013"}
,{"F":  -13.05,"M":   -0.510,"C":   -2.110,"Tipo":"i","H":"dt.d0026"}]
,"datiDettDittaF":[
{"DD":"DENTAID","FRF":1,"FRP":1,"FF":8893.68,"FFD":-7.54,"FQt":33.8,"FPz":1165,"FPzD":-13.77,"FPr":7.63,"FRef":63,"MRF":1,"MRP":1,"CRF":1,"CRP":1}
,{"DD":"LACER","FRF":2,"FRP":2,"FF":7659.36,"FFD":-8.92,"FQt":29.11,"FPz":906,"FPzD":-11.44,"FPr":8.45,"FRef":59,"MRF":2,"MRP":2,"CRF":2,"CRP":2}
,{"DD":"PROCTER & GAMBLE ESPAÑA","FRF":3,"FRP":3,"FF":3457.22,"FFD":-22.9,"FQt":13.14,"FPz":339,"FPzD":-17.52,"FPr":10.2,"FRef":27,"MRF":4,"MRP":4,"CRF":4,"CRP":4}
,{"DD":"GLAXO SMITHKLINE","FRF":4,"FRP":5,"FF":885.3,"FFD":-26.92,"FQt":3.36,"FPz":110,"FPzD":-21.43,"FPr":8.05,"FRef":13,"MRF":3,"MRP":3,"CRF":3,"CRP":3}
,{"DD":"ISDIN","FRF":5,"FRP":7,"FF":713.15,"FFD":-22.11,"FQt":2.71,"FPz":73,"FPzD":-23.96,"FPr":9.77,"FRef":13,"MRF":5,"MRP":8,"CRF":6,"CRP":8}
,{"DD":"ITALFARMACO","FRF":6,"FRP":10,"FF":630.25,"FFD":37,"FQt":2.4,"FPz":42,"FPzD":23.53,"FPr":15.01,"FRef":3,"MRF":8,"MRP":10,"CRF":9,"CRP":12}
,{"DD":"RECKITT BENCKISER HEALTHCARE  S A","FRF":7,"FRP":13,"FF":606.5,"FFD":-4.4,"FQt":2.3,"FPz":30,"FPzD":-6.25,"FPr":20.22,"FRef":1,"MRF":15,"MRP":18,"CRF":17,"CRP":19}
,{"DD":"PHB","FRF":8,"FRP":4,"FF":576.86,"FFD":-9.3,"FQt":2.19,"FPz":124,"FPzD":-4.62,"FPr":4.65,"FRef":8,"MRF":9,"MRP":6,"CRF":7,"CRP":6}
,{"DD":"SUNSTAR","FRF":9,"FRP":6,"FF":512.63,"FFD":14.85,"FQt":1.95,"FPz":86,"FPzD":8.86,"FPr":5.96,"FRef":9,"MRF":13,"MRP":9,"CRF":13,"CRP":9}
,{"DD":"VICKS","FRF":10,"FRP":11,"FF":479.73,"FFD":-24.56,"FQt":1.82,"FPz":42,"FPzD":-31.15,"FPr":11.42,"FRef":4,"MRF":10,"MRP":11,"CRF":10,"CRP":10}]
,"datiDettDittaM":[
{"DD":"DENTAID","FRF":1,"FRP":1,"MRF":1,"MRP":1,"MF":6913.28,"MFD":3.58,"MQt":24.67,"MPz":1014,"MPzD":1.36,"MPr":6.82,"MRef":104}
,{"DD":"LACER","FRF":2,"FRP":2,"MRF":2,"MRP":2,"MF":5363.12,"MFD":2.68,"MQt":19.14,"MPz":768,"MPzD":-1.04,"MPr":6.98,"MRef":99}
,{"DD":"PROCTER & GAMBLE ESPAÑA","FRF":3,"FRP":3,"MRF":4,"MRP":4,"MF":3101.79,"MFD":-6.33,"MQt":11.07,"MPz":357,"MPzD":-5.35,"MPr":8.69,"MRef":45}
,{"DD":"GLAXO SMITHKLINE","FRF":4,"FRP":5,"MRF":3,"MRP":3,"MF":4032.97,"MFD":5.82,"MQt":14.39,"MPz":464,"MPzD":3.95,"MPr":8.7,"MRef":39}
,{"DD":"ISDIN","FRF":5,"FRP":7,"MRF":5,"MRP":8,"MF":1188.26,"MFD":9.57,"MQt":4.24,"MPz":121,"MPzD":10.5,"MPr":9.85,"MRef":22}
,{"DD":"ITALFARMACO","FRF":6,"FRP":10,"MRF":8,"MRP":10,"MF":813.8,"MFD":0.52,"MQt":2.9,"MPz":64,"MPzD":-1.61,"MPr":12.64,"MRef":4}
,{"DD":"PHB","FRF":8,"FRP":4,"MRF":9,"MRP":6,"MF":800.8,"MFD":-8.19,"MQt":2.86,"MPz":151,"MPzD":-9.23,"MPr":5.29,"MRef":47}
,{"DD":"VICKS","FRF":10,"FRP":11,"MRF":10,"MRP":11,"MF":594.52,"MFD":-0.84,"MQt":2.12,"MPz":64,"MPzD":-3.96,"MPr":9.3,"MRef":5}
,{"DD":"KIN","FRF":11,"FRP":12,"MRF":6,"MRP":5,"MF":1165.97,"MFD":2.96,"MQt":4.16,"MPz":158,"MPzD":-1.6,"MPr":7.36,"MRef":42}
,{"DD":"JOHNSON & JOHNSON","FRF":13,"FRP":8,"MRF":7,"MRP":7,"MF":832.19,"MFD":-4.02,"MQt":2.97,"MPz":140,"MPzD":-3.16,"MPr":5.94,"MRef":7}]
,"datiDettDittaC":[
{"DD":"DENTAID","FRF":1,"FRP":1,"CRF":1,"CRP":1,"CF":3168.21,"CFD":5.97,"CQt":21.2,"CPz":454,"CPzD":3.42,"CPr":6.99,"CRef":79}
,{"DD":"LACER","FRF":2,"FRP":2,"CRF":2,"CRP":2,"CF":2953.73,"CFD":1.12,"CQt":19.77,"CPz":424,"CPzD":-3.02,"CPr":6.96,"CRef":82}
,{"DD":"PROCTER & GAMBLE ESPAÑA","FRF":3,"FRP":3,"CRF":4,"CRP":4,"CF":1570.64,"CFD":-7.62,"CQt":10.51,"CPz":174,"CPzD":-7.98,"CPr":9.05,"CRef":29}
,{"DD":"GLAXO SMITHKLINE","FRF":4,"FRP":5,"CRF":3,"CRP":3,"CF":2545.81,"CFD":6.8,"CQt":17.04,"CPz":280,"CPzD":4.95,"CPr":9.08,"CRef":32}
,{"DD":"ISDIN","FRF":5,"FRP":7,"CRF":6,"CRP":8,"CF":531.26,"CFD":1.48,"CQt":3.56,"CPz":53,"CPzD":4.71,"CPr":10.05,"CRef":15}
,{"DD":"ITALFARMACO","FRF":6,"FRP":10,"CRF":9,"CRP":12,"CF":401.5,"CFD":0.84,"CQt":2.69,"CPz":31,"CPzD":-1.27,"CPr":12.92,"CRef":4}
,{"DD":"PHB","FRF":8,"FRP":4,"CRF":7,"CRP":6,"CF":500.92,"CFD":-14.11,"CQt":3.35,"CPz":88,"CPzD":-16.2,"CPr":5.71,"CRef":28}
,{"DD":"VICKS","FRF":10,"FRP":11,"CRF":10,"CRP":10,"CF":369.01,"CFD":0.64,"CQt":2.47,"CPz":39,"CPzD":-4.24,"CPr":9.51,"CRef":5}
,{"DD":"KIN","FRF":11,"FRP":12,"CRF":5,"CRP":5,"CF":646.09,"CFD":-2.89,"CQt":4.32,"CPz":97,"CPzD":-3.3,"CPr":6.66,"CRef":27}
,{"DD":"JOHNSON & JOHNSON","FRF":13,"FRP":8,"CRF":8,"CRP":7,"CF":414.88,"CFD":-13.57,"CQt":2.78,"CPz":64,"CPzD":-14.98,"CPr":6.49,"CRef":6}]
}