{
"Merceologia":"cod.me52"
,"Tempo":"YTD"

,"datiTabRiass":[
{"F":2712.34,"M":20412.719,"C":6529.7969,"Tipo":"c","H":"dt.d0011"}
,{"F": -49.55,"M":   -5.350,"C":  -4.1400,"Tipo":"i","H":"dt.d0012"}
,{"F": 172.00,"M": 2212.557,"C": 682.5818,"Tipo":"n","H":"dt.d0013"}
,{"F": -50.86,"M":  -12.680,"C": -13.8600,"Tipo":"i","H":"dt.d0026"}]
,"datiDettDittaF":[
{"DD":"ORDESA","FRF":1,"FRP":1,"FF":1838.68,"FFD":-33.46,"FQt":70.63,"FPz":107,"FPzD":-37.06,"FPr":17.18,"FRef":20,"MRF":2,"MRP":3,"CRF":4,"CRP":5}
,{"DD":"NESTLE ESPAÑA","FRF":2,"FRP":2,"FF":507.85,"FFD":-64.6,"FQt":19.51,"FPz":26,"FPzD":-72.04,"FPr":19.53,"FRef":9,"MRF":3,"MRP":2,"CRF":2,"CRP":3}
,{"DD":"LACTALIS NUTRICION IB","FRF":3,"FRP":4,"FF":486.2,"FFD":9.7,"FQt":18.68,"FPz":11,"FPzD":10,"FPr":44.2,"FRef":2,"MRF":8,"MRP":9,"CRF":8,"CRP":8}
,{"DD":"ALTER FARMACIA","FRF":4,"FRP":3,"FF":34,"FFD":-63.46,"FQt":1.31,"FPz":22,"FPzD":-51.11,"FPr":1.55,"FRef":9,"MRF":4,"MRP":1,"CRF":3,"CRP":1}
,{"DD":"BEBE INNOVA","FRF":5,"FRP":6,"FF":0,"FFD":-100,"FQt":0,"FPz":0,"FPzD":-100,"FPr":null,"FRef":0,"MRF":9,"MRP":10,"CRF":10,"CRP":10}
,{"DD":"FERRER INTERNACIONAL","FRF":6,"FRP":7,"FF":0,"FFD":-100,"FQt":0,"FPz":0,"FPzD":-100,"FPr":null,"FRef":0,"MRF":7,"MRP":7,"CRF":6,"CRP":6}
,{"DD":"HERO","FRF":7,"FRP":8,"FF":0,"FFD":null,"FQt":0,"FPz":0,"FPzD":null,"FPr":null,"FRef":0,"MRF":6,"MRP":5,"CRF":5,"CRP":2}
,{"DD":"HUMANA SPAIN","FRF":8,"FRP":9,"FF":0,"FFD":null,"FQt":0,"FPz":0,"FPzD":null,"FPr":null,"FRef":0,"MRF":13,"MRP":13,"CRF":13,"CRP":13}
,{"DD":"MEAD JOHNSON","FRF":9,"FRP":10,"FF":0,"FFD":-100,"FQt":0,"FPz":0,"FPzD":-100,"FPr":null,"FRef":0,"MRF":5,"MRP":6,"CRF":7,"CRP":7}
,{"DD":"NUTRICIA","FRF":10,"FRP":11,"FF":0,"FFD":null,"FQt":0,"FPz":0,"FPzD":null,"FPr":null,"FRef":0,"MRF":12,"MRP":11,"CRF":12,"CRP":12}]
,"datiDettDittaM":[
{"DD":"ORDESA","FRF":1,"FRP":1,"MRF":2,"MRP":3,"MF":3901.74,"MFD":-8.13,"MQt":20.43,"MPz":261,"MPzD":-17.42,"MPr":14.95,"MRef":36}
,{"DD":"NESTLE ESPAÑA","FRF":2,"FRP":2,"MRF":3,"MRP":2,"MF":3602.36,"MFD":5.38,"MQt":18.86,"MPz":371,"MPzD":-9.14,"MPr":9.72,"MRef":82}
,{"DD":"LACTALIS NUTRICION IB","FRF":3,"FRP":4,"MRF":8,"MRP":9,"MF":404.06,"MFD":63.22,"MQt":2.12,"MPz":41,"MPzD":7.38,"MPr":9.88,"MRef":14}
,{"DD":"ALTER FARMACIA","FRF":4,"FRP":3,"MRF":4,"MRP":1,"MF":3457.3,"MFD":-13.85,"MQt":18.1,"MPz":738,"MPzD":-16.97,"MPr":4.68,"MRef":127}
,{"DD":"BEBE INNOVA","FRF":5,"FRP":6,"MRF":9,"MRP":10,"MF":220.36,"MFD":0.46,"MQt":1.15,"MPz":8,"MPzD":-5.73,"MPr":26.52,"MRef":3}
,{"DD":"FERRER INTERNACIONAL","FRF":6,"FRP":7,"MRF":7,"MRP":7,"MF":873.99,"MFD":-4.47,"MQt":4.58,"MPz":56,"MPzD":-8.18,"MPr":15.7,"MRef":11}
,{"DD":"HERO","FRF":7,"FRP":8,"MRF":6,"MRP":5,"MF":974.96,"MFD":-7.43,"MQt":5.11,"MPz":217,"MPzD":-17.9,"MPr":4.5,"MRef":45}
,{"DD":"MEAD JOHNSON","FRF":9,"FRP":10,"MRF":5,"MRP":6,"MF":1373.62,"MFD":-3.49,"MQt":7.19,"MPz":82,"MPzD":-5.26,"MPr":16.7,"MRef":4}
,{"DD":"PULEVA","FRF":13,"FRP":14,"MRF":10,"MRP":8,"MF":66.38,"MFD":2.44,"MQt":0.35,"MPz":54,"MPzD":0.82,"MPr":1.24,"MRef":2}
,{"DD":"NUMIL NUTRICION","FRF":15,"FRP":5,"MRF":1,"MRP":4,"MF":4021.52,"MFD":-0.36,"MQt":21.06,"MPz":240,"MPzD":-5.42,"MPr":16.77,"MRef":28}]
,"datiDettDittaC":[
{"DD":"ORDESA","FRF":1,"FRP":1,"CRF":4,"CRP":5,"CF":1067.06,"CFD":-11.97,"CQt":17.07,"CPz":69,"CPzD":-18.98,"CPr":15.48,"CRef":21}
,{"DD":"NESTLE ESPAÑA","FRF":2,"FRP":2,"CRF":2,"CRP":3,"CF":1223.51,"CFD":25.97,"CQt":19.58,"CPz":88,"CPzD":6.3,"CPr":13.91,"CRef":24}
,{"DD":"LACTALIS NUTRICION IB","FRF":3,"FRP":4,"CRF":8,"CRP":8,"CF":100,"CFD":80.55,"CQt":1.6,"CPz":10,"CPzD":30.02,"CPr":10.44,"CRef":4}
,{"DD":"ALTER FARMACIA","FRF":4,"FRP":3,"CRF":3,"CRP":1,"CF":1209.04,"CFD":-19.38,"CQt":19.35,"CPz":231,"CPzD":-26.89,"CPr":5.23,"CRef":70}
,{"DD":"BEBE INNOVA","FRF":5,"FRP":6,"CRF":10,"CRP":10,"CF":23.32,"CFD":90.97,"CQt":0.37,"CPz":0.873,"CPzD":100.06,"CPr":26.72,"CRef":0}
,{"DD":"FERRER INTERNACIONAL","FRF":6,"FRP":7,"CRF":6,"CRP":6,"CF":219.27,"CFD":26.82,"CQt":3.51,"CPz":12,"CPzD":16.81,"CPr":18.11,"CRef":5}
,{"DD":"HERO","FRF":7,"FRP":8,"CRF":5,"CRP":2,"CF":676.99,"CFD":-4.6,"CQt":10.83,"CPz":141,"CPzD":-5.28,"CPr":4.81,"CRef":40}
,{"DD":"MEAD JOHNSON","FRF":9,"FRP":10,"CRF":7,"CRP":7,"CF":205.89,"CFD":16.84,"CQt":3.29,"CPz":11,"CPzD":19.09,"CPr":19.32,"CRef":3}
,{"DD":"NUTRITION & SANTE","FRF":11,"FRP":12,"CRF":9,"CRP":9,"CF":39.04,"CFD":272.07,"CQt":0.62,"CPz":1,"CPzD":175,"CPr":29.02,"CRef":1}
,{"DD":"NUMIL NUTRICION","FRF":15,"FRP":5,"CRF":1,"CRP":4,"CF":1455.18,"CFD":-10.94,"CQt":23.28,"CPz":85,"CPzD":-14.5,"CPr":17.08,"CRef":21}]
}