{
  "DT": [
    {
      "IPD": "MAT",
      "DTP": [
        {
          "CSZ": "Globale",
          "TF": [
            {
              "name": "cod.mo05",
              "value": 17.05
            },
            {
              "name": "cod.mo03",
              "value": 9.16
            },
            {
              "name": "cod.mo02",
              "value": 8.25
            },
            {
              "name": "cod.mo04",
              "value": 8.84
            },
            {
              "name": "cod.mo07",
              "value": 9.38
            },
            {
              "name": "cod.mo10",
              "value": 10.07
            },
            {
              "name": "cod.mo09",
              "value": 6.63
            },
            {
              "name": "cod.mo06",
              "value": 3.48
            },
            {
              "name": "cod.mo13",
              "value": 12.37
            },
            {
              "name": "cod.mo17",
              "value": 4.7
            },
            {
              "name": "cod.mo08",
              "value": 3.24
            },
            {
              "name": "cod.mo01",
              "value": 1.15
            },
            {
              "name": "cod.mo11",
              "value": 2.21
            },
            {
              "name": "cod.mo12",
              "value": 2.84
            },
            {
              "name": "cod.mo14",
              "value": 0.15
            },
            {
              "name": "cod.mo16",
              "value": 0.35
            },
            {
              "name": "cod.mo18",
              "value": 0.14
            }
          ],
          "TM": [
            {
              "name": "cod.mo05",
              "value": 9.35
            },
            {
              "name": "cod.mo03",
              "value": 5.51
            },
            {
              "name": "cod.mo02",
              "value": 4.42
            },
            {
              "name": "cod.mo04",
              "value": 11.63
            },
            {
              "name": "cod.mo07",
              "value": 7.81
            },
            {
              "name": "cod.mo10",
              "value": 5.24
            },
            {
              "name": "cod.mo09",
              "value": 24.05
            },
            {
              "name": "cod.mo06",
              "value": 6.21
            },
            {
              "name": "cod.mo13",
              "value": 4.73
            },
            {
              "name": "cod.mo17",
              "value": 7.8
            },
            {
              "name": "cod.mo08",
              "value": 5
            },
            {
              "name": "cod.mo01",
              "value": 0.65
            },
            {
              "name": "cod.mo11",
              "value": 2.57
            },
            {
              "name": "cod.mo12",
              "value": 3.9
            },
            {
              "name": "cod.mo14",
              "value": 0.5
            },
            {
              "name": "cod.mo16",
              "value": 0.32
            },
            {
              "name": "cod.mo18",
              "value": 0.31
            }
          ],
          "TC": [
            {
              "name": "cod.mo05",
              "value": 9.71
            },
            {
              "name": "cod.mo03",
              "value": 5.83
            },
            {
              "name": "cod.mo02",
              "value": 5.6
            },
            {
              "name": "cod.mo04",
              "value": 10.5
            },
            {
              "name": "cod.mo07",
              "value": 7.13
            },
            {
              "name": "cod.mo10",
              "value": 5.7
            },
            {
              "name": "cod.mo09",
              "value": 18.43
            },
            {
              "name": "cod.mo06",
              "value": 5.85
            },
            {
              "name": "cod.mo13",
              "value": 5.13
            },
            {
              "name": "cod.mo17",
              "value": 6.98
            },
            {
              "name": "cod.mo08",
              "value": 4.29
            },
            {
              "name": "cod.mo01",
              "value": 0.87
            },
            {
              "name": "cod.mo11",
              "value": 3.75
            },
            {
              "name": "cod.mo12",
              "value": 8.76
            },
            {
              "name": "cod.mo14",
              "value": 0.56
            },
            {
              "name": "cod.mo16",
              "value": 0.32
            },
            {
              "name": "cod.mo18",
              "value": 0.59
            }
          ],
          "TFFt": [
            {
              "name": "cod.mo05",
              "value": 17.38
            },
            {
              "name": "cod.mo03",
              "value": 13.31
            },
            {
              "name": "cod.mo02",
              "value": 12.34
            },
            {
              "name": "cod.mo04",
              "value": 10.14
            },
            {
              "name": "cod.mo07",
              "value": 9.34
            },
            {
              "name": "cod.mo10",
              "value": 8.97
            },
            {
              "name": "cod.mo09",
              "value": 7.22
            },
            {
              "name": "cod.mo06",
              "value": 4.48
            },
            {
              "name": "cod.mo13",
              "value": 4.33
            },
            {
              "name": "cod.mo17",
              "value": 4.15
            },
            {
              "name": "cod.mo08",
              "value": 3.65
            },
            {
              "name": "cod.mo01",
              "value": 1.92
            },
            {
              "name": "cod.mo11",
              "value": 1.53
            },
            {
              "name": "cod.mo12",
              "value": 0.52
            },
            {
              "name": "cod.mo14",
              "value": 0.38
            },
            {
              "name": "cod.mo16",
              "value": 0.19
            },
            {
              "name": "cod.mo18",
              "value": 0.15
            }
          ],
          "TMFt": [
            {
              "name": "cod.mo05",
              "value": 11.38
            },
            {
              "name": "cod.mo03",
              "value": 7.12
            },
            {
              "name": "cod.mo02",
              "value": 7.13
            },
            {
              "name": "cod.mo04",
              "value": 10.78
            },
            {
              "name": "cod.mo07",
              "value": 8.21
            },
            {
              "name": "cod.mo10",
              "value": 5.45
            },
            {
              "name": "cod.mo09",
              "value": 21.7
            },
            {
              "name": "cod.mo06",
              "value": 7.66
            },
            {
              "name": "cod.mo13",
              "value": 2.73
            },
            {
              "name": "cod.mo17",
              "value": 7.18
            },
            {
              "name": "cod.mo08",
              "value": 4.9
            },
            {
              "name": "cod.mo01",
              "value": 1.14
            },
            {
              "name": "cod.mo11",
              "value": 1.44
            },
            {
              "name": "cod.mo12",
              "value": 1.53
            },
            {
              "name": "cod.mo14",
              "value": 1.15
            },
            {
              "name": "cod.mo16",
              "value": 0.15
            },
            {
              "name": "cod.mo18",
              "value": 0.35
            }
          ],
          "TCFt": [
            {
              "name": "cod.mo05",
              "value": 11.33
            },
            {
              "name": "cod.mo03",
              "value": 8.15
            },
            {
              "name": "cod.mo02",
              "value": 9.53
            },
            {
              "name": "cod.mo04",
              "value": 10.33
            },
            {
              "name": "cod.mo07",
              "value": 7.82
            },
            {
              "name": "cod.mo10",
              "value": 5.77
            },
            {
              "name": "cod.mo09",
              "value": 16.83
            },
            {
              "name": "cod.mo06",
              "value": 7.43
            },
            {
              "name": "cod.mo13",
              "value": 2.76
            },
            {
              "name": "cod.mo17",
              "value": 6.44
            },
            {
              "name": "cod.mo08",
              "value": 4.45
            },
            {
              "name": "cod.mo01",
              "value": 1.55
            },
            {
              "name": "cod.mo11",
              "value": 2.06
            },
            {
              "name": "cod.mo12",
              "value": 3.39
            },
            {
              "name": "cod.mo14",
              "value": 1.31
            },
            {
              "name": "cod.mo16",
              "value": 0.17
            },
            {
              "name": "cod.mo18",
              "value": 0.66
            }
          ],
          "DTT": [
            {
              "Hid": "0",
              "FFt": 4507872.58,
              "FFtD": 1.57,
              "FQtF": 100,
              "FPz": 484323,
              "FPzD": 1.11,
              "FQt": 100,
              "FPrz": 930.76,
              "MFt": 2083240.2,
              "MFtD": 0.26,
              "MQtF": 100,
              "MPz": 202133,
              "MPzD": -1.81,
              "MQt": 100,
              "MPrz": 1030.63,
              "CFt": 3940980.2,
              "CFtD": 1.7,
              "CQtF": 100,
              "CPz": 389797,
              "CPzD": -0.47,
              "CQt": 100,
              "CPrz": 1011.03,
              "H": "cod.mo0"
            },
            {
              "Hid": "05",
              "FFt": 783392.56,
              "FFtD": 5.19,
              "FQtF": 17.38,
              "FPz": 82555,
              "FPzD": 2.8,
              "FQt": 17.05,
              "FPrz": 948.93,
              "MFt": 237049.31,
              "MFtD": 2.52,
              "MQtF": 11.38,
              "MPz": 18907,
              "MPzD": 0.53,
              "MQt": 9.35,
              "MPrz": 1253.75,
              "CFt": 446703.75,
              "CFtD": 3.77,
              "CQtF": 11.33,
              "CPz": 37830,
              "CPzD": 2.38,
              "CQt": 9.71,
              "CPrz": 1180.81,
              "H": "cod.mo05"
            },
            {
              "Hid": "03",
              "FFt": 599880.54,
              "FFtD": 2.23,
              "FQtF": 13.31,
              "FPz": 44359,
              "FPzD": 0.37,
              "FQt": 9.16,
              "FPrz": 1352.33,
              "MFt": 148277.95,
              "MFtD": -0.05,
              "MQtF": 7.12,
              "MPz": 11131,
              "MPzD": -1.28,
              "MQt": 5.51,
              "MPrz": 1332.06,
              "CFt": 321283.83,
              "CFtD": 0.5,
              "CQtF": 8.15,
              "CPz": 22734,
              "CPzD": -0.71,
              "CQt": 5.83,
              "CPrz": 1413.21,
              "H": "cod.mo03"
            },
            {
              "Hid": "02",
              "FFt": 556433.43,
              "FFtD": -6.59,
              "FQtF": 12.34,
              "FPz": 39971,
              "FPzD": -5.1,
              "FQt": 8.25,
              "FPrz": 1392.09,
              "MFt": 148551.99,
              "MFtD": 1.97,
              "MQtF": 7.13,
              "MPz": 8930,
              "MPzD": -0.38,
              "MQt": 4.42,
              "MPrz": 1663.5,
              "CFt": 375623.38,
              "CFtD": 2.01,
              "CQtF": 9.53,
              "CPz": 21840,
              "CPzD": 0.08,
              "CQt": 5.6,
              "CPrz": 1719.87,
              "H": "cod.mo02"
            },
            {
              "Hid": "04",
              "FFt": 457133.05,
              "FFtD": 4.03,
              "FQtF": 10.14,
              "FPz": 42827,
              "FPzD": -1.28,
              "FQt": 8.84,
              "FPrz": 1067.39,
              "MFt": 224502.55,
              "MFtD": 0.61,
              "MQtF": 10.78,
              "MPz": 23515,
              "MPzD": -5.39,
              "MQt": 11.63,
              "MPrz": 954.72,
              "CFt": 407113.22,
              "CFtD": 2.92,
              "CQtF": 10.33,
              "CPz": 40935,
              "CPzD": -2.73,
              "CQt": 10.5,
              "CPrz": 994.53,
              "H": "cod.mo04"
            },
            {
              "Hid": "07",
              "FFt": 420843.52,
              "FFtD": 0.2,
              "FQtF": 9.34,
              "FPz": 45439,
              "FPzD": -1.89,
              "FQt": 9.38,
              "FPrz": 926.17,
              "MFt": 171126.66,
              "MFtD": 0.15,
              "MQtF": 8.21,
              "MPz": 15793,
              "MPzD": -0.15,
              "MQt": 7.81,
              "MPrz": 1083.58,
              "CFt": 308255.18,
              "CFtD": 2.5,
              "CQtF": 7.82,
              "CPz": 27798,
              "CPzD": 1.22,
              "CQt": 7.13,
              "CPrz": 1108.9,
              "H": "cod.mo07"
            },
            {
              "Hid": "10",
              "FFt": 404315.13,
              "FFtD": 0.76,
              "FQtF": 8.97,
              "FPz": 48750,
              "FPzD": -5.94,
              "FQt": 10.07,
              "FPrz": 829.36,
              "MFt": 113607.36,
              "MFtD": 3.06,
              "MQtF": 5.45,
              "MPz": 10586,
              "MPzD": -0.23,
              "MQt": 5.24,
              "MPrz": 1073.21,
              "CFt": 227317.68,
              "CFtD": 4.02,
              "CQtF": 5.77,
              "CPz": 22211,
              "CPzD": 1.58,
              "CQt": 5.7,
              "CPrz": 1023.45,
              "H": "cod.mo10"
            },
            {
              "Hid": "09",
              "FFt": 325412.72,
              "FFtD": -0.71,
              "FQtF": 7.22,
              "FPz": 32132,
              "FPzD": 2.14,
              "FQt": 6.63,
              "FPrz": 1012.74,
              "MFt": 452161.05,
              "MFtD": -2.26,
              "MQtF": 21.7,
              "MPz": 48621,
              "MPzD": -1.56,
              "MQt": 24.05,
              "MPrz": 929.97,
              "CFt": 663201.36,
              "CFtD": -0.73,
              "CQtF": 16.83,
              "CPz": 71826,
              "CPzD": -0.22,
              "CQt": 18.43,
              "CPrz": 923.35,
              "H": "cod.mo09"
            },
            {
              "Hid": "06",
              "FFt": 201845.23,
              "FFtD": 9.83,
              "FQtF": 4.48,
              "FPz": 16870,
              "FPzD": 7.72,
              "FQt": 3.48,
              "FPrz": 1196.47,
              "MFt": 159642.2,
              "MFtD": 2.48,
              "MQtF": 7.66,
              "MPz": 12551,
              "MPzD": -0.02,
              "MQt": 6.21,
              "MPrz": 1271.96,
              "CFt": 292640.09,
              "CFtD": 4.11,
              "CQtF": 7.43,
              "CPz": 22807,
              "CPzD": 1.86,
              "CQt": 5.85,
              "CPrz": 1283.1,
              "H": "cod.mo06"
            },
            {
              "Hid": "13",
              "FFt": 195236.8,
              "FFtD": 3.26,
              "FQtF": 4.33,
              "FPz": 59887,
              "FPzD": 9.1,
              "FQt": 12.37,
              "FPrz": 326.01,
              "MFt": 56803.73,
              "MFtD": 0.51,
              "MQtF": 2.73,
              "MPz": 9559,
              "MPzD": -0.48,
              "MQt": 4.73,
              "MPrz": 594.27,
              "CFt": 108890.83,
              "CFtD": 2.64,
              "CQtF": 2.76,
              "CPz": 20002,
              "CPzD": 1.47,
              "CQt": 5.13,
              "CPrz": 544.39,
              "H": "cod.mo13"
            },
            {
              "Hid": "17",
              "FFt": 187274.29,
              "FFtD": 5.8,
              "FQtF": 4.15,
              "FPz": 22752,
              "FPzD": 6.98,
              "FQt": 4.7,
              "FPrz": 823.11,
              "MFt": 149489.62,
              "MFtD": -0.37,
              "MQtF": 7.18,
              "MPz": 15762,
              "MPzD": -1.84,
              "MQt": 7.8,
              "MPrz": 948.41,
              "CFt": 253804.26,
              "CFtD": 1.67,
              "CQtF": 6.44,
              "CPz": 27201,
              "CPzD": -0.47,
              "CQt": 6.98,
              "CPrz": 933.06,
              "H": "cod.mo17"
            },
            {
              "Hid": "08",
              "FFt": 164755.85,
              "FFtD": 9.48,
              "FQtF": 3.65,
              "FPz": 15713,
              "FPzD": 8.19,
              "FQt": 3.24,
              "FPrz": 1048.53,
              "MFt": 102155.08,
              "MFtD": 3.71,
              "MQtF": 4.9,
              "MPz": 10102,
              "MPzD": 0.29,
              "MQt": 5,
              "MPrz": 1011.23,
              "CFt": 175529.29,
              "CFtD": 5.27,
              "CQtF": 4.45,
              "CPz": 16733,
              "CPzD": 2.2,
              "CQt": 4.29,
              "CPrz": 1049.03,
              "H": "cod.mo08"
            },
            {
              "Hid": "01",
              "FFt": 86352.61,
              "FFtD": -12.59,
              "FQtF": 1.92,
              "FPz": 5569,
              "FPzD": -9.73,
              "FQt": 1.15,
              "FPrz": 1550.59,
              "MFt": 23696.29,
              "MFtD": -0.32,
              "MQtF": 1.14,
              "MPz": 1321,
              "MPzD": -0.29,
              "MQt": 0.65,
              "MPrz": 1794.08,
              "CFt": 61036.01,
              "CFtD": 3.1,
              "CQtF": 1.55,
              "CPz": 3383,
              "CPzD": 1.85,
              "CQt": 0.87,
              "CPrz": 1804.02,
              "H": "cod.mo01"
            },
            {
              "Hid": "11",
              "FFt": 68760.85,
              "FFtD": 3.86,
              "FQtF": 1.53,
              "FPz": 10700,
              "FPzD": 8.63,
              "FQt": 2.21,
              "FPrz": 642.62,
              "MFt": 29966.85,
              "MFtD": -2.32,
              "MQtF": 1.44,
              "MPz": 5191,
              "MPzD": -4.3,
              "MQt": 2.57,
              "MPrz": 577.26,
              "CFt": 81096.52,
              "CFtD": 1.62,
              "CQtF": 2.06,
              "CPz": 14622,
              "CPzD": -1.16,
              "CQt": 3.75,
              "CPrz": 554.61,
              "H": "cod.mo11"
            },
            {
              "Hid": "12",
              "FFt": 23610.69,
              "FFtD": 20.07,
              "FQtF": 0.52,
              "FPz": 13751,
              "FPzD": 2.36,
              "FQt": 2.84,
              "FPrz": 171.7,
              "MFt": 31792.94,
              "MFtD": -6.23,
              "MQtF": 1.53,
              "MPz": 7884,
              "MPzD": -7.08,
              "MQt": 3.9,
              "MPrz": 403.26,
              "CFt": 133751.56,
              "CFtD": -5.55,
              "CQtF": 3.39,
              "CPz": 34155,
              "CPzD": -6.35,
              "CQt": 8.76,
              "CPrz": 391.6,
              "H": "cod.mo12"
            },
            {
              "Hid": "14",
              "FFt": 17104.65,
              "FFtD": -18.67,
              "FQtF": 0.38,
              "FPz": 707,
              "FPzD": -16.82,
              "FQt": 0.15,
              "FPrz": 2419.33,
              "MFt": 23976.77,
              "MFtD": -6.8,
              "MQtF": 1.15,
              "MPz": 1010,
              "MPzD": -11.02,
              "MQt": 0.5,
              "MPrz": 2372.81,
              "CFt": 51815.94,
              "CFtD": -5.52,
              "CQtF": 1.31,
              "CPz": 2165,
              "CPzD": -11.3,
              "CQt": 0.56,
              "CPrz": 2393.81,
              "H": "cod.mo14"
            },
            {
              "Hid": "16",
              "FFt": 8712.91,
              "FFtD": 5.6,
              "FQtF": 0.19,
              "FPz": 1672,
              "FPzD": -11.44,
              "FQt": 0.35,
              "FPrz": 521.11,
              "MFt": 3189.17,
              "MFtD": 1.32,
              "MQtF": 0.15,
              "MPz": 646,
              "MPzD": -20.24,
              "MQt": 0.32,
              "MPrz": 493.43,
              "CFt": 6749.93,
              "CFtD": 0.41,
              "CQtF": 0.17,
              "CPz": 1258,
              "CPzD": -2.04,
              "CQt": 0.32,
              "CPrz": 536.77,
              "H": "cod.mo16"
            },
            {
              "Hid": "18",
              "FFt": 6807.75,
              "FFtD": -16.14,
              "FQtF": 0.15,
              "FPz": 669,
              "FPzD": -23.19,
              "FQt": 0.14,
              "FPrz": 1017.6,
              "MFt": 7250.68,
              "MFtD": -6.17,
              "MQtF": 0.35,
              "MPz": 623,
              "MPzD": -7.73,
              "MQt": 0.31,
              "MPrz": 1163.56,
              "CFt": 26167.37,
              "CFtD": -6.72,
              "CQtF": 0.66,
              "CPz": 2296,
              "CPzD": -7.2,
              "CQt": 0.59,
              "CPrz": 1139.72,
              "H": "cod.mo18"
            }
          ]
        },
        {
          "CSZ": "Commerciale",
          "TF": [
            {
              "name": "cod.mo05",
              "value": 21.04
            },
            {
              "name": "cod.mo02",
              "value": 11.26
            },
            {
              "name": "cod.mo04",
              "value": 10.01
            },
            {
              "name": "cod.mo10",
              "value": 12.85
            },
            {
              "name": "cod.mo07",
              "value": 9.95
            },
            {
              "name": "cod.mo03",
              "value": 8.7
            },
            {
              "name": "cod.mo13",
              "value": 10.27
            },
            {
              "name": "cod.mo06",
              "value": 3.18
            },
            {
              "name": "cod.mo09",
              "value": 2.28
            },
            {
              "name": "cod.mo01",
              "value": 1.6
            },
            {
              "name": "cod.mo11",
              "value": 2.85
            },
            {
              "name": "cod.mo08",
              "value": 1.24
            },
            {
              "name": "cod.mo12",
              "value": 3.98
            },
            {
              "name": "cod.mo16",
              "value": 0.49
            },
            {
              "name": "cod.mo18",
              "value": 0.19
            },
            {
              "name": "cod.mo14",
              "value": 0.06
            },
            {
              "name": "cod.mo17",
              "value": 0.05
            }
          ],
          "TM": [
            {
              "name": "cod.mo05",
              "value": 14.94
            },
            {
              "name": "cod.mo02",
              "value": 10.47
            },
            {
              "name": "cod.mo04",
              "value": 12.52
            },
            {
              "name": "cod.mo10",
              "value": 9.59
            },
            {
              "name": "cod.mo07",
              "value": 6.49
            },
            {
              "name": "cod.mo03",
              "value": 5.53
            },
            {
              "name": "cod.mo13",
              "value": 10.8
            },
            {
              "name": "cod.mo06",
              "value": 5.73
            },
            {
              "name": "cod.mo09",
              "value": 3.45
            },
            {
              "name": "cod.mo01",
              "value": 1.65
            },
            {
              "name": "cod.mo11",
              "value": 5.7
            },
            {
              "name": "cod.mo08",
              "value": 1.42
            },
            {
              "name": "cod.mo12",
              "value": 9.73
            },
            {
              "name": "cod.mo16",
              "value": 0.8
            },
            {
              "name": "cod.mo18",
              "value": 0.79
            },
            {
              "name": "cod.mo14",
              "value": 0.35
            },
            {
              "name": "cod.mo17",
              "value": 0.04
            }
          ],
          "TC": [
            {
              "name": "cod.mo05",
              "value": 12.95
            },
            {
              "name": "cod.mo02",
              "value": 10.46
            },
            {
              "name": "cod.mo04",
              "value": 10.55
            },
            {
              "name": "cod.mo10",
              "value": 8.55
            },
            {
              "name": "cod.mo07",
              "value": 5.56
            },
            {
              "name": "cod.mo03",
              "value": 5.04
            },
            {
              "name": "cod.mo13",
              "value": 9.07
            },
            {
              "name": "cod.mo06",
              "value": 5.16
            },
            {
              "name": "cod.mo09",
              "value": 3.47
            },
            {
              "name": "cod.mo01",
              "value": 1.69
            },
            {
              "name": "cod.mo11",
              "value": 6.87
            },
            {
              "name": "cod.mo08",
              "value": 1.34
            },
            {
              "name": "cod.mo12",
              "value": 17.14
            },
            {
              "name": "cod.mo16",
              "value": 0.63
            },
            {
              "name": "cod.mo18",
              "value": 1.16
            },
            {
              "name": "cod.mo14",
              "value": 0.31
            },
            {
              "name": "cod.mo17",
              "value": 0.04
            }
          ],
          "TFFt": [
            {
              "name": "cod.mo05",
              "value": 19.95
            },
            {
              "name": "cod.mo02",
              "value": 16.26
            },
            {
              "name": "cod.mo04",
              "value": 11.74
            },
            {
              "name": "cod.mo10",
              "value": 10.48
            },
            {
              "name": "cod.mo07",
              "value": 9.95
            },
            {
              "name": "cod.mo03",
              "value": 9.86
            },
            {
              "name": "cod.mo13",
              "value": 5.5
            },
            {
              "name": "cod.mo06",
              "value": 4.69
            },
            {
              "name": "cod.mo09",
              "value": 3.87
            },
            {
              "name": "cod.mo01",
              "value": 2.58
            },
            {
              "name": "cod.mo11",
              "value": 1.95
            },
            {
              "name": "cod.mo08",
              "value": 1.81
            },
            {
              "name": "cod.mo12",
              "value": 0.71
            },
            {
              "name": "cod.mo16",
              "value": 0.26
            },
            {
              "name": "cod.mo18",
              "value": 0.21
            },
            {
              "name": "cod.mo14",
              "value": 0.12
            },
            {
              "name": "cod.mo17",
              "value": 0.04
            }
          ],
          "TMFt": [
            {
              "name": "cod.mo05",
              "value": 14
            },
            {
              "name": "cod.mo02",
              "value": 16.35
            },
            {
              "name": "cod.mo04",
              "value": 14.12
            },
            {
              "name": "cod.mo10",
              "value": 8.82
            },
            {
              "name": "cod.mo07",
              "value": 7.42
            },
            {
              "name": "cod.mo03",
              "value": 6.38
            },
            {
              "name": "cod.mo13",
              "value": 5
            },
            {
              "name": "cod.mo06",
              "value": 8.37
            },
            {
              "name": "cod.mo09",
              "value": 6.15
            },
            {
              "name": "cod.mo01",
              "value": 2.78
            },
            {
              "name": "cod.mo11",
              "value": 3.2
            },
            {
              "name": "cod.mo08",
              "value": 1.99
            },
            {
              "name": "cod.mo12",
              "value": 3.63
            },
            {
              "name": "cod.mo16",
              "value": 0.34
            },
            {
              "name": "cod.mo18",
              "value": 0.88
            },
            {
              "name": "cod.mo14",
              "value": 0.52
            },
            {
              "name": "cod.mo17",
              "value": 0.03
            }
          ],
          "TCFt": [
            {
              "name": "cod.mo05",
              "value": 12.81
            },
            {
              "name": "cod.mo02",
              "value": 17.75
            },
            {
              "name": "cod.mo04",
              "value": 12.47
            },
            {
              "name": "cod.mo10",
              "value": 7.96
            },
            {
              "name": "cod.mo07",
              "value": 6.76
            },
            {
              "name": "cod.mo03",
              "value": 6.25
            },
            {
              "name": "cod.mo13",
              "value": 4.41
            },
            {
              "name": "cod.mo06",
              "value": 7.8
            },
            {
              "name": "cod.mo09",
              "value": 5.93
            },
            {
              "name": "cod.mo01",
              "value": 3.05
            },
            {
              "name": "cod.mo11",
              "value": 3.89
            },
            {
              "name": "cod.mo08",
              "value": 1.97
            },
            {
              "name": "cod.mo12",
              "value": 6.7
            },
            {
              "name": "cod.mo16",
              "value": 0.32
            },
            {
              "name": "cod.mo18",
              "value": 1.34
            },
            {
              "name": "cod.mo14",
              "value": 0.53
            },
            {
              "name": "cod.mo17",
              "value": 0.03
            }
          ],
          "DTT": [
            {
              "Hid": "0",
              "FFt": 3296523.84,
              "FFtD": 0.81,
              "FQtF": 100,
              "FPz": 344626,
              "FPzD": -0.94,
              "FQt": 100,
              "FPrz": 956.55,
              "MFt": 827941.65,
              "MFtD": 2.09,
              "MQtF": 100,
              "MPz": 79270,
              "MPzD": -1.15,
              "MQt": 100,
              "MPrz": 1044.46,
              "CFt": 1947486.29,
              "CFtD": 2.48,
              "CQtF": 100,
              "CPz": 197352,
              "CPzD": -0.08,
              "CQt": 100,
              "CPrz": 986.81,
              "H": "cod.mo0"
            },
            {
              "Hid": "05",
              "FFt": 657719.87,
              "FFtD": 4.87,
              "FQtF": 19.95,
              "FPz": 72503,
              "FPzD": 2.76,
              "FQt": 21.04,
              "FPrz": 907.16,
              "MFt": 115879.41,
              "MFtD": 2.81,
              "MQtF": 14,
              "MPz": 11846,
              "MPzD": -0.02,
              "MQt": 14.94,
              "MPrz": 978.18,
              "CFt": 249509.9,
              "CFtD": 3.64,
              "CQtF": 12.81,
              "CPz": 25565,
              "CPzD": 2.07,
              "CQt": 12.95,
              "CPrz": 975.98,
              "H": "cod.mo05"
            },
            {
              "Hid": "02",
              "FFt": 536003.97,
              "FFtD": -7.42,
              "FQtF": 16.26,
              "FPz": 38808,
              "FPzD": -5.64,
              "FQt": 11.26,
              "FPrz": 1381.17,
              "MFt": 135387.89,
              "MFtD": 1.13,
              "MQtF": 16.35,
              "MPz": 8300,
              "MPzD": -0.3,
              "MQt": 10.47,
              "MPrz": 1631.13,
              "CFt": 345743.32,
              "CFtD": 0.92,
              "CQtF": 17.75,
              "CPz": 20636,
              "CPzD": 0.1,
              "CQt": 10.46,
              "CPrz": 1675.48,
              "H": "cod.mo02"
            },
            {
              "Hid": "04",
              "FFt": 387072.3,
              "FFtD": 3.84,
              "FQtF": 11.74,
              "FPz": 34482,
              "FPzD": -0.57,
              "FQt": 10.01,
              "FPrz": 1122.53,
              "MFt": 116910.93,
              "MFtD": 4.74,
              "MQtF": 14.12,
              "MPz": 9924,
              "MPzD": 0.58,
              "MQt": 12.52,
              "MPrz": 1178.06,
              "CFt": 242878.9,
              "CFtD": 6.39,
              "CQtF": 12.47,
              "CPz": 20822,
              "CPzD": 2.88,
              "CQt": 10.55,
              "CPrz": 1166.44,
              "H": "cod.mo04"
            },
            {
              "Hid": "10",
              "FFt": 345628.71,
              "FFtD": -0.95,
              "FQtF": 10.48,
              "FPz": 44286,
              "FPzD": -7.09,
              "FQt": 12.85,
              "FPrz": 780.45,
              "MFt": 73061.16,
              "MFtD": 2.81,
              "MQtF": 8.82,
              "MPz": 7601,
              "MPzD": 0.04,
              "MQt": 9.59,
              "MPrz": 961.14,
              "CFt": 155038.23,
              "CFtD": 4,
              "CQtF": 7.96,
              "CPz": 16876,
              "CPzD": 2.05,
              "CQt": 8.55,
              "CPrz": 918.69,
              "H": "cod.mo10"
            },
            {
              "Hid": "07",
              "FFt": 328114.67,
              "FFtD": -0.44,
              "FQtF": 9.95,
              "FPz": 34277,
              "FPzD": -2.8,
              "FQt": 9.95,
              "FPrz": 957.24,
              "MFt": 61408.71,
              "MFtD": 0.52,
              "MQtF": 7.42,
              "MPz": 5146,
              "MPzD": -1.95,
              "MQt": 6.49,
              "MPrz": 1193.23,
              "CFt": 131737.88,
              "CFtD": 2.22,
              "CQtF": 6.76,
              "CPz": 10973,
              "CPzD": -0.05,
              "CQt": 5.56,
              "CPrz": 1200.58,
              "H": "cod.mo07"
            },
            {
              "Hid": "03",
              "FFt": 325176.13,
              "FFtD": 4.38,
              "FQtF": 9.86,
              "FPz": 29989,
              "FPzD": -0.34,
              "FQt": 8.7,
              "FPrz": 1084.32,
              "MFt": 52847.29,
              "MFtD": 0.54,
              "MQtF": 6.38,
              "MPz": 4387,
              "MPzD": -1.4,
              "MQt": 5.53,
              "MPrz": 1204.73,
              "CFt": 121768.24,
              "CFtD": 0.97,
              "CQtF": 6.25,
              "CPz": 9943,
              "CPzD": -0.82,
              "CQt": 5.04,
              "CPrz": 1224.68,
              "H": "cod.mo03"
            },
            {
              "Hid": "13",
              "FFt": 181194.54,
              "FFtD": 2.72,
              "FQtF": 5.5,
              "FPz": 35400,
              "FPzD": 2.04,
              "FQt": 10.27,
              "FPrz": 511.85,
              "MFt": 41436.33,
              "MFtD": 1.59,
              "MQtF": 5,
              "MPz": 8558,
              "MPzD": -0.38,
              "MQt": 10.8,
              "MPrz": 484.18,
              "CFt": 85977.4,
              "CFtD": 3.39,
              "CQtF": 4.41,
              "CPz": 17897,
              "CPzD": 1.76,
              "CQt": 9.07,
              "CPrz": 480.41,
              "H": "cod.mo13"
            },
            {
              "Hid": "06",
              "FFt": 154461.89,
              "FFtD": 13.45,
              "FQtF": 4.69,
              "FPz": 10969,
              "FPzD": 13.18,
              "FQt": 3.18,
              "FPrz": 1408.17,
              "MFt": 69318.84,
              "MFtD": 7.07,
              "MQtF": 8.37,
              "MPz": 4540,
              "MPzD": 4.56,
              "MQt": 5.73,
              "MPrz": 1526.83,
              "CFt": 151889.55,
              "CFtD": 7.66,
              "CQtF": 7.8,
              "CPz": 10185,
              "CPzD": 6.6,
              "CQt": 5.16,
              "CPrz": 1491.28,
              "H": "cod.mo06"
            },
            {
              "Hid": "09",
              "FFt": 127580.08,
              "FFtD": -5.12,
              "FQtF": 3.87,
              "FPz": 7861,
              "FPzD": -9.55,
              "FQt": 2.28,
              "FPrz": 1622.95,
              "MFt": 50953.67,
              "MFtD": 1.5,
              "MQtF": 6.15,
              "MPz": 2738,
              "MPzD": -1.66,
              "MQt": 3.45,
              "MPrz": 1860.78,
              "CFt": 115560.87,
              "CFtD": 0.64,
              "CQtF": 5.93,
              "CPz": 6853,
              "CPzD": -1.38,
              "CQt": 3.47,
              "CPrz": 1686.31,
              "H": "cod.mo09"
            },
            {
              "Hid": "01",
              "FFt": 85197.37,
              "FFtD": -12.34,
              "FQtF": 2.58,
              "FPz": 5528,
              "FPzD": -9.89,
              "FQt": 1.6,
              "FPrz": 1541.2,
              "MFt": 23037.86,
              "MFtD": -0.34,
              "MQtF": 2.78,
              "MPz": 1305,
              "MPzD": -0.51,
              "MQt": 1.65,
              "MPrz": 1766.01,
              "CFt": 59427.99,
              "CFtD": 3.04,
              "CQtF": 3.05,
              "CPz": 3345,
              "CPzD": 1.63,
              "CQt": 1.69,
              "CPrz": 1776.8,
              "H": "cod.mo01"
            },
            {
              "Hid": "11",
              "FFt": 64313.05,
              "FFtD": 4.75,
              "FQtF": 1.95,
              "FPz": 9821,
              "FPzD": 10.82,
              "FQt": 2.85,
              "FPrz": 654.85,
              "MFt": 26533.24,
              "MFtD": -2.69,
              "MQtF": 3.2,
              "MPz": 4519,
              "MPzD": -3.41,
              "MQt": 5.7,
              "MPrz": 587.11,
              "CFt": 75726.05,
              "CFtD": 1.76,
              "CQtF": 3.89,
              "CPz": 13566,
              "CPzD": -0.53,
              "CQt": 6.87,
              "CPrz": 558.19,
              "H": "cod.mo11"
            },
            {
              "Hid": "08",
              "FFt": 59646.29,
              "FFtD": 10.89,
              "FQtF": 1.81,
              "FPz": 4282,
              "FPzD": 8.76,
              "FQt": 1.24,
              "FPrz": 1392.95,
              "MFt": 16494.11,
              "MFtD": 11.1,
              "MQtF": 1.99,
              "MPz": 1128,
              "MPzD": 7.25,
              "MQt": 1.42,
              "MPrz": 1461.76,
              "CFt": 38331.57,
              "CFtD": 9.77,
              "CQtF": 1.97,
              "CPz": 2645,
              "CPzD": 7.45,
              "CQt": 1.34,
              "CPrz": 1449.47,
              "H": "cod.mo08"
            },
            {
              "Hid": "12",
              "FFt": 23489.52,
              "FFtD": 20.34,
              "FQtF": 0.71,
              "FPz": 13699,
              "FPzD": 2.64,
              "FQt": 3.98,
              "FPrz": 171.47,
              "MFt": 30047.78,
              "MFtD": -6.23,
              "MQtF": 3.63,
              "MPz": 7713,
              "MPzD": -7.13,
              "MQt": 9.73,
              "MPrz": 389.57,
              "CFt": 130533.81,
              "CFtD": -5.94,
              "CQtF": 6.7,
              "CPz": 33824,
              "CPzD": -6.36,
              "CQt": 17.14,
              "CPrz": 385.92,
              "H": "cod.mo12"
            },
            {
              "Hid": "16",
              "FFt": 8712.91,
              "FFtD": 5.6,
              "FQtF": 0.26,
              "FPz": 1672,
              "FPzD": -11.44,
              "FQt": 0.49,
              "FPrz": 521.11,
              "MFt": 2780.06,
              "MFtD": 1.78,
              "MQtF": 0.34,
              "MPz": 630,
              "MPzD": -20.49,
              "MQt": 0.8,
              "MPrz": 441.05,
              "CFt": 6293.51,
              "CFtD": 1.1,
              "CQtF": 0.32,
              "CPz": 1240,
              "CPzD": -1.76,
              "CQt": 0.63,
              "CPrz": 507.43,
              "H": "cod.mo16"
            },
            {
              "Hid": "18",
              "FFt": 6807.75,
              "FFtD": -16.14,
              "FQtF": 0.21,
              "FPz": 669,
              "FPzD": -23.19,
              "FQt": 0.19,
              "FPrz": 1017.6,
              "MFt": 7250.68,
              "MFtD": -6.17,
              "MQtF": 0.88,
              "MPz": 623,
              "MPzD": -7.73,
              "MQt": 0.79,
              "MPrz": 1163.56,
              "CFt": 26167.37,
              "CFtD": -6.72,
              "CQtF": 1.34,
              "CPz": 2296,
              "CPzD": -7.2,
              "CQt": 1.16,
              "CPrz": 1139.72,
              "H": "cod.mo18"
            },
            {
              "Hid": "14",
              "FFt": 4088.94,
              "FFtD": -8.46,
              "FQtF": 0.12,
              "FPz": 202,
              "FPzD": -11.79,
              "FQt": 0.06,
              "FPrz": 2024.23,
              "MFt": 4316.28,
              "MFtD": -1.98,
              "MQtF": 0.52,
              "MPz": 275,
              "MPzD": -3.92,
              "MQt": 0.35,
              "MPrz": 1566.92,
              "CFt": 10394.23,
              "CFtD": -2.03,
              "CQtF": 0.53,
              "CPz": 613,
              "CPzD": -8.35,
              "CQt": 0.31,
              "CPrz": 1695.8,
              "H": "cod.mo14"
            },
            {
              "Hid": "17",
              "FFt": 1315.85,
              "FFtD": -3.67,
              "FQtF": 0.04,
              "FPz": 178,
              "FPzD": -3.78,
              "FQt": 0.05,
              "FPrz": 739.24,
              "MFt": 277.41,
              "MFtD": 20.64,
              "MQtF": 0.03,
              "MPz": 34,
              "MPzD": 1.13,
              "MQt": 0.04,
              "MPrz": 817.48,
              "CFt": 507.49,
              "CFtD": 7.69,
              "CQtF": 0.03,
              "CPz": 74,
              "CPzD": 6.46,
              "CQt": 0.04,
              "CPrz": 681.37,
              "H": "cod.mo17"
            }
          ]
        }
      ]
    },
    {
      "IPD": "YTD",
      "DTP": [
        {
          "CSZ": "Globale",
          "TF": [
            {
              "name": "cod.mo05",
              "value": 22.76
            },
            {
              "name": "cod.mo03",
              "value": 8.61
            },
            {
              "name": "cod.mo04",
              "value": 9.04
            },
            {
              "name": "cod.mo02",
              "value": 6.89
            },
            {
              "name": "cod.mo07",
              "value": 9.36
            },
            {
              "name": "cod.mo10",
              "value": 9.27
            },
            {
              "name": "cod.mo09",
              "value": 6.41
            },
            {
              "name": "cod.mo06",
              "value": 3.31
            },
            {
              "name": "cod.mo17",
              "value": 4.74
            },
            {
              "name": "cod.mo13",
              "value": 10.42
            },
            {
              "name": "cod.mo08",
              "value": 3.23
            },
            {
              "name": "cod.mo01",
              "value": 1.02
            },
            {
              "name": "cod.mo11",
              "value": 1.83
            },
            {
              "name": "cod.mo12",
              "value": 2.45
            },
            {
              "name": "cod.mo14",
              "value": 0.14
            },
            {
              "name": "cod.mo16",
              "value": 0.4
            },
            {
              "name": "cod.mo18",
              "value": 0.12
            }
          ],
          "TM": [
            {
              "name": "cod.mo05",
              "value": 12.66
            },
            {
              "name": "cod.mo03",
              "value": 5.22
            },
            {
              "name": "cod.mo04",
              "value": 11.3
            },
            {
              "name": "cod.mo02",
              "value": 3.58
            },
            {
              "name": "cod.mo07",
              "value": 7.63
            },
            {
              "name": "cod.mo10",
              "value": 4.86
            },
            {
              "name": "cod.mo09",
              "value": 23.75
            },
            {
              "name": "cod.mo06",
              "value": 5.59
            },
            {
              "name": "cod.mo17",
              "value": 8.44
            },
            {
              "name": "cod.mo13",
              "value": 4.46
            },
            {
              "name": "cod.mo08",
              "value": 4.82
            },
            {
              "name": "cod.mo01",
              "value": 0.61
            },
            {
              "name": "cod.mo11",
              "value": 2.36
            },
            {
              "name": "cod.mo12",
              "value": 3.69
            },
            {
              "name": "cod.mo14",
              "value": 0.4
            },
            {
              "name": "cod.mo16",
              "value": 0.35
            },
            {
              "name": "cod.mo18",
              "value": 0.29
            }
          ],
          "TC": [
            {
              "name": "cod.mo05",
              "value": 13.28
            },
            {
              "name": "cod.mo03",
              "value": 5.56
            },
            {
              "name": "cod.mo04",
              "value": 10.26
            },
            {
              "name": "cod.mo02",
              "value": 4.61
            },
            {
              "name": "cod.mo07",
              "value": 7.01
            },
            {
              "name": "cod.mo10",
              "value": 5.41
            },
            {
              "name": "cod.mo09",
              "value": 18.09
            },
            {
              "name": "cod.mo06",
              "value": 5.3
            },
            {
              "name": "cod.mo17",
              "value": 7.55
            },
            {
              "name": "cod.mo13",
              "value": 4.78
            },
            {
              "name": "cod.mo08",
              "value": 4.16
            },
            {
              "name": "cod.mo01",
              "value": 0.81
            },
            {
              "name": "cod.mo11",
              "value": 3.5
            },
            {
              "name": "cod.mo12",
              "value": 8.3
            },
            {
              "name": "cod.mo14",
              "value": 0.46
            },
            {
              "name": "cod.mo16",
              "value": 0.35
            },
            {
              "name": "cod.mo18",
              "value": 0.56
            }
          ],
          "TFFt": [
            {
              "name": "cod.mo05",
              "value": 23.24
            },
            {
              "name": "cod.mo03",
              "value": 12.29
            },
            {
              "name": "cod.mo04",
              "value": 10.53
            },
            {
              "name": "cod.mo02",
              "value": 9.46
            },
            {
              "name": "cod.mo07",
              "value": 9.39
            },
            {
              "name": "cod.mo10",
              "value": 8.27
            },
            {
              "name": "cod.mo09",
              "value": 6.63
            },
            {
              "name": "cod.mo06",
              "value": 4.34
            },
            {
              "name": "cod.mo17",
              "value": 4.25
            },
            {
              "name": "cod.mo13",
              "value": 3.73
            },
            {
              "name": "cod.mo08",
              "value": 3.54
            },
            {
              "name": "cod.mo01",
              "value": 1.7
            },
            {
              "name": "cod.mo11",
              "value": 1.46
            },
            {
              "name": "cod.mo12",
              "value": 0.48
            },
            {
              "name": "cod.mo14",
              "value": 0.34
            },
            {
              "name": "cod.mo16",
              "value": 0.21
            },
            {
              "name": "cod.mo18",
              "value": 0.15
            }
          ],
          "TMFt": [
            {
              "name": "cod.mo05",
              "value": 14.99
            },
            {
              "name": "cod.mo03",
              "value": 6.71
            },
            {
              "name": "cod.mo04",
              "value": 10.9
            },
            {
              "name": "cod.mo02",
              "value": 5.68
            },
            {
              "name": "cod.mo07",
              "value": 8
            },
            {
              "name": "cod.mo10",
              "value": 5.07
            },
            {
              "name": "cod.mo09",
              "value": 21.35
            },
            {
              "name": "cod.mo06",
              "value": 7.04
            },
            {
              "name": "cod.mo17",
              "value": 7.63
            },
            {
              "name": "cod.mo13",
              "value": 2.55
            },
            {
              "name": "cod.mo08",
              "value": 4.8
            },
            {
              "name": "cod.mo01",
              "value": 1.04
            },
            {
              "name": "cod.mo11",
              "value": 1.37
            },
            {
              "name": "cod.mo12",
              "value": 1.45
            },
            {
              "name": "cod.mo14",
              "value": 0.91
            },
            {
              "name": "cod.mo16",
              "value": 0.18
            },
            {
              "name": "cod.mo18",
              "value": 0.33
            }
          ],
          "TCFt": [
            {
              "name": "cod.mo05",
              "value": 15.29
            },
            {
              "name": "cod.mo03",
              "value": 7.69
            },
            {
              "name": "cod.mo04",
              "value": 10.47
            },
            {
              "name": "cod.mo02",
              "value": 7.72
            },
            {
              "name": "cod.mo07",
              "value": 7.73
            },
            {
              "name": "cod.mo10",
              "value": 5.43
            },
            {
              "name": "cod.mo09",
              "value": 16.37
            },
            {
              "name": "cod.mo06",
              "value": 6.91
            },
            {
              "name": "cod.mo17",
              "value": 6.83
            },
            {
              "name": "cod.mo13",
              "value": 2.59
            },
            {
              "name": "cod.mo08",
              "value": 4.38
            },
            {
              "name": "cod.mo01",
              "value": 1.41
            },
            {
              "name": "cod.mo11",
              "value": 2.01
            },
            {
              "name": "cod.mo12",
              "value": 3.25
            },
            {
              "name": "cod.mo14",
              "value": 1.08
            },
            {
              "name": "cod.mo16",
              "value": 0.2
            },
            {
              "name": "cod.mo18",
              "value": 0.63
            }
          ],
          "DTT": [
            {
              "Hid": "0",
              "FFt": 380144.34,
              "FFtD": -1.9,
              "FQtF": 100,
              "FPz": 40088,
              "FPzD": -3.4,
              "FQt": 100,
              "FPrz": 948.27,
              "MFt": 184747.93,
              "MFtD": -2.26,
              "MQtF": 100,
              "MPz": 18089,
              "MPzD": -3.81,
              "MQt": 100,
              "MPrz": 1021.31,
              "CFt": 350305.71,
              "CFtD": 0.02,
              "CQtF": 100,
              "CPz": 34930,
              "CPzD": -1.86,
              "CQt": 100,
              "CPrz": 1002.87,
              "H": "cod.mo0"
            },
            {
              "Hid": "05",
              "FFt": 88328.26,
              "FFtD": -0.17,
              "FQtF": 23.24,
              "FPz": 9125,
              "FPzD": -3.86,
              "FQt": 22.76,
              "FPrz": 967.98,
              "MFt": 27695.99,
              "MFtD": -1.1,
              "MQtF": 14.99,
              "MPz": 2290,
              "MPzD": -4.58,
              "MQt": 12.66,
              "MPrz": 1209.35,
              "CFt": 53548.13,
              "CFtD": 1.53,
              "CQtF": 15.29,
              "CPz": 4638,
              "CPzD": -2.37,
              "CQt": 13.28,
              "CPrz": 1154.47,
              "H": "cod.mo05"
            },
            {
              "Hid": "03",
              "FFt": 46707.9,
              "FFtD": -4.19,
              "FQtF": 12.29,
              "FPz": 3451,
              "FPzD": -1.15,
              "FQt": 8.61,
              "FPrz": 1353.46,
              "MFt": 12393.12,
              "MFtD": -2.27,
              "MQtF": 6.71,
              "MPz": 943,
              "MPzD": -1.62,
              "MQt": 5.22,
              "MPrz": 1313.69,
              "CFt": 26952.8,
              "CFtD": -0.73,
              "CQtF": 7.69,
              "CPz": 1943,
              "CPzD": 0.23,
              "CQt": 5.56,
              "CPrz": 1387.32,
              "H": "cod.mo03"
            },
            {
              "Hid": "04",
              "FFt": 40043.86,
              "FFtD": -2.38,
              "FQtF": 10.53,
              "FPz": 3625,
              "FPzD": -5.99,
              "FQt": 9.04,
              "FPrz": 1104.66,
              "MFt": 20130.7,
              "MFtD": -2.63,
              "MQtF": 10.9,
              "MPz": 2044,
              "MPzD": -7.89,
              "MQt": 11.3,
              "MPrz": 984.94,
              "CFt": 36670.86,
              "CFtD": -0.99,
              "CQtF": 10.47,
              "CPz": 3585,
              "CPzD": -5.89,
              "CQt": 10.26,
              "CPrz": 1022.97,
              "H": "cod.mo04"
            },
            {
              "Hid": "02",
              "FFt": 35974.32,
              "FFtD": -7.88,
              "FQtF": 9.46,
              "FPz": 2764,
              "FPzD": -1.57,
              "FQt": 6.89,
              "FPrz": 1301.53,
              "MFt": 10492.56,
              "MFtD": -3.2,
              "MQtF": 5.68,
              "MPz": 648,
              "MPzD": -3.95,
              "MQt": 3.58,
              "MPrz": 1619.86,
              "CFt": 27056.52,
              "CFtD": 0.42,
              "CQtF": 7.72,
              "CPz": 1611,
              "CPzD": -0.48,
              "CQt": 4.61,
              "CPrz": 1679.82,
              "H": "cod.mo02"
            },
            {
              "Hid": "07",
              "FFt": 35694.98,
              "FFtD": 4.23,
              "FQtF": 9.39,
              "FPz": 3751,
              "FPzD": -0.16,
              "FQt": 9.36,
              "FPrz": 951.61,
              "MFt": 14772.71,
              "MFtD": -3.57,
              "MQtF": 8,
              "MPz": 1380,
              "MPzD": -2.07,
              "MQt": 7.63,
              "MPrz": 1070.64,
              "CFt": 27088.95,
              "CFtD": 0.26,
              "CQtF": 7.73,
              "CPz": 2449,
              "CPzD": 0.07,
              "CQt": 7.01,
              "CPrz": 1106.24,
              "H": "cod.mo07"
            },
            {
              "Hid": "10",
              "FFt": 31437.3,
              "FFtD": 2.65,
              "FQtF": 8.27,
              "FPz": 3718,
              "FPzD": -1.59,
              "FQt": 9.27,
              "FPrz": 845.54,
              "MFt": 9369.87,
              "MFtD": 0.89,
              "MQtF": 5.07,
              "MPz": 878,
              "MPzD": 0.09,
              "MQt": 4.86,
              "MPrz": 1066.82,
              "CFt": 19030.1,
              "CFtD": 2.29,
              "CQtF": 5.43,
              "CPz": 1890,
              "CPzD": 2.94,
              "CQt": 5.41,
              "CPrz": 1007.03,
              "H": "cod.mo10"
            },
            {
              "Hid": "09",
              "FFt": 25205.32,
              "FFtD": -5.98,
              "FQtF": 6.63,
              "FPz": 2568,
              "FPzD": -4.25,
              "FQt": 6.41,
              "FPrz": 981.52,
              "MFt": 39452.17,
              "MFtD": -2.27,
              "MQtF": 21.35,
              "MPz": 4296,
              "MPzD": -2.26,
              "MQt": 23.75,
              "MPrz": 918.25,
              "CFt": 57360.78,
              "CFtD": -1.02,
              "CQtF": 16.37,
              "CPz": 6317,
              "CPzD": -1.17,
              "CQt": 18.09,
              "CPrz": 907.97,
              "H": "cod.mo09"
            },
            {
              "Hid": "06",
              "FFt": 16480.6,
              "FFtD": 2.69,
              "FQtF": 4.34,
              "FPz": 1325,
              "FPzD": -6.03,
              "FQt": 3.31,
              "FPrz": 1243.82,
              "MFt": 13001.18,
              "MFtD": -2.47,
              "MQtF": 7.04,
              "MPz": 1011,
              "MPzD": -5.04,
              "MQt": 5.59,
              "MPrz": 1286.22,
              "CFt": 24219.59,
              "CFtD": 0.89,
              "CQtF": 6.91,
              "CPz": 1853,
              "CPzD": -1.6,
              "CQt": 5.3,
              "CPrz": 1307.19,
              "H": "cod.mo06"
            },
            {
              "Hid": "17",
              "FFt": 16156.41,
              "FFtD": -5.07,
              "FQtF": 4.25,
              "FPz": 1902,
              "FPzD": -9.51,
              "FQt": 4.74,
              "FPrz": 849.44,
              "MFt": 14098.34,
              "MFtD": -5.21,
              "MQtF": 7.63,
              "MPz": 1527,
              "MPzD": -6.49,
              "MQt": 8.44,
              "MPrz": 923.24,
              "CFt": 23922.1,
              "CFtD": -3.33,
              "CQtF": 6.83,
              "CPz": 2638,
              "CPzD": -4.8,
              "CQt": 7.55,
              "CPrz": 906.78,
              "H": "cod.mo17"
            },
            {
              "Hid": "13",
              "FFt": 14181.43,
              "FFtD": 3.53,
              "FQtF": 3.73,
              "FPz": 4176,
              "FPzD": -2.22,
              "FQt": 10.42,
              "FPrz": 339.59,
              "MFt": 4718.71,
              "MFtD": -3.04,
              "MQtF": 2.55,
              "MPz": 807,
              "MPzD": -3.43,
              "MQt": 4.46,
              "MPrz": 584.67,
              "CFt": 9082.93,
              "CFtD": -1.53,
              "CQtF": 2.59,
              "CPz": 1671,
              "CPzD": -3.08,
              "CQt": 4.78,
              "CPrz": 543.49,
              "H": "cod.mo13"
            },
            {
              "Hid": "08",
              "FFt": 13445.9,
              "FFtD": -0.67,
              "FQtF": 3.54,
              "FPz": 1294,
              "FPzD": 0.7,
              "FQt": 3.23,
              "FPrz": 1039.1,
              "MFt": 8865.07,
              "MFtD": 0.92,
              "MQtF": 4.8,
              "MPz": 872,
              "MPzD": -0.86,
              "MQt": 4.82,
              "MPrz": 1016.83,
              "CFt": 15330.26,
              "CFtD": 3.11,
              "CQtF": 4.38,
              "CPz": 1452,
              "CPzD": 1.52,
              "CQt": 4.16,
              "CPrz": 1055.72,
              "H": "cod.mo08"
            },
            {
              "Hid": "01",
              "FFt": 6454.98,
              "FFtD": -18.46,
              "FQtF": 1.7,
              "FPz": 407,
              "FPzD": -22.03,
              "FQt": 1.02,
              "FPrz": 1585.99,
              "MFt": 1924.13,
              "MFtD": 3.23,
              "MQtF": 1.04,
              "MPz": 110,
              "MPzD": 2.1,
              "MQt": 0.61,
              "MPrz": 1755.91,
              "CFt": 4944.2,
              "CFtD": 7.16,
              "CQtF": 1.41,
              "CPz": 284,
              "CPzD": 4.22,
              "CQt": 0.81,
              "CPrz": 1740.67,
              "H": "cod.mo01"
            },
            {
              "Hid": "11",
              "FFt": 5548.68,
              "FFtD": 1.35,
              "FQtF": 1.46,
              "FPz": 733,
              "FPzD": 0.69,
              "FQt": 1.83,
              "FPrz": 756.98,
              "MFt": 2538.68,
              "MFtD": -3.79,
              "MQtF": 1.37,
              "MPz": 427,
              "MPzD": -6.69,
              "MQt": 2.36,
              "MPrz": 594.94,
              "CFt": 7048.28,
              "CFtD": -0.98,
              "CQtF": 2.01,
              "CPz": 1224,
              "CPzD": -3.23,
              "CQt": 3.5,
              "CPrz": 575.85,
              "H": "cod.mo11"
            },
            {
              "Hid": "12",
              "FFt": 1829.66,
              "FFtD": -0.97,
              "FQtF": 0.48,
              "FPz": 983,
              "FPzD": -3.15,
              "FQt": 2.45,
              "FPrz": 186.13,
              "MFt": 2673.2,
              "MFtD": -1.81,
              "MQtF": 1.45,
              "MPz": 668,
              "MPzD": -2.63,
              "MQt": 3.69,
              "MPrz": 400.36,
              "CFt": 11381.21,
              "CFtD": 1.52,
              "CQtF": 3.25,
              "CPz": 2898,
              "CPzD": -1.49,
              "CQt": 8.3,
              "CPrz": 392.78,
              "H": "cod.mo12"
            },
            {
              "Hid": "14",
              "FFt": 1290.46,
              "FFtD": -6.77,
              "FQtF": 0.34,
              "FPz": 55,
              "FPzD": -12.7,
              "FQt": 0.14,
              "FPrz": 2346.29,
              "MFt": 1683.55,
              "MFtD": -4.36,
              "MQtF": 0.91,
              "MPz": 73,
              "MPzD": -11.81,
              "MQt": 0.4,
              "MPrz": 2313.96,
              "CFt": 3779.6,
              "CFtD": -3.94,
              "CQtF": 1.08,
              "CPz": 162,
              "CPzD": -10.99,
              "CQt": 0.46,
              "CPrz": 2332.51,
              "H": "cod.mo14"
            },
            {
              "Hid": "16",
              "FFt": 784.26,
              "FFtD": 0.57,
              "FQtF": 0.21,
              "FPz": 161,
              "FPzD": -2.42,
              "FQt": 0.4,
              "FPrz": 487.12,
              "MFt": 327.35,
              "MFtD": -2.12,
              "MQtF": 0.18,
              "MPz": 64,
              "MPzD": -5.83,
              "MQt": 0.35,
              "MPrz": 511.71,
              "CFt": 696.72,
              "CFtD": 3.6,
              "CQtF": 0.2,
              "CPz": 122,
              "CPzD": 0.43,
              "CQt": 0.35,
              "CPrz": 572.78,
              "H": "cod.mo16"
            },
            {
              "Hid": "18",
              "FFt": 580.02,
              "FFtD": -28.72,
              "FQtF": 0.15,
              "FPz": 50,
              "FPzD": -31.51,
              "FQt": 0.12,
              "FPrz": 1160.04,
              "MFt": 610.62,
              "MFtD": -8.58,
              "MQtF": 0.33,
              "MPz": 52,
              "MPzD": -9.31,
              "MQt": 0.29,
              "MPrz": 1169.15,
              "CFt": 2192.67,
              "CFtD": -8.7,
              "CQtF": 0.63,
              "CPz": 194,
              "CPzD": -7.78,
              "CQt": 0.56,
              "CPrz": 1128.03,
              "H": "cod.mo18"
            }
          ]
        },
        {
          "CSZ": "Commerciale",
          "TF": [
            {
              "name": "cod.mo05",
              "value": 28.59
            },
            {
              "name": "cod.mo04",
              "value": 10.23
            },
            {
              "name": "cod.mo02",
              "value": 9.17
            },
            {
              "name": "cod.mo07",
              "value": 9.71
            },
            {
              "name": "cod.mo10",
              "value": 11.5
            },
            {
              "name": "cod.mo03",
              "value": 7.74
            },
            {
              "name": "cod.mo13",
              "value": 9.44
            },
            {
              "name": "cod.mo06",
              "value": 2.75
            },
            {
              "name": "cod.mo09",
              "value": 1.78
            },
            {
              "name": "cod.mo01",
              "value": 1.38
            },
            {
              "name": "cod.mo11",
              "value": 2.26
            },
            {
              "name": "cod.mo08",
              "value": 1.24
            },
            {
              "name": "cod.mo12",
              "value": 3.34
            },
            {
              "name": "cod.mo16",
              "value": 0.55
            },
            {
              "name": "cod.mo18",
              "value": 0.17
            },
            {
              "name": "cod.mo14",
              "value": 0.05
            },
            {
              "name": "cod.mo17",
              "value": 0.09
            }
          ],
          "TM": [
            {
              "name": "cod.mo05",
              "value": 22.04
            },
            {
              "name": "cod.mo04",
              "value": 12.52
            },
            {
              "name": "cod.mo02",
              "value": 8.31
            },
            {
              "name": "cod.mo07",
              "value": 6.27
            },
            {
              "name": "cod.mo10",
              "value": 8.81
            },
            {
              "name": "cod.mo03",
              "value": 5.09
            },
            {
              "name": "cod.mo13",
              "value": 10.13
            },
            {
              "name": "cod.mo06",
              "value": 4.81
            },
            {
              "name": "cod.mo09",
              "value": 2.81
            },
            {
              "name": "cod.mo01",
              "value": 1.51
            },
            {
              "name": "cod.mo11",
              "value": 5.19
            },
            {
              "name": "cod.mo08",
              "value": 1.42
            },
            {
              "name": "cod.mo12",
              "value": 9.15
            },
            {
              "name": "cod.mo16",
              "value": 0.88
            },
            {
              "name": "cod.mo18",
              "value": 0.73
            },
            {
              "name": "cod.mo14",
              "value": 0.3
            },
            {
              "name": "cod.mo17",
              "value": 0.04
            }
          ],
          "TC": [
            {
              "name": "cod.mo05",
              "value": 19.04
            },
            {
              "name": "cod.mo04",
              "value": 10.68
            },
            {
              "name": "cod.mo02",
              "value": 8.5
            },
            {
              "name": "cod.mo07",
              "value": 5.47
            },
            {
              "name": "cod.mo10",
              "value": 8.12
            },
            {
              "name": "cod.mo03",
              "value": 4.79
            },
            {
              "name": "cod.mo13",
              "value": 8.47
            },
            {
              "name": "cod.mo06",
              "value": 4.47
            },
            {
              "name": "cod.mo09",
              "value": 2.9
            },
            {
              "name": "cod.mo01",
              "value": 1.58
            },
            {
              "name": "cod.mo11",
              "value": 6.4
            },
            {
              "name": "cod.mo08",
              "value": 1.32
            },
            {
              "name": "cod.mo12",
              "value": 16.18
            },
            {
              "name": "cod.mo16",
              "value": 0.68
            },
            {
              "name": "cod.mo18",
              "value": 1.09
            },
            {
              "name": "cod.mo14",
              "value": 0.28
            },
            {
              "name": "cod.mo17",
              "value": 0.03
            }
          ],
          "TFFt": [
            {
              "name": "cod.mo05",
              "value": 27.44
            },
            {
              "name": "cod.mo04",
              "value": 12.3
            },
            {
              "name": "cod.mo02",
              "value": 12.22
            },
            {
              "name": "cod.mo07",
              "value": 9.83
            },
            {
              "name": "cod.mo10",
              "value": 9.47
            },
            {
              "name": "cod.mo03",
              "value": 9.11
            },
            {
              "name": "cod.mo13",
              "value": 4.6
            },
            {
              "name": "cod.mo06",
              "value": 4.4
            },
            {
              "name": "cod.mo09",
              "value": 3.41
            },
            {
              "name": "cod.mo01",
              "value": 2.27
            },
            {
              "name": "cod.mo11",
              "value": 1.83
            },
            {
              "name": "cod.mo08",
              "value": 1.82
            },
            {
              "name": "cod.mo12",
              "value": 0.64
            },
            {
              "name": "cod.mo16",
              "value": 0.28
            },
            {
              "name": "cod.mo18",
              "value": 0.2
            },
            {
              "name": "cod.mo14",
              "value": 0.11
            },
            {
              "name": "cod.mo17",
              "value": 0.07
            }
          ],
          "TMFt": [
            {
              "name": "cod.mo05",
              "value": 21.13
            },
            {
              "name": "cod.mo04",
              "value": 14.72
            },
            {
              "name": "cod.mo02",
              "value": 12.74
            },
            {
              "name": "cod.mo07",
              "value": 7.32
            },
            {
              "name": "cod.mo10",
              "value": 8.16
            },
            {
              "name": "cod.mo03",
              "value": 5.97
            },
            {
              "name": "cod.mo13",
              "value": 4.63
            },
            {
              "name": "cod.mo06",
              "value": 7.4
            },
            {
              "name": "cod.mo09",
              "value": 5.13
            },
            {
              "name": "cod.mo01",
              "value": 2.54
            },
            {
              "name": "cod.mo11",
              "value": 3.06
            },
            {
              "name": "cod.mo08",
              "value": 2.04
            },
            {
              "name": "cod.mo12",
              "value": 3.43
            },
            {
              "name": "cod.mo16",
              "value": 0.4
            },
            {
              "name": "cod.mo18",
              "value": 0.83
            },
            {
              "name": "cod.mo14",
              "value": 0.47
            },
            {
              "name": "cod.mo17",
              "value": 0.03
            }
          ],
          "TCFt": [
            {
              "name": "cod.mo05",
              "value": 19.16
            },
            {
              "name": "cod.mo04",
              "value": 13.03
            },
            {
              "name": "cod.mo02",
              "value": 14.27
            },
            {
              "name": "cod.mo07",
              "value": 6.79
            },
            {
              "name": "cod.mo10",
              "value": 7.47
            },
            {
              "name": "cod.mo03",
              "value": 6.02
            },
            {
              "name": "cod.mo13",
              "value": 4.07
            },
            {
              "name": "cod.mo06",
              "value": 7.14
            },
            {
              "name": "cod.mo09",
              "value": 4.93
            },
            {
              "name": "cod.mo01",
              "value": 2.78
            },
            {
              "name": "cod.mo11",
              "value": 3.8
            },
            {
              "name": "cod.mo08",
              "value": 1.99
            },
            {
              "name": "cod.mo12",
              "value": 6.39
            },
            {
              "name": "cod.mo16",
              "value": 0.38
            },
            {
              "name": "cod.mo18",
              "value": 1.27
            },
            {
              "name": "cod.mo14",
              "value": 0.48
            },
            {
              "name": "cod.mo17",
              "value": 0.02
            }
          ],
          "DTT": [
            {
              "Hid": "0",
              "FFt": 283350.16,
              "FFtD": 0.39,
              "FQtF": 100,
              "FPz": 29260,
              "FPzD": -0.66,
              "FQt": 100,
              "FPrz": 968.39,
              "MFt": 73479.39,
              "MFtD": -0.77,
              "MQtF": 100,
              "MPz": 7154,
              "MPzD": -2.86,
              "MQt": 100,
              "MPrz": 1027.16,
              "CFt": 173248.7,
              "CFtD": 1.64,
              "CQtF": 100,
              "CPz": 17753,
              "CPzD": -0.52,
              "CQt": 100,
              "CPrz": 975.87,
              "H": "cod.mo0"
            },
            {
              "Hid": "05",
              "FFt": 77762.76,
              "FFtD": 0.95,
              "FQtF": 27.44,
              "FPz": 8366,
              "FPzD": -1.93,
              "FQt": 28.59,
              "FPrz": 929.51,
              "MFt": 15529.13,
              "MFtD": -2.78,
              "MQtF": 21.13,
              "MPz": 1577,
              "MPzD": -5.45,
              "MQt": 22.04,
              "MPrz": 984.75,
              "CFt": 33201.92,
              "CFtD": -0.46,
              "CQtF": 19.16,
              "CPz": 3380,
              "CPzD": -2.88,
              "CQt": 19.04,
              "CPrz": 982.38,
              "H": "cod.mo05"
            },
            {
              "Hid": "04",
              "FFt": 34863.32,
              "FFtD": 2.08,
              "FQtF": 12.3,
              "FPz": 2994,
              "FPzD": -1.67,
              "FQt": 10.23,
              "FPrz": 1164.44,
              "MFt": 10818.13,
              "MFtD": 0.92,
              "MQtF": 14.72,
              "MPz": 896,
              "MPzD": -2,
              "MQt": 12.52,
              "MPrz": 1207.83,
              "CFt": 22571.64,
              "CFtD": 2.85,
              "CQtF": 13.03,
              "CPz": 1895,
              "CPzD": 0.44,
              "CQt": 10.68,
              "CPrz": 1190.84,
              "H": "cod.mo04"
            },
            {
              "Hid": "02",
              "FFt": 34633.57,
              "FFtD": -6.63,
              "FQtF": 12.22,
              "FPz": 2683,
              "FPzD": -1.22,
              "FQt": 9.17,
              "FPrz": 1290.85,
              "MFt": 9359.64,
              "MFtD": -3.6,
              "MQtF": 12.74,
              "MPz": 595,
              "MPzD": -3.9,
              "MQt": 8.31,
              "MPrz": 1574.24,
              "CFt": 24724.91,
              "CFtD": 1.04,
              "CQtF": 14.27,
              "CPz": 1508,
              "CPzD": -0.29,
              "CQt": 8.5,
              "CPrz": 1639.17,
              "H": "cod.mo02"
            },
            {
              "Hid": "07",
              "FFt": 27844.59,
              "FFtD": 6.47,
              "FQtF": 9.83,
              "FPz": 2840,
              "FPzD": 2.68,
              "FQt": 9.71,
              "FPrz": 980.44,
              "MFt": 5375.11,
              "MFtD": -1.48,
              "MQtF": 7.32,
              "MPz": 448,
              "MPzD": -2.83,
              "MQt": 6.27,
              "MPrz": 1199.2,
              "CFt": 11768.76,
              "CFtD": 2.19,
              "CQtF": 6.79,
              "CPz": 972,
              "CPzD": 0.04,
              "CQt": 5.47,
              "CPrz": 1211.15,
              "H": "cod.mo07"
            },
            {
              "Hid": "10",
              "FFt": 26833.9,
              "FFtD": 3.05,
              "FQtF": 9.47,
              "FPz": 3365,
              "FPzD": -1.98,
              "FQt": 11.5,
              "FPrz": 797.44,
              "MFt": 5994.56,
              "MFtD": 2.05,
              "MQtF": 8.16,
              "MPz": 630,
              "MPzD": 1.1,
              "MQt": 8.81,
              "MPrz": 951.52,
              "CFt": 12933.47,
              "CFtD": 3.23,
              "CQtF": 7.47,
              "CPz": 1442,
              "CPzD": 4.15,
              "CQt": 8.12,
              "CPrz": 896.84,
              "H": "cod.mo10"
            },
            {
              "Hid": "03",
              "FFt": 25810.79,
              "FFtD": 3.94,
              "FQtF": 9.11,
              "FPz": 2266,
              "FPzD": -0.57,
              "FQt": 7.74,
              "FPrz": 1139.05,
              "MFt": 4387.66,
              "MFtD": 1.16,
              "MQtF": 5.97,
              "MPz": 364,
              "MPzD": -0.21,
              "MQt": 5.09,
              "MPrz": 1203.97,
              "CFt": 10426.15,
              "CFtD": 6.4,
              "CQtF": 6.02,
              "CPz": 850,
              "CPzD": 4.52,
              "CQt": 4.79,
              "CPrz": 1227.18,
              "H": "cod.mo03"
            },
            {
              "Hid": "13",
              "FFt": 13037.1,
              "FFtD": 5.03,
              "FQtF": 4.6,
              "FPz": 2763,
              "FPzD": 17.88,
              "FQt": 9.44,
              "FPrz": 471.85,
              "MFt": 3402.69,
              "MFtD": -1.44,
              "MQtF": 4.63,
              "MPz": 725,
              "MPzD": -2.7,
              "MQt": 10.13,
              "MPrz": 469.57,
              "CFt": 7049.74,
              "CFtD": -0.88,
              "CQtF": 4.07,
              "CPz": 1504,
              "CPzD": -1.87,
              "CQt": 8.47,
              "CPrz": 468.59,
              "H": "cod.mo13"
            },
            {
              "Hid": "06",
              "FFt": 12472.2,
              "FFtD": 5.56,
              "FQtF": 4.4,
              "FPz": 804,
              "FPzD": -4.96,
              "FQt": 2.75,
              "FPrz": 1551.27,
              "MFt": 5434.01,
              "MFtD": 4.05,
              "MQtF": 7.4,
              "MPz": 344,
              "MPzD": 1.66,
              "MQt": 4.81,
              "MPrz": 1579.41,
              "CFt": 12376.7,
              "CFtD": 7.2,
              "CQtF": 7.14,
              "CPz": 794,
              "CPzD": 5.04,
              "CQt": 4.47,
              "CPrz": 1558.07,
              "H": "cod.mo06"
            },
            {
              "Hid": "09",
              "FFt": 9650.95,
              "FFtD": -10.68,
              "FQtF": 3.41,
              "FPz": 520,
              "FPzD": -23.42,
              "FQt": 1.78,
              "FPrz": 1855.95,
              "MFt": 3769.36,
              "MFtD": -2.07,
              "MQtF": 5.13,
              "MPz": 201,
              "MPzD": -3.92,
              "MQt": 2.81,
              "MPrz": 1875.23,
              "CFt": 8543.68,
              "CFtD": -3.19,
              "CQtF": 4.93,
              "CPz": 514,
              "CPzD": -4.07,
              "CQt": 2.9,
              "CPrz": 1661.81,
              "H": "cod.mo09"
            },
            {
              "Hid": "01",
              "FFt": 6427.17,
              "FFtD": -18.42,
              "FQtF": 2.27,
              "FPz": 404,
              "FPzD": -22.31,
              "FQt": 1.38,
              "FPrz": 1590.88,
              "MFt": 1868.82,
              "MFtD": 3.19,
              "MQtF": 2.54,
              "MPz": 108,
              "MPzD": 1.97,
              "MQt": 1.51,
              "MPrz": 1728.05,
              "CFt": 4811.28,
              "CFtD": 7.28,
              "CQtF": 2.78,
              "CPz": 280,
              "CPzD": 4.08,
              "CQt": 1.58,
              "CPrz": 1716.11,
              "H": "cod.mo01"
            },
            {
              "Hid": "11",
              "FFt": 5176.55,
              "FFtD": 2.77,
              "FQtF": 1.83,
              "FPz": 662,
              "FPzD": 3.12,
              "FQt": 2.26,
              "FPrz": 781.96,
              "MFt": 2249.06,
              "MFtD": -3.77,
              "MQtF": 3.06,
              "MPz": 371,
              "MPzD": -6.07,
              "MQt": 5.19,
              "MPrz": 606.2,
              "CFt": 6578.23,
              "CFtD": -1,
              "CQtF": 3.8,
              "CPz": 1136,
              "CPzD": -2.67,
              "CQt": 6.4,
              "CPrz": 578.84,
              "H": "cod.mo11"
            },
            {
              "Hid": "08",
              "FFt": 5161.38,
              "FFtD": 4.19,
              "FQtF": 1.82,
              "FPz": 362,
              "FPzD": -1.63,
              "FQt": 1.24,
              "FPrz": 1425.8,
              "MFt": 1501.93,
              "MFtD": 8.06,
              "MQtF": 2.04,
              "MPz": 101,
              "MPzD": 2.89,
              "MQt": 1.42,
              "MPrz": 1483.27,
              "CFt": 3448.74,
              "CFtD": 7.83,
              "CQtF": 1.99,
              "CPz": 235,
              "CPzD": 3.37,
              "CQt": 1.32,
              "CPrz": 1468.93,
              "H": "cod.mo08"
            },
            {
              "Hid": "12",
              "FFt": 1819.08,
              "FFtD": -0.45,
              "FQtF": 0.64,
              "FPz": 978,
              "FPzD": -2.4,
              "FQt": 3.34,
              "FPrz": 186,
              "MFt": 2520.68,
              "MFtD": -1.83,
              "MQtF": 3.43,
              "MPz": 655,
              "MPzD": -2.47,
              "MQt": 9.15,
              "MPrz": 385,
              "CFt": 11078.35,
              "CFtD": 0.51,
              "CQtF": 6.39,
              "CPz": 2872,
              "CPzD": -1.47,
              "CQt": 16.18,
              "CPrz": 385.76,
              "H": "cod.mo12"
            },
            {
              "Hid": "16",
              "FFt": 784.26,
              "FFtD": 0.57,
              "FQtF": 0.28,
              "FPz": 161,
              "FPzD": -2.42,
              "FQt": 0.55,
              "FPrz": 487.12,
              "MFt": 291.58,
              "MFtD": -3.47,
              "MQtF": 0.4,
              "MPz": 63,
              "MPzD": -5.91,
              "MQt": 0.88,
              "MPrz": 465.76,
              "CFt": 663.78,
              "CFtD": 3.85,
              "CQtF": 0.38,
              "CPz": 120,
              "CPzD": 0.63,
              "CQt": 0.68,
              "CPrz": 551.04,
              "H": "cod.mo16"
            },
            {
              "Hid": "18",
              "FFt": 580.02,
              "FFtD": -28.72,
              "FQtF": 0.2,
              "FPz": 50,
              "FPzD": -31.51,
              "FQt": 0.17,
              "FPrz": 1160.04,
              "MFt": 610.62,
              "MFtD": -8.58,
              "MQtF": 0.83,
              "MPz": 52,
              "MPzD": -9.31,
              "MQt": 0.73,
              "MPrz": 1169.15,
              "CFt": 2192.67,
              "CFtD": -8.7,
              "CQtF": 1.27,
              "CPz": 194,
              "CPzD": -7.78,
              "CQt": 1.09,
              "CPrz": 1128.03,
              "H": "cod.mo18"
            },
            {
              "Hid": "14",
              "FFt": 299.52,
              "FFtD": -36.51,
              "FQtF": 0.11,
              "FPz": 16,
              "FPzD": -30.43,
              "FQt": 0.05,
              "FPrz": 1872,
              "MFt": 346.76,
              "MFtD": -3.91,
              "MQtF": 0.47,
              "MPz": 21,
              "MPzD": -10.09,
              "MQt": 0.3,
              "MPrz": 1627.08,
              "CFt": 836.69,
              "CFtD": -9.04,
              "CQtF": 0.48,
              "CPz": 49,
              "CPzD": -12.35,
              "CQt": 0.28,
              "CPrz": 1708.22,
              "H": "cod.mo14"
            },
            {
              "Hid": "17",
              "FFt": 193,
              "FFtD": 25.9,
              "FQtF": 0.07,
              "FPz": 26,
              "FPzD": 23.81,
              "FQt": 0.09,
              "FPrz": 742.31,
              "MFt": 19.64,
              "MFtD": -3.3,
              "MQtF": 0.03,
              "MPz": 3,
              "MPzD": -5.46,
              "MQt": 0.04,
              "MPrz": 699.9,
              "CFt": 41.98,
              "CFtD": -16.02,
              "CQtF": 0.02,
              "CPz": 6,
              "CPzD": -18.55,
              "CQt": 0.03,
              "CPrz": 692.66,
              "H": "cod.mo17"
            }
          ]
        }
      ]
    }
  ]
}
