
{
"RagioneSociale":"Farmácia Nova Iorque"
,"Datapubb": "12/12/2021"
, "Esigenze":[{"codice":"10004","Nome":"ALÍVIO DO PRURIDO"}
,{"codice":"10030","Nome":"ALTERAÇÕES DE SONO E HUMOR"}
,{"codice":"10023","Nome":"ANESTÉSICOS LOCAIS"}
,{"codice":"10029","Nome":"ANTI-INFECIOSOS GINECOLÓGICOS"}
,{"codice":"10007","Nome":"ANTIÁCIDOS"}
,{"codice":"10021","Nome":"ANTIALÉRGICOS"}
,{"codice":"10041","Nome":"ANTIOXIDANTES E REFORÇO DAS DEFESAS"}
,{"codice":"10034","Nome":"DEIXAR DE FUMAR"}
,{"codice":"10018","Nome":"DERMATITE ATÓPICA"}
,{"codice":"10045","Nome":"DERMATITE SEBORREICA"}
,{"codice":"10039","Nome":"DESCONFORTO URINÁRIO"}
,{"codice":"10010","Nome":"DESCONGESTIONANTES"}
,{"codice":"10027","Nome":"DESPARASITANTES"}
,{"codice":"10020","Nome":"DIARREIA E HIDRATAÇÃO ORAL"}
,{"codice":"10028","Nome":"DIGESTÃO E GASES"}
,{"codice":"10019","Nome":"DOR DE GARGANTA E ROUQUIDÃO"}
,{"codice":"10003","Nome":"DOR E FEBRE"}
,{"codice":"10006","Nome":"DOR MUSCULAR"}
,{"codice":"10017","Nome":"EMOLIENTES E REGENERADORES DE PELE"}
,{"codice":"10015","Nome":"ENJOO E NÁUSEAS"}
,{"codice":"10001","Nome":"FADIGA FÍSICA E INTELECTUAL"}
,{"codice":"10011","Nome":"FUNGOS E MICOSES"}
,{"codice":"10013","Nome":"HEMORROIDAS"}
,{"codice":"10026","Nome":"HERPES"}
,{"codice":"10047","Nome":"MEIAS"}
,{"codice":"10040","Nome":"MENOPAUSA"}
,{"codice":"10022","Nome":"OLHOS"}
,{"codice":"10031","Nome":"OSSOS E ARTICULAÇÕES"}
,{"codice":"10042","Nome":"OUVIDOS"}
,{"codice":"10038","Nome":"PERÍODO MENSTRUAL"}
,{"codice":"10024","Nome":"PIOLHOS"}
,{"codice":"10002","Nome":"PRISÃO DE VENTRE"}
,{"codice":"10025","Nome":"PROBIÓTICOS"}
,{"codice":"10051","Nome":"PRÓSTATA"}
,{"codice":"10036","Nome":"PROTETORES DE FÍGADO E DESTOXIFICANTES"}
,{"codice":"10014","Nome":"PSORÍASE"}
,{"codice":"10050","Nome":"REGULADORES FLORA VAGINAL"}
,{"codice":"10048","Nome":"REPELENTES"}
,{"codice":"10046","Nome":"RESSONAR"}
,{"codice":"10008","Nome":"SARNA"}
,{"codice":"10043","Nome":"SAÚDE CARDIOVASCULAR"}
,{"codice":"10052","Nome":"SAÚDE ORAL "}
,{"codice":"10012","Nome":"SINTOMAS GRIPE E CONSTIPAÇÕES"}
,{"codice":"10044","Nome":"SUPLEMENTAÇÃO"}
,{"codice":"10033","Nome":"TÓPICOS E SISTÉMICOS"}
,{"codice":"10009","Nome":"TOSSE COM EXPETORAÇÃO"}
,{"codice":"10032","Nome":"TOSSE INFANTIL"}
,{"codice":"10005","Nome":"TOSSE SECA"}
,{"codice":"10037","Nome":"TOSSE SECA E COM EXPETORAÇÃO"}
,{"codice":"10035","Nome":"VERRUGAS"}
,{"codice":"10049","Nome":"VISÃO"}
,{"codice":"10016","Nome":"VITAMINAS E MINERAIS"}]
,"FlgMondi":0
,"Merceologica": [{"Nome":"cod.meG","codice":"1","Subs":[
                                       {"Nome":"cod.meGC","codice":"2","Subs":[
                                                   {"Nome":"cod.meGCAU","codice":"4","Subs":[
                                                                                    {"Nome":"cod.meGCAUGPA","codice":"18","Subs":[
                                                                                                                    {"Nome":"cod.meGCAUGPAAB","codice":"48"}
                                                                                                                    ,{"Nome":"cod.meGCAUGPAAN","codice":"49"}
                                                                                                                    ]}
                                                                                    ,{"Nome":"cod.meGCAUHOM","codice":"24"}
                                                                                    ,{"Nome":"cod.meGCAUMEF","codice":"32"}
                                                                                    ,{"Nome":"cod.meGCAUMNS","codice":"31"}
                                                                                    ,{"Nome":"cod.meGCAUOUT","codice":"45"}
                                                                                    ,{"Nome":"cod.meGCAUSAL","codice":"43"}
                                                                                    ]}
                                                   ,{"Nome":"cod.meGCCO","codice":"5","Subs":[
                                                                                    {"Nome":"cod.meGCCOCOR","codice":"16"}
                                                                                    ,{"Nome":"cod.meGCCOHOM","codice":"23"}
                                                                                    ,{"Nome":"cod.meGCCOLAB","codice":"25"}
                                                                                    ,{"Nome":"cod.meGCCOLIM","codice":"26"}
                                                                                    ,{"Nome":"cod.meGCCOMAQ","codice":"28"}
                                                                                    ,{"Nome":"cod.meGCCOROS","codice":"40"}
                                                                                    ,{"Nome":"cod.meGCCOSOL","codice":"42"}
                                                                                    ]}
                                                   ,{"Nome":"cod.meGCGA","codice":"6","Subs":[
                                                                                    {"Nome":"cod.meGCGAINF","codice":"13"}
                                                                                    ,{"Nome":"cod.meGCGANCL","codice":"35"}
                                                                                    ,{"Nome":"cod.meGCGAOUT","codice":"46"}
                                                                                    ]}
                                                   ,{"Nome":"cod.meGCHG","codice":"7","Subs":[
                                                                                    {"Nome":"cod.meGCHGCAP","codice":"14"}
                                                                                    ,{"Nome":"cod.meGCHGCOR","codice":"21"}
                                                                                    ,{"Nome":"cod.meGCHGINF","codice":"19"}
                                                                                    ,{"Nome":"cod.meGCHGINT","codice":"20"}
                                                                                    ,{"Nome":"cod.meGCHGMEP","codice":"27"}
                                                                                    ,{"Nome":"cod.meGCHGORA","codice":"22"}
                                                                                    ,{"Nome":"cod.meGCHGOUT","codice":"44"}
                                                                                    ]}
                                                   ,{"Nome":"cod.meGCMM","codice":"8"}
                                                   ,{"Nome":"cod.meGCMV","codice":"11","Subs":[
                                                                                    {"Nome":"cod.meGCMV0NR","codice":"33"}
                                                                                    ,{"Nome":"cod.meGCMV0PV","codice":"38"}
                                                                                    ,{"Nome":"cod.meGCMV0SR","codice":"34"}
                                                                                    ]}
                                                   ,{"Nome":"cod.meGCOT","codice":"12"}
                                                   ,{"Nome":"cod.meGCSA","codice":"9","Subs":[
                                                                                    {"Nome":"cod.meGCSACAL","codice":"15"}
                                                                                    ,{"Nome":"cod.meGCSADIA","codice":"17"}
                                                                                    ,{"Nome":"cod.meGCSAINM","codice":"29"}
                                                                                    ,{"Nome":"cod.meGCSAMEI","codice":"30"}
                                                                                    ,{"Nome":"cod.meGCSAORT","codice":"37"}
                                                                                    ,{"Nome":"cod.meGCSAOTI","codice":"36"}
                                                                                    ,{"Nome":"cod.meGCSAOUT","codice":"47"}
                                                                                    ,{"Nome":"cod.meGCSAPUE","codice":"39"}
                                                                                    ,{"Nome":"cod.meGCSASEX","codice":"41"}
                                                                                    ]}
                                                   ,{"Nome":"cod.meGCSR","codice":"10"}
                                                   ]}
                                       ,{"Nome":"cod.meGE","codice":"3"}
                                       ]}]}