{
"Merceologia":"cod.me10"
,"Tempo":"12/12/2019"

,"datiTabRiass":[
{"F":40172.25,"M":86275.06,"C":62349.045,"Tipo":"c","H":"dt.d0011"}
,{"F":    0.97,"M":    2.68,"C":    2.970,"Tipo":"i","H":"dt.d0012"}
,{"F": 3098.00,"M": 7273.73,"C": 5068.218,"Tipo":"n","H":"dt.d0013"}
,{"F":   -0.93,"M":   -0.50,"C":   -0.230,"Tipo":"i","H":"dt.d0026"}]
,"datiDettDittaF":[
{"DD":"NORMON","FRF":1,"FRP":1,"FF":5061.58,"FFD":9.63,"FQt":13.06,"FPz":869,"FPzD":-1.03,"FPr":5.82,"FRef":236,"MRF":6,"MRP":2,"CRF":10,"CRP":2}
,{"DD":"PFIZER","FRF":2,"FRP":2,"FF":2660.12,"FFD":80.81,"FQt":6.87,"FPz":139,"FPzD":-10.32,"FPr":19.14,"FRef":70,"MRF":7,"MRP":5,"CRF":6,"CRP":7}
,{"DD":"IPSEN PHARMA","FRF":3,"FRP":87,"FF":2054.48,"FFD":-23.74,"FQt":5.3,"FPz":3,"FPzD":-50,"FPr":684.83,"FRef":4,"MRF":47,"MRP":166,"CRF":44,"CRP":178}
,{"DD":"TAKEDA FARMACEUTICA ESPAÑA S.A.","FRF":4,"FRP":18,"FF":1871.66,"FFD":2544.71,"FQt":4.83,"FPz":38,"FPzD":280,"FPr":49.25,"FRef":16,"MRF":64,"MRP":59,"CRF":61,"CRP":60}
,{"DD":"NOVARTIS","FRF":5,"FRP":8,"FF":1748.62,"FFD":88.19,"FQt":4.51,"FPz":66,"FPzD":43.48,"FPr":26.49,"FRef":53,"MRF":1,"MRP":13,"CRF":1,"CRP":10}
,{"DD":"LILLY","FRF":6,"FRP":31,"FF":1446.92,"FFD":247.69,"FQt":3.73,"FPz":20,"FPzD":300,"FPr":72.35,"FRef":11,"MRF":19,"MRP":78,"CRF":19,"CRP":72}
,{"DD":"MSD","FRF":7,"FRP":7,"FF":1317.67,"FFD":-24.47,"FQt":3.4,"FPz":72,"FPzD":-18.18,"FPr":18.3,"FRef":57,"MRF":2,"MRP":14,"CRF":5,"CRP":15}
,{"DD":"BOEHRINGER INGELHEIM, S.A.","FRF":8,"FRP":13,"FF":1152.63,"FFD":-12.77,"FQt":2.98,"FPz":57,"FPzD":18.75,"FPr":20.22,"FRef":29,"MRF":4,"MRP":6,"CRF":2,"CRP":5}
,{"DD":"SANOFI AVENTIS S.A.","FRF":9,"FRP":6,"FF":1134.99,"FFD":23.03,"FQt":2.93,"FPz":79,"FPzD":8.22,"FPr":14.37,"FRef":77,"MRF":8,"MRP":12,"CRF":7,"CRP":11}
,{"DD":"NOVO NORDISK PHARMA","FRF":10,"FRP":51,"FF":991.63,"FFD":409,"FQt":2.56,"FPz":11,"FPzD":120,"FPr":90.15,"FRef":12,"MRF":11,"MRP":55,"CRF":9,"CRP":56}]
,"datiDettDittaM":[
{"DD":"NORMON","FRF":1,"FRP":1,"MRF":6,"MRP":2,"MF":2502.13,"MFD":25.31,"MQt":3.07,"MPz":513,"MPzD":20.6,"MPr":4.88,"MRef":335}
,{"DD":"PFIZER","FRF":2,"FRP":2,"MRF":7,"MRP":5,"MF":2468.19,"MFD":-4.01,"MQt":3.03,"MPz":198,"MPzD":-0.21,"MPr":12.47,"MRef":118}
,{"DD":"NOVARTIS","FRF":5,"FRP":8,"MRF":1,"MRP":13,"MF":3490.6,"MFD":7.65,"MQt":4.28,"MPz":144,"MPzD":3.32,"MPr":24.26,"MRef":81}
,{"DD":"MSD","FRF":7,"FRP":7,"MRF":2,"MRP":14,"MF":2761.55,"MFD":-1.3,"MQt":3.39,"MPz":137,"MPzD":-2.41,"MPr":20.19,"MRef":79}
,{"DD":"BOEHRINGER INGELHEIM, S.A.","FRF":8,"FRP":13,"MRF":4,"MRP":6,"MF":2698.65,"MFD":3.01,"MQt":3.31,"MPz":193,"MPzD":19.53,"MPr":14,"MRef":44}
,{"DD":"SANOFI AVENTIS S.A.","FRF":9,"FRP":6,"MRF":8,"MRP":12,"MF":2318.2,"MFD":-9.31,"MQt":2.84,"MPz":150,"MPzD":-1.6,"MPr":15.49,"MRef":135}
,{"DD":"GLAXO SMITHKLINE","FRF":11,"FRP":10,"MRF":5,"MRP":8,"MF":2697.89,"MFD":-6.16,"MQt":3.31,"MPz":171,"MPzD":-5.64,"MPr":15.77,"MRef":103}
,{"DD":"JANSSEN-CILAG","FRF":15,"FRP":33,"MRF":10,"MRP":45,"MF":1973.43,"MFD":-0.66,"MQt":2.42,"MPz":37,"MPzD":-0.44,"MPr":53.51,"MRef":52}
,{"DD":"ASTRAZENECA FARMACEUTICA SPAIN","FRF":18,"FRP":24,"MRF":9,"MRP":24,"MF":2093.85,"MFD":4.97,"MQt":2.57,"MPz":85,"MPzD":6.75,"MPr":24.67,"MRef":58}
,{"DD":"CINFA","FRF":26,"FRP":5,"MRF":3,"MRP":1,"MF":2728.87,"MFD":10.08,"MQt":3.35,"MPz":538,"MPzD":7.12,"MPr":5.07,"MRef":333}]
,"datiDettDittaC":[
{"DD":"NORMON","FRF":1,"FRP":1,"CRF":10,"CRP":2,"CF":1412.28,"CFD":27.72,"CQt":2.41,"CPz":289,"CPzD":26.75,"CPr":4.89,"CRef":282}
,{"DD":"PFIZER","FRF":2,"FRP":2,"CRF":6,"CRP":7,"CF":1655.8,"CFD":-7.37,"CQt":2.83,"CPz":137,"CPzD":-2.9,"CPr":12.08,"CRef":105}
,{"DD":"NOVARTIS","FRF":5,"FRP":8,"CRF":1,"CRP":10,"CF":2950.51,"CFD":14.86,"CQt":5.04,"CPz":117,"CPzD":16.49,"CPr":25.18,"CRef":79}
,{"DD":"MSD","FRF":7,"FRP":7,"CRF":5,"CRP":15,"CF":1743.77,"CFD":-1.62,"CQt":2.98,"CPz":84,"CPzD":-2.12,"CPr":20.72,"CRef":72}
,{"DD":"BOEHRINGER INGELHEIM, S.A.","FRF":8,"FRP":13,"CRF":2,"CRP":5,"CF":2148.03,"CFD":1.32,"CQt":3.67,"CPz":145,"CPzD":15.18,"CPr":14.8,"CRef":41}
,{"DD":"SANOFI AVENTIS S.A.","FRF":9,"FRP":6,"CRF":7,"CRP":11,"CF":1648.91,"CFD":-10.84,"CQt":2.82,"CPz":109,"CPzD":-2.77,"CPr":15.06,"CRef":123}
,{"DD":"NOVO NORDISK PHARMA","FRF":10,"FRP":51,"CRF":9,"CRP":56,"CF":1439.27,"CFD":10.67,"CQt":2.46,"CPz":21,"CPzD":3.59,"CPr":67.37,"CRef":20}
,{"DD":"GLAXO SMITHKLINE","FRF":11,"FRP":10,"CRF":4,"CRP":13,"CF":1751.72,"CFD":-10.24,"CQt":2.99,"CPz":106,"CPzD":-4.33,"CPr":16.53,"CRef":85}
,{"DD":"ASTRAZENECA FARMACEUTICA SPAIN","FRF":18,"FRP":24,"CRF":8,"CRP":28,"CF":1457.9,"CFD":9.24,"CQt":2.49,"CPz":56,"CPzD":9.96,"CPr":25.9,"CRef":56}
,{"DD":"CINFA","FRF":26,"FRP":5,"CRF":3,"CRP":1,"CF":1969.53,"CFD":21.67,"CQt":3.37,"CPz":371,"CPzD":15.73,"CPr":5.3,"CRef":292}]
}