{
"Merceologia":"cod.me180"
,"Tempo":"12/12/2019"

,"datiTabRiass":[
{"F":195.95,"M":308.09438,"C":138.37364,"Tipo":"c","H":"dt.d0011"}
,{"F":-34.49,"M": -4.77000,"C": -0.36000,"Tipo":"i","H":"dt.d0012"}
,{"F": 12.00,"M": 33.63784,"C": 25.78182,"Tipo":"n","H":"dt.d0013"}
,{"F":-45.45,"M":-15.24000,"C":  4.57000,"Tipo":"i","H":"dt.d0026"}]
,"datiDettDittaF":[
{"DD":"VICHY","FRF":1,"FRP":2,"FF":92.7,"FFD":-9.38,"FQt":47.31,"FPz":4,"FPzD":0,"FPr":23.18,"FRef":26,"MRF":4,"MRP":5,"CRF":4,"CRP":5}
,{"DD":"BELLA AURORA LABS","FRF":2,"FRP":1,"FF":55.5,"FFD":-61.07,"FQt":28.32,"FPz":6,"FPzD":-60,"FPr":9.25,"FRef":1,"MRF":5,"MRP":1,"CRF":5,"CRP":1}
,{"DD":"LA ROCHE POSAY","FRF":3,"FRP":3,"FF":25.95,"FFD":-43.59,"FQt":13.24,"FPz":1,"FPzD":-50,"FPr":25.95,"FRef":9,"MRF":6,"MRP":6,"CRF":7,"CRP":7}
,{"DD":"CAUDALIE","FRF":4,"FRP":4,"FF":21.8,"FFD":null,"FQt":11.13,"FPz":1,"FPzD":null,"FPr":21.8,"FRef":1,"MRF":7,"MRP":7,"CRF":6,"CRP":6}
,{"DD":"DERMOFARM","FRF":5,"FRP":5,"FF":0,"FFD":null,"FQt":0,"FPz":0,"FPzD":null,"FPr":null,"FRef":0,"MRF":1,"MRP":2,"CRF":1,"CRP":3}
,{"DD":"LAURENS COSMETICS","FRF":6,"FRP":6,"FF":0,"FFD":null,"FQt":0,"FPz":0,"FPzD":null,"FPr":null,"FRef":0,"MRF":3,"MRP":4,"CRF":3,"CRP":2}
,{"DD":"PIERRE FABRE IBERICA","FRF":7,"FRP":7,"FF":0,"FFD":null,"FQt":0,"FPz":0,"FPzD":null,"FPr":null,"FRef":3,"MRF":2,"MRP":3,"CRF":2,"CRP":4}]
,"datiDettDittaM":[
{"DD":"VICHY","FRF":1,"FRP":2,"MRF":4,"MRP":5,"MF":17.8,"MFD":-12.79,"MQt":8.11,"MPz":0.832,"MPzD":-14.49,"MPr":21.39,"MRef":0}
,{"DD":"BELLA AURORA LABS","FRF":2,"FRP":1,"MRF":5,"MRP":1,"MF":17.36,"MFD":-8.07,"MQt":7.91,"MPz":6,"MPzD":-20.14,"MPr":2.9,"MRef":1}
,{"DD":"LA ROCHE POSAY","FRF":3,"FRP":3,"MRF":6,"MRP":6,"MF":11.94,"MFD":-26.6,"MQt":5.44,"MPz":0.67,"MPzD":-26.66,"MPr":17.81,"MRef":1}
,{"DD":"CAUDALIE","FRF":4,"FRP":4,"MRF":7,"MRP":7,"MF":3.49,"MFD":-35.9,"MQt":1.59,"MPz":0.184,"MPzD":-36.96,"MPr":19.02,"MRef":1}
,{"DD":"DERMOFARM","FRF":5,"FRP":5,"MRF":1,"MRP":2,"MF":57.12,"MFD":1.65,"MQt":26.02,"MPz":3,"MPzD":-9.61,"MPr":16.64,"MRef":2}
,{"DD":"LAURENS COSMETICS","FRF":6,"FRP":6,"MRF":3,"MRP":4,"MF":23.56,"MFD":33.05,"MQt":10.73,"MPz":3,"MPzD":31.83,"MPr":7.81,"MRef":6}
,{"DD":"PIERRE FABRE IBERICA","FRF":7,"FRP":7,"MRF":2,"MRP":3,"MF":53.25,"MFD":-14.3,"MQt":24.26,"MPz":3,"MPzD":-14.88,"MPr":18.73,"MRef":8}]
,"datiDettDittaC":[
{"DD":"VICHY","FRF":1,"FRP":2,"CRF":4,"CRP":5,"CF":8.36,"CFD":-27.48,"CQt":9.28,"CPz":0.4,"CPzD":-24.14,"CPr":20.91,"CRef":0}
,{"DD":"BELLA AURORA LABS","FRF":2,"FRP":1,"CRF":5,"CRP":1,"CF":3.44,"CFD":8.8,"CQt":3.82,"CPz":12,"CPzD":4.6,"CPr":0.28,"CRef":1}
,{"DD":"LA ROCHE POSAY","FRF":3,"FRP":3,"CRF":7,"CRP":7,"CF":0.68,"CFD":-83.41,"CQt":0.76,"CPz":0.055,"CPzD":-72.5,"CPr":12.54,"CRef":0}
,{"DD":"CAUDALIE","FRF":4,"FRP":4,"CRF":6,"CRP":6,"CF":1.44,"CFD":-59.82,"CQt":1.6,"CPz":0.073,"CPzD":-63.5,"CPr":19.77,"CRef":1}
,{"DD":"DERMOFARM","FRF":5,"FRP":5,"CRF":1,"CRP":3,"CF":23.86,"CFD":5.6,"CQt":26.48,"CPz":1,"CPzD":-30.38,"CPr":16.01,"CRef":1}
,{"DD":"LAURENS COSMETICS","FRF":6,"FRP":6,"CRF":3,"CRP":2,"CF":12.38,"CFD":54.73,"CQt":13.74,"CPz":2,"CPzD":92.98,"CPr":8.01,"CRef":1}
,{"DD":"PIERRE FABRE IBERICA","FRF":7,"FRP":7,"CRF":2,"CRP":4,"CF":21.07,"CFD":-29.57,"CQt":23.38,"CPz":1,"CPzD":-40.86,"CPr":18.4,"CRef":0}]
}