{
"Merceologia":"cod.me190"
,"Tempo":"12/12/2019"

,"datiTabRiass":[
{"F":208.30,"M":424.14411,"C":203.51982,"Tipo":"c","H":"dt.d0011"}
,{"F": 45.66,"M":  3.58000,"C":  7.40000,"Tipo":"i","H":"dt.d0012"}
,{"F":  9.00,"M": 21.17297,"C": 10.07273,"Tipo":"n","H":"dt.d0013"}
,{"F": 12.50,"M": -1.16000,"C":  0.00000,"Tipo":"i","H":"dt.d0026"}]
,"datiDettDittaF":[
{"DD":"ISDIN","FRF":1,"FRP":1,"FF":115.65,"FFD":235.22,"FQt":55.52,"FPz":4,"FPzD":100,"FPr":28.91,"FRef":19,"MRF":1,"MRP":1,"CRF":1,"CRP":1}
,{"DD":"LA ROCHE POSAY","FRF":2,"FRP":2,"FF":44.9,"FFD":-8.09,"FQt":21.56,"FPz":2,"FPzD":-33.33,"FPr":22.45,"FRef":37,"MRF":4,"MRP":4,"CRF":5,"CRP":5}
,{"DD":"VICHY","FRF":3,"FRP":3,"FF":38.25,"FFD":null,"FQt":18.36,"FPz":2,"FPzD":null,"FPr":19.12,"FRef":24,"MRF":7,"MRP":7,"CRF":7,"CRP":7}
,{"DD":"DERMOFARM","FRF":4,"FRP":4,"FF":9.5,"FFD":-6.86,"FQt":4.56,"FPz":1,"FPzD":0,"FPr":9.5,"FRef":1,"MRF":6,"MRP":6,"CRF":6,"CRP":6}
,{"DD":"BIODERMA-NAOS SKIN CARE","FRF":5,"FRP":5,"FF":0,"FFD":null,"FQt":0,"FPz":0,"FPzD":null,"FPr":null,"FRef":2,"MRF":5,"MRP":5,"CRF":4,"CRP":4}
,{"DD":"CANTABRIA LABS","FRF":6,"FRP":6,"FF":0,"FFD":-100,"FQt":0,"FPz":0,"FPzD":-100,"FPr":null,"FRef":9,"MRF":2,"MRP":2,"CRF":2,"CRP":2}
,{"DD":"PIERRE FABRE IBERICA","FRF":7,"FRP":7,"FF":0,"FFD":null,"FQt":0,"FPz":0,"FPzD":null,"FPr":null,"FRef":4,"MRF":3,"MRP":3,"CRF":3,"CRP":3}]
,"datiDettDittaM":[
{"DD":"ISDIN","FRF":1,"FRP":1,"MRF":1,"MRP":1,"MF":152.97,"MFD":14.17,"MQt":36.17,"MPz":7,"MPzD":16.04,"MPr":23.01,"MRef":35}
,{"DD":"LA ROCHE POSAY","FRF":2,"FRP":2,"MRF":4,"MRP":4,"MF":29.35,"MFD":-2.8,"MQt":6.94,"MPz":2,"MPzD":15.26,"MPr":18.22,"MRef":21}
,{"DD":"VICHY","FRF":3,"FRP":3,"MRF":7,"MRP":7,"MF":3,"MFD":-24.63,"MQt":0.71,"MPz":0.238,"MPzD":4.83,"MPr":12.62,"MRef":1}
,{"DD":"DERMOFARM","FRF":4,"FRP":4,"MRF":6,"MRP":6,"MF":7.26,"MFD":-11.81,"MQt":1.72,"MPz":0.519,"MPzD":-6.78,"MPr":14,"MRef":2}
,{"DD":"BIODERMA-NAOS SKIN CARE","FRF":5,"FRP":5,"MRF":5,"MRP":5,"MF":27.27,"MFD":5.77,"MQt":6.45,"MPz":2,"MPzD":20.52,"MPr":16.65,"MRef":21}
,{"DD":"CANTABRIA LABS","FRF":6,"FRP":6,"MRF":2,"MRP":2,"MF":92.68,"MFD":4.71,"MQt":21.91,"MPz":4,"MPzD":-1.46,"MPr":22.83,"MRef":28}
,{"DD":"PIERRE FABRE IBERICA","FRF":7,"FRP":7,"MRF":3,"MRP":3,"MF":64.59,"MFD":-4.71,"MQt":15.27,"MPz":4,"MPzD":-7.62,"MPr":16.21,"MRef":42}]
,"datiDettDittaC":[
{"DD":"ISDIN","FRF":1,"FRP":1,"CRF":1,"CRP":1,"CF":69.27,"CFD":11.78,"CQt":34.46,"CPz":3,"CPzD":8.55,"CPr":23.52,"CRef":32}
,{"DD":"LA ROCHE POSAY","FRF":2,"FRP":2,"CRF":5,"CRP":5,"CF":9.75,"CFD":-36.86,"CQt":4.85,"CPz":0.473,"CPzD":-39.5,"CPr":20.63,"CRef":9}
,{"DD":"VICHY","FRF":3,"FRP":3,"CRF":7,"CRP":7,"CF":1.7,"CFD":-56.77,"CQt":0.85,"CPz":0.164,"CPzD":-18,"CPr":10.41,"CRef":0}
,{"DD":"DERMOFARM","FRF":4,"FRP":4,"CRF":6,"CRP":6,"CF":4.55,"CFD":1.81,"CQt":2.26,"CPz":0.273,"CPzD":0.1,"CPr":16.67,"CRef":0}
,{"DD":"BIODERMA-NAOS SKIN CARE","FRF":5,"FRP":5,"CRF":4,"CRP":4,"CF":14.34,"CFD":8.97,"CQt":7.13,"CPz":0.836,"CPzD":2.18,"CPr":17.14,"CRef":12}
,{"DD":"CANTABRIA LABS","FRF":6,"FRP":6,"CRF":2,"CRP":2,"CF":40.29,"CFD":36.88,"CQt":20.05,"CPz":2,"CPzD":57.14,"CPr":24.35,"CRef":13}
,{"DD":"PIERRE FABRE IBERICA","FRF":7,"FRP":7,"CRF":3,"CRP":3,"CF":37.73,"CFD":-5.18,"CQt":18.77,"CPz":2,"CPzD":-26.17,"CPr":16.47,"CRef":18}]
}