{
"Merceologia":"cod.me210"
,"Tempo":"12/12/2019"

,"datiTabRiass":[
{"F":2709.60,"M":3145.6918,"C":1404.463,"Tipo":"c","H":"dt.d0011"}
,{"F": -21.65,"M":  -7.0300,"C":  -9.050,"Tipo":"i","H":"dt.d0012"}
,{"F": 101.00,"M": 154.6541,"C":  85.400,"Tipo":"n","H":"dt.d0013"}
,{"F": -15.13,"M":  -2.7200,"C":  14.370,"Tipo":"i","H":"dt.d0026"}]
,"datiDettDittaF":[
{"DD":"LA ROCHE POSAY","FRF":1,"FRP":1,"FF":681.05,"FFD":80.65,"FQt":25.13,"FPz":30,"FPzD":50,"FPr":22.7,"FRef":57,"MRF":5,"MRP":6,"CRF":8,"CRP":10}
,{"DD":"LIERAC","FRF":2,"FRP":2,"FF":619.02,"FFD":-52.67,"FQt":22.85,"FPz":10,"FPzD":-56.52,"FPr":61.9,"FRef":1,"MRF":7,"MRP":12,"CRF":15,"CRP":22}
,{"DD":"CAUDALIE","FRF":3,"FRP":3,"FF":316.5,"FFD":16.76,"FQt":11.68,"FPz":9,"FPzD":-35.71,"FPr":35.17,"FRef":1,"MRF":2,"MRP":2,"CRF":1,"CRP":4}
,{"DD":"CANTABRIA LABS","FRF":4,"FRP":5,"FF":188.3,"FFD":-23.28,"FQt":6.95,"FPz":7,"FPzD":0,"FPr":26.9,"FRef":17,"MRF":3,"MRP":4,"CRF":4,"CRP":7}
,{"DD":"PIERRE FABRE IBERICA","FRF":5,"FRP":4,"FF":150.55,"FFD":40.31,"FQt":5.56,"FPz":8,"FPzD":33.33,"FPr":18.82,"FRef":19,"MRF":1,"MRP":1,"CRF":2,"CRP":1}
,{"DD":"MARTIDERM","FRF":6,"FRP":7,"FF":105.55,"FFD":-27.38,"FQt":3.9,"FPz":3,"FPzD":0,"FPr":35.18,"FRef":11,"MRF":4,"MRP":3,"CRF":3,"CRP":5}
,{"DD":"SESDERMA","FRF":7,"FRP":10,"FF":89.6,"FFD":29.95,"FQt":3.31,"FPz":2,"FPzD":100,"FPr":44.8,"FRef":9,"MRF":11,"MRP":13,"CRF":18,"CRP":24}
,{"DD":"VEMEDIA PH.","FRF":8,"FRP":11,"FF":69.9,"FFD":-5.41,"FQt":2.58,"FPz":2,"FPzD":0,"FPr":34.95,"FRef":4,"MRF":14,"MRP":17,"CRF":17,"CRP":23}
,{"DD":"URIAGE","FRF":9,"FRP":8,"FF":59.4,"FFD":null,"FQt":2.19,"FPz":3,"FPzD":null,"FPr":19.8,"FRef":5,"MRF":18,"MRP":19,"CRF":9,"CRP":11}
,{"DD":"HEEL ESPAÑA","FRF":10,"FRP":6,"FF":58.21,"FFD":-35,"FQt":2.15,"FPz":6,"FPzD":-33.33,"FPr":9.7,"FRef":1,"MRF":28,"MRP":28,"CRF":27,"CRP":28}]
,"datiDettDittaM":[
{"DD":"LA ROCHE POSAY","FRF":1,"FRP":1,"MRF":5,"MRP":6,"MF":148.57,"MFD":5.33,"MQt":5.11,"MPz":7,"MPzD":-5.68,"MPr":19.96,"MRef":27}
,{"DD":"LIERAC","FRF":2,"FRP":2,"MRF":7,"MRP":12,"MF":127.96,"MFD":-53.34,"MQt":4.4,"MPz":3,"MPzD":-37.29,"MPr":50.58,"MRef":1}
,{"DD":"CAUDALIE","FRF":3,"FRP":3,"MRF":2,"MRP":2,"MF":323.86,"MFD":-3.54,"MQt":11.14,"MPz":14,"MPzD":-10.81,"MPr":22.38,"MRef":1}
,{"DD":"CANTABRIA LABS","FRF":4,"FRP":5,"MRF":3,"MRP":4,"MF":302.8,"MFD":26.44,"MQt":10.41,"MPz":8,"MPzD":15.53,"MPr":36.16,"MRef":31}
,{"DD":"PIERRE FABRE IBERICA","FRF":5,"FRP":4,"MRF":1,"MRP":1,"MF":341.39,"MFD":1.23,"MQt":11.74,"MPz":19,"MPzD":3.26,"MPr":18.41,"MRef":52}
,{"DD":"MARTIDERM","FRF":6,"FRP":7,"MRF":4,"MRP":3,"MF":285.99,"MFD":-3.48,"MQt":9.84,"MPz":14,"MPzD":5.5,"MPr":20.76,"MRef":31}
,{"DD":"ISDIN","FRF":11,"FRP":12,"MRF":9,"MRP":7,"MF":97.51,"MFD":8.46,"MQt":3.35,"MPz":6,"MPzD":64.93,"MPr":17.25,"MRef":12}
,{"DD":"BIODERMA-NAOS SKIN CARE","FRF":14,"FRP":14,"MRF":6,"MRP":5,"MF":134.68,"MFD":10.36,"MQt":4.63,"MPz":8,"MPzD":12.98,"MPr":17.11,"MRef":25}
,{"DD":"DERMOFARM","FRF":31,"FRP":31,"MRF":10,"MRP":8,"MF":86.67,"MFD":-30.11,"MQt":2.98,"MPz":4,"MPzD":-11.38,"MPr":22.84,"MRef":9}
,{"DD":"SKINCEUTICALS","FRF":35,"FRP":35,"MRF":8,"MRP":23,"MF":122.87,"MFD":46.09,"MQt":4.23,"MPz":1,"MPzD":16.35,"MPr":101.02,"MRef":4}]
,"datiDettDittaC":[
{"DD":"LA ROCHE POSAY","FRF":1,"FRP":1,"CRF":8,"CRP":10,"CF":42.98,"CFD":2.57,"CQt":3.28,"CPz":2,"CPzD":-10.57,"CPr":21.69,"CRef":7}
,{"DD":"CAUDALIE","FRF":3,"FRP":3,"CRF":1,"CRP":4,"CF":179.93,"CFD":21.17,"CQt":13.73,"CPz":6,"CPzD":32,"CPr":32.66,"CRef":1}
,{"DD":"CANTABRIA LABS","FRF":4,"FRP":5,"CRF":4,"CRP":7,"CF":96.84,"CFD":11.41,"CQt":7.39,"CPz":3,"CPzD":15.38,"CPr":34.36,"CRef":10}
,{"DD":"PIERRE FABRE IBERICA","FRF":5,"FRP":4,"CRF":2,"CRP":1,"CF":174.34,"CFD":2.95,"CQt":13.3,"CPz":9,"CPzD":-2.75,"CPr":19.49,"CRef":29}
,{"DD":"MARTIDERM","FRF":6,"FRP":7,"CRF":3,"CRP":5,"CF":120.05,"CFD":-17.18,"CQt":9.16,"CPz":6,"CPzD":-14.95,"CPr":19.14,"CRef":15}
,{"DD":"URIAGE","FRF":9,"FRP":8,"CRF":9,"CRP":11,"CF":42.32,"CFD":32.48,"CQt":3.23,"CPz":2,"CPzD":11.11,"CPr":18.62,"CRef":5}
,{"DD":"ISDIN","FRF":11,"FRP":12,"CRF":10,"CRP":8,"CF":41.3,"CFD":29.97,"CQt":3.15,"CPz":3,"CPzD":91.86,"CPr":15.56,"CRef":7}
,{"DD":"BIODERMA-NAOS SKIN CARE","FRF":14,"FRP":14,"CRF":5,"CRP":6,"CF":62.72,"CFD":23.49,"CQt":4.79,"CPz":4,"CPzD":25.71,"CPr":15.82,"CRef":16}
,{"DD":"DARPHIN","FRF":30,"FRP":30,"CRF":6,"CRP":19,"CF":49.52,"CFD":-24.11,"CQt":3.78,"CPz":0.873,"CPzD":-7.66,"CPr":56.74,"CRef":1}
,{"DD":"NUXE","FRF":33,"FRP":33,"CRF":7,"CRP":9,"CF":46.96,"CFD":-47.68,"CQt":3.58,"CPz":2,"CPzD":-26.17,"CPr":29.02,"CRef":1}]
}