{
"Merceologia":"cod.me220"
,"Tempo":"12/12/2019"

,"datiTabRiass":[
{"F":4911.35,"M":4991.8349,"C":2561.0207,"Tipo":"c","H":"dt.d0011"}
,{"F":  -6.09,"M":  -3.2900,"C":  -2.5300,"Tipo":"i","H":"dt.d0012"}
,{"F": 498.00,"M": 603.9622,"C": 333.3273,"Tipo":"n","H":"dt.d0013"}
,{"F": -16.86,"M":  -2.3800,"C":   3.8000,"Tipo":"i","H":"dt.d0026"}]
,"datiDettDittaF":[
{"DD":"DENTAID","FRF":1,"FRP":1,"FF":668.65,"FFD":-1.5,"FQt":13.93,"FPz":95,"FPzD":1.06,"FPr":7.04,"FRef":63,"MRF":1,"MRP":1,"CRF":1,"CRP":1}
,{"DD":"LACER","FRF":2,"FRP":2,"FF":644.1,"FFD":-30.42,"FQt":13.42,"FPz":67,"FPzD":-36.79,"FPr":9.61,"FRef":66,"MRF":2,"MRP":2,"CRF":2,"CRP":2}
,{"DD":"LIERAC","FRF":3,"FRP":6,"FF":462.76,"FFD":69.07,"FQt":9.64,"FPz":22,"FPzD":69.23,"FPr":21.03,"FRef":24,"MRF":21,"MRP":32,"CRF":24,"CRP":29}
,{"DD":"VICHY","FRF":4,"FRP":3,"FF":357.05,"FFD":86.44,"FQt":7.44,"FPz":40,"FPzD":122.22,"FPr":8.93,"FRef":44,"MRF":14,"MRP":22,"CRF":30,"CRP":33}
,{"DD":"SCA HYGIENE PRODUCTS, S.L.","FRF":5,"FRP":4,"FF":337.3,"FFD":50.1,"FQt":7.03,"FPz":37,"FPzD":32.14,"FPr":9.12,"FRef":18,"MRF":12,"MRP":14,"CRF":20,"CRP":21}
,{"DD":"ISDIN","FRF":6,"FRP":7,"FF":263.7,"FFD":42.91,"FQt":5.49,"FPz":17,"FPzD":-5.56,"FPr":15.51,"FRef":40,"MRF":5,"MRP":5,"CRF":5,"CRP":8}
,{"DD":"PROCTER & GAMBLE ESPAÑA","FRF":7,"FRP":5,"FF":239,"FFD":-33.15,"FQt":4.98,"FPz":24,"FPzD":-44.19,"FPr":9.96,"FRef":31,"MRF":4,"MRP":4,"CRF":4,"CRP":5}
,{"DD":"DERMOFARM","FRF":8,"FRP":9,"FF":177.6,"FFD":191.15,"FQt":3.7,"FPz":14,"FPzD":180,"FPr":12.69,"FRef":12,"MRF":24,"MRP":27,"CRF":31,"CRP":34}
,{"DD":"ALES GROUPE","FRF":9,"FRP":11,"FF":147.9,"FFD":122.41,"FQt":3.08,"FPz":10,"FPzD":66.67,"FPr":14.79,"FRef":3,"MRF":41,"MRP":41,"CRF":51,"CRP":56}
,{"DD":"ROGER & GALLET","FRF":10,"FRP":19,"FF":141.05,"FFD":97.96,"FQt":2.94,"FPz":5,"FPzD":0,"FPr":28.21,"FRef":13,"MRF":59,"MRP":69,"CRF":63,"CRP":67}]
,"datiDettDittaM":[
{"DD":"DENTAID","FRF":1,"FRP":1,"MRF":1,"MRP":1,"MF":549.77,"MFD":-2.02,"MQt":11.55,"MPz":81,"MPzD":-1.22,"MPr":6.83,"MRef":104}
,{"DD":"LACER","FRF":2,"FRP":2,"MRF":2,"MRP":2,"MF":473.33,"MFD":0.91,"MQt":9.94,"MPz":63,"MPzD":-4.06,"MPr":7.47,"MRef":106}
,{"DD":"ISDIN","FRF":6,"FRP":7,"MRF":5,"MRP":5,"MF":261.31,"MFD":5.99,"MQt":5.49,"MPz":23,"MPzD":9.16,"MPr":11.45,"MRef":63}
,{"DD":"PROCTER & GAMBLE ESPAÑA","FRF":7,"FRP":5,"MRF":4,"MRP":4,"MF":317.99,"MFD":-1.74,"MQt":6.68,"MPz":37,"MPzD":-2.59,"MPr":8.56,"MRef":58}
,{"DD":"GLAXO SMITHKLINE","FRF":11,"FRP":10,"MRF":3,"MRP":3,"MF":348.65,"MFD":3.96,"MQt":7.32,"MPz":40,"MPzD":3.41,"MPr":8.77,"MRef":39}
,{"DD":"PIERRE FABRE IBERICA","FRF":17,"FRP":21,"MRF":6,"MRP":10,"MF":197.63,"MFD":-5.11,"MQt":4.15,"MPz":13,"MPzD":-8.94,"MPr":14.81,"MRef":37}
,{"DD":"ITALFARMACO","FRF":19,"FRP":22,"MRF":9,"MRP":16,"MF":129.61,"MFD":4.53,"MQt":2.72,"MPz":10,"MPzD":1.43,"MPr":12.91,"MRef":8}
,{"DD":"JOHNSON & JOHNSON","FRF":22,"FRP":18,"MRF":8,"MRP":6,"MF":132.57,"MFD":-13.9,"MQt":2.78,"MPz":17,"MPzD":-15.32,"MPr":7.72,"MRef":20}
,{"DD":"LAB LETI","FRF":41,"FRP":44,"MRF":10,"MRP":17,"MF":99.84,"MFD":0.71,"MQt":2.1,"MPz":10,"MPzD":-0.7,"MPr":9.99,"MRef":18}
,{"DD":"IAP PHARMA PARFUMS","FRF":45,"FRP":46,"MRF":7,"MRP":8,"MF":145.08,"MFD":-0.6,"MQt":3.05,"MPz":15,"MPzD":-0.04,"MPr":9.71,"MRef":42}]
,"datiDettDittaC":[
{"DD":"DENTAID","FRF":1,"FRP":1,"CRF":1,"CRP":1,"CF":251.36,"CFD":3.21,"CQt":10.34,"CPz":36,"CPzD":3.77,"CPr":6.93,"CRef":79}
,{"DD":"LACER","FRF":2,"FRP":2,"CRF":2,"CRP":2,"CF":249.57,"CFD":0.15,"CQt":10.27,"CPz":33,"CPzD":-4.87,"CPr":7.51,"CRef":87}
,{"DD":"ISDIN","FRF":6,"FRP":7,"CRF":5,"CRP":8,"CF":119.85,"CFD":7.54,"CQt":4.93,"CPz":10,"CPzD":12.02,"CPr":11.63,"CRef":36}
,{"DD":"PROCTER & GAMBLE ESPAÑA","FRF":7,"FRP":5,"CRF":4,"CRP":5,"CF":161.82,"CFD":7.54,"CQt":6.66,"CPz":18,"CPzD":6.57,"CPr":9.04,"CRef":32}
,{"DD":"GLAXO SMITHKLINE","FRF":11,"FRP":10,"CRF":3,"CRP":3,"CF":209.4,"CFD":2.56,"CQt":8.62,"CPz":23,"CPzD":3.35,"CPr":9.23,"CRef":32}
,{"DD":"PHB","FRF":13,"FRP":8,"CRF":10,"CRP":11,"CF":49.13,"CFD":3.52,"CQt":2.02,"CPz":8,"CPzD":6.02,"CPr":6.51,"CRef":28}
,{"DD":"PIERRE FABRE IBERICA","FRF":17,"FRP":21,"CRF":7,"CRP":14,"CF":85.64,"CFD":1.95,"CQt":3.52,"CPz":6,"CPzD":5.43,"CPr":13.89,"CRef":15}
,{"DD":"ITALFARMACO","FRF":19,"FRP":22,"CRF":9,"CRP":17,"CF":56.61,"CFD":1.44,"CQt":2.33,"CPz":4,"CPzD":-8.71,"CPr":13.03,"CRef":8}
,{"DD":"JOHNSON & JOHNSON","FRF":22,"FRP":18,"CRF":8,"CRP":10,"CF":64.54,"CFD":-11.63,"CQt":2.66,"CPz":8,"CPzD":-17.91,"CPr":7.67,"CRef":15}
,{"DD":"IAP PHARMA PARFUMS","FRF":45,"FRP":46,"CRF":6,"CRP":9,"CF":95.19,"CFD":21.14,"CQt":3.92,"CPz":10,"CPzD":22.49,"CPr":9.55,"CRef":34}]
}