{
"Merceologia":"cod.me230"
,"Tempo":"12/12/2019"

,"datiTabRiass":[
{"F":895.51,"M":605.64784,"C":287.49655,"Tipo":"c","H":"dt.d0011"}
,{"F": 30.93,"M": -7.48000,"C": -8.54000,"Tipo":"i","H":"dt.d0012"}
,{"F": 49.00,"M": 41.81081,"C": 21.36364,"Tipo":"n","H":"dt.d0013"}
,{"F": 36.11,"M": -4.29000,"C": -7.26000,"Tipo":"i","H":"dt.d0026"}]
,"datiDettDittaF":[
{"DD":"LIERAC","FRF":1,"FRP":1,"FF":462.76,"FFD":69.07,"FQt":51.68,"FPz":22,"FPzD":69.23,"FPr":21.03,"FRef":24,"MRF":2,"MRP":3,"CRF":3,"CRP":3}
,{"DD":"ALES GROUPE","FRF":2,"FRP":2,"FF":147.9,"FFD":122.41,"FQt":16.52,"FPz":10,"FPzD":66.67,"FPr":14.79,"FRef":3,"MRF":7,"MRP":5,"CRF":9,"CRP":9}
,{"DD":"ISDIN","FRF":3,"FRP":4,"FF":91.95,"FFD":669.46,"FQt":10.27,"FPz":3,"FPzD":200,"FPr":30.65,"FRef":7,"MRF":6,"MRP":7,"CRF":7,"CRP":10}
,{"DD":"LACER","FRF":4,"FRP":5,"FF":69.35,"FFD":-22.69,"FQt":7.74,"FPz":2,"FPzD":0,"FPr":34.67,"FRef":5,"MRF":4,"MRP":4,"CRF":4,"CRP":4}
,{"DD":"VICHY","FRF":5,"FRP":3,"FF":36.1,"FFD":-39.58,"FQt":4.03,"FPz":5,"FPzD":66.67,"FPr":7.22,"FRef":25,"MRF":8,"MRP":8,"CRF":10,"CRP":11}
,{"DD":"PIERRE FABRE IBERICA","FRF":6,"FRP":6,"FF":29.9,"FFD":-39.6,"FQt":3.34,"FPz":2,"FPzD":-33.33,"FPr":14.95,"FRef":12,"MRF":1,"MRP":1,"CRF":1,"CRP":1}
,{"DD":"OZOCARE S.L.","FRF":7,"FRP":8,"FF":23.5,"FFD":null,"FQt":2.62,"FPz":1,"FPzD":null,"FPr":23.5,"FRef":1,"MRF":16,"MRP":16,"CRF":16,"CRP":16}
,{"DD":"L OREAL ESPANA  S A","FRF":8,"FRP":9,"FF":13.95,"FFD":null,"FQt":1.56,"FPz":1,"FPzD":null,"FPr":13.95,"FRef":2,"MRF":13,"MRP":13,"CRF":14,"CRP":15}
,{"DD":"UNIPHARMA","FRF":9,"FRP":10,"FF":11.5,"FFD":0,"FQt":1.28,"FPz":1,"FPzD":0,"FPr":11.5,"FRef":2,"MRF":12,"MRP":14,"CRF":13,"CRP":14}
,{"DD":"SCA HYGIENE PRODUCTS, S.L.","FRF":10,"FRP":7,"FF":8.6,"FFD":null,"FQt":0.96,"FPz":2,"FPzD":null,"FPr":4.3,"FRef":1,"MRF":15,"MRP":15,"CRF":15,"CRP":13}]
,"datiDettDittaM":[
{"DD":"LIERAC","FRF":1,"FRP":1,"MRF":2,"MRP":3,"MF":59.17,"MFD":-40.03,"MQt":10.08,"MPz":3,"MPzD":-31.23,"MPr":17.54,"MRef":13}
,{"DD":"ALES GROUPE","FRF":2,"FRP":2,"MRF":7,"MRP":5,"MF":21.45,"MFD":-7.75,"MQt":3.65,"MPz":2,"MPzD":-6.8,"MPr":10.5,"MRef":1}
,{"DD":"ISDIN","FRF":3,"FRP":4,"MRF":6,"MRP":7,"MF":21.82,"MFD":3.09,"MQt":3.72,"MPz":1,"MPzD":-18.5,"MPr":16.89,"MRef":4}
,{"DD":"LACER","FRF":4,"FRP":5,"MRF":4,"MRP":4,"MF":35.1,"MFD":-5.48,"MQt":5.98,"MPz":2,"MPzD":1.09,"MPr":19.21,"MRef":5}
,{"DD":"VICHY","FRF":5,"FRP":3,"MRF":8,"MRP":8,"MF":21,"MFD":-24.06,"MQt":3.58,"MPz":1,"MPzD":-29.39,"MPr":17.98,"MRef":4}
,{"DD":"PIERRE FABRE IBERICA","FRF":6,"FRP":6,"MRF":1,"MRP":1,"MF":172.95,"MFD":-4,"MQt":29.45,"MPz":11,"MPzD":-2.68,"MPr":15.99,"MRef":30}
,{"DD":"APIVITA","FRF":11,"FRP":11,"MRF":3,"MRP":2,"MF":47.02,"MFD":-4.11,"MQt":8.01,"MPz":4,"MPzD":1.79,"MPr":11.49,"MRef":2}
,{"DD":"DS HEALTHCARE IBERIA","FRF":12,"FRP":12,"MRF":5,"MRP":6,"MF":30.54,"MFD":31.64,"MQt":5.2,"MPz":1,"MPzD":20.13,"MPr":28.39,"MRef":4}
,{"DD":"RUEBER","FRF":15,"FRP":15,"MRF":10,"MRP":12,"MF":11.86,"MFD":-8.9,"MQt":2.02,"MPz":0.708,"MPzD":3.13,"MPr":16.74,"MRef":2}
,{"DD":"VCS-FARMA","FRF":16,"FRP":16,"MRF":9,"MRP":9,"MF":15.59,"MFD":-8.74,"MQt":2.65,"MPz":1,"MPzD":-37.71,"MPr":10.72,"MRef":2}]
,"datiDettDittaC":[
{"DD":"LIERAC","FRF":1,"FRP":1,"CRF":3,"CRP":3,"CF":26.94,"CFD":-14.26,"CQt":9.75,"CPz":2,"CPzD":0.92,"CPr":16.65,"CRef":9}
,{"DD":"ALES GROUPE","FRF":2,"FRP":2,"CRF":9,"CRP":9,"CF":5.91,"CFD":49.02,"CQt":2.14,"CPz":0.455,"CPzD":31.71,"CPr":13,"CRef":1}
,{"DD":"ISDIN","FRF":3,"FRP":4,"CRF":7,"CRP":10,"CF":6.99,"CFD":-9.06,"CQt":2.53,"CPz":0.418,"CPzD":-17.89,"CPr":16.71,"CRef":2}
,{"DD":"LACER","FRF":4,"FRP":5,"CRF":4,"CRP":4,"CF":22.14,"CFD":-4.01,"CQt":8.01,"CPz":1,"CPzD":-14.06,"CPr":20.3,"CRef":4}
,{"DD":"VICHY","FRF":5,"FRP":3,"CRF":10,"CRP":11,"CF":5.9,"CFD":-68.83,"CQt":2.13,"CPz":0.309,"CPzD":-58.55,"CPr":19.08,"CRef":0}
,{"DD":"PIERRE FABRE IBERICA","FRF":6,"FRP":6,"CRF":1,"CRP":1,"CF":73.1,"CFD":3.15,"CQt":26.45,"CPz":5,"CPzD":16.03,"CPr":15.46,"CRef":13}
,{"DD":"APIVITA","FRF":11,"FRP":11,"CRF":5,"CRP":5,"CF":14.59,"CFD":-39.34,"CQt":5.28,"CPz":1,"CPzD":-51.33,"CPr":11.14,"CRef":2}
,{"DD":"DS HEALTHCARE IBERIA","FRF":12,"FRP":12,"CRF":8,"CRP":12,"CF":6.46,"CFD":69.24,"CQt":2.34,"CPz":0.236,"CPzD":85.43,"CPr":27.34,"CRef":0}
,{"DD":"RUEBER","FRF":15,"FRP":15,"CRF":2,"CRP":2,"CF":28.28,"CFD":17.76,"CQt":10.24,"CPz":2,"CPzD":29.41,"CPr":14.82,"CRef":5}
,{"DD":"VCS-FARMA","FRF":16,"FRP":16,"CRF":6,"CRP":7,"CF":9.36,"CFD":81.47,"CQt":3.39,"CPz":0.836,"CPzD":83.92,"CPr":11.19,"CRef":2}]
}