{
"Merceologia":"cod.me240"
,"Tempo":"12/12/2019"

,"datiTabRiass":[
{"F":137.49,"M":380.83578,"C":189.18218,"Tipo":"c","H":"dt.d0011"}
,{"F":-62.49,"M": -9.19000,"C":  1.38000,"Tipo":"i","H":"dt.d0012"}
,{"F": 13.00,"M": 48.97838,"C": 23.65455,"Tipo":"n","H":"dt.d0013"}
,{"F":-53.57,"M": -7.20000,"C":  0.46000,"Tipo":"i","H":"dt.d0026"}]
,"datiDettDittaF":[
{"DD":"EXPANSCIENCE","FRF":1,"FRP":1,"FF":106.14,"FFD":-38.33,"FQt":77.2,"FPz":8,"FPzD":-27.27,"FPr":13.27,"FRef":17,"MRF":1,"MRP":3,"CRF":2,"CRP":3}
,{"DD":"BAYER HISPANIA S.L.","FRF":2,"FRP":2,"FF":15.95,"FFD":null,"FQt":11.6,"FPz":2,"FPzD":null,"FPr":7.97,"FRef":1,"MRF":7,"MRP":8,"CRF":7,"CRP":8}
,{"DD":"SANOFI AVENTIS S.A.","FRF":3,"FRP":3,"FF":7.95,"FFD":0,"FQt":5.78,"FPz":1,"FPzD":0,"FPr":7.95,"FRef":1,"MRF":4,"MRP":5,"CRF":3,"CRP":4}
,{"DD":"DHU IBERICA S A","FRF":4,"FRP":4,"FF":4.85,"FFD":null,"FQt":3.53,"FPz":1,"FPzD":null,"FPr":4.85,"FRef":1,"MRF":10,"MRP":10,"CRF":10,"CRP":11}
,{"DD":"BYLY","FRF":5,"FRP":5,"FF":2.6,"FFD":-8.77,"FQt":1.89,"FPz":1,"FPzD":0,"FPr":2.6,"FRef":1,"MRF":11,"MRP":11,"CRF":11,"CRP":10}
,{"DD":"INDAS","FRF":6,"FRP":6,"FF":0,"FFD":null,"FQt":0,"FPz":0,"FPzD":null,"FPr":null,"FRef":0,"MRF":9,"MRP":2,"CRF":8,"CRP":2}
,{"DD":"ISDIN","FRF":7,"FRP":7,"FF":0,"FFD":null,"FQt":0,"FPz":0,"FPzD":null,"FPr":null,"FRef":3,"MRF":5,"MRP":6,"CRF":4,"CRP":6}
,{"DD":"LAB LETI","FRF":8,"FRP":8,"FF":0,"FFD":-100,"FQt":0,"FPz":0,"FPzD":-100,"FPr":null,"FRef":2,"MRF":3,"MRP":4,"CRF":5,"CRP":5}
,{"DD":"RECKITT BENCKISER HEALTHCARE  S A","FRF":9,"FRP":9,"FF":0,"FFD":null,"FQt":0,"FPz":0,"FPzD":null,"FPr":null,"FRef":3,"MRF":6,"MRP":7,"CRF":6,"CRP":7}
,{"DD":"SUAVINEX","FRF":10,"FRP":10,"FF":0,"FFD":null,"FQt":0,"FPz":0,"FPzD":null,"FPr":null,"FRef":1,"MRF":2,"MRP":1,"CRF":1,"CRP":1}]
,"datiDettDittaM":[
{"DD":"EXPANSCIENCE","FRF":1,"FRP":1,"MRF":1,"MRP":3,"MF":64.93,"MFD":-10.45,"MQt":17.85,"MPz":6,"MPzD":-16.35,"MPr":10.09,"MRef":21}
,{"DD":"BAYER HISPANIA S.L.","FRF":2,"FRP":2,"MRF":7,"MRP":8,"MF":14.7,"MFD":2.1,"MQt":4.04,"MPz":1,"MPzD":-26.29,"MPr":10.97,"MRef":2}
,{"DD":"SANOFI AVENTIS S.A.","FRF":3,"FRP":3,"MRF":4,"MRP":5,"MF":36.95,"MFD":-13.14,"MQt":10.16,"MPz":4,"MPzD":-7.38,"MPr":9.86,"MRef":4}
,{"DD":"DHU IBERICA S A","FRF":4,"FRP":4,"MRF":10,"MRP":10,"MF":2.91,"MFD":-34.01,"MQt":0.8,"MPz":0.686,"MPzD":-43.6,"MPr":4.24,"MRef":1}
,{"DD":"INDAS","FRF":6,"FRP":6,"MRF":9,"MRP":2,"MF":7.97,"MFD":-8.58,"MQt":2.19,"MPz":7,"MPzD":-5.95,"MPr":1.17,"MRef":2}
,{"DD":"ISDIN","FRF":7,"FRP":7,"MRF":5,"MRP":6,"MF":34.03,"MFD":-14.6,"MQt":9.36,"MPz":3,"MPzD":-13.42,"MPr":11.62,"MRef":10}
,{"DD":"LAB LETI","FRF":8,"FRP":8,"MRF":3,"MRP":4,"MF":46.92,"MFD":-0.02,"MQt":12.9,"MPz":6,"MPzD":-1.07,"MPr":7.92,"MRef":10}
,{"DD":"RECKITT BENCKISER HEALTHCARE  S A","FRF":9,"FRP":9,"MRF":6,"MRP":7,"MF":28.88,"MFD":-2,"MQt":7.94,"MPz":2,"MPzD":-15.53,"MPr":12.66,"MRef":5}
,{"DD":"SUAVINEX","FRF":10,"FRP":10,"MRF":2,"MRP":1,"MF":57.16,"MFD":6.61,"MQt":15.72,"MPz":8,"MPzD":13.24,"MPr":7.37,"MRef":17}
,{"DD":"WELEDA","FRF":11,"FRP":11,"MRF":8,"MRP":9,"MF":12.83,"MFD":-17.74,"MQt":3.53,"MPz":1,"MPzD":-40.13,"MPr":9.1,"MRef":2}]
,"datiDettDittaC":[
{"DD":"EXPANSCIENCE","FRF":1,"FRP":1,"CRF":2,"CRP":3,"CF":31.94,"CFD":7.78,"CQt":17.37,"CPz":3,"CPzD":-5.71,"CPr":10.78,"CRef":12}
,{"DD":"BAYER HISPANIA S.L.","FRF":2,"FRP":2,"CRF":7,"CRP":8,"CF":7.05,"CFD":6.3,"CQt":3.83,"CPz":0.636,"CPzD":-0.06,"CPr":11.08,"CRef":2}
,{"DD":"SANOFI AVENTIS S.A.","FRF":3,"FRP":3,"CRF":3,"CRP":4,"CF":23.24,"CFD":19.89,"CQt":12.64,"CPz":2,"CPzD":-1.79,"CPr":9.47,"CRef":3}
,{"DD":"DHU IBERICA S A","FRF":4,"FRP":4,"CRF":10,"CRP":11,"CF":0.27,"CFD":-53.4,"CQt":0.14,"CPz":0.055,"CPzD":-56.79,"CPr":4.87,"CRef":1}
,{"DD":"INDAS","FRF":6,"FRP":6,"CRF":8,"CRP":2,"CF":5.15,"CFD":33.77,"CQt":2.8,"CPz":4,"CPzD":25,"CPr":1.31,"CRef":2}
,{"DD":"ISDIN","FRF":7,"FRP":7,"CRF":4,"CRP":6,"CF":17.13,"CFD":-5.79,"CQt":9.31,"CPz":1,"CPzD":-32.93,"CPr":11.92,"CRef":4}
,{"DD":"LAB LETI","FRF":8,"FRP":8,"CRF":5,"CRP":5,"CF":15.56,"CFD":-24.43,"CQt":8.46,"CPz":2,"CPzD":-29.03,"CPr":8,"CRef":2}
,{"DD":"RECKITT BENCKISER HEALTHCARE  S A","FRF":9,"FRP":9,"CRF":6,"CRP":7,"CF":10.61,"CFD":-25.54,"CQt":5.77,"CPz":0.927,"CPzD":-16.42,"CPr":11.44,"CRef":3}
,{"DD":"SUAVINEX","FRF":10,"FRP":10,"CRF":1,"CRP":1,"CF":35.07,"CFD":81.09,"CQt":19.07,"CPz":4,"CPzD":62.96,"CPr":9.41,"CRef":10}
,{"DD":"WELEDA","FRF":11,"FRP":11,"CRF":9,"CRP":9,"CF":2.34,"CFD":-36.19,"CQt":1.27,"CPz":0.236,"CPzD":-38.19,"CPr":9.91,"CRef":1}]
}