{
"Merceologia":"cod.me250"
,"Tempo":"12/12/2019"

,"datiTabRiass":[
{"F":664.18,"M":562.56324,"C":312.67127,"Tipo":"c","H":"dt.d0011"}
,{"F": 21.21,"M": -5.00000,"C": -2.51000,"Tipo":"i","H":"dt.d0012"}
,{"F": 65.00,"M": 87.37297,"C": 69.74545,"Tipo":"n","H":"dt.d0013"}
,{"F":  3.17,"M":  8.45000,"C": 46.69000,"Tipo":"i","H":"dt.d0026"}]
,"datiDettDittaF":[
{"DD":"VICHY","FRF":1,"FRP":1,"FF":206.3,"FFD":56.57,"FQt":34.7,"FPz":22,"FPzD":46.67,"FPr":9.38,"FRef":15,"MRF":2,"MRP":5,"CRF":5,"CRP":8}
,{"DD":"ROGER & GALLET","FRF":2,"FRP":4,"FF":141.05,"FFD":121.25,"FQt":23.72,"FPz":5,"FPzD":25,"FPr":28.21,"FRef":12,"MRF":13,"MRP":19,"CRF":13,"CRP":17}
,{"DD":"ISDIN","FRF":3,"FRP":5,"FF":62,"FFD":-10.53,"FQt":10.43,"FPz":4,"FPzD":-20,"FPr":15.5,"FRef":8,"MRF":3,"MRP":6,"CRF":4,"CRP":7}
,{"DD":"INDUSTRIAS BETER","FRF":4,"FRP":2,"FF":52,"FFD":1790.91,"FQt":8.75,"FPz":8,"FPzD":700,"FPr":6.5,"FRef":8,"MRF":17,"MRP":20,"CRF":19,"CRP":20}
,{"DD":"PIERRE FABRE IBERICA","FRF":5,"FRP":7,"FF":38.15,"FFD":null,"FQt":6.42,"FPz":2,"FPzD":null,"FPr":19.07,"FRef":4,"MRF":10,"MRP":15,"CRF":14,"CRP":13}
,{"DD":"LA ROCHE POSAY","FRF":6,"FRP":8,"FF":29,"FFD":-13.3,"FQt":4.88,"FPz":2,"FPzD":0,"FPr":14.5,"FRef":6,"MRF":6,"MRP":10,"CRF":10,"CRP":15}
,{"DD":"BDF BEIERSDORF","FRF":7,"FRP":9,"FF":26.35,"FFD":null,"FQt":4.43,"FPz":1,"FPzD":null,"FPr":26.35,"FRef":3,"MRF":8,"MRP":11,"CRF":8,"CRP":12}
,{"DD":"DISTROSUR","FRF":8,"FRP":3,"FF":15.46,"FFD":-49.08,"FQt":2.6,"FPz":8,"FPzD":-50,"FPr":1.93,"FRef":1,"MRF":19,"MRP":17,"CRF":18,"CRP":19}
,{"DD":"IAP PHARMA PARFUMS","FRF":9,"FRP":10,"FF":9.95,"FFD":null,"FQt":1.67,"FPz":1,"FPzD":null,"FPr":9.95,"FRef":3,"MRF":1,"MRP":1,"CRF":1,"CRP":2}
,{"DD":"VECTEM","FRF":10,"FRP":11,"FF":9.65,"FFD":-41.87,"FQt":1.62,"FPz":1,"FPzD":-50,"FPr":9.65,"FRef":2,"MRF":15,"MRP":18,"CRF":12,"CRP":16}]
,"datiDettDittaM":[
{"DD":"VICHY","FRF":1,"FRP":1,"MRF":2,"MRP":5,"MF":43.04,"MFD":-0.41,"MQt":8.86,"MPz":5,"MPzD":-2.22,"MPr":9.08,"MRef":14}
,{"DD":"ISDIN","FRF":3,"FRP":5,"MRF":3,"MRP":6,"MF":39.17,"MFD":-8.95,"MQt":8.06,"MPz":3,"MPzD":-17.9,"MPr":11.98,"MRef":11}
,{"DD":"PIERRE FABRE IBERICA","FRF":5,"FRP":7,"MRF":10,"MRP":15,"MF":7.84,"MFD":-7.14,"MQt":1.61,"MPz":0.719,"MPzD":-9.51,"MPr":10.9,"MRef":3}
,{"DD":"LA ROCHE POSAY","FRF":6,"FRP":8,"MRF":6,"MRP":10,"MF":18.29,"MFD":23.17,"MQt":3.77,"MPz":1,"MPzD":-13.95,"MPr":13.48,"MRef":6}
,{"DD":"BDF BEIERSDORF","FRF":7,"FRP":9,"MRF":8,"MRP":11,"MF":16.54,"MFD":-26.87,"MQt":3.41,"MPz":1,"MPzD":-31.99,"MPr":14.78,"MRef":6}
,{"DD":"IAP PHARMA PARFUMS","FRF":9,"FRP":10,"MRF":1,"MRP":1,"MF":144.98,"MFD":-0.22,"MQt":29.85,"MPz":15,"MPzD":0.51,"MPr":9.71,"MRef":42}
,{"DD":"ACOFARMA DISTRIBUCIÓN S A","FRF":12,"FRP":12,"MRF":9,"MRP":3,"MF":15.82,"MFD":18.31,"MQt":3.26,"MPz":9,"MPzD":7.63,"MPr":1.71,"MRef":15}
,{"DD":"BIODERMA-NAOS SKIN CARE","FRF":13,"FRP":13,"MRF":4,"MRP":7,"MF":32.54,"MFD":12.53,"MQt":6.7,"MPz":2,"MPzD":-12.94,"MPr":13.26,"MRef":4}
,{"DD":"INTERAPOTHEK","FRF":16,"FRP":16,"MRF":7,"MRP":2,"MF":17.37,"MFD":4.05,"MQt":3.58,"MPz":10,"MPzD":27.5,"MPr":1.67,"MRef":24}
,{"DD":"LAB LETI","FRF":18,"FRP":18,"MRF":5,"MRP":8,"MF":27.51,"MFD":-4.38,"MQt":5.66,"MPz":2,"MPzD":7.25,"MPr":14.93,"MRef":3}]
,"datiDettDittaC":[
{"DD":"VICHY","FRF":1,"FRP":1,"CRF":5,"CRP":8,"CF":12.2,"CFD":-9.46,"CQt":4.73,"CPz":1,"CPzD":-35.29,"CPr":9.59,"CRef":5}
,{"DD":"ISDIN","FRF":3,"FRP":5,"CRF":4,"CRP":7,"CF":16.75,"CFD":6.16,"CQt":6.49,"CPz":1,"CPzD":-16.67,"CPr":12.45,"CRef":4}
,{"DD":"LA ROCHE POSAY","FRF":6,"FRP":8,"CRF":10,"CRP":15,"CF":3.25,"CFD":175.76,"CQt":1.26,"CPz":0.2,"CPzD":175,"CPr":16.23,"CRef":0}
,{"DD":"BDF BEIERSDORF","FRF":7,"FRP":9,"CRF":8,"CRP":12,"CF":8.51,"CFD":-13.76,"CQt":3.3,"CPz":0.509,"CPzD":-24.34,"CPr":16.72,"CRef":2}
,{"DD":"IAP PHARMA PARFUMS","FRF":9,"FRP":10,"CRF":1,"CRP":2,"CF":95.19,"CFD":21.92,"CQt":36.9,"CPz":10,"CPzD":23.6,"CPr":9.55,"CRef":34}
,{"DD":"ACOFARMA DISTRIBUCIÓN S A","FRF":12,"FRP":12,"CRF":7,"CRP":5,"CF":8.7,"CFD":-25.46,"CQt":3.37,"CPz":4,"CPzD":-27.15,"CPr":2.23,"CRef":15}
,{"DD":"BIODERMA-NAOS SKIN CARE","FRF":13,"FRP":13,"CRF":3,"CRP":6,"CF":18.26,"CFD":22.59,"CQt":7.08,"CPz":1,"CPzD":-9.84,"CPr":13.04,"CRef":3}
,{"DD":"COFARES","FRF":14,"FRP":14,"CRF":9,"CRP":1,"CF":6.91,"CFD":141.7,"CQt":2.68,"CPz":22,"CPzD":1950.85,"CPr":0.32,"CRef":10}
,{"DD":"INTERAPOTHEK","FRF":16,"FRP":16,"CRF":2,"CRP":3,"CF":18.39,"CFD":-0.34,"CQt":7.13,"CPz":8,"CPzD":-2.44,"CPr":2.18,"CRef":21}
,{"DD":"LAB LETI","FRF":18,"FRP":18,"CRF":6,"CRP":10,"CF":12.13,"CFD":6.63,"CQt":4.7,"CPz":0.764,"CPzD":-2.28,"CPr":15.89,"CRef":2}]
}