{
"Merceologia":"cod.me290"
,"Tempo":"12/12/2019"

,"datiTabRiass":[
{"F":344.70,"M":308.27346,"C":143.13855,"Tipo":"c","H":"dt.d0011"}
,{"F":-10.59,"M": -6.64000,"C":-12.29000,"Tipo":"i","H":"dt.d0012"}
,{"F": 34.00,"M": 33.10811,"C": 16.07273,"Tipo":"n","H":"dt.d0013"}
,{"F":-22.73,"M": -9.85000,"C":-18.07000,"Tipo":"i","H":"dt.d0026"}]
,"datiDettDittaF":[
{"DD":"VICHY","FRF":1,"FRP":1,"FF":114.65,"FFD":null,"FQt":33.26,"FPz":13,"FPzD":null,"FPr":8.82,"FRef":4,"MRF":10,"MRP":10,"CRF":13,"CRP":12}
,{"DD":"CAUDALIE","FRF":2,"FRP":2,"FF":66.3,"FFD":23.46,"FQt":19.23,"FPz":7,"FPzD":16.67,"FPr":9.47,"FRef":1,"MRF":6,"MRP":6,"CRF":6,"CRP":5}
,{"DD":"ISDIN","FRF":3,"FRP":3,"FF":52.55,"FFD":289.26,"FQt":15.25,"FPz":2,"FPzD":100,"FPr":26.27,"FRef":4,"MRF":3,"MRP":3,"CRF":2,"CRP":3}
,{"DD":"HULKA","FRF":4,"FRP":6,"FF":23.5,"FFD":null,"FQt":6.82,"FPz":1,"FPzD":null,"FPr":23.5,"FRef":1,"MRF":11,"MRP":14,"CRF":12,"CRP":14}
,{"DD":"JOHNSON & JOHNSON","FRF":5,"FRP":4,"FF":19.1,"FFD":-76.41,"FQt":5.54,"FPz":2,"FPzD":-71.43,"FPr":9.55,"FRef":8,"MRF":1,"MRP":1,"CRF":1,"CRP":1}
,{"DD":"FERRER INTERNACIONAL","FRF":6,"FRP":5,"FF":17,"FFD":null,"FQt":4.93,"FPz":2,"FPzD":null,"FPr":8.5,"FRef":1,"MRF":13,"MRP":13,"CRF":11,"CRP":10}
,{"DD":"COSMECLINIK","FRF":7,"FRP":7,"FF":15.95,"FFD":-23.87,"FQt":4.63,"FPz":1,"FPzD":0,"FPr":15.95,"FRef":1,"MRF":15,"MRP":15,"CRF":14,"CRP":15}
,{"DD":"RECKITT BENCKISER HEALTHCARE  S A","FRF":8,"FRP":8,"FF":9.95,"FFD":11.17,"FQt":2.89,"FPz":1,"FPzD":0,"FPr":9.95,"FRef":9,"MRF":4,"MRP":5,"CRF":5,"CRP":9}
,{"DD":"BAYER HISPANIA S.L.","FRF":9,"FRP":9,"FF":9.5,"FFD":-3.55,"FQt":2.76,"FPz":1,"FPzD":0,"FPr":9.5,"FRef":2,"MRF":2,"MRP":2,"CRF":3,"CRP":2}
,{"DD":"VECTEM","FRF":10,"FRP":10,"FF":8.65,"FFD":null,"FQt":2.51,"FPz":1,"FPzD":null,"FPr":8.65,"FRef":2,"MRF":8,"MRP":9,"CRF":8,"CRP":7}]
,"datiDettDittaM":[
{"DD":"VICHY","FRF":1,"FRP":1,"MRF":10,"MRP":10,"MF":4.74,"MFD":7427.04,"MQt":1.6,"MPz":0.573,"MPzD":5200.25,"MPr":8.28,"MRef":3}
,{"DD":"CAUDALIE","FRF":2,"FRP":2,"MRF":6,"MRP":6,"MF":10.98,"MFD":-4.74,"MQt":3.69,"MPz":1,"MPzD":-28.57,"MPr":8.61,"MRef":1}
,{"DD":"ISDIN","FRF":3,"FRP":3,"MRF":3,"MRP":3,"MF":32.33,"MFD":76.38,"MQt":10.87,"MPz":2,"MPzD":80.49,"MPr":15.95,"MRef":5}
,{"DD":"JOHNSON & JOHNSON","FRF":5,"FRP":4,"MRF":1,"MRP":1,"MF":69.26,"MFD":-10.01,"MQt":23.3,"MPz":7,"MPzD":-13.72,"MPr":9.46,"MRef":12}
,{"DD":"RECKITT BENCKISER HEALTHCARE  S A","FRF":8,"FRP":8,"MRF":4,"MRP":5,"MF":21.03,"MFD":-48.23,"MQt":7.07,"MPz":1,"MPzD":-54.43,"MPr":16.41,"MRef":7}
,{"DD":"BAYER HISPANIA S.L.","FRF":9,"FRP":9,"MRF":2,"MRP":2,"MF":34.1,"MFD":10.49,"MQt":11.47,"MPz":4,"MPzD":9.63,"MPr":8.68,"MRef":2}
,{"DD":"VECTEM","FRF":10,"FRP":10,"MRF":8,"MRP":9,"MF":8.78,"MFD":7.41,"MQt":2.95,"MPz":0.941,"MPzD":3.01,"MPr":9.34,"MRef":3}
,{"DD":"NEUSC","FRF":11,"FRP":11,"MRF":9,"MRP":8,"MF":5.84,"MFD":-19.59,"MQt":1.96,"MPz":1,"MPzD":-26,"MPr":5.27,"MRef":2}
,{"DD":"BDF BEIERSDORF","FRF":12,"FRP":14,"MRF":7,"MRP":7,"MF":9.59,"MFD":-4.75,"MQt":3.23,"MPz":1,"MPzD":-28.57,"MPr":8.21,"MRef":2}
,{"DD":"VIÑAS","FRF":15,"FRP":15,"MRF":5,"MRP":4,"MF":16.58,"MFD":-17.91,"MQt":5.58,"MPz":2,"MPzD":-20.09,"MPr":8.43,"MRef":5}]
,"datiDettDittaC":[
{"DD":"CAUDALIE","FRF":2,"FRP":2,"CRF":6,"CRP":5,"CF":5.82,"CFD":90.65,"CQt":4.24,"CPz":0.691,"CPzD":72.75,"CPr":8.42,"CRef":1}
,{"DD":"ISDIN","FRF":3,"FRP":3,"CRF":2,"CRP":3,"CF":15.08,"CFD":51.47,"CQt":10.97,"CPz":1,"CPzD":66.67,"CPr":13.82,"CRef":4}
,{"DD":"JOHNSON & JOHNSON","FRF":5,"FRP":4,"CRF":1,"CRP":1,"CF":24.47,"CFD":-17.28,"CQt":17.81,"CPz":2,"CPzD":-36.78,"CPr":9.82,"CRef":8}
,{"DD":"RECKITT BENCKISER HEALTHCARE  S A","FRF":8,"FRP":8,"CRF":5,"CRP":9,"CF":8.35,"CFD":-46.23,"CQt":6.08,"CPz":0.473,"CPzD":-49.97,"CPr":17.66,"CRef":4}
,{"DD":"BAYER HISPANIA S.L.","FRF":9,"FRP":9,"CRF":3,"CRP":2,"CF":14.74,"CFD":-28.22,"CQt":10.73,"CPz":2,"CPzD":-17.29,"CPr":8.44,"CRef":2}
,{"DD":"VECTEM","FRF":10,"FRP":10,"CRF":8,"CRP":7,"CF":4.94,"CFD":49.28,"CQt":3.59,"CPz":0.509,"CPzD":39.98,"CPr":9.7,"CRef":2}
,{"DD":"NEUSC","FRF":11,"FRP":11,"CRF":9,"CRP":8,"CF":2.65,"CFD":-33.96,"CQt":1.93,"CPz":0.491,"CPzD":-34.13,"CPr":5.4,"CRef":2}
,{"DD":"BDF BEIERSDORF","FRF":12,"FRP":14,"CRF":7,"CRP":6,"CF":5.32,"CFD":-18.07,"CQt":3.87,"CPz":0.618,"CPzD":-24.47,"CPr":8.6,"CRef":1}
,{"DD":"PEUSEK","FRF":14,"FRP":13,"CRF":10,"CRP":11,"CF":1.4,"CFD":-27.56,"CQt":1.02,"CPz":0.2,"CPzD":-35.29,"CPr":7,"CRef":1}
,{"DD":"VIÑAS","FRF":15,"FRP":15,"CRF":4,"CRP":4,"CF":9.22,"CFD":-18.85,"CQt":6.71,"CPz":1,"CPzD":-33.73,"CPr":8.59,"CRef":3}]
}