{
"Merceologia":"cod.me300"
,"Tempo":"12/12/2019"

,"datiTabRiass":[
{"F":3723.65,"M":8043.1966,"C":5267.066,"Tipo":"c","H":"dt.d0011"}
,{"F":   7.34,"M":  -4.1100,"C":  -2.800,"Tipo":"i","H":"dt.d0012"}
,{"F": 398.00,"M": 684.1784,"C": 406.600,"Tipo":"n","H":"dt.d0013"}
,{"F":   0.76,"M":  -5.2700,"C":  -2.100,"Tipo":"i","H":"dt.d0026"}]
,"datiDettDittaF":[
{"DD":"PROCTER & GAMBLE ESPAÑA","FRF":1,"FRP":8,"FF":329.26,"FFD":201.66,"FQt":9.7,"FPz":12,"FPzD":20,"FPr":27.44,"FRef":15,"MRF":4,"MRP":8,"CRF":4,"CRP":9}
,{"DD":"BARNA IMPORT MEDICA","FRF":2,"FRP":14,"FF":316.2,"FFD":-0.25,"FQt":9.32,"FPz":6,"FPzD":-14.29,"FPr":52.7,"FRef":7,"MRF":9,"MRP":23,"CRF":9,"CRP":20}
,{"DD":"ROCHE DIAGNOSTICS","FRF":3,"FRP":15,"FF":274.36,"FFD":165.88,"FQt":8.08,"FPz":6,"FPzD":200,"FPr":45.73,"FRef":12,"MRF":5,"MRP":9,"CRF":7,"CRP":6}
,{"DD":"INDAS","FRF":4,"FRP":5,"FF":230.02,"FFD":-45.25,"FQt":6.78,"FPz":14,"FPzD":-6.67,"FPr":16.43,"FRef":10,"MRF":1,"MRP":3,"CRF":1,"CRP":3}
,{"DD":"COLOPLAST","FRF":5,"FRP":17,"FF":205.19,"FFD":143.72,"FQt":6.04,"FPz":5,"FPzD":400,"FPr":41.04,"FRef":10,"MRF":3,"MRP":14,"CRF":2,"CRP":11}
,{"DD":"BSN MEDICAL","FRF":6,"FRP":1,"FF":197.45,"FFD":7.35,"FQt":5.82,"FPz":48,"FPzD":17.07,"FPr":4.11,"FRef":53,"MRF":37,"MRP":16,"CRF":34,"CRP":16}
,{"DD":"RECKITT BENCKISER HEALTHCARE  S A","FRF":7,"FRP":4,"FF":169.85,"FFD":-53.59,"FQt":5,"FPz":21,"FPzD":-32.26,"FPr":8.09,"FRef":26,"MRF":7,"MRP":7,"CRF":15,"CRP":10}
,{"DD":"SCA HYGIENE PRODUCTS, S.L.","FRF":8,"FRP":16,"FF":140.21,"FFD":28.05,"FQt":4.13,"FPz":6,"FPzD":-14.29,"FPr":23.37,"FRef":6,"MRF":6,"MRP":20,"CRF":5,"CRP":15}
,{"DD":"HARTMANN","FRF":9,"FRP":12,"FF":131.26,"FFD":84.43,"FQt":3.87,"FPz":9,"FPzD":-25,"FPr":14.58,"FRef":19,"MRF":2,"MRP":1,"CRF":3,"CRP":1}
,{"DD":"DISTROSUR","FRF":10,"FRP":3,"FF":118.4,"FFD":-47.29,"FQt":3.49,"FPz":32,"FPzD":-8.57,"FPr":3.7,"FRef":20,"MRF":58,"MRP":55,"CRF":59,"CRP":56}]
,"datiDettDittaM":[
{"DD":"PROCTER & GAMBLE ESPAÑA","FRF":1,"FRP":8,"MRF":4,"MRP":8,"MF":434.65,"MFD":-0.96,"MQt":6.03,"MPz":20,"MPzD":5.99,"MPr":21.71,"MRef":22}
,{"DD":"BARNA IMPORT MEDICA","FRF":2,"FRP":14,"MRF":9,"MRP":23,"MF":232.28,"MFD":11.19,"MQt":3.22,"MPz":6,"MPzD":16.23,"MPr":39.86,"MRef":9}
,{"DD":"ROCHE DIAGNOSTICS","FRF":3,"FRP":15,"MRF":5,"MRP":9,"MF":308.37,"MFD":-6.19,"MQt":4.28,"MPz":19,"MPzD":-20.17,"MPr":16.19,"MRef":45}
,{"DD":"INDAS","FRF":4,"FRP":5,"MRF":1,"MRP":3,"MF":757.63,"MFD":10.27,"MQt":10.51,"MPz":32,"MPzD":9.53,"MPr":24.01,"MRef":37}
,{"DD":"COLOPLAST","FRF":5,"FRP":17,"MRF":3,"MRP":14,"MF":494.69,"MFD":-2.93,"MQt":6.86,"MPz":11,"MPzD":-2.16,"MPr":46.6,"MRef":41}
,{"DD":"RECKITT BENCKISER HEALTHCARE  S A","FRF":7,"FRP":4,"MRF":7,"MRP":7,"MF":256.5,"MFD":-3.75,"MQt":3.56,"MPz":23,"MPzD":-7.58,"MPr":11.18,"MRef":47}
,{"DD":"SCA HYGIENE PRODUCTS, S.L.","FRF":8,"FRP":16,"MRF":6,"MRP":20,"MF":260.37,"MFD":-15.71,"MQt":3.61,"MPz":7,"MPzD":-17.41,"MPr":34.8,"MRef":13}
,{"DD":"HARTMANN","FRF":9,"FRP":12,"MRF":2,"MRP":1,"MF":504.86,"MFD":8.08,"MQt":7,"MPz":76,"MPzD":0.92,"MPr":6.67,"MRef":135}
,{"DD":"HOLLISTER IB","FRF":12,"FRP":20,"MRF":10,"MRP":24,"MF":218.65,"MFD":3.04,"MQt":3.03,"MPz":6,"MPzD":8.61,"MPr":35.64,"MRef":18}
,{"DD":"CINFA","FRF":31,"FRP":36,"MRF":8,"MRP":6,"MF":250.07,"MFD":-4.39,"MQt":3.47,"MPz":25,"MPzD":-5.52,"MPr":9.93,"MRef":71}]
,"datiDettDittaC":[
{"DD":"PROCTER & GAMBLE ESPAÑA","FRF":1,"FRP":8,"CRF":4,"CRP":9,"CF":304.58,"CFD":-14.62,"CQt":6.12,"CPz":10,"CPzD":-11.86,"CPr":29.97,"CRef":15}
,{"DD":"BARNA IMPORT MEDICA","FRF":2,"FRP":14,"CRF":9,"CRP":20,"CF":183.24,"CFD":2.98,"CQt":3.68,"CPz":5,"CPzD":10.89,"CPr":38.91,"CRef":8}
,{"DD":"ROCHE DIAGNOSTICS","FRF":3,"FRP":15,"CRF":7,"CRP":6,"CF":196.94,"CFD":1.8,"CQt":3.96,"CPz":12,"CPzD":-9.71,"CPr":15.84,"CRef":20}
,{"DD":"INDAS","FRF":4,"FRP":5,"CRF":1,"CRP":3,"CF":609.39,"CFD":9.23,"CQt":12.25,"CPz":23,"CPzD":3.01,"CPr":26.33,"CRef":32}
,{"DD":"COLOPLAST","FRF":5,"FRP":17,"CRF":2,"CRP":11,"CF":354.57,"CFD":-4.71,"CQt":7.13,"CPz":8,"CPzD":-7.17,"CPr":43.82,"CRef":37}
,{"DD":"SCA HYGIENE PRODUCTS, S.L.","FRF":8,"FRP":16,"CRF":5,"CRP":15,"CF":225.37,"CFD":-7.24,"CQt":4.53,"CPz":7,"CPzD":2.39,"CPr":34.05,"CRef":14}
,{"DD":"HARTMANN","FRF":9,"FRP":12,"CRF":3,"CRP":1,"CF":310.01,"CFD":2.29,"CQt":6.23,"CPz":43,"CPzD":3.96,"CPr":7.19,"CRef":111}
,{"DD":"HOLLISTER IB","FRF":12,"FRP":20,"CRF":10,"CRP":21,"CF":162.45,"CFD":-3.4,"CQt":3.26,"CPz":5,"CPzD":8.27,"CPr":35.74,"CRef":16}
,{"DD":"BAYER HISPANIA S.L.","FRF":52,"FRP":52,"CRF":8,"CRP":18,"CF":188.41,"CFD":16.82,"CQt":3.79,"CPz":6,"CPzD":2.8,"CPr":30.66,"CRef":3}
,{"DD":"LIFESCAN ESPAÑA","FRF":62,"FRP":62,"CRF":6,"CRP":17,"CF":206.65,"CFD":0.49,"CQt":4.15,"CPz":6,"CPzD":-17.5,"CPr":32.2,"CRef":4}]
}