{
"Merceologia":"cod.me310"
,"Tempo":"12/12/2019"

,"datiTabRiass":[
{"F":350.29,"M":534.31649,"C":283.23345,"Tipo":"c","H":"dt.d0011"}
,{"F": -6.58,"M":-10.33000,"C": -1.20000,"Tipo":"i","H":"dt.d0012"}
,{"F": 57.00,"M": 99.02162,"C": 55.27273,"Tipo":"n","H":"dt.d0013"}
,{"F": 39.02,"M": -1.91000,"C":  7.65000,"Tipo":"i","H":"dt.d0026"}]
,"datiDettDittaF":[
{"DD":"ROCHE DIAGNOSTICS","FRF":1,"FRP":3,"FF":183.41,"FFD":205.94,"FQt":52.36,"FPz":3,"FPzD":200,"FPr":61.14,"FRef":4,"MRF":5,"MRP":8,"CRF":5,"CRP":8}
,{"DD":"SANDOZ FARMACEUTICA S.A.","FRF":2,"FRP":4,"FF":88.92,"FFD":85.64,"FQt":25.38,"FPz":2,"FPzD":100,"FPr":44.46,"FRef":2,"MRF":9,"MRP":9,"CRF":9,"CRP":9}
,{"DD":"NOVICO MCA","FRF":3,"FRP":1,"FF":32.21,"FFD":135.97,"FQt":9.2,"FPz":47,"FPzD":95.83,"FPr":0.69,"FRef":13,"MRF":6,"MRP":2,"CRF":7,"CRP":2}
,{"DD":"DISTROSUR","FRF":4,"FRP":2,"FF":27.8,"FFD":-59.51,"FQt":7.94,"FPz":4,"FPzD":-60,"FPr":6.95,"FRef":2,"MRF":10,"MRP":10,"CRF":10,"CRP":10}
,{"DD":"BECTON & DICKINSON","FRF":5,"FRP":5,"FF":17.95,"FFD":null,"FQt":5.12,"FPz":1,"FPzD":null,"FPr":17.95,"FRef":3,"MRF":3,"MRP":3,"CRF":2,"CRP":3}
,{"DD":"ACOFARMA DISTRIBUCIÓN S A","FRF":6,"FRP":6,"FF":0,"FFD":null,"FQt":0,"FPz":0,"FPzD":null,"FPr":null,"FRef":1,"MRF":4,"MRP":1,"CRF":4,"CRP":1}
,{"DD":"ARTSANA","FRF":7,"FRP":7,"FF":0,"FFD":null,"FQt":0,"FPz":0,"FPzD":null,"FPr":null,"FRef":0,"MRF":8,"MRP":6,"CRF":8,"CRP":7}
,{"DD":"GLAXO SMITHKLINE","FRF":8,"FRP":8,"FF":0,"FFD":null,"FQt":0,"FPz":0,"FPzD":null,"FPr":null,"FRef":0,"MRF":7,"MRP":7,"CRF":6,"CRP":6}
,{"DD":"HARTMANN","FRF":9,"FRP":9,"FF":0,"FFD":null,"FQt":0,"FPz":0,"FPzD":null,"FPr":null,"FRef":1,"MRF":2,"MRP":5,"CRF":3,"CRP":5}
,{"DD":"KEYLAB MEDICAL","FRF":10,"FRP":10,"FF":0,"FFD":null,"FQt":0,"FPz":0,"FPzD":null,"FPr":null,"FRef":2,"MRF":1,"MRP":4,"CRF":1,"CRP":4}]
,"datiDettDittaM":[
{"DD":"ROCHE DIAGNOSTICS","FRF":1,"FRP":3,"MRF":5,"MRP":8,"MF":26.58,"MFD":16.31,"MQt":5.47,"MPz":1,"MPzD":49.19,"MPr":25.48,"MRef":4}
,{"DD":"SANDOZ FARMACEUTICA S.A.","FRF":2,"FRP":4,"MRF":9,"MRP":9,"MF":10.32,"MFD":-3.97,"MQt":2.13,"MPz":0.254,"MPzD":-4.1,"MPr":40.63,"MRef":0}
,{"DD":"NOVICO MCA","FRF":3,"FRP":1,"MRF":6,"MRP":2,"MF":19.88,"MFD":-14.52,"MQt":4.09,"MPz":27,"MPzD":-9.1,"MPr":0.75,"MRef":27}
,{"DD":"DISTROSUR","FRF":4,"FRP":2,"MRF":10,"MRP":10,"MF":0.95,"MFD":-67.36,"MQt":0.2,"MPz":0.103,"MPzD":-61.89,"MPr":9.27,"MRef":0}
,{"DD":"BECTON & DICKINSON","FRF":5,"FRP":5,"MRF":3,"MRP":3,"MF":37.4,"MFD":-0.7,"MQt":7.7,"MPz":10,"MPzD":15.26,"MPr":3.92,"MRef":12}
,{"DD":"ACOFARMA DISTRIBUCIÓN S A","FRF":6,"FRP":6,"MRF":4,"MRP":1,"MF":35.03,"MFD":13.45,"MQt":7.21,"MPz":27,"MPzD":8.71,"MPr":1.3,"MRef":10}
,{"DD":"ARTSANA","FRF":7,"FRP":7,"MRF":8,"MRP":6,"MF":18.89,"MFD":-24.62,"MQt":3.89,"MPz":3,"MPzD":-2.46,"MPr":5.76,"MRef":7}
,{"DD":"GLAXO SMITHKLINE","FRF":8,"FRP":8,"MRF":7,"MRP":7,"MF":19.2,"MFD":2994.35,"MQt":3.95,"MPz":2,"MPzD":12233.33,"MPr":9.89,"MRef":3}
,{"DD":"HARTMANN","FRF":9,"FRP":9,"MRF":2,"MRP":5,"MF":62.68,"MFD":-1.99,"MQt":12.91,"MPz":4,"MPzD":11.61,"MPr":16.26,"MRef":7}
,{"DD":"KEYLAB MEDICAL","FRF":10,"FRP":10,"MRF":1,"MRP":4,"MF":75.45,"MFD":-7.42,"MQt":15.54,"MPz":4,"MPzD":-16.95,"MPr":17.45,"MRef":4}]
,"datiDettDittaC":[
{"DD":"ROCHE DIAGNOSTICS","FRF":1,"FRP":3,"CRF":5,"CRP":8,"CF":16.05,"CFD":-31.35,"CQt":6.19,"CPz":0.418,"CPzD":-11.58,"CPr":38.38,"CRef":2}
,{"DD":"SANDOZ FARMACEUTICA S.A.","FRF":2,"FRP":4,"CRF":9,"CRP":9,"CF":3.92,"CFD":-31.36,"CQt":1.51,"CPz":0.109,"CPzD":-25.06,"CPr":35.9,"CRef":0}
,{"DD":"NOVICO MCA","FRF":3,"FRP":1,"CRF":7,"CRP":2,"CF":11.17,"CFD":-1.44,"CQt":4.31,"CPz":14,"CPzD":40.51,"CPr":0.82,"CRef":20}
,{"DD":"DISTROSUR","FRF":4,"FRP":2,"CRF":10,"CRP":10,"CF":0.3,"CFD":-68.2,"CQt":0.11,"CPz":0.036,"CPzD":-67,"CPr":8.15,"CRef":0}
,{"DD":"BECTON & DICKINSON","FRF":5,"FRP":5,"CRF":2,"CRP":3,"CF":32.96,"CFD":8.65,"CQt":12.7,"CPz":8,"CPzD":5.01,"CPr":4.38,"CRef":9}
,{"DD":"ACOFARMA DISTRIBUCIÓN S A","FRF":6,"FRP":6,"CRF":4,"CRP":1,"CF":16.59,"CFD":-5.26,"CQt":6.39,"CPz":17,"CPzD":3.43,"CPr":0.98,"CRef":8}
,{"DD":"ARTSANA","FRF":7,"FRP":7,"CRF":8,"CRP":7,"CF":7.65,"CFD":4.85,"CQt":2.95,"CPz":0.436,"CPzD":-0.08,"CPr":17.54,"CRef":4}
,{"DD":"GLAXO SMITHKLINE","FRF":8,"FRP":8,"CRF":6,"CRP":6,"CF":14.04,"CFD":null,"CQt":5.41,"CPz":1,"CPzD":null,"CPr":9.78,"CRef":2}
,{"DD":"HARTMANN","FRF":9,"FRP":9,"CRF":3,"CRP":5,"CF":29.82,"CFD":-18.14,"CQt":11.49,"CPz":2,"CPzD":-1.79,"CPr":17.08,"CRef":6}
,{"DD":"KEYLAB MEDICAL","FRF":10,"FRP":10,"CRF":1,"CRP":4,"CF":35.14,"CFD":5.47,"CQt":13.55,"CPz":2,"CPzD":-0.9,"CPr":16.81,"CRef":3}]
}