{
"Merceologia":"cod.me320"
,"Tempo":"12/12/2019"

,"datiTabRiass":[
{"F": 79.30,"M":263.08681,"C": 86.883455,"Tipo":"c","H":"dt.d0011"}
,{"F":-40.80,"M":-27.63000,"C":-45.600000,"Tipo":"i","H":"dt.d0012"}
,{"F":  5.00,"M": 11.03243,"C":  8.854545,"Tipo":"n","H":"dt.d0013"}
,{"F":-44.44,"M":-13.26000,"C":-12.880000,"Tipo":"i","H":"dt.d0026"}]
,"datiDettDittaF":[
{"DD":"SCA HYGIENE PRODUCTS, S.L.","FRF":1,"FRP":1,"FF":70.35,"FFD":-35.75,"FQt":88.71,"FPz":4,"FPzD":-42.86,"FPr":17.59,"FRef":2,"MRF":2,"MRP":2,"CRF":2,"CRP":2}
,{"DD":"PROCTER & GAMBLE ESPAÑA","FRF":2,"FRP":2,"FF":8.95,"FFD":-63.39,"FQt":11.29,"FPz":1,"FPzD":-50,"FPr":8.95,"FRef":3,"MRF":3,"MRP":3,"CRF":3,"CRP":3}
,{"DD":"INDAS","FRF":3,"FRP":3,"FF":0,"FFD":null,"FQt":0,"FPz":0,"FPzD":null,"FPr":null,"FRef":1,"MRF":1,"MRP":1,"CRF":1,"CRP":1}]
,"datiDettDittaM":[
{"DD":"SCA HYGIENE PRODUCTS, S.L.","FRF":1,"FRP":1,"MRF":2,"MRP":2,"MF":10.1,"MFD":4.69,"MQt":15.54,"MPz":0.67,"MPzD":5.94,"MPr":15.06,"MRef":2}
,{"DD":"PROCTER & GAMBLE ESPAÑA","FRF":2,"FRP":2,"MRF":3,"MRP":3,"MF":4.03,"MFD":-29.67,"MQt":6.2,"MPz":0.368,"MPzD":-40.8,"MPr":10.96,"MRef":3}
,{"DD":"INDAS","FRF":3,"FRP":3,"MRF":1,"MRP":1,"MF":25.07,"MFD":-2.15,"MQt":38.58,"MPz":2,"MPzD":-4.88,"MPr":13.03,"MRef":6}]
,"datiDettDittaC":[
{"DD":"SCA HYGIENE PRODUCTS, S.L.","FRF":1,"FRP":1,"CRF":2,"CRP":2,"CF":6.87,"CFD":31.99,"CQt":16.12,"CPz":0.491,"CPzD":35.02,"CPr":13.99,"CRef":2}
,{"DD":"PROCTER & GAMBLE ESPAÑA","FRF":2,"FRP":2,"CRF":3,"CRP":3,"CF":1.79,"CFD":78.51,"CQt":4.21,"CPz":0.145,"CPzD":59.5,"CPr":12.34,"CRef":0}
,{"DD":"INDAS","FRF":3,"FRP":3,"CRF":1,"CRP":1,"CF":15.75,"CFD":9.42,"CQt":36.98,"CPz":1,"CPzD":-17.91,"CPr":12.55,"CRef":3}]
}