{
"Merceologia":"cod.me52"
,"Tempo":"12/12/2019"

,"datiTabRiass":[
{"F":343.48,"M":1682.8083,"C":541.58509,"Tipo":"c","H":"dt.d0011"}
,{"F":203.94,"M":  -9.4800,"C": -0.09000,"Tipo":"i","H":"dt.d0012"}
,{"F": 20.00,"M": 181.8703,"C": 53.90909,"Tipo":"n","H":"dt.d0013"}
,{"F": 25.00,"M": -14.7600,"C": -8.09000,"Tipo":"i","H":"dt.d0026"}]
,"datiDettDittaF":[
{"DD":"ORDESA","FRF":1,"FRP":1,"FF":148.63,"FFD":-24.63,"FQt":47.64,"FPz":11,"FPzD":0,"FPr":13.51,"FRef":20,"MRF":1,"MRP":3,"CRF":3,"CRP":5}
,{"DD":"NESTLE ESPAÑA","FRF":2,"FRP":2,"FF":147.25,"FFD":279.51,"FQt":47.2,"FPz":6,"FPzD":50,"FPr":24.54,"FRef":9,"MRF":3,"MRP":2,"CRF":2,"CRP":4}
,{"DD":"NUMIL NUTRICION","FRF":3,"FRP":3,"FF":15,"FFD":-111.54,"FQt":4.81,"FPz":1,"FPzD":-125,"FPr":15,"FRef":3,"MRF":2,"MRP":4,"CRF":1,"CRP":3}
,{"DD":"ALTER FARMACIA","FRF":4,"FRP":4,"FF":1.1,"FFD":-84.29,"FQt":0.35,"FPz":1,"FPzD":-80,"FPr":1.1,"FRef":9,"MRF":4,"MRP":1,"CRF":4,"CRP":1}
,{"DD":"FERRER INTERNACIONAL","FRF":5,"FRP":5,"FF":0,"FFD":null,"FQt":0,"FPz":0,"FPzD":null,"FPr":null,"FRef":0,"MRF":7,"MRP":8,"CRF":7,"CRP":7}
,{"DD":"HERO","FRF":6,"FRP":6,"FF":0,"FFD":null,"FQt":0,"FPz":0,"FPzD":null,"FPr":null,"FRef":0,"MRF":6,"MRP":5,"CRF":5,"CRP":2}
,{"DD":"LACTALIS NUTRICION IB","FRF":7,"FRP":7,"FF":0,"FFD":null,"FQt":0,"FPz":0,"FPzD":null,"FPr":null,"FRef":2,"MRF":8,"MRP":9,"CRF":8,"CRP":8}
,{"DD":"MEAD JOHNSON","FRF":8,"FRP":8,"FF":0,"FFD":null,"FQt":0,"FPz":0,"FPzD":null,"FPr":null,"FRef":0,"MRF":5,"MRP":6,"CRF":6,"CRP":6}
,{"DD":"PULEVA","FRF":9,"FRP":9,"FF":0,"FFD":null,"FQt":0,"FPz":0,"FPzD":null,"FPr":null,"FRef":0,"MRF":9,"MRP":7,"CRF":9,"CRP":9}]
,"datiDettDittaM":[
{"DD":"ORDESA","FRF":1,"FRP":1,"MRF":1,"MRP":3,"MF":345.59,"MFD":0.91,"MQt":21.84,"MPz":22,"MPzD":-10.37,"MPr":15.84,"MRef":36}
,{"DD":"NESTLE ESPAÑA","FRF":2,"FRP":2,"MRF":3,"MRP":2,"MF":303.86,"MFD":-2.06,"MQt":19.2,"MPz":32,"MPzD":-5.42,"MPr":9.62,"MRef":82}
,{"DD":"NUMIL NUTRICION","FRF":3,"FRP":3,"MRF":2,"MRP":4,"MF":335.08,"MFD":-6.41,"MQt":21.17,"MPz":20,"MPzD":-7.98,"MPr":16.78,"MRef":28}
,{"DD":"ALTER FARMACIA","FRF":4,"FRP":4,"MRF":4,"MRP":1,"MF":270.32,"MFD":-17.6,"MQt":17.08,"MPz":60,"MPzD":-19.12,"MPr":4.51,"MRef":127}
,{"DD":"FERRER INTERNACIONAL","FRF":5,"FRP":5,"MRF":7,"MRP":8,"MF":44.8,"MFD":-55.28,"MQt":2.83,"MPz":3,"MPzD":-55.42,"MPr":16.09,"MRef":11}
,{"DD":"HERO","FRF":6,"FRP":6,"MRF":6,"MRP":5,"MF":83.22,"MFD":-13.58,"MQt":5.26,"MPz":17,"MPzD":-23.81,"MPr":4.78,"MRef":45}
,{"DD":"LACTALIS NUTRICION IB","FRF":7,"FRP":7,"MRF":8,"MRP":9,"MF":34.55,"MFD":34.62,"MQt":2.18,"MPz":3,"MPzD":-11.62,"MPr":10.11,"MRef":14}
,{"DD":"MEAD JOHNSON","FRF":8,"FRP":8,"MRF":5,"MRP":6,"MF":122.9,"MFD":-3.36,"MQt":7.77,"MPz":7,"MPzD":-10.07,"MPr":18.16,"MRef":4}
,{"DD":"PULEVA","FRF":9,"FRP":9,"MRF":9,"MRP":7,"MF":5.96,"MFD":22.29,"MQt":0.38,"MPz":5,"MPzD":23.33,"MPr":1.26,"MRef":2}]
,"datiDettDittaC":[
{"DD":"ORDESA","FRF":1,"FRP":1,"CRF":3,"CRP":5,"CF":103.45,"CFD":6.99,"CQt":19.72,"CPz":6,"CPzD":-7.04,"CPr":16.07,"CRef":21}
,{"DD":"NESTLE ESPAÑA","FRF":2,"FRP":2,"CRF":2,"CRP":4,"CF":104.56,"CFD":16.44,"CQt":19.94,"CPz":7,"CPzD":4.62,"CPr":14.27,"CRef":24}
,{"DD":"NUMIL NUTRICION","FRF":3,"FRP":3,"CRF":1,"CRP":3,"CF":122.24,"CFD":-2.02,"CQt":23.31,"CPz":7,"CPzD":-8.55,"CPr":17.88,"CRef":21}
,{"DD":"ALTER FARMACIA","FRF":4,"FRP":4,"CRF":4,"CRP":1,"CF":89.39,"CFD":-17.42,"CQt":17.04,"CPz":16,"CPzD":-22.12,"CPr":5.46,"CRef":70}
,{"DD":"FERRER INTERNACIONAL","FRF":5,"FRP":5,"CRF":7,"CRP":7,"CF":11.55,"CFD":-12.64,"CQt":2.2,"CPz":0.727,"CPzD":-4.8,"CPr":15.88,"CRef":5}
,{"DD":"HERO","FRF":6,"FRP":6,"CRF":5,"CRP":2,"CF":60.71,"CFD":2.4,"CQt":11.57,"CPz":12,"CPzD":2.64,"CPr":5.16,"CRef":40}
,{"DD":"LACTALIS NUTRICION IB","FRF":7,"FRP":7,"CRF":8,"CRP":8,"CF":5.19,"CFD":13.76,"CQt":0.99,"CPz":0.527,"CPzD":-14.75,"CPr":9.84,"CRef":4}
,{"DD":"MEAD JOHNSON","FRF":8,"FRP":8,"CRF":6,"CRP":6,"CF":23.9,"CFD":72.2,"CQt":4.56,"CPz":1,"CPzD":34.15,"CPr":20.54,"CRef":3}
,{"DD":"PULEVA","FRF":9,"FRP":9,"CRF":9,"CRP":9,"CF":0,"CFD":null,"CQt":0,"CPz":0,"CPzD":null,"CPr":null,"CRef":0}]
}