{
"Merceologia":"cod.me90"
,"Tempo":"12/12/2019"

,"datiTabRiass":[
{"F":5588.50,"M":8637.338,"C":4417.7536,"Tipo":"c","H":"dt.d0011"}
,{"F":  10.88,"M":   2.290,"C":   2.7600,"Tipo":"i","H":"dt.d0012"}
,{"F": 617.00,"M":1097.573,"C": 562.6182,"Tipo":"n","H":"dt.d0013"}
,{"F":  -4.19,"M":   1.420,"C":   0.8600,"Tipo":"i","H":"dt.d0026"}]
,"datiDettDittaF":[
{"DD":"NOVARTIS","FRF":1,"FRP":6,"FF":642.12,"FFD":161.05,"FQt":11.62,"FPz":36,"FPzD":80,"FPr":17.84,"FRef":16,"MRF":8,"MRP":9,"CRF":7,"CRP":7}
,{"DD":"ZAMBON","FRF":2,"FRP":1,"FF":616.56,"FFD":-5.52,"FQt":11.16,"FPz":86,"FPzD":-6.52,"FPr":7.17,"FRef":10,"MRF":2,"MRP":1,"CRF":2,"CRP":1}
,{"DD":"JOHNSON & JOHNSON","FRF":3,"FRP":3,"FF":550.5,"FFD":31.95,"FQt":9.96,"FPz":50,"FPzD":38.89,"FPr":11.01,"FRef":25,"MRF":1,"MRP":2,"CRF":1,"CRP":2}
,{"DD":"BAYER HISPANIA S.L.","FRF":4,"FRP":2,"FF":453.84,"FFD":-9.26,"FQt":8.21,"FPz":54,"FPzD":-11.48,"FPr":8.4,"FRef":26,"MRF":3,"MRP":4,"CRF":5,"CRP":4}
,{"DD":"NOVAG","FRF":5,"FRP":5,"FF":348.26,"FFD":29.94,"FQt":6.3,"FPz":37,"FPzD":12.12,"FPr":9.41,"FRef":3,"MRF":18,"MRP":19,"CRF":25,"CRP":25}
,{"DD":"ALMIRALL S.A.","FRF":6,"FRP":7,"FF":291.07,"FFD":-6.87,"FQt":5.27,"FPz":29,"FPzD":-14.71,"FPr":10.04,"FRef":12,"MRF":5,"MRP":6,"CRF":4,"CRP":5}
,{"DD":"GLAXO SMITHKLINE","FRF":7,"FRP":15,"FF":286.47,"FFD":522.76,"FQt":5.18,"FPz":15,"FPzD":150,"FPr":19.1,"FRef":14,"MRF":10,"MRP":11,"CRF":9,"CRP":11}
,{"DD":"FERRER INTERNACIONAL","FRF":8,"FRP":4,"FF":186.34,"FFD":-8.35,"FQt":3.37,"FPz":42,"FPzD":-16,"FPr":4.44,"FRef":11,"MRF":9,"MRP":7,"CRF":10,"CRP":8}
,{"DD":"RECKITT BENCKISER HEALTHCARE  S A","FRF":9,"FRP":9,"FF":179.26,"FFD":-28.51,"FQt":3.24,"FPz":20,"FPzD":-28.57,"FPr":8.96,"FRef":18,"MRF":7,"MRP":8,"CRF":8,"CRP":9}
,{"DD":"SALVAT","FRF":10,"FRP":8,"FF":164.26,"FFD":96.95,"FQt":2.97,"FPz":25,"FPzD":108.33,"FPr":6.57,"FRef":8,"MRF":15,"MRP":14,"CRF":15,"CRP":13}]
,"datiDettDittaM":[
{"DD":"NOVARTIS","FRF":1,"FRP":6,"MRF":8,"MRP":9,"MF":369.56,"MFD":-9.94,"MQt":4.36,"MPz":40,"MPzD":-8.79,"MPr":9.27,"MRef":21}
,{"DD":"ZAMBON","FRF":2,"FRP":1,"MRF":2,"MRP":1,"MF":1009.02,"MFD":17.93,"MQt":11.91,"MPz":139,"MPzD":25.38,"MPr":7.28,"MRef":14}
,{"DD":"JOHNSON & JOHNSON","FRF":3,"FRP":3,"MRF":1,"MRP":2,"MF":1275.26,"MFD":-0.02,"MQt":15.05,"MPz":125,"MPzD":-6,"MPr":10.19,"MRef":45}
,{"DD":"BAYER HISPANIA S.L.","FRF":4,"FRP":2,"MRF":3,"MRP":4,"MF":561.18,"MFD":0.8,"MQt":6.62,"MPz":71,"MPzD":-3.88,"MPr":7.94,"MRef":36}
,{"DD":"ALMIRALL S.A.","FRF":6,"FRP":7,"MRF":5,"MRP":6,"MF":505.36,"MFD":3.72,"MQt":5.96,"MPz":55,"MPzD":-2.27,"MPr":9.2,"MRef":16}
,{"DD":"GLAXO SMITHKLINE","FRF":7,"FRP":15,"MRF":10,"MRP":11,"MF":251.86,"MFD":-2.73,"MQt":2.97,"MPz":29,"MPzD":-6.29,"MPr":8.75,"MRef":20}
,{"DD":"FERRER INTERNACIONAL","FRF":8,"FRP":4,"MRF":9,"MRP":7,"MF":260.86,"MFD":35.06,"MQt":3.08,"MPz":50,"MPzD":36.11,"MPr":5.21,"MRef":12}
,{"DD":"RECKITT BENCKISER HEALTHCARE  S A","FRF":9,"FRP":9,"MRF":7,"MRP":8,"MF":423.13,"MFD":0.47,"MQt":4.99,"MPz":46,"MPzD":-1.66,"MPr":9.22,"MRef":27}
,{"DD":"BOEHRINGER INGELHEIM, S.A.","FRF":12,"FRP":11,"MRF":6,"MRP":5,"MF":484.81,"MFD":-17.52,"MQt":5.72,"MPz":58,"MPzD":-20.32,"MPr":8.29,"MRef":24}
,{"DD":"CINFA","FRF":18,"FRP":17,"MRF":4,"MRP":3,"MF":512.34,"MFD":0.45,"MQt":6.05,"MPz":77,"MPzD":-2.62,"MPr":6.68,"MRef":41}]
,"datiDettDittaC":[
{"DD":"NOVARTIS","FRF":1,"FRP":6,"CRF":7,"CRP":7,"CF":219.88,"CFD":-9.18,"CQt":5.06,"CPz":23,"CPzD":-10.16,"CPr":9.42,"CRef":16}
,{"DD":"ZAMBON","FRF":2,"FRP":1,"CRF":2,"CRP":1,"CF":500.06,"CFD":18.56,"CQt":11.51,"CPz":68,"CPzD":24.67,"CPr":7.38,"CRef":14}
,{"DD":"JOHNSON & JOHNSON","FRF":3,"FRP":3,"CRF":1,"CRP":2,"CF":646.12,"CFD":11.41,"CQt":14.87,"CPz":65,"CPzD":4.11,"CPr":9.9,"CRef":29}
,{"DD":"BAYER HISPANIA S.L.","FRF":4,"FRP":2,"CRF":5,"CRP":4,"CF":253.21,"CFD":-5.2,"CQt":5.83,"CPz":32,"CPzD":-10.48,"CPr":7.95,"CRef":31}
,{"DD":"ALMIRALL S.A.","FRF":6,"FRP":7,"CRF":4,"CRP":5,"CF":262.47,"CFD":0.69,"CQt":6.04,"CPz":28,"CPzD":-7.17,"CPr":9.23,"CRef":14}
,{"DD":"GLAXO SMITHKLINE","FRF":7,"FRP":15,"CRF":9,"CRP":11,"CF":125.1,"CFD":-6.78,"CQt":2.88,"CPz":14,"CPzD":-13.58,"CPr":8.68,"CRef":16}
,{"DD":"FERRER INTERNACIONAL","FRF":8,"FRP":4,"CRF":10,"CRP":8,"CF":105.68,"CFD":27.51,"CQt":2.43,"CPz":20,"CPzD":25.71,"CPr":5.25,"CRef":11}
,{"DD":"RECKITT BENCKISER HEALTHCARE  S A","FRF":9,"FRP":9,"CRF":8,"CRP":9,"CF":182.4,"CFD":-3.5,"CQt":4.2,"CPz":19,"CPzD":-8.17,"CPr":9.36,"CRef":24}
,{"DD":"BOEHRINGER INGELHEIM, S.A.","FRF":12,"FRP":11,"CRF":6,"CRP":6,"CF":229.89,"CFD":-16.59,"CQt":5.29,"CPz":27,"CPzD":-20.2,"CPr":8.38,"CRef":21}
,{"DD":"CINFA","FRF":18,"FRP":17,"CRF":3,"CRP":3,"CF":311.55,"CFD":-9.16,"CQt":7.17,"CPz":45,"CPzD":-13.01,"CPr":6.85,"CRef":40}]
}