{
  "DPD": [
    {
      "PD": "MAT",
      "DTT": [
        {
          "TP": "cod.me10",
          "Hid": 10,
          "IF": [
            {
              "name": "lb.l0006",
              "value": 1.87
            },
            {
              "name": "lb.l0007",
              "value": 0.57
            },
            {
              "name": "lb.l0008",
              "value": 2.07
            }
          ],
          "IP": [
            {
              "name": "lb.l0006",
              "value": 1.31
            },
            {
              "name": "lb.l0007",
              "value": -1.69
            },
            {
              "name": "lb.l0008",
              "value": -0.37
            }
          ],
          "R": [
            {
              "F_min": -5,
              "F_max": 5,
              "P_min": -5,
              "P_max": 5
            }
          ],
          "DT": [
            {
              "H": "lb.l0004",
              "Farmacia": 4678637.43,
              "Mercato": 2206773.62254,
              "Cluster": 4249923.135,
              "Tp": "c"
            },
            {
              "H": "dt.d0012",
              "Farmacia": 1.87,
              "Mercato": 0.57,
              "Cluster": 2.07,
              "Tp": "i"
            },
            {
              "H": "dt.d0013",
              "Farmacia": 499539,
              "Mercato": 210185.934,
              "Cluster": 410471.92,
              "Tp": "n"
            },
            {
              "H": "dt.d0012",
              "Farmacia": 1.31,
              "Mercato": -1.69,
              "Cluster": -0.37,
              "Tp": "i"
            }
          ]
        },
        {
          "TP": "cod.me20",
          "Hid": 20,
          "IF": [
            {
              "name": "lb.l0006",
              "value": 3.79
            },
            {
              "name": "lb.l0007",
              "value": 0.02
            },
            {
              "name": "lb.l0008",
              "value": 1.78
            }
          ],
          "IP": [
            {
              "name": "lb.l0006",
              "value": 3.88
            },
            {
              "name": "lb.l0007",
              "value": -1.95
            },
            {
              "name": "lb.l0008",
              "value": -0.62
            }
          ],
          "R": [
            {
              "F_min": -5,
              "F_max": 5,
              "P_min": -5,
              "P_max": 5
            }
          ],
          "DT": [
            {
              "H": "lb.l0004",
              "Farmacia": 1149083.55,
              "Mercato": 1172105.8233,
              "Cluster": 1871612.2894,
              "Tp": "c"
            },
            {
              "H": "dt.d0012",
              "Farmacia": 3.79,
              "Mercato": 0.02,
              "Cluster": 1.78,
              "Tp": "i"
            },
            {
              "H": "dt.d0014",
              "Farmacia": 24.56,
              "Mercato": 53.11,
              "Cluster": 44.04,
              "Tp": "p"
            },
            {
              "H": "dt.d0013",
              "Farmacia": 113191,
              "Mercato": 118622.528,
              "Cluster": 185387.4,
              "Tp": "n"
            },
            {
              "H": "dt.d0012",
              "Farmacia": 3.88,
              "Mercato": -1.95,
              "Cluster": -0.62,
              "Tp": "i"
            }
          ]
        },
        {
          "TP": "cod.me60",
          "Hid": 60,
          "IF": [
            {
              "name": "lb.l0006",
              "value": 1.21
            },
            {
              "name": "lb.l0007",
              "value": 2.4
            },
            {
              "name": "lb.l0008",
              "value": 2.96
            }
          ],
          "IP": [
            {
              "name": "lb.l0006",
              "value": -0.65
            },
            {
              "name": "lb.l0007",
              "value": -0.98
            },
            {
              "name": "lb.l0008",
              "value": 0.04
            }
          ],
          "R": [
            {
              "F_min": -5,
              "F_max": 5,
              "P_min": -5,
              "P_max": 5
            }
          ],
          "DT": [
            {
              "H": "lb.l0004",
              "Farmacia": 3455283.33,
              "Mercato": 931832.3876,
              "Cluster": 2222264.8266,
              "Tp": "c"
            },
            {
              "H": "dt.d0012",
              "Farmacia": 1.21,
              "Mercato": 2.4,
              "Cluster": 2.96,
              "Tp": "i"
            },
            {
              "H": "dt.d0014",
              "Farmacia": 73.85,
              "Mercato": 42.23,
              "Cluster": 52.29,
              "Tp": "p"
            },
            {
              "H": "dt.d0013",
              "Farmacia": 359331,
              "Mercato": 86628.89,
              "Cluster": 216824.12,
              "Tp": "n"
            },
            {
              "H": "dt.d0012",
              "Farmacia": -0.65,
              "Mercato": -0.98,
              "Cluster": 0.04,
              "Tp": "i"
            }
          ]
        },
        {
          "TP": "cod.me100",
          "Hid": 100,
          "IF": [
            {
              "name": "lb.l0006",
              "value": 3.83
            },
            {
              "name": "lb.l0007",
              "value": 2.66
            },
            {
              "name": "lb.l0008",
              "value": 3
            }
          ],
          "IP": [
            {
              "name": "lb.l0006",
              "value": 1.12
            },
            {
              "name": "lb.l0007",
              "value": -0.35
            },
            {
              "name": "lb.l0008",
              "value": 0.87
            }
          ],
          "R": [
            {
              "F_min": -5,
              "F_max": 5,
              "P_min": -5,
              "P_max": 5
            }
          ],
          "DT": [
            {
              "H": "lb.l0004",
              "Farmacia": 2071782.97,
              "Mercato": 520822.47812,
              "Cluster": 1148024.1678,
              "Tp": "c"
            },
            {
              "H": "dt.d0012",
              "Farmacia": 3.83,
              "Mercato": 2.66,
              "Cluster": 3,
              "Tp": "i"
            },
            {
              "H": "dt.d0015",
              "Farmacia": 59.96,
              "Mercato": 55.89,
              "Cluster": 51.66,
              "Tp": "p"
            },
            {
              "H": "dt.d0013",
              "Farmacia": 194430,
              "Mercato": 41388.25,
              "Cluster": 90563.76,
              "Tp": "n"
            },
            {
              "H": "dt.d0012",
              "Farmacia": 1.12,
              "Mercato": -0.35,
              "Cluster": 0.87,
              "Tp": "i"
            }
          ]
        },
        {
          "TP": "cod.me520",
          "Hid": 520,
          "IF": [
            {
              "name": "lb.l0006",
              "value": -5.43
            },
            {
              "name": "lb.l0007",
              "value": 6.13
            },
            {
              "name": "lb.l0008",
              "value": 5.84
            }
          ],
          "IP": [
            {
              "name": "lb.l0006",
              "value": -7.51
            },
            {
              "name": "lb.l0007",
              "value": 4.16
            },
            {
              "name": "lb.l0008",
              "value": 4.13
            }
          ],
          "R": [
            {
              "F_min": -10,
              "F_max": 10,
              "P_min": -10,
              "P_max": 10
            }
          ],
          "DT": [
            {
              "H": "lb.l0004",
              "Farmacia": 419772.31,
              "Mercato": 64515.35796,
              "Cluster": 117728.6454,
              "Tp": "c"
            },
            {
              "H": "dt.d0012",
              "Farmacia": -5.43,
              "Mercato": 6.13,
              "Cluster": 5.84,
              "Tp": "i"
            },
            {
              "H": "dt.d0016",
              "Farmacia": 20.26,
              "Mercato": 12.39,
              "Cluster": 10.25,
              "Tp": "p"
            },
            {
              "H": "dt.d0013",
              "Farmacia": 31410,
              "Mercato": 4591.3,
              "Cluster": 8442.84,
              "Tp": "n"
            },
            {
              "H": "dt.d0012",
              "Farmacia": -7.51,
              "Mercato": 4.16,
              "Cluster": 4.13,
              "Tp": "i"
            }
          ]
        },
        {
          "TP": "cod.me991",
          "Hid": 0,
          "IF": [
            {
              "name": "lb.l0006",
              "value": -5.84
            },
            {
              "name": "lb.l0007",
              "value": 3.97
            },
            {
              "name": "lb.l0008",
              "value": 3.78
            }
          ],
          "IP": [
            {
              "name": "lb.l0006",
              "value": -7.25
            },
            {
              "name": "lb.l0007",
              "value": 2.25
            },
            {
              "name": "lb.l0008",
              "value": 2.34
            }
          ],
          "R": [
            {
              "F_min": -10,
              "F_max": 10,
              "P_min": -10,
              "P_max": 10
            }
          ],
          "DT": [
            {
              "H": "lb.l0004",
              "Farmacia": 326279.65,
              "Mercato": 50688.35626,
              "Cluster": 94793.1928,
              "Tp": "c"
            },
            {
              "H": "dt.d0012",
              "Farmacia": -5.84,
              "Mercato": 3.97,
              "Cluster": 3.78,
              "Tp": "i"
            },
            {
              "H": "dt.d0016",
              "Farmacia": 15.75,
              "Mercato": 9.73,
              "Cluster": 8.26,
              "Tp": "p"
            },
            {
              "H": "dt.d0013",
              "Farmacia": 24875,
              "Mercato": 3625.6,
              "Cluster": 6826.76,
              "Tp": "n"
            },
            {
              "H": "dt.d0012",
              "Farmacia": -7.25,
              "Mercato": 2.25,
              "Cluster": 2.34,
              "Tp": "i"
            }
          ]
        },
        {
          "TP": "cod.me992",
          "Hid": 0,
          "IF": [
            {
              "name": "lb.l0006",
              "value": -3.99
            },
            {
              "name": "lb.l0007",
              "value": 14.88
            },
            {
              "name": "lb.l0008",
              "value": 15.32
            }
          ],
          "IP": [
            {
              "name": "lb.l0006",
              "value": -8.49
            },
            {
              "name": "lb.l0007",
              "value": 12.02
            },
            {
              "name": "lb.l0008",
              "value": 12.41
            }
          ],
          "R": [
            {
              "F_min": -20,
              "F_max": 20,
              "P_min": -20,
              "P_max": 20
            }
          ],
          "DT": [
            {
              "H": "lb.l0004",
              "Farmacia": 93492.66,
              "Mercato": 13827.0017,
              "Cluster": 22935.4526,
              "Tp": "c"
            },
            {
              "H": "dt.d0012",
              "Farmacia": -3.99,
              "Mercato": 14.88,
              "Cluster": 15.32,
              "Tp": "i"
            },
            {
              "H": "dt.d0016",
              "Farmacia": 4.51,
              "Mercato": 2.65,
              "Cluster": 2,
              "Tp": "p"
            },
            {
              "H": "dt.d0013",
              "Farmacia": 6535,
              "Mercato": 965.7,
              "Cluster": 1616.08,
              "Tp": "n"
            },
            {
              "H": "dt.d0012",
              "Farmacia": -8.49,
              "Mercato": 12.02,
              "Cluster": 12.41,
              "Tp": "i"
            }
          ]
        }
      ]
    },
    {
      "PD": "YTD",
      "DTT": [
        {
          "TP": "cod.me10",
          "Hid": 10,
          "IF": [
            {
              "name": "lb.l0006",
              "value": -1.18
            },
            {
              "name": "lb.l0007",
              "value": -1.28
            },
            {
              "name": "lb.l0008",
              "value": 1.42
            }
          ],
          "IP": [
            {
              "name": "lb.l0006",
              "value": -3.02
            },
            {
              "name": "lb.l0007",
              "value": -3.14
            },
            {
              "name": "lb.l0008",
              "value": -0.95
            }
          ],
          "R": [
            {
              "F_min": -5,
              "F_max": 5,
              "P_min": -5,
              "P_max": 5
            }
          ],
          "DT": [
            {
              "H": "lb.l0004",
              "Farmacia": 394045.58,
              "Mercato": 195988.87082,
              "Cluster": 378964.9708,
              "Tp": "c"
            },
            {
              "H": "dt.d0012",
              "Farmacia": -1.18,
              "Mercato": -1.28,
              "Cluster": 1.42,
              "Tp": "i"
            },
            {
              "H": "dt.d0013",
              "Farmacia": 41236,
              "Mercato": 18834.464,
              "Cluster": 36888.08,
              "Tp": "n"
            },
            {
              "H": "dt.d0012",
              "Farmacia": -3.02,
              "Mercato": -3.14,
              "Cluster": -0.95,
              "Tp": "i"
            }
          ]
        },
        {
          "TP": "cod.me20",
          "Hid": 20,
          "IF": [
            {
              "name": "lb.l0006",
              "value": -7.11
            },
            {
              "name": "lb.l0007",
              "value": -1.72
            },
            {
              "name": "lb.l0008",
              "value": -0.12
            }
          ],
          "IP": [
            {
              "name": "lb.l0006",
              "value": -7.01
            },
            {
              "name": "lb.l0007",
              "value": -3.85
            },
            {
              "name": "lb.l0008",
              "value": -2.6
            }
          ],
          "R": [
            {
              "F_min": -10,
              "F_max": 10,
              "P_min": -10,
              "P_max": 10
            }
          ],
          "DT": [
            {
              "H": "lb.l0004",
              "Farmacia": 92496.42,
              "Mercato": 104847.69116,
              "Cluster": 167515.7862,
              "Tp": "c"
            },
            {
              "H": "dt.d0012",
              "Farmacia": -7.11,
              "Mercato": -1.72,
              "Cluster": -0.12,
              "Tp": "i"
            },
            {
              "H": "dt.d0014",
              "Farmacia": 23.47,
              "Mercato": 53.5,
              "Cluster": 44.2,
              "Tp": "p"
            },
            {
              "H": "dt.d0013",
              "Farmacia": 9265,
              "Mercato": 10604.81,
              "Cluster": 16623.1,
              "Tp": "n"
            },
            {
              "H": "dt.d0012",
              "Farmacia": -7.01,
              "Mercato": -3.85,
              "Cluster": -2.6,
              "Tp": "i"
            }
          ]
        },
        {
          "TP": "cod.me60",
          "Hid": 60,
          "IF": [
            {
              "name": "lb.l0006",
              "value": 1.02
            },
            {
              "name": "lb.l0007",
              "value": 0.81
            },
            {
              "name": "lb.l0008",
              "value": 3.68
            }
          ],
          "IP": [
            {
              "name": "lb.l0006",
              "value": -0.27
            },
            {
              "name": "lb.l0007",
              "value": -1.62
            },
            {
              "name": "lb.l0008",
              "value": 0.93
            }
          ],
          "R": [
            {
              "F_min": -5,
              "F_max": 5,
              "P_min": -5,
              "P_max": 5
            }
          ],
          "DT": [
            {
              "H": "lb.l0004",
              "Farmacia": 296216.69,
              "Mercato": 82707.38476,
              "Cluster": 198343.3176,
              "Tp": "c"
            },
            {
              "H": "dt.d0012",
              "Farmacia": 1.02,
              "Mercato": 0.81,
              "Cluster": 3.68,
              "Tp": "i"
            },
            {
              "H": "dt.d0014",
              "Farmacia": 75.17,
              "Mercato": 42.2,
              "Cluster": 52.34,
              "Tp": "p"
            },
            {
              "H": "dt.d0013",
              "Farmacia": 30367,
              "Mercato": 7823.368,
              "Cluster": 19583,
              "Tp": "n"
            },
            {
              "H": "dt.d0012",
              "Farmacia": -0.27,
              "Mercato": -1.62,
              "Cluster": 0.93,
              "Tp": "i"
            }
          ]
        },
        {
          "TP": "cod.me100",
          "Hid": 100,
          "IF": [
            {
              "name": "lb.l0006",
              "value": 3.05
            },
            {
              "name": "lb.l0007",
              "value": -0.46
            },
            {
              "name": "lb.l0008",
              "value": 1.63
            }
          ],
          "IP": [
            {
              "name": "lb.l0006",
              "value": 0.12
            },
            {
              "name": "lb.l0007",
              "value": -3.25
            },
            {
              "name": "lb.l0008",
              "value": -1.18
            }
          ],
          "R": [
            {
              "F_min": -5,
              "F_max": 5,
              "P_min": -5,
              "P_max": 5
            }
          ],
          "DT": [
            {
              "H": "lb.l0004",
              "Farmacia": 191858.51,
              "Mercato": 48620.2004,
              "Cluster": 107433.9612,
              "Tp": "c"
            },
            {
              "H": "dt.d0012",
              "Farmacia": 3.05,
              "Mercato": -0.46,
              "Cluster": 1.63,
              "Tp": "i"
            },
            {
              "H": "dt.d0015",
              "Farmacia": 64.77,
              "Mercato": 58.79,
              "Cluster": 54.17,
              "Tp": "p"
            },
            {
              "H": "dt.d0013",
              "Farmacia": 17824,
              "Mercato": 3983.432,
              "Cluster": 8735.2,
              "Tp": "n"
            },
            {
              "H": "dt.d0012",
              "Farmacia": 0.12,
              "Mercato": -3.25,
              "Cluster": -1.18,
              "Tp": "i"
            }
          ]
        },
        {
          "TP": "cod.me520",
          "Hid": 520,
          "IF": [
            {
              "name": "lb.l0006",
              "value": 0.89
            },
            {
              "name": "lb.l0007",
              "value": 3.12
            },
            {
              "name": "lb.l0008",
              "value": 2.01
            }
          ],
          "IP": [
            {
              "name": "lb.l0006",
              "value": -5.46
            },
            {
              "name": "lb.l0007",
              "value": -1.2
            },
            {
              "name": "lb.l0008",
              "value": -1.94
            }
          ],
          "R": [
            {
              "F_min": -5,
              "F_max": 5,
              "P_min": -5,
              "P_max": 5
            }
          ],
          "DT": [
            {
              "H": "lb.l0004",
              "Farmacia": 41030.19,
              "Mercato": 6472.60908,
              "Cluster": 11802.713,
              "Tp": "c"
            },
            {
              "H": "dt.d0012",
              "Farmacia": 0.89,
              "Mercato": 3.12,
              "Cluster": 2.01,
              "Tp": "i"
            },
            {
              "H": "dt.d0016",
              "Farmacia": 21.39,
              "Mercato": 13.31,
              "Cluster": 10.99,
              "Tp": "p"
            },
            {
              "H": "dt.d0013",
              "Farmacia": 2961,
              "Mercato": 466.486,
              "Cluster": 857.4,
              "Tp": "n"
            },
            {
              "H": "dt.d0012",
              "Farmacia": -5.46,
              "Mercato": -1.2,
              "Cluster": -1.94,
              "Tp": "i"
            }
          ]
        },
        {
          "TP": "cod.me991",
          "Hid": 0,
          "IF": [
            {
              "name": "lb.l0006",
              "value": 3.29
            },
            {
              "name": "lb.l0007",
              "value": 2.44
            },
            {
              "name": "lb.l0008",
              "value": 2.06
            }
          ],
          "IP": [
            {
              "name": "lb.l0006",
              "value": -3.74
            },
            {
              "name": "lb.l0007",
              "value": -2.13
            },
            {
              "name": "lb.l0008",
              "value": -2.18
            }
          ],
          "R": [
            {
              "F_min": -5,
              "F_max": 5,
              "P_min": -5,
              "P_max": 5
            }
          ],
          "DT": [
            {
              "H": "lb.l0004",
              "Farmacia": 31520.62,
              "Mercato": 4965.83794,
              "Cluster": 9344.2202,
              "Tp": "c"
            },
            {
              "H": "dt.d0012",
              "Farmacia": 3.29,
              "Mercato": 2.44,
              "Cluster": 2.06,
              "Tp": "i"
            },
            {
              "H": "dt.d0016",
              "Farmacia": 16.43,
              "Mercato": 10.21,
              "Cluster": 8.7,
              "Tp": "p"
            },
            {
              "H": "dt.d0013",
              "Farmacia": 2315,
              "Mercato": 360.158,
              "Cluster": 681.8,
              "Tp": "n"
            },
            {
              "H": "dt.d0012",
              "Farmacia": -3.74,
              "Mercato": -2.13,
              "Cluster": -2.18,
              "Tp": "i"
            }
          ]
        },
        {
          "TP": "cod.me992",
          "Hid": 0,
          "IF": [
            {
              "name": "lb.l0006",
              "value": -6.32
            },
            {
              "name": "lb.l0007",
              "value": 5.46
            },
            {
              "name": "lb.l0008",
              "value": 1.81
            }
          ],
          "IP": [
            {
              "name": "lb.l0006",
              "value": -11.14
            },
            {
              "name": "lb.l0007",
              "value": 2.08
            },
            {
              "name": "lb.l0008",
              "value": -0.99
            }
          ],
          "R": [
            {
              "F_min": -10,
              "F_max": 10,
              "P_min": -10,
              "P_max": 10
            }
          ],
          "DT": [
            {
              "H": "lb.l0004",
              "Farmacia": 9509.57,
              "Mercato": 1506.77114,
              "Cluster": 2458.4928,
              "Tp": "c"
            },
            {
              "H": "dt.d0012",
              "Farmacia": -6.32,
              "Mercato": 5.46,
              "Cluster": 1.81,
              "Tp": "i"
            },
            {
              "H": "dt.d0016",
              "Farmacia": 4.96,
              "Mercato": 3.1,
              "Cluster": 2.29,
              "Tp": "p"
            },
            {
              "H": "dt.d0013",
              "Farmacia": 646,
              "Mercato": 106.328,
              "Cluster": 175.6,
              "Tp": "n"
            },
            {
              "H": "dt.d0012",
              "Farmacia": -11.14,
              "Mercato": 2.08,
              "Cluster": -0.99,
              "Tp": "i"
            }
          ]
        }
      ]
    },
    {
      "PD": "BIM",
      "DTT": [
        {
          "TP": "cod.me10",
          "Hid": 10,
          "IF": [
            {
              "name": "lb.l0006",
              "value": -2.19
            },
            {
              "name": "lb.l0007",
              "value": -0.31
            },
            {
              "name": "lb.l0008",
              "value": 0.69
            }
          ],
          "IP": [
            {
              "name": "lb.l0006",
              "value": -3.94
            },
            {
              "name": "lb.l0007",
              "value": -2.37
            },
            {
              "name": "lb.l0008",
              "value": -1.63
            }
          ],
          "R": [
            {
              "F_min": -5,
              "F_max": 5,
              "P_min": -5,
              "P_max": 5
            }
          ],
          "DT": [
            {
              "H": "lb.l0004",
              "Farmacia": 782056.98,
              "Mercato": 383774.3025,
              "Cluster": 747887.829,
              "Tp": "c"
            },
            {
              "H": "dt.d0012",
              "Farmacia": -2.19,
              "Mercato": -0.31,
              "Cluster": 0.69,
              "Tp": "i"
            },
            {
              "H": "dt.d0013",
              "Farmacia": 81742,
              "Mercato": 36657.508,
              "Cluster": 72510.08,
              "Tp": "n"
            },
            {
              "H": "dt.d0012",
              "Farmacia": -3.94,
              "Mercato": -2.37,
              "Cluster": -1.63,
              "Tp": "i"
            }
          ]
        },
        {
          "TP": "cod.me20",
          "Hid": 20,
          "IF": [
            {
              "name": "lb.l0006",
              "value": -6.26
            },
            {
              "name": "lb.l0007",
              "value": -0.37
            },
            {
              "name": "lb.l0008",
              "value": 0.08
            }
          ],
          "IP": [
            {
              "name": "lb.l0006",
              "value": -8.14
            },
            {
              "name": "lb.l0007",
              "value": -2.61
            },
            {
              "name": "lb.l0008",
              "value": -1.98
            }
          ],
          "R": [
            {
              "F_min": -10,
              "F_max": 10,
              "P_min": -10,
              "P_max": 10
            }
          ],
          "DT": [
            {
              "H": "lb.l0004",
              "Farmacia": 189144.03,
              "Mercato": 201629.0976,
              "Cluster": 324122.9264,
              "Tp": "c"
            },
            {
              "H": "dt.d0012",
              "Farmacia": -6.26,
              "Mercato": -0.37,
              "Cluster": 0.08,
              "Tp": "i"
            },
            {
              "H": "dt.d0014",
              "Farmacia": 24.19,
              "Mercato": 52.54,
              "Cluster": 43.34,
              "Tp": "p"
            },
            {
              "H": "dt.d0013",
              "Farmacia": 18449,
              "Mercato": 20331.584,
              "Cluster": 32113.52,
              "Tp": "n"
            },
            {
              "H": "dt.d0012",
              "Farmacia": -8.14,
              "Mercato": -2.61,
              "Cluster": -1.98,
              "Tp": "i"
            }
          ]
        },
        {
          "TP": "cod.me60",
          "Hid": 60,
          "IF": [
            {
              "name": "lb.l0006",
              "value": -0.87
            },
            {
              "name": "lb.l0007",
              "value": 1.32
            },
            {
              "name": "lb.l0008",
              "value": 1.93
            }
          ],
          "IP": [
            {
              "name": "lb.l0006",
              "value": -2.1
            },
            {
              "name": "lb.l0007",
              "value": -1.52
            },
            {
              "name": "lb.l0008",
              "value": -0.98
            }
          ],
          "R": [
            {
              "F_min": -5,
              "F_max": 5,
              "P_min": -5,
              "P_max": 5
            }
          ],
          "DT": [
            {
              "H": "lb.l0004",
              "Farmacia": 580546.49,
              "Mercato": 165749.10332,
              "Cluster": 398074.2812,
              "Tp": "c"
            },
            {
              "H": "dt.d0012",
              "Farmacia": -0.87,
              "Mercato": 1.32,
              "Cluster": 1.93,
              "Tp": "i"
            },
            {
              "H": "dt.d0014",
              "Farmacia": 74.23,
              "Mercato": 43.19,
              "Cluster": 53.23,
              "Tp": "p"
            },
            {
              "H": "dt.d0013",
              "Farmacia": 59608,
              "Mercato": 15532.852,
              "Cluster": 39050.1,
              "Tp": "n"
            },
            {
              "H": "dt.d0012",
              "Farmacia": -2.1,
              "Mercato": -1.52,
              "Cluster": -0.98,
              "Tp": "i"
            }
          ]
        },
        {
          "TP": "cod.me100",
          "Hid": 100,
          "IF": [
            {
              "name": "lb.l0006",
              "value": 0.59
            },
            {
              "name": "lb.l0007",
              "value": 0.61
            },
            {
              "name": "lb.l0008",
              "value": 1.06
            }
          ],
          "IP": [
            {
              "name": "lb.l0006",
              "value": -2.12
            },
            {
              "name": "lb.l0007",
              "value": -2.44
            },
            {
              "name": "lb.l0008",
              "value": -1.62
            }
          ],
          "R": [
            {
              "F_min": -5,
              "F_max": 5,
              "P_min": -5,
              "P_max": 5
            }
          ],
          "DT": [
            {
              "H": "lb.l0004",
              "Farmacia": 372826.26,
              "Mercato": 94437.41756,
              "Cluster": 209499.732,
              "Tp": "c"
            },
            {
              "H": "dt.d0012",
              "Farmacia": 0.59,
              "Mercato": 0.61,
              "Cluster": 1.06,
              "Tp": "i"
            },
            {
              "H": "dt.d0015",
              "Farmacia": 64.22,
              "Mercato": 56.98,
              "Cluster": 52.63,
              "Tp": "p"
            },
            {
              "H": "dt.d0013",
              "Farmacia": 34933,
              "Mercato": 7754.262,
              "Cluster": 17117.66,
              "Tp": "n"
            },
            {
              "H": "dt.d0012",
              "Farmacia": -2.12,
              "Mercato": -2.44,
              "Cluster": -1.62,
              "Tp": "i"
            }
          ]
        },
        {
          "TP": "cod.me520",
          "Hid": 520,
          "IF": [
            {
              "name": "lb.l0006",
              "value": -3.34
            },
            {
              "name": "lb.l0007",
              "value": 5.21
            },
            {
              "name": "lb.l0008",
              "value": 2.4
            }
          ],
          "IP": [
            {
              "name": "lb.l0006",
              "value": -8.55
            },
            {
              "name": "lb.l0007",
              "value": 0.83
            },
            {
              "name": "lb.l0008",
              "value": -1.11
            }
          ],
          "R": [
            {
              "F_min": -10,
              "F_max": 10,
              "P_min": -10,
              "P_max": 10
            }
          ],
          "DT": [
            {
              "H": "lb.l0004",
              "Farmacia": 78555.28,
              "Mercato": 12734.939,
              "Cluster": 23248.9934,
              "Tp": "c"
            },
            {
              "H": "dt.d0012",
              "Farmacia": -3.34,
              "Mercato": 5.21,
              "Cluster": 2.4,
              "Tp": "i"
            },
            {
              "H": "dt.d0016",
              "Farmacia": 21.07,
              "Mercato": 13.49,
              "Cluster": 11.1,
              "Tp": "p"
            },
            {
              "H": "dt.d0013",
              "Farmacia": 5747,
              "Mercato": 926.426,
              "Cluster": 1706.72,
              "Tp": "n"
            },
            {
              "H": "dt.d0012",
              "Farmacia": -8.55,
              "Mercato": 0.83,
              "Cluster": -1.11,
              "Tp": "i"
            }
          ]
        },
        {
          "TP": "cod.me991",
          "Hid": 0,
          "IF": [
            {
              "name": "lb.l0006",
              "value": 0.98
            },
            {
              "name": "lb.l0007",
              "value": 4.47
            },
            {
              "name": "lb.l0008",
              "value": 2.59
            }
          ],
          "IP": [
            {
              "name": "lb.l0006",
              "value": -4.66
            },
            {
              "name": "lb.l0007",
              "value": 0.08
            },
            {
              "name": "lb.l0008",
              "value": -1.08
            }
          ],
          "R": [
            {
              "F_min": -5,
              "F_max": 5,
              "P_min": -5,
              "P_max": 5
            }
          ],
          "DT": [
            {
              "H": "lb.l0004",
              "Farmacia": 60942.15,
              "Mercato": 9754.7174,
              "Cluster": 18347.7834,
              "Tp": "c"
            },
            {
              "H": "dt.d0012",
              "Farmacia": 0.98,
              "Mercato": 4.47,
              "Cluster": 2.59,
              "Tp": "i"
            },
            {
              "H": "dt.d0016",
              "Farmacia": 16.35,
              "Mercato": 10.33,
              "Cluster": 8.76,
              "Tp": "p"
            },
            {
              "H": "dt.d0013",
              "Farmacia": 4542,
              "Mercato": 715.278,
              "Cluster": 1355.38,
              "Tp": "n"
            },
            {
              "H": "dt.d0012",
              "Farmacia": -4.66,
              "Mercato": 0.08,
              "Cluster": -1.08,
              "Tp": "i"
            }
          ]
        },
        {
          "TP": "cod.me992",
          "Hid": 0,
          "IF": [
            {
              "name": "lb.l0006",
              "value": -15.79
            },
            {
              "name": "lb.l0007",
              "value": 7.72
            },
            {
              "name": "lb.l0008",
              "value": 1.7
            }
          ],
          "IP": [
            {
              "name": "lb.l0006",
              "value": -20.72
            },
            {
              "name": "lb.l0007",
              "value": 3.45
            },
            {
              "name": "lb.l0008",
              "value": -1.24
            }
          ],
          "R": [
            {
              "F_min": -20,
              "F_max": 20,
              "P_min": -20,
              "P_max": 20
            }
          ],
          "DT": [
            {
              "H": "lb.l0004",
              "Farmacia": 17613.13,
              "Mercato": 2980.2216,
              "Cluster": 4901.21,
              "Tp": "c"
            },
            {
              "H": "dt.d0012",
              "Farmacia": -15.79,
              "Mercato": 7.72,
              "Cluster": 1.7,
              "Tp": "i"
            },
            {
              "H": "dt.d0016",
              "Farmacia": 4.72,
              "Mercato": 3.16,
              "Cluster": 2.34,
              "Tp": "p"
            },
            {
              "H": "dt.d0013",
              "Farmacia": 1205,
              "Mercato": 211.148,
              "Cluster": 351.34,
              "Tp": "n"
            },
            {
              "H": "dt.d0012",
              "Farmacia": -20.72,
              "Mercato": 3.45,
              "Cluster": -1.24,
              "Tp": "i"
            }
          ]
        }
      ]
    },
    {
      "PD": "01/01/2020",
      "DTT": [
        {
          "TP": "cod.me10",
          "Hid": 10,
          "IF": [
            {
              "name": "lb.l0006",
              "value": -1.18
            },
            {
              "name": "lb.l0007",
              "value": -1.28
            },
            {
              "name": "lb.l0008",
              "value": 1.42
            }
          ],
          "IP": [
            {
              "name": "lb.l0006",
              "value": -3.02
            },
            {
              "name": "lb.l0007",
              "value": -3.14
            },
            {
              "name": "lb.l0008",
              "value": -0.95
            }
          ],
          "R": [
            {
              "F_min": -5,
              "F_max": 5,
              "P_min": -5,
              "P_max": 5
            }
          ],
          "DT": [
            {
              "H": "lb.l0004",
              "Farmacia": 394045.58,
              "Mercato": 195988.87082,
              "Cluster": 378964.9708,
              "Tp": "c"
            },
            {
              "H": "dt.d0012",
              "Farmacia": -1.18,
              "Mercato": -1.28,
              "Cluster": 1.42,
              "Tp": "i"
            },
            {
              "H": "dt.d0013",
              "Farmacia": 41236,
              "Mercato": 18834.464,
              "Cluster": 36888.08,
              "Tp": "n"
            },
            {
              "H": "dt.d0012",
              "Farmacia": -3.02,
              "Mercato": -3.14,
              "Cluster": -0.95,
              "Tp": "i"
            }
          ]
        },
        {
          "TP": "cod.me20",
          "Hid": 20,
          "IF": [
            {
              "name": "lb.l0006",
              "value": -7.11
            },
            {
              "name": "lb.l0007",
              "value": -1.72
            },
            {
              "name": "lb.l0008",
              "value": -0.12
            }
          ],
          "IP": [
            {
              "name": "lb.l0006",
              "value": -7.01
            },
            {
              "name": "lb.l0007",
              "value": -3.85
            },
            {
              "name": "lb.l0008",
              "value": -2.6
            }
          ],
          "R": [
            {
              "F_min": -10,
              "F_max": 10,
              "P_min": -10,
              "P_max": 10
            }
          ],
          "DT": [
            {
              "H": "lb.l0004",
              "Farmacia": 92496.42,
              "Mercato": 104847.69116,
              "Cluster": 167515.7862,
              "Tp": "c"
            },
            {
              "H": "dt.d0012",
              "Farmacia": -7.11,
              "Mercato": -1.72,
              "Cluster": -0.12,
              "Tp": "i"
            },
            {
              "H": "dt.d0014",
              "Farmacia": 23.47,
              "Mercato": 53.5,
              "Cluster": 44.2,
              "Tp": "p"
            },
            {
              "H": "dt.d0013",
              "Farmacia": 9265,
              "Mercato": 10604.81,
              "Cluster": 16623.1,
              "Tp": "n"
            },
            {
              "H": "dt.d0012",
              "Farmacia": -7.01,
              "Mercato": -3.85,
              "Cluster": -2.6,
              "Tp": "i"
            }
          ]
        },
        {
          "TP": "cod.me60",
          "Hid": 60,
          "IF": [
            {
              "name": "lb.l0006",
              "value": 1.02
            },
            {
              "name": "lb.l0007",
              "value": 0.81
            },
            {
              "name": "lb.l0008",
              "value": 3.68
            }
          ],
          "IP": [
            {
              "name": "lb.l0006",
              "value": -0.27
            },
            {
              "name": "lb.l0007",
              "value": -1.62
            },
            {
              "name": "lb.l0008",
              "value": 0.93
            }
          ],
          "R": [
            {
              "F_min": -5,
              "F_max": 5,
              "P_min": -5,
              "P_max": 5
            }
          ],
          "DT": [
            {
              "H": "lb.l0004",
              "Farmacia": 296216.69,
              "Mercato": 82707.38476,
              "Cluster": 198343.3176,
              "Tp": "c"
            },
            {
              "H": "dt.d0012",
              "Farmacia": 1.02,
              "Mercato": 0.81,
              "Cluster": 3.68,
              "Tp": "i"
            },
            {
              "H": "dt.d0014",
              "Farmacia": 75.17,
              "Mercato": 42.2,
              "Cluster": 52.34,
              "Tp": "p"
            },
            {
              "H": "dt.d0013",
              "Farmacia": 30367,
              "Mercato": 7823.368,
              "Cluster": 19583,
              "Tp": "n"
            },
            {
              "H": "dt.d0012",
              "Farmacia": -0.27,
              "Mercato": -1.62,
              "Cluster": 0.93,
              "Tp": "i"
            }
          ]
        },
        {
          "TP": "cod.me100",
          "Hid": 100,
          "IF": [
            {
              "name": "lb.l0006",
              "value": 3.05
            },
            {
              "name": "lb.l0007",
              "value": -0.46
            },
            {
              "name": "lb.l0008",
              "value": 1.63
            }
          ],
          "IP": [
            {
              "name": "lb.l0006",
              "value": 0.12
            },
            {
              "name": "lb.l0007",
              "value": -3.25
            },
            {
              "name": "lb.l0008",
              "value": -1.18
            }
          ],
          "R": [
            {
              "F_min": -5,
              "F_max": 5,
              "P_min": -5,
              "P_max": 5
            }
          ],
          "DT": [
            {
              "H": "lb.l0004",
              "Farmacia": 191858.51,
              "Mercato": 48620.2004,
              "Cluster": 107433.9612,
              "Tp": "c"
            },
            {
              "H": "dt.d0012",
              "Farmacia": 3.05,
              "Mercato": -0.46,
              "Cluster": 1.63,
              "Tp": "i"
            },
            {
              "H": "dt.d0015",
              "Farmacia": 64.77,
              "Mercato": 58.79,
              "Cluster": 54.17,
              "Tp": "p"
            },
            {
              "H": "dt.d0013",
              "Farmacia": 17824,
              "Mercato": 3983.432,
              "Cluster": 8735.2,
              "Tp": "n"
            },
            {
              "H": "dt.d0012",
              "Farmacia": 0.12,
              "Mercato": -3.25,
              "Cluster": -1.18,
              "Tp": "i"
            }
          ]
        },
        {
          "TP": "cod.me520",
          "Hid": 520,
          "IF": [
            {
              "name": "lb.l0006",
              "value": 0.89
            },
            {
              "name": "lb.l0007",
              "value": 3.12
            },
            {
              "name": "lb.l0008",
              "value": 2.01
            }
          ],
          "IP": [
            {
              "name": "lb.l0006",
              "value": -5.46
            },
            {
              "name": "lb.l0007",
              "value": -1.2
            },
            {
              "name": "lb.l0008",
              "value": -1.94
            }
          ],
          "R": [
            {
              "F_min": -5,
              "F_max": 5,
              "P_min": -5,
              "P_max": 5
            }
          ],
          "DT": [
            {
              "H": "lb.l0004",
              "Farmacia": 41030.19,
              "Mercato": 6472.60908,
              "Cluster": 11802.713,
              "Tp": "c"
            },
            {
              "H": "dt.d0012",
              "Farmacia": 0.89,
              "Mercato": 3.12,
              "Cluster": 2.01,
              "Tp": "i"
            },
            {
              "H": "dt.d0016",
              "Farmacia": 21.39,
              "Mercato": 13.31,
              "Cluster": 10.99,
              "Tp": "p"
            },
            {
              "H": "dt.d0013",
              "Farmacia": 2961,
              "Mercato": 466.486,
              "Cluster": 857.4,
              "Tp": "n"
            },
            {
              "H": "dt.d0012",
              "Farmacia": -5.46,
              "Mercato": -1.2,
              "Cluster": -1.94,
              "Tp": "i"
            }
          ]
        },
        {
          "TP": "cod.me991",
          "Hid": 0,
          "IF": [
            {
              "name": "lb.l0006",
              "value": 3.29
            },
            {
              "name": "lb.l0007",
              "value": 2.44
            },
            {
              "name": "lb.l0008",
              "value": 2.06
            }
          ],
          "IP": [
            {
              "name": "lb.l0006",
              "value": -3.74
            },
            {
              "name": "lb.l0007",
              "value": -2.13
            },
            {
              "name": "lb.l0008",
              "value": -2.18
            }
          ],
          "R": [
            {
              "F_min": -5,
              "F_max": 5,
              "P_min": -5,
              "P_max": 5
            }
          ],
          "DT": [
            {
              "H": "lb.l0004",
              "Farmacia": 31520.62,
              "Mercato": 4965.83794,
              "Cluster": 9344.2202,
              "Tp": "c"
            },
            {
              "H": "dt.d0012",
              "Farmacia": 3.29,
              "Mercato": 2.44,
              "Cluster": 2.06,
              "Tp": "i"
            },
            {
              "H": "dt.d0016",
              "Farmacia": 16.43,
              "Mercato": 10.21,
              "Cluster": 8.7,
              "Tp": "p"
            },
            {
              "H": "dt.d0013",
              "Farmacia": 2315,
              "Mercato": 360.158,
              "Cluster": 681.8,
              "Tp": "n"
            },
            {
              "H": "dt.d0012",
              "Farmacia": -3.74,
              "Mercato": -2.13,
              "Cluster": -2.18,
              "Tp": "i"
            }
          ]
        },
        {
          "TP": "cod.me992",
          "Hid": 0,
          "IF": [
            {
              "name": "lb.l0006",
              "value": -6.32
            },
            {
              "name": "lb.l0007",
              "value": 5.46
            },
            {
              "name": "lb.l0008",
              "value": 1.81
            }
          ],
          "IP": [
            {
              "name": "lb.l0006",
              "value": -11.14
            },
            {
              "name": "lb.l0007",
              "value": 2.08
            },
            {
              "name": "lb.l0008",
              "value": -0.99
            }
          ],
          "R": [
            {
              "F_min": -10,
              "F_max": 10,
              "P_min": -10,
              "P_max": 10
            }
          ],
          "DT": [
            {
              "H": "lb.l0004",
              "Farmacia": 9509.57,
              "Mercato": 1506.77114,
              "Cluster": 2458.4928,
              "Tp": "c"
            },
            {
              "H": "dt.d0012",
              "Farmacia": -6.32,
              "Mercato": 5.46,
              "Cluster": 1.81,
              "Tp": "i"
            },
            {
              "H": "dt.d0016",
              "Farmacia": 4.96,
              "Mercato": 3.1,
              "Cluster": 2.29,
              "Tp": "p"
            },
            {
              "H": "dt.d0013",
              "Farmacia": 646,
              "Mercato": 106.328,
              "Cluster": 175.6,
              "Tp": "n"
            },
            {
              "H": "dt.d0012",
              "Farmacia": -11.14,
              "Mercato": 2.08,
              "Cluster": -0.99,
              "Tp": "i"
            }
          ]
        }
      ]
    }
  ]
}
