{"PD":"MAT","DATIS":[{"H":"dt.d0001","Filt":"","F":30.42,"FD":0,"M":26.3,"MD":0.38,"C":28.21,"CD":0.39,"T":"n"}
,{"H":"dt.d0002","Filt":"cod.me10","F":838.49,"FD":0.33,"M":254.76,"MD":-1.25,"C":459.28,"CD":-0.25,"T":"n"}
,{"H":"dt.d0003","Filt":"cod.me10","F":15.29,"FD":1.54,"M":27.45,"MD":1.51,"C":27.3,"CD":1.36,"T":"c"}
,{"H":"dt.d0004","Filt":"cod.me10","F":1.63,"FD":0.98,"M":2.61,"MD":-0.78,"C":2.63,"CD":-1.02,"T":"n"}
,{"H":"dt.d0005","Filt":"cod.me10","F":9.37,"FD":0.55,"M":10.5,"MD":2.31,"C":10.38,"CD":2.41,"T":"c"}
,{"H":"dt.d0006","Filt":"cod.me60","F":687.68,"FD":-0.04,"M":153.2,"MD":-0.69,"C":309.94,"CD":0.31,"T":"n"}
,{"H":"dt.d0007","Filt":"cod.me60","F":82.01,"FD":null,"M":60.14,"MD":null,"C":67.48,"CD":null,"T":"p"}
,{"H":"dt.d0008","Filt":"cod.me60","F":13.77,"FD":1.25,"M":19.27,"MD":2.78,"C":21.22,"CD":1.76,"T":"c"}
,{"H":"dt.d0009","Filt":"cod.me60","F":1.43,"FD":-0.61,"M":1.79,"MD":-0.63,"C":2.06,"CD":-1.08,"T":"n"}
,{"H":"dt.d0010","Filt":"cod.me60","F":9.62,"FD":1.87,"M":10.76,"MD":3.42,"C":10.3,"CD":2.87,"T":"c"}
,{"H":"dt.d0006","Filt":"cod.me100","F":435.5,"FD":1.17,"M":96.19,"MD":-0.76,"C":187.09,"CD":0.02,"T":"n"}
,{"H":"dt.d0015","Filt":"cod.me100","F":63.33,"FD":null,"M":62.79,"MD":null,"C":60.36,"CD":null,"T":"p"}
,{"H":"dt.d0008","Filt":"cod.me100","F":13.03,"FD":2.63,"M":17.16,"MD":3.13,"C":18.03,"CD":2.23,"T":"c"}
,{"H":"dt.d0009","Filt":"cod.me100","F":1.22,"FD":-0.06,"M":1.36,"MD":0.1,"C":1.42,"CD":0.01,"T":"n"}
,{"H":"dt.d0010","Filt":"cod.me100","F":10.66,"FD":2.68,"M":12.58,"MD":3.03,"C":12.72,"CD":2.21,"T":"c"}
,{"H":"dt.d0006","Filt":"cod.me520","F":78.7,"FD":-6.67,"M":12.91,"MD":3.06,"C":21.49,"CD":3.05,"T":"n"}
,{"H":"dt.d0016","Filt":"cod.me520","F":18.07,"FD":null,"M":13.42,"MD":null,"C":11.49,"CD":null,"T":"p"}
,{"H":"dt.d0008","Filt":"cod.me520","F":14.61,"FD":1.32,"M":15.83,"MD":2.59,"C":15.65,"CD":1.53,"T":"c"}
,{"H":"dt.d0009","Filt":"cod.me520","F":1.09,"FD":-0.9,"M":1.13,"MD":0.71,"C":1.12,"CD":0.1,"T":"n"}
,{"H":"dt.d0010","Filt":"cod.me520","F":13.36,"FD":2.25,"M":14.05,"MD":1.87,"C":13.94,"CD":1.43,"T":"c"}]
 ,"G1": [{"titolo": "cod.me10"  ,"stitolo": "lb.l0004","valore": "4678637.43"}]
 ,"G2": [{ "titolo": "cod.me20" ,"stitolo": "lb.l0004","valore": "1149083.55","perc":24.56,"finale":"lb.l0005" }
        ,{"titolo": "cod.me60"  ,"stitolo": "lb.l0004","valore": "3455283.33","perc":73.85,"finale":"lb.l0005" } 
 ,{"titolo": "cod.me490" ,"stitolo": "lb.l0004","valore": "74270.55","perc":1.59,"finale":"lb.l0005" }  ]
,"G3":[ { "name": "lb.l0006" ,"series":[ { "name":"02-19","value":363050.81 },{ "name":"03-19","value":399076 },{ "name":"04-19","value":388109.87 },{ "name":"05-19","value":398338.68 },{ "name":"06-19","value":446785.24 },{ "name":"07-19","value":401151.97 },{ "name":"08-19","value":353678.62 },{ "name":"09-19","value":377345.83 },{ "name":"10-19","value":399247.35 },{ "name":"11-19","value":369796.08 },{ "name":"12-19","value":388011.4 },{ "name":"01-20","value":394045.58 }] }  ,{ "name": "lb.l0007","series":[ { "name":"02-19","value":179301.66034 },{ "name":"03-19","value":190473.93184 },{ "name":"04-19","value":180716.61864 },{ "name":"05-19","value":193877.90348 },{ "name":"06-19","value":182807.42918 },{ "name":"07-19","value":191909.05488 },{ "name":"08-19","value":163738.57022 },{ "name":"09-19","value":170844.57782 },{ "name":"10-19","value":190935.04796 },{ "name":"11-19","value":178394.52568 },{ "name":"12-19","value":187785.43168 },{ "name":"01-20","value":195988.87082 }] }  ,{ "name": "lb.l0008","series":[ { "name":"02-19","value":341363.8214 },{ "name":"03-19","value":366098.3786 },{ "name":"04-19","value":348859.4924 },{ "name":"05-19","value":370766.9834 },{ "name":"06-19","value":355045.7694 },{ "name":"07-19","value":361235.6204 },{ "name":"08-19","value":316338.7902 },{ "name":"09-19","value":328055.0202 },{ "name":"10-19","value":367099.7844 },{ "name":"11-19","value":347171.6456 },{ "name":"12-19","value":368922.8582 },{ "name":"01-20","value":378964.9708 }] }   ]}