{
  "DT": [
    {
      "IPD": "MAT",
      "PD": "txt.t0004",
      "RF": [
        {
          "H": "cod.es2730",
          "Hid": 2730,
          "F": 22.65,
          "M": 16.12,
          "C": 13.62,
          "T": 25.92,
          "FPzComm": 7685,
          "POF": 0,
          "POC": 0,
          "POT": 0,
          "Min": 0,
          "Max": 30,
          "G": [
            {
              "name": "lb.l0006",
              "value": 22.65
            },
            {
              "name": "lb.l0008",
              "value": 13.62
            },
            {
              "name": "lb.l0036",
              "value": 25.92
            }
          ]
        },
        {
          "H": "cod.es2770",
          "Hid": 2770,
          "F": 17.18,
          "M": 9.15,
          "C": 7.74,
          "T": 16.78,
          "FPzComm": 2293,
          "POF": 0,
          "POC": 0,
          "POT": 0,
          "Min": 0,
          "Max": 20,
          "G": [
            {
              "name": "lb.l0006",
              "value": 17.18
            },
            {
              "name": "lb.l0008",
              "value": 7.74
            },
            {
              "name": "lb.l0036",
              "value": 16.78
            }
          ]
        },
        {
          "H": "cod.es2810",
          "Hid": 2810,
          "F": 38.18,
          "M": 21.14,
          "C": 18.08,
          "T": 43.14,
          "FPzComm": 3216,
          "POF": 0,
          "POC": 0,
          "POT": 0,
          "Min": 0,
          "Max": 45,
          "G": [
            {
              "name": "lb.l0006",
              "value": 38.18
            },
            {
              "name": "lb.l0008",
              "value": 18.08
            },
            {
              "name": "lb.l0036",
              "value": 43.14
            }
          ]
        },
        {
          "H": "cod.es2850",
          "Hid": 2850,
          "F": 38.62,
          "M": 28.13,
          "C": 27.02,
          "T": 42.42,
          "FPzComm": 11965,
          "POF": 0,
          "POC": 0,
          "POT": 0,
          "Min": 0,
          "Max": 45,
          "G": [
            {
              "name": "lb.l0006",
              "value": 38.62
            },
            {
              "name": "lb.l0008",
              "value": 27.02
            },
            {
              "name": "lb.l0036",
              "value": 42.42
            }
          ]
        },
        {
          "H": "cod.es2890",
          "Hid": 2890,
          "F": 42.44,
          "M": 19.06,
          "C": 16.41,
          "T": 45.81,
          "FPzComm": 2717,
          "POF": 0,
          "POC": 0,
          "POT": 0,
          "Min": 0,
          "Max": 50,
          "G": [
            {
              "name": "lb.l0006",
              "value": 42.44
            },
            {
              "name": "lb.l0008",
              "value": 16.41
            },
            {
              "name": "lb.l0036",
              "value": 45.81
            }
          ]
        },
        {
          "H": "cod.es2930",
          "Hid": 2930,
          "F": 72.79,
          "M": 44.52,
          "C": 34.42,
          "T": 79.48,
          "FPzComm": 974,
          "POF": 0,
          "POC": 0,
          "POT": 0,
          "Min": 0,
          "Max": 80,
          "G": [
            {
              "name": "lb.l0006",
              "value": 72.79
            },
            {
              "name": "lb.l0008",
              "value": 34.42
            },
            {
              "name": "lb.l0036",
              "value": 79.48
            }
          ]
        },
        {
          "H": "cod.es2970",
          "Hid": 2970,
          "F": 50.7,
          "M": 30.84,
          "C": 28.23,
          "T": 48.81,
          "FPzComm": 1503,
          "POF": 0,
          "POC": 0,
          "POT": 0,
          "Min": 0,
          "Max": 55,
          "G": [
            {
              "name": "lb.l0006",
              "value": 50.7
            },
            {
              "name": "lb.l0008",
              "value": 28.23
            },
            {
              "name": "lb.l0036",
              "value": 48.81
            }
          ]
        },
        {
          "H": "cod.es3010",
          "Hid": 3010,
          "F": 35.93,
          "M": 23.77,
          "C": 22.15,
          "T": 43.79,
          "FPzComm": 16090,
          "POF": 0,
          "POC": 0,
          "POT": 0,
          "Min": 0,
          "Max": 45,
          "G": [
            {
              "name": "lb.l0006",
              "value": 35.93
            },
            {
              "name": "lb.l0008",
              "value": 22.15
            },
            {
              "name": "lb.l0036",
              "value": 43.79
            }
          ]
        },
        {
          "H": "cod.es3050",
          "Hid": 3050,
          "F": 23.09,
          "M": 17.69,
          "C": 14.09,
          "T": 26.98,
          "FPzComm": 8834,
          "POF": 0,
          "POC": 0,
          "POT": 0,
          "Min": 0,
          "Max": 30,
          "G": [
            {
              "name": "lb.l0006",
              "value": 23.09
            },
            {
              "name": "lb.l0008",
              "value": 14.09
            },
            {
              "name": "lb.l0036",
              "value": 26.98
            }
          ]
        },
        {
          "H": "cod.es3090",
          "Hid": 3090,
          "F": 24.47,
          "M": 21,
          "C": 18.48,
          "T": 37.51,
          "FPzComm": 7291,
          "POF": 0,
          "POC": 0,
          "POT": 0,
          "Min": 0,
          "Max": 40,
          "G": [
            {
              "name": "lb.l0006",
              "value": 24.47
            },
            {
              "name": "lb.l0008",
              "value": 18.48
            },
            {
              "name": "lb.l0036",
              "value": 37.51
            }
          ]
        },
        {
          "H": "cod.es3130",
          "Hid": 3130,
          "F": 16.14,
          "M": 9.86,
          "C": 8.27,
          "T": 21.91,
          "FPzComm": 9348,
          "POF": 0,
          "POC": 0,
          "POT": 0,
          "Min": 0,
          "Max": 25,
          "G": [
            {
              "name": "lb.l0006",
              "value": 16.14
            },
            {
              "name": "lb.l0008",
              "value": 8.27
            },
            {
              "name": "lb.l0036",
              "value": 21.91
            }
          ]
        },
        {
          "H": "cod.es3170",
          "Hid": 3170,
          "F": 32.09,
          "M": 19.75,
          "C": 16.41,
          "T": 46.09,
          "FPzComm": 1396,
          "POF": 0,
          "POC": 0,
          "POT": 0,
          "Min": 0,
          "Max": 50,
          "G": [
            {
              "name": "lb.l0006",
              "value": 32.09
            },
            {
              "name": "lb.l0008",
              "value": 16.41
            },
            {
              "name": "lb.l0036",
              "value": 46.09
            }
          ]
        },
        {
          "H": "cod.es3210",
          "Hid": 3210,
          "F": 16.96,
          "M": 2,
          "C": 1.83,
          "T": 5.12,
          "FPzComm": 224,
          "POF": 0,
          "POC": 0,
          "POT": 0,
          "Min": 0,
          "Max": 20,
          "G": [
            {
              "name": "lb.l0006",
              "value": 16.96
            },
            {
              "name": "lb.l0008",
              "value": 1.83
            },
            {
              "name": "lb.l0036",
              "value": 5.12
            }
          ]
        },
        {
          "H": "cod.es3250",
          "Hid": 3250,
          "F": 33.3,
          "M": 24.65,
          "C": 21.77,
          "T": 43.86,
          "FPzComm": 1865,
          "POF": 0,
          "POC": 0,
          "POT": 0,
          "Min": 0,
          "Max": 45,
          "G": [
            {
              "name": "lb.l0006",
              "value": 33.3
            },
            {
              "name": "lb.l0008",
              "value": 21.77
            },
            {
              "name": "lb.l0036",
              "value": 43.86
            }
          ]
        },
        {
          "H": "cod.es3290",
          "Hid": 3290,
          "F": 11.87,
          "M": 5.24,
          "C": 3.5,
          "T": 12.77,
          "FPzComm": 927,
          "POF": 0,
          "POC": 0,
          "POT": 0,
          "Min": 0,
          "Max": 15,
          "G": [
            {
              "name": "lb.l0006",
              "value": 11.87
            },
            {
              "name": "lb.l0008",
              "value": 3.5
            },
            {
              "name": "lb.l0036",
              "value": 12.77
            }
          ]
        },
        {
          "H": "cod.es3330",
          "Hid": 3330,
          "F": 78.57,
          "M": 39.25,
          "C": 32.36,
          "T": 87.57,
          "FPzComm": 98,
          "POF": 0,
          "POC": 0,
          "POT": 0,
          "Min": 0,
          "Max": 90,
          "G": [
            {
              "name": "lb.l0006",
              "value": 78.57
            },
            {
              "name": "lb.l0008",
              "value": 32.36
            },
            {
              "name": "lb.l0036",
              "value": 87.57
            }
          ]
        },
        {
          "H": "cod.es3370",
          "Hid": 3370,
          "F": 1.24,
          "M": 1.04,
          "C": 0.74,
          "T": 2.11,
          "FPzComm": 23637,
          "POF": 0,
          "POC": 0,
          "POT": 0,
          "Min": 0,
          "Max": 5,
          "G": [
            {
              "name": "lb.l0006",
              "value": 1.24
            },
            {
              "name": "lb.l0008",
              "value": 0.74
            },
            {
              "name": "lb.l0036",
              "value": 2.11
            }
          ]
        },
        {
          "H": "cod.es3410",
          "Hid": 3410,
          "F": 4.58,
          "M": 2.31,
          "C": 2.07,
          "T": 6.63,
          "FPzComm": 32888,
          "POF": 0,
          "POC": 0,
          "POT": 0,
          "Min": 0,
          "Max": 10,
          "G": [
            {
              "name": "lb.l0006",
              "value": 4.58
            },
            {
              "name": "lb.l0008",
              "value": 2.07
            },
            {
              "name": "lb.l0036",
              "value": 6.63
            }
          ]
        },
        {
          "H": "cod.es3450",
          "Hid": 3450,
          "F": 22.05,
          "M": 9.33,
          "C": 6.78,
          "T": 25.15,
          "FPzComm": 7903,
          "POF": 0,
          "POC": 0,
          "POT": 0,
          "Min": 0,
          "Max": 30,
          "G": [
            {
              "name": "lb.l0006",
              "value": 22.05
            },
            {
              "name": "lb.l0008",
              "value": 6.78
            },
            {
              "name": "lb.l0036",
              "value": 25.15
            }
          ]
        },
        {
          "H": "cod.es3490",
          "Hid": 3490,
          "F": 17.05,
          "M": 11.05,
          "C": 8.67,
          "T": 30.01,
          "FPzComm": 2920,
          "POF": 0,
          "POC": 0,
          "POT": 0,
          "Min": 0,
          "Max": 35,
          "G": [
            {
              "name": "lb.l0006",
              "value": 17.05
            },
            {
              "name": "lb.l0008",
              "value": 8.67
            },
            {
              "name": "lb.l0036",
              "value": 30.01
            }
          ]
        },
        {
          "H": "cod.es3530",
          "Hid": 3530,
          "F": 3,
          "M": 2.67,
          "C": 1.93,
          "T": 13.83,
          "FPzComm": 29210,
          "POF": 0,
          "POC": 0,
          "POT": 0,
          "Min": 0,
          "Max": 15,
          "G": [
            {
              "name": "lb.l0006",
              "value": 3
            },
            {
              "name": "lb.l0008",
              "value": 1.93
            },
            {
              "name": "lb.l0036",
              "value": 13.83
            }
          ]
        },
        {
          "H": "cod.es3570",
          "Hid": 3570,
          "F": 57.91,
          "M": 14.53,
          "C": 11.7,
          "T": 38.39,
          "FPzComm": 1530,
          "POF": 0,
          "POC": 0,
          "POT": 0,
          "Min": 0,
          "Max": 60,
          "G": [
            {
              "name": "lb.l0006",
              "value": 57.91
            },
            {
              "name": "lb.l0008",
              "value": 11.7
            },
            {
              "name": "lb.l0036",
              "value": 38.39
            }
          ]
        },
        {
          "H": "cod.es3600",
          "Hid": 3600,
          "F": 12.22,
          "M": 15.65,
          "C": 13.55,
          "T": 26.39,
          "FPzComm": 3788,
          "POF": 0,
          "POC": 0,
          "POT": 0,
          "Min": 0,
          "Max": 30,
          "G": [
            {
              "name": "lb.l0006",
              "value": 12.22
            },
            {
              "name": "lb.l0008",
              "value": 13.55
            },
            {
              "name": "lb.l0036",
              "value": 26.39
            }
          ]
        },
        {
          "H": "cod.es3640",
          "Hid": 3640,
          "F": 0,
          "M": 0,
          "C": 0,
          "T": 0,
          "FPzComm": 5752,
          "POF": 0,
          "POC": 0,
          "POT": 0,
          "Min": 0,
          "Max": 0,
          "G": [
            {
              "name": "lb.l0006",
              "value": 0
            },
            {
              "name": "lb.l0008",
              "value": 0
            },
            {
              "name": "lb.l0036",
              "value": 0
            }
          ]
        },
        {
          "H": "cod.es3680",
          "Hid": 3680,
          "F": 13.03,
          "M": 6.66,
          "C": 4.9,
          "T": 17.36,
          "FPzComm": 468,
          "POF": 0,
          "POC": 0,
          "POT": 0,
          "Min": 0,
          "Max": 20,
          "G": [
            {
              "name": "lb.l0006",
              "value": 13.03
            },
            {
              "name": "lb.l0008",
              "value": 4.9
            },
            {
              "name": "lb.l0036",
              "value": 17.36
            }
          ]
        },
        {
          "H": "cod.es3720",
          "Hid": 3720,
          "F": 20,
          "M": 9.51,
          "C": 7,
          "T": 23.69,
          "FPzComm": 340,
          "POF": 0,
          "POC": 0,
          "POT": 0,
          "Min": 0,
          "Max": 25,
          "G": [
            {
              "name": "lb.l0006",
              "value": 20
            },
            {
              "name": "lb.l0008",
              "value": 7
            },
            {
              "name": "lb.l0036",
              "value": 23.69
            }
          ]
        },
        {
          "H": "cod.es3760",
          "Hid": 3760,
          "F": 58.38,
          "M": 15.67,
          "C": 11.08,
          "T": 29.82,
          "FPzComm": 358,
          "POF": 0,
          "POC": 0,
          "POT": 0,
          "Min": 0,
          "Max": 60,
          "G": [
            {
              "name": "lb.l0006",
              "value": 58.38
            },
            {
              "name": "lb.l0008",
              "value": 11.08
            },
            {
              "name": "lb.l0036",
              "value": 29.82
            }
          ]
        }
      ]
    },
    {
      "IPD": "YTD",
      "PD": "txt.t0047",
      "RF": [
        {
          "H": "cod.es2730",
          "Hid": 2730,
          "F": 22.65,
          "M": 16.12,
          "C": 13.62,
          "T": 25.92,
          "FPzComm": 7685,
          "POF": 0,
          "POC": 0,
          "POT": 0,
          "Min": 0,
          "Max": 30,
          "G": [
            {
              "name": "lb.l0006",
              "value": 22.65
            },
            {
              "name": "lb.l0008",
              "value": 13.62
            },
            {
              "name": "lb.l0036",
              "value": 25.92
            }
          ]
        },
        {
          "H": "cod.es2770",
          "Hid": 2770,
          "F": 17.18,
          "M": 9.15,
          "C": 7.74,
          "T": 16.78,
          "FPzComm": 2293,
          "POF": 0,
          "POC": 0,
          "POT": 0,
          "Min": 0,
          "Max": 20,
          "G": [
            {
              "name": "lb.l0006",
              "value": 17.18
            },
            {
              "name": "lb.l0008",
              "value": 7.74
            },
            {
              "name": "lb.l0036",
              "value": 16.78
            }
          ]
        },
        {
          "H": "cod.es2810",
          "Hid": 2810,
          "F": 38.18,
          "M": 21.14,
          "C": 18.08,
          "T": 43.14,
          "FPzComm": 3216,
          "POF": 0,
          "POC": 0,
          "POT": 0,
          "Min": 0,
          "Max": 45,
          "G": [
            {
              "name": "lb.l0006",
              "value": 38.18
            },
            {
              "name": "lb.l0008",
              "value": 18.08
            },
            {
              "name": "lb.l0036",
              "value": 43.14
            }
          ]
        },
        {
          "H": "cod.es2850",
          "Hid": 2850,
          "F": 38.62,
          "M": 28.13,
          "C": 27.02,
          "T": 42.42,
          "FPzComm": 11965,
          "POF": 0,
          "POC": 0,
          "POT": 0,
          "Min": 0,
          "Max": 45,
          "G": [
            {
              "name": "lb.l0006",
              "value": 38.62
            },
            {
              "name": "lb.l0008",
              "value": 27.02
            },
            {
              "name": "lb.l0036",
              "value": 42.42
            }
          ]
        },
        {
          "H": "cod.es2890",
          "Hid": 2890,
          "F": 42.44,
          "M": 19.06,
          "C": 16.41,
          "T": 45.81,
          "FPzComm": 2717,
          "POF": 0,
          "POC": 0,
          "POT": 0,
          "Min": 0,
          "Max": 50,
          "G": [
            {
              "name": "lb.l0006",
              "value": 42.44
            },
            {
              "name": "lb.l0008",
              "value": 16.41
            },
            {
              "name": "lb.l0036",
              "value": 45.81
            }
          ]
        },
        {
          "H": "cod.es2930",
          "Hid": 2930,
          "F": 72.79,
          "M": 44.52,
          "C": 34.42,
          "T": 79.48,
          "FPzComm": 974,
          "POF": 0,
          "POC": 0,
          "POT": 0,
          "Min": 0,
          "Max": 80,
          "G": [
            {
              "name": "lb.l0006",
              "value": 72.79
            },
            {
              "name": "lb.l0008",
              "value": 34.42
            },
            {
              "name": "lb.l0036",
              "value": 79.48
            }
          ]
        },
        {
          "H": "cod.es2970",
          "Hid": 2970,
          "F": 50.7,
          "M": 30.84,
          "C": 28.23,
          "T": 48.81,
          "FPzComm": 1503,
          "POF": 0,
          "POC": 0,
          "POT": 0,
          "Min": 0,
          "Max": 55,
          "G": [
            {
              "name": "lb.l0006",
              "value": 50.7
            },
            {
              "name": "lb.l0008",
              "value": 28.23
            },
            {
              "name": "lb.l0036",
              "value": 48.81
            }
          ]
        },
        {
          "H": "cod.es3010",
          "Hid": 3010,
          "F": 35.93,
          "M": 23.77,
          "C": 22.15,
          "T": 43.79,
          "FPzComm": 16090,
          "POF": 0,
          "POC": 0,
          "POT": 0,
          "Min": 0,
          "Max": 45,
          "G": [
            {
              "name": "lb.l0006",
              "value": 35.93
            },
            {
              "name": "lb.l0008",
              "value": 22.15
            },
            {
              "name": "lb.l0036",
              "value": 43.79
            }
          ]
        },
        {
          "H": "cod.es3050",
          "Hid": 3050,
          "F": 23.09,
          "M": 17.69,
          "C": 14.09,
          "T": 26.98,
          "FPzComm": 8834,
          "POF": 0,
          "POC": 0,
          "POT": 0,
          "Min": 0,
          "Max": 30,
          "G": [
            {
              "name": "lb.l0006",
              "value": 23.09
            },
            {
              "name": "lb.l0008",
              "value": 14.09
            },
            {
              "name": "lb.l0036",
              "value": 26.98
            }
          ]
        },
        {
          "H": "cod.es3090",
          "Hid": 3090,
          "F": 24.47,
          "M": 21,
          "C": 18.48,
          "T": 37.51,
          "FPzComm": 7291,
          "POF": 0,
          "POC": 0,
          "POT": 0,
          "Min": 0,
          "Max": 40,
          "G": [
            {
              "name": "lb.l0006",
              "value": 24.47
            },
            {
              "name": "lb.l0008",
              "value": 18.48
            },
            {
              "name": "lb.l0036",
              "value": 37.51
            }
          ]
        },
        {
          "H": "cod.es3130",
          "Hid": 3130,
          "F": 16.14,
          "M": 9.86,
          "C": 8.27,
          "T": 21.91,
          "FPzComm": 9348,
          "POF": 0,
          "POC": 0,
          "POT": 0,
          "Min": 0,
          "Max": 25,
          "G": [
            {
              "name": "lb.l0006",
              "value": 16.14
            },
            {
              "name": "lb.l0008",
              "value": 8.27
            },
            {
              "name": "lb.l0036",
              "value": 21.91
            }
          ]
        },
        {
          "H": "cod.es3170",
          "Hid": 3170,
          "F": 32.09,
          "M": 19.75,
          "C": 16.41,
          "T": 46.09,
          "FPzComm": 1396,
          "POF": 0,
          "POC": 0,
          "POT": 0,
          "Min": 0,
          "Max": 50,
          "G": [
            {
              "name": "lb.l0006",
              "value": 32.09
            },
            {
              "name": "lb.l0008",
              "value": 16.41
            },
            {
              "name": "lb.l0036",
              "value": 46.09
            }
          ]
        },
        {
          "H": "cod.es3210",
          "Hid": 3210,
          "F": 16.96,
          "M": 2,
          "C": 1.83,
          "T": 5.12,
          "FPzComm": 224,
          "POF": 0,
          "POC": 0,
          "POT": 0,
          "Min": 0,
          "Max": 20,
          "G": [
            {
              "name": "lb.l0006",
              "value": 16.96
            },
            {
              "name": "lb.l0008",
              "value": 1.83
            },
            {
              "name": "lb.l0036",
              "value": 5.12
            }
          ]
        },
        {
          "H": "cod.es3250",
          "Hid": 3250,
          "F": 33.3,
          "M": 24.65,
          "C": 21.77,
          "T": 43.86,
          "FPzComm": 1865,
          "POF": 0,
          "POC": 0,
          "POT": 0,
          "Min": 0,
          "Max": 45,
          "G": [
            {
              "name": "lb.l0006",
              "value": 33.3
            },
            {
              "name": "lb.l0008",
              "value": 21.77
            },
            {
              "name": "lb.l0036",
              "value": 43.86
            }
          ]
        },
        {
          "H": "cod.es3290",
          "Hid": 3290,
          "F": 11.87,
          "M": 5.24,
          "C": 3.5,
          "T": 12.77,
          "FPzComm": 927,
          "POF": 0,
          "POC": 0,
          "POT": 0,
          "Min": 0,
          "Max": 15,
          "G": [
            {
              "name": "lb.l0006",
              "value": 11.87
            },
            {
              "name": "lb.l0008",
              "value": 3.5
            },
            {
              "name": "lb.l0036",
              "value": 12.77
            }
          ]
        },
        {
          "H": "cod.es3330",
          "Hid": 3330,
          "F": 78.57,
          "M": 39.25,
          "C": 32.36,
          "T": 87.57,
          "FPzComm": 98,
          "POF": 0,
          "POC": 0,
          "POT": 0,
          "Min": 0,
          "Max": 90,
          "G": [
            {
              "name": "lb.l0006",
              "value": 78.57
            },
            {
              "name": "lb.l0008",
              "value": 32.36
            },
            {
              "name": "lb.l0036",
              "value": 87.57
            }
          ]
        },
        {
          "H": "cod.es3370",
          "Hid": 3370,
          "F": 1.24,
          "M": 1.04,
          "C": 0.74,
          "T": 2.11,
          "FPzComm": 23637,
          "POF": 0,
          "POC": 0,
          "POT": 0,
          "Min": 0,
          "Max": 5,
          "G": [
            {
              "name": "lb.l0006",
              "value": 1.24
            },
            {
              "name": "lb.l0008",
              "value": 0.74
            },
            {
              "name": "lb.l0036",
              "value": 2.11
            }
          ]
        },
        {
          "H": "cod.es3410",
          "Hid": 3410,
          "F": 4.58,
          "M": 2.31,
          "C": 2.07,
          "T": 6.63,
          "FPzComm": 32888,
          "POF": 0,
          "POC": 0,
          "POT": 0,
          "Min": 0,
          "Max": 10,
          "G": [
            {
              "name": "lb.l0006",
              "value": 4.58
            },
            {
              "name": "lb.l0008",
              "value": 2.07
            },
            {
              "name": "lb.l0036",
              "value": 6.63
            }
          ]
        },
        {
          "H": "cod.es3450",
          "Hid": 3450,
          "F": 22.05,
          "M": 9.33,
          "C": 6.78,
          "T": 25.15,
          "FPzComm": 7903,
          "POF": 0,
          "POC": 0,
          "POT": 0,
          "Min": 0,
          "Max": 30,
          "G": [
            {
              "name": "lb.l0006",
              "value": 22.05
            },
            {
              "name": "lb.l0008",
              "value": 6.78
            },
            {
              "name": "lb.l0036",
              "value": 25.15
            }
          ]
        },
        {
          "H": "cod.es3490",
          "Hid": 3490,
          "F": 17.05,
          "M": 11.05,
          "C": 8.67,
          "T": 30.01,
          "FPzComm": 2920,
          "POF": 0,
          "POC": 0,
          "POT": 0,
          "Min": 0,
          "Max": 35,
          "G": [
            {
              "name": "lb.l0006",
              "value": 17.05
            },
            {
              "name": "lb.l0008",
              "value": 8.67
            },
            {
              "name": "lb.l0036",
              "value": 30.01
            }
          ]
        },
        {
          "H": "cod.es3530",
          "Hid": 3530,
          "F": 3,
          "M": 2.67,
          "C": 1.93,
          "T": 13.83,
          "FPzComm": 29210,
          "POF": 0,
          "POC": 0,
          "POT": 0,
          "Min": 0,
          "Max": 15,
          "G": [
            {
              "name": "lb.l0006",
              "value": 3
            },
            {
              "name": "lb.l0008",
              "value": 1.93
            },
            {
              "name": "lb.l0036",
              "value": 13.83
            }
          ]
        },
        {
          "H": "cod.es3570",
          "Hid": 3570,
          "F": 57.91,
          "M": 14.53,
          "C": 11.7,
          "T": 38.39,
          "FPzComm": 1530,
          "POF": 0,
          "POC": 0,
          "POT": 0,
          "Min": 0,
          "Max": 60,
          "G": [
            {
              "name": "lb.l0006",
              "value": 57.91
            },
            {
              "name": "lb.l0008",
              "value": 11.7
            },
            {
              "name": "lb.l0036",
              "value": 38.39
            }
          ]
        },
        {
          "H": "cod.es3600",
          "Hid": 3600,
          "F": 12.22,
          "M": 15.65,
          "C": 13.55,
          "T": 26.39,
          "FPzComm": 3788,
          "POF": 0,
          "POC": 0,
          "POT": 0,
          "Min": 0,
          "Max": 30,
          "G": [
            {
              "name": "lb.l0006",
              "value": 12.22
            },
            {
              "name": "lb.l0008",
              "value": 13.55
            },
            {
              "name": "lb.l0036",
              "value": 26.39
            }
          ]
        },
        {
          "H": "cod.es3640",
          "Hid": 3640,
          "F": 0,
          "M": 0,
          "C": 0,
          "T": 0,
          "FPzComm": 5752,
          "POF": 0,
          "POC": 0,
          "POT": 0,
          "Min": 0,
          "Max": 0,
          "G": [
            {
              "name": "lb.l0006",
              "value": 0
            },
            {
              "name": "lb.l0008",
              "value": 0
            },
            {
              "name": "lb.l0036",
              "value": 0
            }
          ]
        },
        {
          "H": "cod.es3680",
          "Hid": 3680,
          "F": 13.03,
          "M": 6.66,
          "C": 4.9,
          "T": 17.36,
          "FPzComm": 468,
          "POF": 0,
          "POC": 0,
          "POT": 0,
          "Min": 0,
          "Max": 20,
          "G": [
            {
              "name": "lb.l0006",
              "value": 13.03
            },
            {
              "name": "lb.l0008",
              "value": 4.9
            },
            {
              "name": "lb.l0036",
              "value": 17.36
            }
          ]
        },
        {
          "H": "cod.es3720",
          "Hid": 3720,
          "F": 20,
          "M": 9.51,
          "C": 7,
          "T": 23.69,
          "FPzComm": 340,
          "POF": 0,
          "POC": 0,
          "POT": 0,
          "Min": 0,
          "Max": 25,
          "G": [
            {
              "name": "lb.l0006",
              "value": 20
            },
            {
              "name": "lb.l0008",
              "value": 7
            },
            {
              "name": "lb.l0036",
              "value": 23.69
            }
          ]
        },
        {
          "H": "cod.es3760",
          "Hid": 3760,
          "F": 58.38,
          "M": 15.67,
          "C": 11.08,
          "T": 29.82,
          "FPzComm": 358,
          "POF": 0,
          "POC": 0,
          "POT": 0,
          "Min": 0,
          "Max": 60,
          "G": [
            {
              "name": "lb.l0006",
              "value": 58.38
            },
            {
              "name": "lb.l0008",
              "value": 11.08
            },
            {
              "name": "lb.l0036",
              "value": 29.82
            }
          ]
        }
      ]
    }
  ]
}
