{
  "DT": [
    {
      "PD": "MAT",
      "DTP": [
        {
          "H": "dt.d0001",
          "Filt": "",
          "F": 30.42,
          "FD": 0,
          "M": 26.3,
          "MD": 0.38,
          "C": 28.21,
          "CD": 0.39,
          "T": "n"
        },
        {
          "H": "dt.d0002",
          "Filt": "cod.me10",
          "F": 838.49,
          "FD": 0.33,
          "M": 254.76,
          "MD": -1.25,
          "C": 459.28,
          "CD": -0.25,
          "T": "n"
        },
        {
          "H": "dt.d0003",
          "Filt": "cod.me10",
          "F": 15.29,
          "FD": 1.54,
          "M": 27.45,
          "MD": 1.51,
          "C": 27.3,
          "CD": 1.36,
          "T": "c"
        },
        {
          "H": "dt.d0004",
          "Filt": "cod.me10",
          "F": 1.63,
          "FD": 0.98,
          "M": 2.61,
          "MD": -0.78,
          "C": 2.63,
          "CD": -1.02,
          "T": "n"
        },
        {
          "H": "dt.d0005",
          "Filt": "cod.me10",
          "F": 9.37,
          "FD": 0.55,
          "M": 10.5,
          "MD": 2.31,
          "C": 10.38,
          "CD": 2.41,
          "T": "c"
        },
        {
          "H": "dt.d0006",
          "Filt": "cod.me60",
          "F": 687.68,
          "FD": -0.04,
          "M": 153.2,
          "MD": -0.69,
          "C": 309.94,
          "CD": 0.31,
          "T": "n"
        },
        {
          "H": "dt.d0007",
          "Filt": "cod.me60",
          "F": 82.01,
          "FD": null,
          "M": 60.14,
          "MD": null,
          "C": 67.48,
          "CD": null,
          "T": "p"
        },
        {
          "H": "dt.d0008",
          "Filt": "cod.me60",
          "F": 13.77,
          "FD": 1.25,
          "M": 19.27,
          "MD": 2.78,
          "C": 21.22,
          "CD": 1.76,
          "T": "c"
        },
        {
          "H": "dt.d0009",
          "Filt": "cod.me60",
          "F": 1.43,
          "FD": -0.61,
          "M": 1.79,
          "MD": -0.63,
          "C": 2.06,
          "CD": -1.08,
          "T": "n"
        },
        {
          "H": "dt.d0010",
          "Filt": "cod.me60",
          "F": 9.62,
          "FD": 1.87,
          "M": 10.76,
          "MD": 3.42,
          "C": 10.3,
          "CD": 2.87,
          "T": "c"
        },
        {
          "H": "dt.d0006",
          "Filt": "cod.me100",
          "F": 435.5,
          "FD": 1.17,
          "M": 96.19,
          "MD": -0.76,
          "C": 187.09,
          "CD": 0.02,
          "T": "n"
        },
        {
          "H": "dt.d0015",
          "Filt": "cod.me100",
          "F": 63.33,
          "FD": null,
          "M": 62.79,
          "MD": null,
          "C": 60.36,
          "CD": null,
          "T": "p"
        },
        {
          "H": "dt.d0008",
          "Filt": "cod.me100",
          "F": 13.03,
          "FD": 2.63,
          "M": 17.16,
          "MD": 3.13,
          "C": 18.03,
          "CD": 2.23,
          "T": "c"
        },
        {
          "H": "dt.d0009",
          "Filt": "cod.me100",
          "F": 1.22,
          "FD": -0.06,
          "M": 1.36,
          "MD": 0.1,
          "C": 1.42,
          "CD": 0.01,
          "T": "n"
        },
        {
          "H": "dt.d0010",
          "Filt": "cod.me100",
          "F": 10.66,
          "FD": 2.68,
          "M": 12.58,
          "MD": 3.03,
          "C": 12.72,
          "CD": 2.21,
          "T": "c"
        },
        {
          "H": "dt.d0006",
          "Filt": "cod.me520",
          "F": 78.7,
          "FD": -6.67,
          "M": 12.91,
          "MD": 3.06,
          "C": 21.49,
          "CD": 3.05,
          "T": "n"
        },
        {
          "H": "dt.d0016",
          "Filt": "cod.me520",
          "F": 18.07,
          "FD": null,
          "M": 13.42,
          "MD": null,
          "C": 11.49,
          "CD": null,
          "T": "p"
        },
        {
          "H": "dt.d0008",
          "Filt": "cod.me520",
          "F": 14.61,
          "FD": 1.32,
          "M": 15.83,
          "MD": 2.59,
          "C": 15.65,
          "CD": 1.53,
          "T": "c"
        },
        {
          "H": "dt.d0009",
          "Filt": "cod.me520",
          "F": 1.09,
          "FD": -0.9,
          "M": 1.13,
          "MD": 0.71,
          "C": 1.12,
          "CD": 0.1,
          "T": "n"
        },
        {
          "H": "dt.d0010",
          "Filt": "cod.me520",
          "F": 13.36,
          "FD": 2.25,
          "M": 14.05,
          "MD": 1.87,
          "C": 13.94,
          "CD": 1.43,
          "T": "c"
        }
      ]
    },
    {
      "PD": "YTD",
      "DTP": [
        {
          "H": "dt.d0001",
          "Filt": "",
          "F": 31,
          "FD": 0,
          "M": 26.57,
          "MD": -2.1,
          "C": 28.65,
          "CD": -1.03,
          "T": "n"
        },
        {
          "H": "dt.d0002",
          "Filt": "cod.me10",
          "F": 826.52,
          "FD": -0.88,
          "M": 271.04,
          "MD": -0.27,
          "C": 492.3,
          "CD": 1.22,
          "T": "n"
        },
        {
          "H": "dt.d0003",
          "Filt": "cod.me10",
          "F": 15.38,
          "FD": -0.3,
          "M": 27.22,
          "MD": 1.16,
          "C": 26.87,
          "CD": 1,
          "T": "c"
        },
        {
          "H": "dt.d0004",
          "Filt": "cod.me10",
          "F": 1.61,
          "FD": -2.16,
          "M": 2.62,
          "MD": -0.77,
          "C": 2.62,
          "CD": -0.81,
          "T": "n"
        },
        {
          "H": "dt.d0005",
          "Filt": "cod.me10",
          "F": 9.56,
          "FD": 1.9,
          "M": 10.41,
          "MD": 1.95,
          "C": 10.26,
          "CD": 1.82,
          "T": "c"
        },
        {
          "H": "dt.d0006",
          "Filt": "cod.me60",
          "F": 686.9,
          "FD": 1.79,
          "M": 165.8,
          "MD": 0.1,
          "C": 337.56,
          "CD": 1.93,
          "T": "n"
        },
        {
          "H": "dt.d0007",
          "Filt": "cod.me60",
          "F": 83.11,
          "FD": null,
          "M": 61.17,
          "MD": null,
          "C": 68.57,
          "CD": null,
          "T": "p"
        },
        {
          "H": "dt.d0008",
          "Filt": "cod.me60",
          "F": 13.91,
          "FD": -0.75,
          "M": 18.78,
          "MD": 2.92,
          "C": 20.54,
          "CD": 2.22,
          "T": "c"
        },
        {
          "H": "dt.d0009",
          "Filt": "cod.me60",
          "F": 1.43,
          "FD": -2.02,
          "M": 1.78,
          "MD": 0.42,
          "C": 2.03,
          "CD": 0.5,
          "T": "n"
        },
        {
          "H": "dt.d0010",
          "Filt": "cod.me60",
          "F": 9.75,
          "FD": 1.3,
          "M": 10.57,
          "MD": 2.49,
          "C": 10.11,
          "CD": 1.71,
          "T": "c"
        },
        {
          "H": "dt.d0006",
          "Filt": "cod.me100",
          "F": 458.48,
          "FD": 0.74,
          "M": 108.66,
          "MD": -1.14,
          "C": 212.47,
          "CD": 0.61,
          "T": "n"
        },
        {
          "H": "dt.d0015",
          "Filt": "cod.me100",
          "F": 66.75,
          "FD": null,
          "M": 65.54,
          "MD": null,
          "C": 62.94,
          "CD": null,
          "T": "p"
        },
        {
          "H": "dt.d0008",
          "Filt": "cod.me100",
          "F": 13.5,
          "FD": 2.28,
          "M": 16.84,
          "MD": 2.89,
          "C": 17.57,
          "CD": 2.16,
          "T": "c"
        },
        {
          "H": "dt.d0009",
          "Filt": "cod.me100",
          "F": 1.25,
          "FD": -0.62,
          "M": 1.38,
          "MD": 0,
          "C": 1.43,
          "CD": -0.32,
          "T": "n"
        },
        {
          "H": "dt.d0010",
          "Filt": "cod.me100",
          "F": 10.76,
          "FD": 2.92,
          "M": 12.21,
          "MD": 2.89,
          "C": 12.31,
          "CD": 2.49,
          "T": "c"
        },
        {
          "H": "dt.d0006",
          "Filt": "cod.me520",
          "F": 87.06,
          "FD": -3.78,
          "M": 15.77,
          "MD": 0.8,
          "C": 26.34,
          "CD": 0.54,
          "T": "n"
        },
        {
          "H": "dt.d0016",
          "Filt": "cod.me520",
          "F": 18.99,
          "FD": null,
          "M": 14.51,
          "MD": null,
          "C": 12.4,
          "CD": null,
          "T": "p"
        },
        {
          "H": "dt.d0008",
          "Filt": "cod.me520",
          "F": 15.2,
          "FD": 4.85,
          "M": 15.45,
          "MD": 4.5,
          "C": 15.28,
          "CD": 3.69,
          "T": "c"
        },
        {
          "H": "dt.d0009",
          "Filt": "cod.me520",
          "F": 1.1,
          "FD": -1.75,
          "M": 1.11,
          "MD": 0.11,
          "C": 1.11,
          "CD": -0.14,
          "T": "n"
        },
        {
          "H": "dt.d0010",
          "Filt": "cod.me520",
          "F": 13.86,
          "FD": 6.72,
          "M": 13.88,
          "MD": 4.38,
          "C": 13.77,
          "CD": 3.84,
          "T": "c"
        }
      ]
    },
    {
      "PD": "01/01/2020",
      "DTP": [
        {
          "H": "dt.d0001",
          "Filt": "",
          "F": 31,
          "FD": 0,
          "M": 26.57,
          "MD": -2.1,
          "C": 28.65,
          "CD": -1.03,
          "T": "n"
        },
        {
          "H": "dt.d0002",
          "Filt": "cod.me10",
          "F": 826.52,
          "FD": -0.88,
          "M": 271.04,
          "MD": -0.27,
          "C": 492.3,
          "CD": 1.22,
          "T": "n"
        },
        {
          "H": "dt.d0003",
          "Filt": "cod.me10",
          "F": 15.38,
          "FD": -0.3,
          "M": 27.22,
          "MD": 1.16,
          "C": 26.87,
          "CD": 1,
          "T": "c"
        },
        {
          "H": "dt.d0004",
          "Filt": "cod.me10",
          "F": 1.61,
          "FD": -2.16,
          "M": 2.62,
          "MD": -0.77,
          "C": 2.62,
          "CD": -0.81,
          "T": "n"
        },
        {
          "H": "dt.d0005",
          "Filt": "cod.me10",
          "F": 9.56,
          "FD": 1.9,
          "M": 10.41,
          "MD": 1.95,
          "C": 10.26,
          "CD": 1.82,
          "T": "c"
        },
        {
          "H": "dt.d0006",
          "Filt": "cod.me60",
          "F": 686.9,
          "FD": 1.79,
          "M": 165.8,
          "MD": 0.1,
          "C": 337.56,
          "CD": 1.93,
          "T": "n"
        },
        {
          "H": "dt.d0007",
          "Filt": "cod.me60",
          "F": 83.11,
          "FD": null,
          "M": 61.17,
          "MD": null,
          "C": 68.57,
          "CD": null,
          "T": "p"
        },
        {
          "H": "dt.d0008",
          "Filt": "cod.me60",
          "F": 13.91,
          "FD": -0.75,
          "M": 18.78,
          "MD": 2.92,
          "C": 20.54,
          "CD": 2.22,
          "T": "c"
        },
        {
          "H": "dt.d0009",
          "Filt": "cod.me60",
          "F": 1.43,
          "FD": -2.02,
          "M": 1.78,
          "MD": 0.42,
          "C": 2.03,
          "CD": 0.5,
          "T": "n"
        },
        {
          "H": "dt.d0010",
          "Filt": "cod.me60",
          "F": 9.75,
          "FD": 1.3,
          "M": 10.57,
          "MD": 2.49,
          "C": 10.11,
          "CD": 1.71,
          "T": "c"
        },
        {
          "H": "dt.d0006",
          "Filt": "cod.me100",
          "F": 458.48,
          "FD": 0.74,
          "M": 108.66,
          "MD": -1.14,
          "C": 212.47,
          "CD": 0.61,
          "T": "n"
        },
        {
          "H": "dt.d0015",
          "Filt": "cod.me100",
          "F": 66.75,
          "FD": null,
          "M": 65.54,
          "MD": null,
          "C": 62.94,
          "CD": null,
          "T": "p"
        },
        {
          "H": "dt.d0008",
          "Filt": "cod.me100",
          "F": 13.5,
          "FD": 2.28,
          "M": 16.84,
          "MD": 2.89,
          "C": 17.57,
          "CD": 2.16,
          "T": "c"
        },
        {
          "H": "dt.d0009",
          "Filt": "cod.me100",
          "F": 1.25,
          "FD": -0.62,
          "M": 1.38,
          "MD": 0,
          "C": 1.43,
          "CD": -0.32,
          "T": "n"
        },
        {
          "H": "dt.d0010",
          "Filt": "cod.me100",
          "F": 10.76,
          "FD": 2.92,
          "M": 12.21,
          "MD": 2.89,
          "C": 12.31,
          "CD": 2.49,
          "T": "c"
        },
        {
          "H": "dt.d0006",
          "Filt": "cod.me520",
          "F": 87.06,
          "FD": -3.78,
          "M": 15.77,
          "MD": 0.8,
          "C": 26.34,
          "CD": 0.54,
          "T": "n"
        },
        {
          "H": "dt.d0016",
          "Filt": "cod.me520",
          "F": 18.99,
          "FD": null,
          "M": 14.51,
          "MD": null,
          "C": 12.4,
          "CD": null,
          "T": "p"
        },
        {
          "H": "dt.d0008",
          "Filt": "cod.me520",
          "F": 15.2,
          "FD": 4.85,
          "M": 15.45,
          "MD": 4.5,
          "C": 15.28,
          "CD": 3.69,
          "T": "c"
        },
        {
          "H": "dt.d0009",
          "Filt": "cod.me520",
          "F": 1.1,
          "FD": -1.75,
          "M": 1.11,
          "MD": 0.11,
          "C": 1.11,
          "CD": -0.14,
          "T": "n"
        },
        {
          "H": "dt.d0010",
          "Filt": "cod.me520",
          "F": 13.86,
          "FD": 6.72,
          "M": 13.88,
          "MD": 4.38,
          "C": 13.77,
          "CD": 3.84,
          "T": "c"
        }
      ]
    }
  ]
}
