{"datiDettRefF":[
{"DP":"DORMIDINA 25 MG 14 COMPRIMIDOS","DD":"ESTEVE","FRF":1,"FRP":1,"FFt":1415.75,"FFtD":11.23,"FPz":175,"FPzD":9.38,"FQt":20.56,"FPr":8.09,"MRF":1,"MRP":1,"CRF":1,"CRP":1}
,{"DP":"MELATONIN PURA 60 TABLETAS","DD":"TREPAT-DIET","FRF":3,"FRP":2,"FFt":1113.3,"FFtD":14.49,"FPz":79,"FPzD":12.86,"FQt":9.28,"FPr":14.09,"MRF":22,"MRP":25,"CRF":34,"CRP":43}
,{"DP":"MELATONIN RETARD TAB 1.90 MG 60 TABLETAS","DD":"TREPAT-DIET","FRF":2,"FRP":3,"FFt":1168.57,"FFtD":27.94,"FPz":78,"FPzD":27.87,"FQt":9.17,"FPr":14.98,"MRF":24,"MRP":30,"CRF":28,"CRP":40}
,{"DP":"SLEEPEEL 1 MG 30 COMP","DD":"HEEL ESPAÑA","FRF":6,"FRP":4,"FFt":507.45,"FFtD":18.6,"FPz":54,"FPzD":17.39,"FQt":6.35,"FPr":9.4,"MRF":9,"MRP":12,"CRF":10,"CRP":10}
,{"DP":"SEDIVITAX TISANA 20 BOLSITAS","DD":"ABOCA SpA SOCIETA' AGRICOLA","FRF":11,"FRP":5,"FFt":329.01,"FFtD":40.69,"FPz":45,"FPzD":32.35,"FQt":5.29,"FPr":7.31,"MRF":13,"MRP":10,"CRF":8,"CRP":3}
,{"DP":"SEDATIF PC 90 COMPRIMIDOS","DD":"BOIRON","FRF":7,"FRP":6,"FFt":502.31,"FFtD":26.99,"FPz":42,"FPzD":27.27,"FQt":4.94,"FPr":11.96,"MRF":7,"MRP":9,"CRF":9,"CRP":13}
,{"DP":"DORMIDINA 12.5 MG 14 COMPRIMIDOS RECUBIERTOS","DD":"ESTEVE","FRF":12,"FRP":7,"FFt":306.34,"FFtD":88.95,"FPz":41,"FPzD":86.36,"FQt":4.82,"FPr":7.47,"MRF":11,"MRP":8,"CRF":20,"CRP":18}
,{"DP":"FITOCONCENTRADO VALERIANA ABOCA 500 MG 50 CAPS","DD":"ABOCA SpA SOCIETA' AGRICOLA","FRF":8,"FRP":8,"FFt":451.3,"FFtD":-20.24,"FPz":33,"FPzD":-21.43,"FQt":3.88,"FPr":13.68,"MRF":8,"MRP":13,"CRF":7,"CRP":7}
,{"DP":"AQUILEA SUEÑO 1.95 MG 60 COMPRIMIDOS","DD":"URIACH","FRF":5,"FRP":9,"FFt":615.8,"FFtD":120.48,"FPz":30,"FPzD":114.29,"FQt":3.53,"FPr":20.53,"MRF":3,"MRP":4,"CRF":4,"CRP":8}
,{"DP":"SOÑODOR 50 MG 16 COMPRIMIDOS","DD":"URGO","FRF":13,"FRP":10,"FFt":271.5,"FFtD":31.45,"FPz":30,"FPzD":30.43,"FQt":3.53,"FPr":9.05,"MRF":17,"MRP":16,"CRF":14,"CRP":15}
,{"DP":"SLEEPEEL GOTAS 30 ML","DD":"HEEL ESPAÑA","FRF":10,"FRP":11,"FFt":349.95,"FFtD":46.42,"FPz":29,"FPzD":45,"FQt":3.41,"FPr":12.07,"MRF":32,"MRP":36,"CRF":26,"CRP":31}
,{"DP":"NEUROBIANE 60 CAPS","DD":"PILEJE SLU","FRF":4,"FRP":12,"FFt":636.5,"FFtD":-12.75,"FPz":24,"FPzD":-14.29,"FQt":2.82,"FPr":26.52,"MRF":90,"MRP":108,"CRF":100,"CRP":104}
,{"DP":"PRANAROM MIEL SUEÑO","DD":"PRANAROM","FRF":14,"FRP":13,"FFt":227,"FFtD":-21.98,"FPz":20,"FPzD":-25.93,"FQt":2.35,"FPr":11.35,"MRF":86,"MRP":92,"CRF":96,"CRP":94}
,{"DP":"SERENIL CALMANSIA 50 CAPS","DD":"PLANTA MEDICA Srl","FRF":9,"FRP":14,"FFt":371.9,"FFtD":-50.9,"FPz":19,"FPzD":-51.28,"FQt":2.23,"FPr":19.57,"MRF":4,"MRP":5,"CRF":3,"CRP":4}
,{"DP":"SEDIVITAX 30 CAPS","DD":"ABOCA SpA SOCIETA' AGRICOLA","FRF":15,"FRP":15,"FFt":203.15,"FFtD":-59.25,"FPz":17,"FPzD":-59.52,"FQt":2,"FPr":11.95,"MRF":2,"MRP":2,"CRF":2,"CRP":2}
,{"DP":"VALERIANA LEO ANGELINI 80 COMPRIMIDOS","DD":"ANGELINI FARMACÉUTICA S A","FRF":17,"FRP":16,"FFt":101.1,"FFtD":180.83,"FPz":13,"FPzD":160,"FQt":1.53,"FPr":7.78,"MRF":30,"MRP":31,"CRF":35,"CRP":37}
,{"DP":"SERENIA 30 CAPS","DD":"BAYER HISPANIA S.L.","FRF":19,"FRP":17,"FFt":88.9,"FFtD":null,"FPz":11,"FPzD":null,"FQt":1.29,"FPr":8.08,"MRF":67,"MRP":66,"CRF":66,"CRP":59}
,{"DP":"AQUILEA SUEÑO 1.95 30 COMPRIMIDOS","DD":"URIACH","FRF":18,"FRP":18,"FFt":95.09,"FFtD":-31.47,"FPz":8,"FPzD":-33.33,"FQt":0.94,"FPr":11.89,"MRF":6,"MRP":3,"CRF":6,"CRP":5}
,{"DP":"CHRONOBIANE INSTANTANEO 20 ML","DD":"PILEJE SLU","FRF":22,"FRP":19,"FFt":69.65,"FFtD":16.67,"FPz":7,"FPzD":16.67,"FQt":0.82,"FPr":9.95,"MRF":56,"MRP":58,"CRF":77,"CRP":84}
,{"DP":"MELAMIL GOTAS 1 MG DIA 30 ML","DD":"HUMANA SPAIN","FRF":16,"FRP":20,"FFt":129,"FFtD":-14.29,"FPz":6,"FPzD":-14.29,"FQt":0.71,"FPr":21.5,"MRF":5,"MRP":11,"CRF":5,"CRP":14}
,{"DP":"SEDATIF PC 2 GR","DD":"BOIRON","FRF":21,"FRP":21,"FFt":71.29,"FFtD":49.77,"FPz":6,"FPzD":50,"FQt":0.71,"FPr":11.88,"MRF":84,"MRP":94,"CRF":40,"CRP":48}
,{"DP":"VALDISPERT COMPLEX 50 COMPRIMIDOS","DD":"VEMEDIA PH.","FRF":23,"FRP":22,"FFt":67.2,"FFtD":513.7,"FPz":6,"FPzD":500,"FQt":0.71,"FPr":11.2,"MRF":69,"MRP":73,"CRF":55,"CRP":57}
,{"DP":"VALERIANA FORTE 15 GRAGEAS","DD":"BOEHRINGER INGELHEIM, S.A.","FRF":31,"FRP":23,"FFt":36.3,"FFtD":-15.05,"FPz":5,"FPzD":-16.67,"FQt":0.59,"FPr":7.26,"MRF":42,"MRP":35,"CRF":41,"CRP":32}
,{"DP":"ENRELAX 48 CAPS","DD":"URIACH","FRF":34,"FRP":24,"FFt":33.45,"FFtD":-64.09,"FPz":5,"FPzD":-66.67,"FQt":0.59,"FPr":6.69,"MRF":35,"MRP":23,"CRF":22,"CRP":17}
,{"DP":"IGNADIN CONDUCTUM SOLUCION ORAL 50 ML","DD":"HELIOSAR SPAGYRICA","FRF":20,"FRP":25,"FFt":87,"FFtD":250.1,"FPz":4,"FPzD":300,"FQt":0.47,"FPr":21.75,"MRF":95,"MRP":104,"CRF":98,"CRP":101}]
,"datiDettRefM":[
{"DP":"DORMIDINA 25 MG 14 COMPRIMIDOS","DD":"ESTEVE","FRF":1,"FRP":1,"MRF":1,"MRP":1,"MFt":1353.78,"MFtD":4.31,"MPz":167.264864864865,"MPzD":2.23,"MQt":20.34,"MPr":8.09}
,{"DP":"SEDIVITAX 30 CAPS","DD":"ABOCA SpA SOCIETA' AGRICOLA","FRF":15,"FRP":15,"MRF":2,"MRP":2,"MFt":658.8,"MFtD":-1.14,"MPz":56.4108108108108,"MPzD":-3.01,"MQt":6.86,"MPr":11.68}
,{"DP":"SEDIVITAX TISANA 20 BOLSITAS","DD":"ABOCA SpA SOCIETA' AGRICOLA","FRF":11,"FRP":5,"MRF":13,"MRP":10,"MFt":136.71,"MFtD":9.51,"MPz":19.5351351351351,"MPzD":5.89,"MQt":2.38,"MPr":7}
,{"DP":"SERENIL CALMANSIA 50 CAPS","DD":"PLANTA MEDICA Srl","FRF":9,"FRP":14,"MRF":4,"MRP":5,"MFt":433.76,"MFtD":25.86,"MPz":22.7675675675676,"MPzD":24.5,"MQt":2.77,"MPr":19.05}
,{"DP":"AQUILEA SUEÑO 1.95 30 COMPRIMIDOS","DD":"URIACH","FRF":18,"FRP":18,"MRF":6,"MRP":3,"MFt":339.03,"MFtD":-3.12,"MPz":30.6918918918919,"MPzD":-9.38,"MQt":3.73,"MPr":11.05}
,{"DP":"TILA ALPINA 1.2 G 20 FILTROS","DD":"MILVUS","FRF":105,"FRP":105,"MRF":18,"MRP":7,"MFt":102.97,"MFtD":3.76,"MPz":21.4756756756757,"MPzD":2.82,"MQt":2.61,"MPr":4.79}
,{"DP":"FITOCONCENTRADO VALERIANA ABOCA 500 MG 50 CAPS","DD":"ABOCA SpA SOCIETA' AGRICOLA","FRF":8,"FRP":8,"MRF":8,"MRP":13,"MFt":185.98,"MFtD":-3.81,"MPz":14.6540540540541,"MPzD":-5.38,"MQt":1.78,"MPr":12.69}
,{"DP":"AQUILEA SUEÑO 1.95 MG 60 COMPRIMIDOS","DD":"URIACH","FRF":5,"FRP":9,"MRF":3,"MRP":4,"MFt":462.44,"MFtD":27.78,"MPz":26.4648648648649,"MPzD":24.71,"MQt":3.22,"MPr":17.47}
,{"DP":"DORMIREL 25 MG 16 COMPRIMIDOS RECUBIERTOS","DD":"CINFA","FRF":72,"FRP":72,"MRF":10,"MRP":6,"MFt":160.71,"MFtD":13.8,"MPz":21.8648648648649,"MPzD":13.5,"MQt":2.66,"MPr":7.35}
,{"DP":"SLEEPEEL 1 MG 30 COMP","DD":"HEEL ESPAÑA","FRF":6,"FRP":4,"MRF":9,"MRP":12,"MFt":168.39,"MFtD":-6.34,"MPz":17.4324324324324,"MPzD":-6.95,"MQt":2.12,"MPr":9.66}
,{"DP":"VALERIANA CLASSIC 30 GRAGEAS","DD":"BOEHRINGER INGELHEIM, S.A.","FRF":109,"FRP":109,"MRF":28,"MRP":18,"MFt":64.14,"MFtD":-8.84,"MPz":11.8108108108108,"MPzD":-8.81,"MQt":1.44,"MPr":5.43}
,{"DP":"VALERIANA CLASSIC 60 GRAGEAS","DD":"BOEHRINGER INGELHEIM, S.A.","FRF":110,"FRP":110,"MRF":15,"MRP":14,"MFt":126.73,"MFtD":-7.67,"MPz":13.9189189189189,"MPzD":-8.13,"MQt":1.69,"MPr":9.1}
,{"DP":"SEDATIF PC 90 COMPRIMIDOS","DD":"BOIRON","FRF":7,"FRP":6,"MRF":7,"MRP":9,"MFt":239.51,"MFtD":-4.51,"MPz":20.1081081081081,"MPzD":-5.15,"MQt":2.45,"MPr":11.91}
,{"DP":"MELAMIL GOTAS 1 MG DIA 30 ML","DD":"HUMANA SPAIN","FRF":16,"FRP":20,"MRF":5,"MRP":11,"MFt":372.06,"MFtD":9.44,"MPz":19.4432432432432,"MPzD":7.21,"MQt":2.36,"MPr":19.14}
,{"DP":"SOÑODOR 50 MG 16 COMPRIMIDOS","DD":"URGO","FRF":13,"FRP":10,"MRF":17,"MRP":16,"MFt":108.18,"MFtD":-2.47,"MPz":11.9675675675676,"MPzD":-3.61,"MQt":1.46,"MPr":9.04}
,{"DP":"NORMODORM 25 MG 14 COMPRIMIDOS RECUBIERTOS","DD":"NORMON","FRF":89,"FRP":89,"MRF":21,"MRP":15,"MFt":93.8,"MFtD":27.09,"MPz":13.5081081081081,"MPzD":25.58,"MQt":1.64,"MPr":6.94}
,{"DP":"ENRELAX 48 CAPS","DD":"URIACH","FRF":34,"FRP":24,"MRF":35,"MRP":23,"MFt":48.4,"MFtD":-7.32,"MPz":8.20540540540541,"MPzD":-12.41,"MQt":1,"MPr":5.9}
,{"DP":"DORMIDINA 12.5 MG 14 COMPRIMIDOS RECUBIERTOS","DD":"ESTEVE","FRF":12,"FRP":7,"MRF":11,"MRP":8,"MFt":152.29,"MFtD":8.33,"MPz":20.4216216216216,"MPzD":6.6,"MQt":2.48,"MPr":7.46}
,{"DP":"SEDIVITAX GOTAS 30 ML","DD":"ABOCA SpA SOCIETA' AGRICOLA","FRF":54,"FRP":54,"MRF":20,"MRP":19,"MFt":96.13,"MFtD":-4.09,"MPz":10.1351351351351,"MPzD":-6.25,"MQt":1.23,"MPr":9.48}
,{"DP":"ONIRIA 30 COMPRIMIDOS RECUBIERTOS","DD":"ITALFARMACO","FRF":96,"FRP":96,"MRF":26,"MRP":24,"MFt":73.35,"MFtD":null,"MPz":8.08108108108108,"MPzD":null,"MQt":0.98,"MPr":9.08}
,{"DP":"EPAPLUS MELATONINA C TRIPTOFANO 1.98 MG 60 COMPRIMIDOS","DD":"PEROXFARMA","FRF":27,"FRP":32,"MRF":14,"MRP":22,"MFt":128.5,"MFtD":62.78,"MPz":9.7027027027027,"MPzD":65.13,"MQt":1.18,"MPr":13.24}
,{"DP":"AQUILEA MELATONINA 1.95 MG 60 COMP","DD":"URIACH","FRF":46,"FRP":46,"MRF":12,"MRP":17,"MFt":144.9,"MFtD":13.6,"MPz":11.8162162162162,"MPzD":8.43,"MQt":1.44,"MPr":12.26}
,{"DP":"BLEVIT INFUSION SUEÑO 150 G","DD":"ORDESA","FRF":67,"FRP":67,"MRF":23,"MRP":20,"MFt":88.35,"MFtD":-15.29,"MPz":9.92972972972973,"MPzD":-16.31,"MQt":1.21,"MPr":8.9}
,{"DP":"VALERIANA FORTE 30 GRAGEAS","DD":"BOEHRINGER INGELHEIM, S.A.","FRF":112,"FRP":112,"MRF":16,"MRP":21,"MFt":112.26,"MFtD":2.33,"MPz":9.72972972972973,"MPzD":0.61,"MQt":1.18,"MPr":11.54}
,{"DP":"MELATONIN PURA 60 TABLETAS","DD":"TREPAT-DIET","FRF":3,"FRP":2,"MRF":22,"MRP":25,"MFt":88.56,"MFtD":7.16,"MPz":6.2972972972973,"MPzD":7.67,"MQt":0.77,"MPr":14.06}]
,"datiDettRefC":[
{"DP":"DORMIDINA 25 MG 14 COMPRIMIDOS","DD":"ESTEVE","FRF":1,"FRP":1,"CRF":1,"CRP":1,"CFt":633.85,"CFtD":0.26,"CPz":78.4363636363636,"CPzD":-1.51,"CQt":17.8,"CPr":8.08}
,{"DP":"SEDIVITAX 30 CAPS","DD":"ABOCA SpA SOCIETA' AGRICOLA","FRF":15,"FRP":15,"CRF":2,"CRP":2,"CFt":431.73,"CFtD":-9.42,"CPz":37.0181818181818,"CPzD":-10.7,"CQt":8.4,"CPr":11.66}
,{"DP":"SEDIVITAX TISANA 20 BOLSITAS","DD":"ABOCA SpA SOCIETA' AGRICOLA","FRF":11,"FRP":5,"CRF":8,"CRP":3,"CFt":114.61,"CFtD":5.39,"CPz":16.3454545454545,"CPzD":-0.88,"CQt":3.71,"CPr":7.01}
,{"DP":"SERENIL CALMANSIA 50 CAPS","DD":"PLANTA MEDICA Srl","FRF":9,"FRP":14,"CRF":3,"CRP":4,"CFt":306.31,"CFtD":20.4,"CPz":16.0181818181818,"CPzD":17.94,"CQt":3.64,"CPr":19.12}
,{"DP":"AQUILEA SUEÑO 1.95 30 COMPRIMIDOS","DD":"URIACH","FRF":18,"FRP":18,"CRF":6,"CRP":5,"CFt":151.78,"CFtD":-7.8,"CPz":13.6727272727273,"CPzD":-14.84,"CQt":3.1,"CPr":11.1}
,{"DP":"TILA ALPINA 1.2 G 20 FILTROS","DD":"MILVUS","FRF":105,"FRP":105,"CRF":15,"CRP":6,"CFt":67.98,"CFtD":-16.9,"CPz":13.3454545454545,"CPzD":-17.99,"CQt":3.03,"CPr":5.09}
,{"DP":"FITOCONCENTRADO VALERIANA ABOCA 500 MG 50 CAPS","DD":"ABOCA SpA SOCIETA' AGRICOLA","FRF":8,"FRP":8,"CRF":7,"CRP":7,"CFt":144.34,"CFtD":0.04,"CPz":11.0727272727273,"CPzD":-1.14,"CQt":2.51,"CPr":13.04}
,{"DP":"AQUILEA SUEÑO 1.95 MG 60 COMPRIMIDOS","DD":"URIACH","FRF":5,"FRP":9,"CRF":4,"CRP":8,"CFt":181.41,"CFtD":20.78,"CPz":10.4909090909091,"CPzD":18.48,"CQt":2.38,"CPr":17.29}
,{"DP":"DORMIREL 25 MG 16 COMPRIMIDOS RECUBIERTOS","DD":"CINFA","FRF":72,"FRP":72,"CRF":13,"CRP":9,"CFt":77.11,"CFtD":-4.08,"CPz":10.4909090909091,"CPzD":-4.31,"CQt":2.38,"CPr":7.35}
,{"DP":"SLEEPEEL 1 MG 30 COMP","DD":"HEEL ESPAÑA","FRF":6,"FRP":4,"CRF":10,"CRP":10,"CFt":96.82,"CFtD":-14.13,"CPz":9.98181818181818,"CPzD":-16.31,"CQt":2.27,"CPr":9.7}
,{"DP":"VALERIANA CLASSIC 30 GRAGEAS","DD":"BOEHRINGER INGELHEIM, S.A.","FRF":109,"FRP":109,"CRF":19,"CRP":11,"CFt":49.1,"CFtD":-14.76,"CPz":8.94545454545455,"CPzD":-14.29,"CQt":2.03,"CPr":5.49}
,{"DP":"VALERIANA CLASSIC 60 GRAGEAS","DD":"BOEHRINGER INGELHEIM, S.A.","FRF":110,"FRP":110,"CRF":12,"CRP":12,"CFt":81.49,"CFtD":0.73,"CPz":8.85454545454546,"CPzD":-2.01,"CQt":2.01,"CPr":9.2}
,{"DP":"SEDATIF PC 90 COMPRIMIDOS","DD":"BOIRON","FRF":7,"FRP":6,"CRF":9,"CRP":13,"CFt":100.12,"CFtD":-11.72,"CPz":8.34545454545455,"CPzD":-12.4,"CQt":1.89,"CPr":12}
,{"DP":"MELAMIL GOTAS 1 MG DIA 30 ML","DD":"HUMANA SPAIN","FRF":16,"FRP":20,"CRF":5,"CRP":14,"CFt":155.99,"CFtD":27.18,"CPz":8.23636363636364,"CPzD":25.83,"CQt":1.87,"CPr":18.94}
,{"DP":"SOÑODOR 50 MG 16 COMPRIMIDOS","DD":"URGO","FRF":13,"FRP":10,"CRF":14,"CRP":15,"CFt":74.38,"CFtD":0.73,"CPz":8.21818181818182,"CPzD":-0.44,"CQt":1.87,"CPr":9.05}
,{"DP":"NORMODORM 25 MG 14 COMPRIMIDOS RECUBIERTOS","DD":"NORMON","FRF":89,"FRP":89,"CRF":18,"CRP":16,"CFt":53.62,"CFtD":34.32,"CPz":7.72727272727273,"CPzD":34.49,"CQt":1.75,"CPr":6.94}
,{"DP":"ENRELAX 48 CAPS","DD":"URIACH","FRF":34,"FRP":24,"CRF":22,"CRP":17,"CFt":43.23,"CFtD":5.05,"CPz":7.38181818181818,"CPzD":-0.73,"CQt":1.68,"CPr":5.86}
,{"DP":"DORMIDINA 12.5 MG 14 COMPRIMIDOS RECUBIERTOS","DD":"ESTEVE","FRF":12,"FRP":7,"CRF":20,"CRP":18,"CFt":48.27,"CFtD":6.42,"CPz":6.50909090909091,"CPzD":5.29,"CQt":1.48,"CPr":7.42}
,{"DP":"SEDIVITAX GOTAS 30 ML","DD":"ABOCA SpA SOCIETA' AGRICOLA","FRF":54,"FRP":54,"CRF":17,"CRP":19,"CFt":61.37,"CFtD":0.3,"CPz":6.4,"CPzD":-3.03,"CQt":1.45,"CPr":9.59}
,{"DP":"TILA ALPINA TISANA 32 G","DD":"MILVUS","FRF":106,"FRP":106,"CRF":46,"CRP":20,"CFt":17.57,"CFtD":-0.74,"CPz":5.34545454545455,"CPzD":-1.01,"CQt":1.21,"CPr":3.29}
,{"DP":"SERENIL BUEN HUMOR 100 CAPS","DD":"PLANTA MEDICA Srl","FRF":28,"FRP":37,"CRF":11,"CRP":21,"CFt":84.11,"CFtD":-5.02,"CPz":4.23636363636364,"CPzD":-8.98,"CQt":0.96,"CPr":19.86}
,{"DP":"ONIRIA 30 COMPRIMIDOS RECUBIERTOS","DD":"ITALFARMACO","FRF":96,"FRP":96,"CRF":25,"CRP":22,"CFt":37.72,"CFtD":null,"CPz":4.12727272727273,"CPzD":null,"CQt":0.94,"CPr":9.14}
,{"DP":"SEDIVITAX JARABE 220 G","DD":"ABOCA SpA SOCIETA' AGRICOLA","FRF":47,"FRP":47,"CRF":16,"CRP":23,"CFt":64.47,"CFtD":-13.17,"CPz":4.03636363636364,"CPzD":-14.29,"CQt":0.92,"CPr":15.97}
,{"DP":"MELADISPERT DORMIR & EN FORMA ","DD":"VEMEDIA PH.","FRF":81,"FRP":81,"CRF":24,"CRP":24,"CFt":38.69,"CFtD":19.92,"CPz":3.54545454545455,"CPzD":7.73,"CQt":0.8,"CPr":10.91}
,{"DP":"EPAPLUS MELATONINA C TRIPTOFANO 1.98 MG 60 COMPRIMIDOS","DD":"PEROXFARMA","FRF":27,"FRP":32,"CRF":21,"CRP":25,"CFt":44.47,"CFtD":88.58,"CPz":3.47272727272727,"CPzD":92.93,"CQt":0.79,"CPr":12.81}]