{"datiDettRefF":[
{"DP":"FLUIMUCIL FORTE 600 MG 20 COMPRIMIDOS EFERVESCENTES","DD":"ZAMBON","FRF":1,"FRP":1,"FFt":1632.27,"FFtD":19.19,"FPz":237,"FPzD":13.94,"FQt":18.72,"FPr":6.89,"MRF":1,"MRP":1,"CRF":2,"CRP":1}
,{"DP":"BRONCOLSAN JARABE 200 G","DD":"PLANTA MEDICA Srl","FRF":3,"FRP":2,"FFt":1543.18,"FFtD":-16.3,"FPz":142,"FPzD":-20.22,"FQt":11.22,"FPr":10.87,"MRF":6,"MRP":6,"CRF":6,"CRP":6}
,{"DP":"GRINTUSS JARABE CON POLIRESIN ADULTOS 180 ML","DD":"ABOCA SpA SOCIETA' AGRICOLA","FRF":2,"FRP":3,"FFt":1568.04,"FFtD":19.97,"FPz":134,"FPzD":5.51,"FQt":10.58,"FPr":11.7,"MRF":3,"MRP":3,"CRF":3,"CRP":3}
,{"DP":"OLEOCAPS 1 30 CAPS","DD":"PRANAROM","FRF":4,"FRP":4,"FFt":1224.95,"FFtD":-33.6,"FPz":125,"FPzD":-32.8,"FQt":9.87,"FPr":9.8,"MRF":18,"MRP":18,"CRF":16,"CRP":20}
,{"DP":"CUIDADO DE LA TOS - 180 G","DD":"APOTECA NATURA","FRF":5,"FRP":5,"FFt":1074.37,"FFtD":19.66,"FPz":86,"FPzD":19.44,"FQt":6.79,"FPr":12.49,"MRF":2,"MRP":4,"CRF":1,"CRP":2}
,{"DP":"GRINTUSS PEDIATRIC POLIRESIN - JARABE 180 G ","DD":"ABOCA SpA SOCIETA' AGRICOLA","FRF":6,"FRP":6,"FFt":883.74,"FFtD":20.13,"FPz":71,"FPzD":5.97,"FQt":5.61,"FPr":12.45,"MRF":5,"MRP":5,"CRF":4,"CRP":5}
,{"DP":"GRINTUSS ADULTOS POLIRESIN - 20 COMPRIMIDOS ","DD":"ABOCA SpA SOCIETA' AGRICOLA","FRF":7,"FRP":7,"FFt":665.57,"FFtD":57.16,"FPz":56,"FPzD":51.35,"FQt":4.42,"FPr":11.89,"MRF":8,"MRP":13,"CRF":8,"CRP":13}
,{"DP":"FLUTOX 3.54 MGML JARABE 200 ML","DD":"ZAMBON","FRF":9,"FRP":8,"FFt":386.46,"FFtD":-22.69,"FPz":44,"FPzD":-27.87,"FQt":3.48,"FPr":8.78,"MRF":4,"MRP":2,"CRF":5,"CRP":4}
,{"DP":"PRANAROM JARABE DE LOS FUMADOR","DD":"PRANAROM","FRF":8,"FRP":9,"FFt":625.81,"FFtD":-17.65,"FPz":42,"FPzD":-17.65,"FQt":3.32,"FPr":14.9,"MRF":28,"MRP":35,"CRF":27,"CRP":35}
,{"DP":"FLUIMUCIL 200 MG 30 SOBRES GRANULADO","DD":"ZAMBON","FRF":12,"FRP":10,"FFt":234,"FFtD":-0.72,"FPz":34,"FPzD":-5.56,"FQt":2.69,"FPr":6.88,"MRF":12,"MRP":8,"CRF":9,"CRP":7}
,{"DP":"GRINTUSS TISANA TISANA 20 FILTROS","DD":"ABOCA SpA SOCIETA' AGRICOLA","FRF":11,"FRP":11,"FFt":238.62,"FFtD":5.81,"FPz":33,"FPzD":0,"FQt":2.61,"FPr":7.23,"MRF":40,"MRP":34,"CRF":41,"CRP":33}
,{"DP":"BISOLVON ANTITUSIVO COMPOSITUM 31.5 MGML SOLUCION ORAL 200 ML","DD":"BOEHRINGER INGELHEIM, S.A.","FRF":10,"FRP":12,"FFt":272.54,"FFtD":-0.51,"FPz":31,"FPzD":-6.06,"FQt":2.45,"FPr":8.79,"MRF":9,"MRP":10,"CRF":10,"CRP":9}
,{"DP":"BISOLVON MUCOLITICO 1.6 MGML JARABE 200 ML","DD":"BOEHRINGER INGELHEIM, S.A.","FRF":13,"FRP":13,"FFt":186.45,"FFtD":26.99,"FPz":22,"FPzD":22.22,"FQt":1.74,"FPr":8.47,"MRF":13,"MRP":12,"CRF":15,"CRP":15}
,{"DP":"TOMILLO LA PIRENAICA 1.5 G 20 FILTROS","DD":"LA PIRENAICA","FRF":24,"FRP":14,"FFt":70.43,"FFtD":-55.87,"FPz":17,"FPzD":-55.26,"FQt":1.34,"FPr":4.14,"MRF":104,"MRP":88,"CRF":100,"CRP":92}
,{"DP":"AROMAFORCE CAPSULAS PARA INHALACION BIO 15 CAPS","DD":"PRANAROM","FRF":15,"FRP":15,"FFt":157.7,"FFtD":null,"FPz":16,"FPzD":null,"FQt":1.26,"FPr":9.86,"MRF":75,"MRP":84,"CRF":72,"CRP":77}
,{"DP":"ROMILAR 3 MGML JARABE 200 ML","DD":"BAYER HISPANIA S.L.","FRF":17,"FRP":16,"FFt":110.6,"FFtD":-9.33,"FPz":14,"FPzD":-12.5,"FQt":1.11,"FPr":7.9,"MRF":15,"MRP":14,"CRF":14,"CRP":14}
,{"DP":"BRONCHOSTOP 200ML","DD":"OMEGA PHARMA ESPAÑA, S.A.","FRF":14,"FRP":17,"FFt":162.37,"FFtD":333.33,"FPz":13,"FPzD":333.33,"FQt":1.03,"FPr":12.49,"MRF":20,"MRP":30,"CRF":34,"CRP":46}
,{"DP":"AROMAFORCE JARABE BIO 150 ML","DD":"PRANAROM","FRF":16,"FRP":18,"FFt":119.4,"FFtD":44.9,"FPz":13,"FPzD":44.44,"FQt":1.03,"FPr":9.18,"MRF":17,"MRP":16,"CRF":17,"CRP":18}
,{"DP":"GRIPANAIT JARABE 120 ML","DD":"VICKS","FRF":19,"FRP":19,"FFt":93.08,"FFtD":305.22,"FPz":11,"FPzD":266.67,"FQt":0.87,"FPr":8.46,"MRF":46,"MRP":44,"CRF":64,"CRP":67}
,{"DP":"ROMILAR 15 MG 20 COMPRIMIDOS","DD":"BAYER HISPANIA S.L.","FRF":30,"FRP":20,"FFt":38.5,"FFtD":41.03,"FPz":11,"FPzD":37.5,"FQt":0.87,"FPr":3.5,"MRF":43,"MRP":29,"CRF":44,"CRP":27}
,{"DP":"FLUIMUCIL 40 MGML SOLUCION ORAL 200 ML","DD":"ZAMBON","FRF":18,"FRP":21,"FFt":109.6,"FFtD":132.4,"FPz":10,"FPzD":100,"FQt":0.79,"FPr":10.96,"MRF":16,"MRP":17,"CRF":11,"CRP":16}
,{"DP":"BRONCOLSAN TISANA 1.3 G 20 FILTROS","DD":"PLANTA MEDICA Srl","FRF":23,"FRP":22,"FFt":73.8,"FFtD":-31.19,"FPz":10,"FPzD":-33.33,"FQt":0.79,"FPr":7.38,"MRF":54,"MRP":50,"CRF":51,"CRP":45}
,{"DP":"CINFATOS EXPECTORANTE 220 MGML SOLUCION ORAL 200 ML (PET)","DD":"CINFA","FRF":22,"FRP":23,"FFt":74.4,"FFtD":129.63,"FPz":9,"FPzD":125,"FQt":0.71,"FPr":8.27,"MRF":10,"MRP":9,"CRF":12,"CRP":10}
,{"DP":"PROSPANTUS 35 MG5 ML JARABE 200 ML","DD":"FERRER INTERNACIONAL","FRF":20,"FRP":24,"FFt":79.69,"FFtD":625.11,"FPz":7,"FPzD":600,"FQt":0.55,"FPr":11.38,"MRF":11,"MRP":15,"CRF":19,"CRP":22}
,{"DP":"FORMULATUS 7.33 MG 12 PASTILLAS PARA CHUPAR MIEL","DD":"VICKS","FRF":33,"FRP":25,"FFt":34.46,"FFtD":-74.38,"FPz":7,"FPzD":-75.86,"FQt":0.55,"FPr":4.92,"MRF":68,"MRP":54,"CRF":78,"CRP":69}]
,"datiDettRefM":[
{"DP":"FLUIMUCIL FORTE 600 MG 20 COMPRIMIDOS EFERVESCENTES","DD":"ZAMBON","FRF":1,"FRP":1,"MRF":1,"MRP":1,"MFt":2419.97,"MFtD":12.44,"MPz":352.421621621622,"MPzD":7.16,"MQt":17.3,"MPr":6.87}
,{"DP":"CUIDADO DE LA TOS - 180 G","DD":"APOTECA NATURA","FRF":5,"FRP":5,"MRF":2,"MRP":4,"MFt":2006.1,"MFtD":30.91,"MPz":165.567567567568,"MPzD":28.74,"MQt":8.13,"MPr":12.12}
,{"DP":"GRINTUSS JARABE CON POLIRESIN ADULTOS 180 ML","DD":"ABOCA SpA SOCIETA' AGRICOLA","FRF":2,"FRP":3,"MRF":3,"MRP":3,"MFt":1972.8,"MFtD":-15.26,"MPz":168.427027027027,"MPzD":-16.4,"MQt":8.27,"MPr":11.71}
,{"DP":"FLUTOX 3.54 MGML JARABE 200 ML","DD":"ZAMBON","FRF":9,"FRP":8,"MRF":4,"MRP":2,"MFt":1712.64,"MFtD":-0.71,"MPz":195.827027027027,"MPzD":-7.71,"MQt":9.61,"MPr":8.75}
,{"DP":"GRINTUSS PEDIATRIC POLIRESIN - JARABE 180 G ","DD":"ABOCA SpA SOCIETA' AGRICOLA","FRF":6,"FRP":6,"MRF":5,"MRP":5,"MFt":1675.03,"MFtD":3.76,"MPz":141.854054054054,"MPzD":2.13,"MQt":6.96,"MPr":11.81}
,{"DP":"BRONCOLSAN JARABE 200 G","DD":"PLANTA MEDICA Srl","FRF":3,"FRP":2,"MRF":6,"MRP":6,"MFt":795.74,"MFtD":2.67,"MPz":74.227027027027,"MPzD":0.64,"MQt":3.64,"MPr":10.72}
,{"DP":"FLUIMUCIL 200 MG 30 SOBRES GRANULADO","DD":"ZAMBON","FRF":12,"FRP":10,"MRF":12,"MRP":8,"MFt":317.23,"MFtD":-3.39,"MPz":46.2216216216216,"MPzD":-7.88,"MQt":2.27,"MPr":6.86}
,{"DP":"MUCOSAN 6 MGML JARABE 250 ML","DD":"BOEHRINGER INGELHEIM, S.A.","FRF":29,"FRP":30,"MRF":7,"MRP":7,"MFt":492.76,"MFtD":-2.97,"MPz":49.3891891891892,"MPzD":-7.1,"MQt":2.42,"MPr":9.98}
,{"DP":"BISOLVON ANTITUSIVO COMPOSITUM 31.5 MGML SOLUCION ORAL 200 ML","DD":"BOEHRINGER INGELHEIM, S.A.","FRF":10,"FRP":12,"MRF":9,"MRP":10,"MFt":364.41,"MFtD":-2.98,"MPz":41.8918918918919,"MPzD":-7.87,"MQt":2.06,"MPr":8.7}
,{"DP":"CINFATOS EXPECTORANTE 220 MGML SOLUCION ORAL 200 ML (PET)","DD":"CINFA","FRF":22,"FRP":23,"MRF":10,"MRP":9,"MFt":346.76,"MFtD":215.62,"MPz":42.3297297297297,"MPzD":210.02,"MQt":2.08,"MPr":8.19}
,{"DP":"PROSPANTUS 35 MG5 ML JARABE 100 ML","DD":"FERRER INTERNACIONAL","FRF":34,"FRP":32,"MRF":14,"MRP":11,"MFt":293.52,"MFtD":-6.01,"MPz":36.1891891891892,"MPzD":-17.36,"MQt":1.78,"MPr":8.11}
,{"DP":"AMBROXOL CINFA EFG 3 MGML JARABE 200 ML FRASCO PET","DD":"CINFA","FRF":57,"FRP":57,"MRF":31,"MRP":22,"MFt":82.97,"MFtD":278.05,"MPz":18.8918918918919,"MPzD":278.25,"MQt":0.93,"MPr":4.39}
,{"DP":"GRINTUSS ADULTOS POLIRESIN - 20 COMPRIMIDOS ","DD":"ABOCA SpA SOCIETA' AGRICOLA","FRF":7,"FRP":7,"MRF":8,"MRP":13,"MFt":375.59,"MFtD":-2.8,"MPz":33.7243243243243,"MPzD":-3.82,"MQt":1.66,"MPr":11.14}
,{"DP":"ROMILAR 3 MGML JARABE 200 ML","DD":"BAYER HISPANIA S.L.","FRF":17,"FRP":16,"MRF":15,"MRP":14,"MFt":264.74,"MFtD":-7.05,"MPz":33.6378378378378,"MPzD":-11.02,"MQt":1.65,"MPr":7.87}
,{"DP":"BISOLVON MUCOLITICO 1.6 MGML JARABE 200 ML","DD":"BOEHRINGER INGELHEIM, S.A.","FRF":13,"FRP":13,"MRF":13,"MRP":12,"MFt":305.93,"MFtD":-1.05,"MPz":36.1135135135135,"MPzD":-5.05,"MQt":1.77,"MPr":8.47}
,{"DP":"FLUIMUCIL 40 MGML SOLUCION ORAL 200 ML","DD":"ZAMBON","FRF":18,"FRP":21,"MRF":16,"MRP":17,"MFt":260.59,"MFtD":16.93,"MPz":23.8594594594595,"MPzD":-1.91,"MQt":1.17,"MPr":10.92}
,{"DP":"SEKISAN 3.54 MGML JARABE 200 ML","DD":"ALMIRALL S.A.","FRF":48,"FRP":48,"MRF":24,"MRP":19,"MFt":155.59,"MFtD":-7.08,"MPz":19.9297297297297,"MPzD":-9.99,"MQt":0.98,"MPr":7.81}
,{"DP":"AROMAFORCE JARABE BIO 150 ML","DD":"PRANAROM","FRF":16,"FRP":18,"MRF":17,"MRP":16,"MFt":243.46,"MFtD":-19.14,"MPz":25.8702702702703,"MPzD":-21.46,"MQt":1.27,"MPr":9.41}
,{"DP":"FLUTOX 10 MG 20 COMPRIMIDOS","DD":"ZAMBON","FRF":25,"FRP":27,"MRF":26,"MRP":24,"MFt":153.36,"MFtD":-2.39,"MPz":17.5297297297297,"MPzD":-9.31,"MQt":0.86,"MPr":8.75}
,{"DP":"OLEOCAPS 1 30 CAPS","DD":"PRANAROM","FRF":4,"FRP":4,"MRF":18,"MRP":18,"MFt":240.27,"MFtD":-24.24,"MPz":23.6594594594595,"MPzD":-24.35,"MQt":1.16,"MPr":10.16}
,{"DP":"PROSPANTUS 35 MG5 ML JARABE 200 ML","DD":"FERRER INTERNACIONAL","FRF":20,"FRP":24,"MRF":11,"MRP":15,"MFt":331.26,"MFtD":30.34,"MPz":28.9243243243243,"MPzD":23.69,"MQt":1.42,"MPr":11.45}
,{"DP":"CINFATOS 2 MGML SOLUCION ORAL 1 FRASCO 200 ML (PET)","DD":"CINFA","FRF":75,"FRP":75,"MRF":23,"MRP":21,"MFt":156.99,"MFtD":256.23,"MPz":19.5459459459459,"MPzD":250.05,"MQt":0.96,"MPr":8.03}
,{"DP":"MUCOSAN PEDIATRICO 3 MGML JARABE 200 ML","DD":"BOEHRINGER INGELHEIM, S.A.","FRF":31,"FRP":31,"MRF":19,"MRP":20,"MFt":177.23,"MFtD":-1.03,"MPz":19.8648648648649,"MPzD":-7.5,"MQt":0.98,"MPr":8.92}
,{"DP":"BISOLVON ANTITUSIVO 2 MGML JARABE 200 ML","DD":"BOEHRINGER INGELHEIM, S.A.","FRF":64,"FRP":64,"MRF":25,"MRP":23,"MFt":154.33,"MFtD":-7.72,"MPz":18.2162162162162,"MPzD":-11.73,"MQt":0.89,"MPr":8.47}
,{"DP":"STODAL JBE HOMEOPATICO BOIRON","DD":"BOIRON","FRF":45,"FRP":45,"MRF":21,"MRP":25,"MFt":163.65,"MFtD":-19.76,"MPz":16.3513513513514,"MPzD":-23.5,"MQt":0.8,"MPr":10.01}]
,"datiDettRefC":[
{"DP":"FLUIMUCIL FORTE 600 MG 20 COMPRIMIDOS EFERVESCENTES","DD":"ZAMBON","FRF":1,"FRP":1,"CRF":2,"CRP":1,"CFt":1406.5,"CFtD":15.49,"CPz":205.218181818182,"CPzD":10.41,"CQt":16.61,"CPr":6.85}
,{"DP":"CUIDADO DE LA TOS - 180 G","DD":"APOTECA NATURA","FRF":5,"FRP":5,"CRF":1,"CRP":2,"CFt":1495.29,"CFtD":20.28,"CPz":122.672727272727,"CPzD":18.24,"CQt":9.93,"CPr":12.19}
,{"DP":"GRINTUSS JARABE CON POLIRESIN ADULTOS 180 ML","DD":"ABOCA SpA SOCIETA' AGRICOLA","FRF":2,"FRP":3,"CRF":3,"CRP":3,"CFt":1308.26,"CFtD":-15.88,"CPz":111.290909090909,"CPzD":-16.63,"CQt":9.01,"CPr":11.76}
,{"DP":"FLUTOX 3.54 MGML JARABE 200 ML","DD":"ZAMBON","FRF":9,"FRP":8,"CRF":5,"CRP":4,"CFt":892.48,"CFtD":0.08,"CPz":102.381818181818,"CPzD":-6.59,"CQt":8.28,"CPr":8.72}
,{"DP":"GRINTUSS PEDIATRIC POLIRESIN - JARABE 180 G ","DD":"ABOCA SpA SOCIETA' AGRICOLA","FRF":6,"FRP":6,"CRF":4,"CRP":5,"CFt":962.04,"CFtD":8.56,"CPz":81.3090909090909,"CPzD":7.37,"CQt":6.58,"CPr":11.83}
,{"DP":"BRONCOLSAN JARABE 200 G","DD":"PLANTA MEDICA Srl","FRF":3,"FRP":2,"CRF":6,"CRP":6,"CFt":637.39,"CFtD":4.21,"CPz":59.1272727272727,"CPzD":2.2,"CQt":4.78,"CPr":10.78}
,{"DP":"FLUIMUCIL 200 MG 30 SOBRES GRANULADO","DD":"ZAMBON","FRF":12,"FRP":10,"CRF":9,"CRP":7,"CFt":216.68,"CFtD":-6.62,"CPz":31.5818181818182,"CPzD":-11.24,"CQt":2.56,"CPr":6.86}
,{"DP":"MUCOSAN 6 MGML JARABE 250 ML","DD":"BOEHRINGER INGELHEIM, S.A.","FRF":29,"FRP":30,"CRF":7,"CRP":8,"CFt":291.74,"CFtD":-8.61,"CPz":29.2363636363636,"CPzD":-12.7,"CQt":2.37,"CPr":9.98}
,{"DP":"BISOLVON ANTITUSIVO COMPOSITUM 31.5 MGML SOLUCION ORAL 200 ML","DD":"BOEHRINGER INGELHEIM, S.A.","FRF":10,"FRP":12,"CRF":10,"CRP":9,"CFt":204.61,"CFtD":-1,"CPz":23.5636363636364,"CPzD":-5.61,"CQt":1.91,"CPr":8.68}
,{"DP":"CINFATOS EXPECTORANTE 220 MGML SOLUCION ORAL 200 ML (PET)","DD":"CINFA","FRF":22,"FRP":23,"CRF":12,"CRP":10,"CFt":172.58,"CFtD":242.4,"CPz":21.1090909090909,"CPzD":238.48,"CQt":1.71,"CPr":8.18}
,{"DP":"PROSPANTUS 35 MG5 ML JARABE 100 ML","DD":"FERRER INTERNACIONAL","FRF":34,"FRP":32,"CRF":13,"CRP":11,"CFt":165.62,"CFtD":-16.99,"CPz":20.4181818181818,"CPzD":-27.08,"CQt":1.65,"CPr":8.11}
,{"DP":"AMBROXOL CINFA EFG 3 MGML JARABE 200 ML FRASCO PET","DD":"CINFA","FRF":57,"FRP":57,"CRF":21,"CRP":12,"CFt":86.46,"CFtD":300.72,"CPz":19.6727272727273,"CPzD":300.74,"CQt":1.59,"CPr":4.39}
,{"DP":"GRINTUSS ADULTOS POLIRESIN - 20 COMPRIMIDOS ","DD":"ABOCA SpA SOCIETA' AGRICOLA","FRF":7,"FRP":7,"CRF":8,"CRP":13,"CFt":217.63,"CFtD":-7.51,"CPz":19.4363636363636,"CPzD":-10.39,"CQt":1.57,"CPr":11.2}
,{"DP":"ROMILAR 3 MGML JARABE 200 ML","DD":"BAYER HISPANIA S.L.","FRF":17,"FRP":16,"CRF":14,"CRP":14,"CFt":147.42,"CFtD":-18.58,"CPz":18.7272727272727,"CPzD":-21.73,"CQt":1.52,"CPr":7.87}
,{"DP":"BISOLVON MUCOLITICO 1.6 MGML JARABE 200 ML","DD":"BOEHRINGER INGELHEIM, S.A.","FRF":13,"FRP":13,"CRF":15,"CRP":15,"CFt":144.02,"CFtD":-0.7,"CPz":17.0363636363636,"CPzD":-4.29,"CQt":1.38,"CPr":8.45}
,{"DP":"FLUIMUCIL 40 MGML SOLUCION ORAL 200 ML","DD":"ZAMBON","FRF":18,"FRP":21,"CRF":11,"CRP":16,"CFt":178.57,"CFtD":14.1,"CPz":16.3272727272727,"CPzD":-3.65,"CQt":1.32,"CPr":10.94}
,{"DP":"SEKISAN 3.54 MGML JARABE 200 ML","DD":"ALMIRALL S.A.","FRF":48,"FRP":48,"CRF":18,"CRP":17,"CFt":119.55,"CFtD":-17.68,"CPz":15.3272727272727,"CPzD":-20.17,"CQt":1.24,"CPr":7.8}
,{"DP":"AROMAFORCE JARABE BIO 150 ML","DD":"PRANAROM","FRF":16,"FRP":18,"CRF":17,"CRP":18,"CFt":124.65,"CFtD":-8.45,"CPz":12.9636363636364,"CPzD":-10.43,"CQt":1.05,"CPr":9.62}
,{"DP":"FLUTOX 10 MG 20 COMPRIMIDOS","DD":"ZAMBON","FRF":25,"FRP":27,"CRF":20,"CRP":19,"CFt":108.21,"CFtD":-9.52,"CPz":12.3818181818182,"CPzD":-16.44,"CQt":1,"CPr":8.74}
,{"DP":"OLEOCAPS 1 30 CAPS","DD":"PRANAROM","FRF":4,"FRP":4,"CRF":16,"CRP":20,"CFt":125.36,"CFtD":-31.08,"CPz":11.9636363636364,"CPzD":-31.32,"CQt":0.97,"CPr":10.48}
,{"DP":"CINFAMUCOL CARBOCISTEINA 50 MGML SOLUCION ORAL 200 ML","DD":"CINFA","FRF":72,"FRP":72,"CRF":23,"CRP":21,"CFt":81.95,"CFtD":-24.72,"CPz":9.98181818181818,"CPzD":-27.76,"CQt":0.81,"CPr":8.21}
,{"DP":"PROSPANTUS 35 MG5 ML JARABE 200 ML","DD":"FERRER INTERNACIONAL","FRF":20,"FRP":24,"CRF":19,"CRP":22,"CFt":110.23,"CFtD":25.89,"CPz":9.6,"CPzD":19.19,"CQt":0.78,"CPr":11.48}
,{"DP":"ROMILAR 15 MGML GOTAS ORALES SOLUCION 20 ML","DD":"BAYER HISPANIA S.L.","FRF":35,"FRP":29,"CRF":31,"CRP":23,"CFt":49.72,"CFtD":-24.78,"CPz":9.58181818181818,"CPzD":-25.67,"CQt":0.78,"CPr":5.19}
,{"DP":"CINFATOS 2 MGML SOLUCION ORAL 1 FRASCO 200 ML (PET)","DD":"CINFA","FRF":75,"FRP":75,"CRF":24,"CRP":24,"CFt":75.71,"CFtD":282.13,"CPz":9.41818181818182,"CPzD":275.36,"CQt":0.76,"CPr":8.04}
,{"DP":"MUCOSAN PEDIATRICO 3 MGML JARABE 200 ML","DD":"BOEHRINGER INGELHEIM, S.A.","FRF":31,"FRP":31,"CRF":22,"CRP":25,"CFt":82.31,"CFtD":-8.19,"CPz":9.21818181818182,"CPzD":-14.5,"CQt":0.75,"CPr":8.93}]