{"datiDettRefF":[
{"DP":"IBEROGAST GOTAS ORALES SOLUCION 50 ML","DD":"BAYER HISPANIA S.L.","FRF":1,"FRP":1,"FFt":1216.95,"FFtD":-23.75,"FPz":61,"FPzD":-23.75,"FQt":24.4,"FPr":19.95,"MRF":5,"MRP":11,"CRF":4,"CRP":14}
,{"DP":"AERO RED 40 MG 100 COMPRIMIDOS MASTICABLES","DD":"URIACH","FRF":5,"FRP":2,"FFt":242.17,"FFtD":0.98,"FPz":37,"FPzD":-2.63,"FQt":14.8,"FPr":6.55,"MRF":2,"MRP":1,"CRF":3,"CRP":1}
,{"DP":"IBEROGAST GOTAS ORALES SOLUCION 100 ML","DD":"BAYER HISPANIA S.L.","FRF":2,"FRP":3,"FFt":946,"FFtD":13.64,"FPz":25,"FPzD":13.64,"FQt":10,"FPr":37.84,"MRF":10,"MRP":16,"CRF":17,"CRP":21}
,{"DP":"PANKREOFLAT 50 GRAGEAS","DD":"FAES FARMA","FRF":7,"FRP":4,"FFt":209.76,"FFtD":23.1,"FPz":24,"FPzD":20,"FQt":9.6,"FPr":8.74,"MRF":7,"MRP":6,"CRF":8,"CRP":6}
,{"DP":"COLIGAS FAST CAPSULAS 50 CAPS","DD":"ABOCA SpA SOCIETA' AGRICOLA","FRF":4,"FRP":5,"FFt":298.3,"FFtD":-26.42,"FPz":19,"FPzD":-26.92,"FQt":7.6,"FPr":15.7,"MRF":1,"MRP":2,"CRF":1,"CRP":2}
,{"DP":"FINOCARBO PLUS TISANA 20 BOLSITAS","DD":"ABOCA SpA SOCIETA' AGRICOLA","FRF":8,"FRP":6,"FFt":124.1,"FFtD":11.1,"FPz":18,"FPzD":12.5,"FQt":7.2,"FPr":6.89,"MRF":13,"MRP":12,"CRF":12,"CRP":11}
,{"DP":"AERO RED FORTE 240 MG 20 CAPSULAS BLANDAS","DD":"URIACH","FRF":9,"FRP":7,"FFt":103.5,"FFtD":102.94,"FPz":14,"FPzD":100,"FQt":5.6,"FPr":7.39,"MRF":11,"MRP":8,"CRF":11,"CRP":10}
,{"DP":"FINOCARBO PLUS 500 MG 50 CAPS","DD":"ABOCA SpA SOCIETA' AGRICOLA","FRF":6,"FRP":8,"FFt":215.45,"FFtD":37.33,"FPz":12,"FPzD":20,"FQt":4.8,"FPr":17.95,"MRF":6,"MRP":13,"CRF":7,"CRP":13}
,{"DP":"COLILEN IBS 96 CÁPSULAS ","DD":"ABOCA SpA SOCIETA' AGRICOLA","FRF":3,"FRP":9,"FFt":316.1,"FFtD":9,"FPz":11,"FPzD":10,"FQt":4.4,"FPr":28.74,"MRF":3,"MRP":10,"CRF":2,"CRP":9}
,{"DP":"AERO RED 120 MG 40 COMPRIMIDOS MASTICABLES","DD":"URIACH","FRF":11,"FRP":10,"FFt":64.84,"FFtD":-15.89,"FPz":9,"FPzD":-18.18,"FQt":3.6,"FPr":7.2,"MRF":8,"MRP":4,"CRF":10,"CRP":4}
,{"DP":"ENTERO SILICONA 9 MGML EMULSION ORAL 250 ML","DD":"ESTEDI","FRF":12,"FRP":11,"FFt":59.85,"FFtD":-61.11,"FPz":7,"FPzD":-61.11,"FQt":2.8,"FPr":8.55,"MRF":9,"MRP":7,"CRF":5,"CRP":3}
,{"DP":"IBEROGAST GOTAS ORALES SOLUCION 20 ML","DD":"BAYER HISPANIA S.L.","FRF":13,"FRP":12,"FFt":40.09,"FFtD":34.3,"FPz":4,"FPzD":33.33,"FQt":1.6,"FPr":10.02,"MRF":4,"MRP":3,"CRF":6,"CRP":7}
,{"DP":"AERO RED 40 MG 30 COMPRIMIDOS MASTICABLES","DD":"URIACH","FRF":14,"FRP":13,"FFt":17.75,"FFtD":36.33,"FPz":4,"FPzD":33.33,"FQt":1.6,"FPr":4.44,"MRF":14,"MRP":5,"CRF":13,"CRP":5}
,{"DP":"ULTRA ADSORB 200 MG 30 CAPSULAS","DD":"LAINCO","FRF":15,"FRP":14,"FFt":17.55,"FFtD":1.21,"FPz":3,"FPzD":0,"FQt":1.2,"FPr":5.85,"MRF":20,"MRP":20,"CRF":24,"CRP":23}
,{"DP":"GELSECTAN 60 CAPSULAS","DD":"NORGINE DE ESPAÑA","FRF":10,"FRP":15,"FFt":83.9,"FFtD":-83.33,"FPz":2,"FPzD":-83.33,"FQt":0.8,"FPr":41.95,"MRF":15,"MRP":18,"CRF":14,"CRP":18}
,{"DP":"AERO RED 100 MGML GOTAS ORALES SOLUCION 100 ML","DD":"URIACH","FRF":16,"FRP":16,"FFt":0,"FFtD":null,"FPz":0,"FPzD":null,"FQt":0,"FPr":null,"MRF":18,"MRP":17,"CRF":18,"CRP":17}
,{"DP":"AERO RED 100 MGML GOTAS ORALES SOLUCION 25 ML","DD":"URIACH","FRF":17,"FRP":17,"FFt":0,"FFtD":null,"FPz":0,"FPzD":null,"FQt":0,"FPr":null,"MRF":16,"MRP":14,"CRF":15,"CRP":12}
,{"DP":"AERO RED 120 MG 40 COMPRIMIDOS MASTICABLES MENTA","DD":"URIACH","FRF":18,"FRP":18,"FFt":0,"FFtD":null,"FPz":0,"FPzD":null,"FQt":0,"FPr":null,"MRF":22,"MRP":22,"CRF":22,"CRP":22}
,{"DP":"AQUILEA GASES 60 COMP","DD":"URIACH","FRF":19,"FRP":19,"FFt":0,"FFtD":null,"FPz":0,"FPzD":null,"FQt":0,"FPr":null,"MRF":21,"MRP":21,"CRF":23,"CRP":24}
,{"DP":"ARKOCAPSULAS CARBON VEGETAL 225 MG 50 CAPSULAS","DD":"ARKOPHARMA","FRF":20,"FRP":20,"FFt":0,"FFtD":null,"FPz":0,"FPzD":null,"FQt":0,"FPr":null,"MRF":19,"MRP":19,"CRF":20,"CRP":20}
,{"DP":"COLIGAS FAST 20 BOLSITAS FILTRO","DD":"ABOCA SpA SOCIETA' AGRICOLA","FRF":21,"FRP":21,"FFt":0,"FFtD":null,"FPz":0,"FPzD":null,"FQt":0,"FPr":null,"MRF":17,"MRP":15,"CRF":16,"CRP":15}
,{"DP":"DISOLGAS 32 CAPSULAS","DD":"ARKOPHARMA","FRF":22,"FRP":22,"FFt":0,"FFtD":null,"FPz":0,"FPzD":null,"FQt":0,"FPr":null,"MRF":24,"MRP":24,"CRF":25,"CRP":25}
,{"DP":"DULCOGAS 18 SOBRES","DD":"BOEHRINGER INGELHEIM, S.A.","FRF":23,"FRP":23,"FFt":0,"FFtD":null,"FPz":0,"FPzD":null,"FQt":0,"FPr":null,"MRF":23,"MRP":23,"CRF":21,"CRP":19}
,{"DP":"FINOCARBO PLUS 20 CAPS","DD":"ABOCA SpA SOCIETA' AGRICOLA","FRF":24,"FRP":24,"FFt":0,"FFtD":null,"FPz":0,"FPzD":null,"FQt":0,"FPr":null,"MRF":12,"MRP":9,"CRF":9,"CRP":8}
,{"DP":"SANDOZ BIENESTAR SIMETICONA ALIVIO DE LOS GASES 20 SOBRES","DD":"SANDOZ FARMACEUTICA S.A.","FRF":25,"FRP":25,"FFt":0,"FFtD":null,"FPz":0,"FPzD":null,"FQt":0,"FPr":null,"MRF":25,"MRP":25,"CRF":19,"CRP":16}]
,"datiDettRefM":[
{"DP":"AERO RED 40 MG 100 COMPRIMIDOS MASTICABLES","DD":"URIACH","FRF":5,"FRP":2,"MRF":2,"MRP":1,"MFt":458.24,"MFtD":1.45,"MPz":70.0702702702703,"MPzD":-1.29,"MQt":19.12,"MPr":6.54}
,{"DP":"COLIGAS FAST CAPSULAS 50 CAPS","DD":"ABOCA SpA SOCIETA' AGRICOLA","FRF":4,"FRP":5,"MRF":1,"MRP":2,"MFt":640.93,"MFtD":7.27,"MPz":42.3027027027027,"MPzD":4.72,"MQt":11.54,"MPr":15.15}
,{"DP":"ENTERO SILICONA 9 MGML EMULSION ORAL 250 ML","DD":"ESTEDI","FRF":12,"FRP":11,"MRF":9,"MRP":7,"MFt":163.77,"MFtD":-6.37,"MPz":19.1837837837838,"MPzD":-6.41,"MQt":5.23,"MPr":8.54}
,{"DP":"AERO RED 120 MG 40 COMPRIMIDOS MASTICABLES","DD":"URIACH","FRF":11,"FRP":10,"MRF":8,"MRP":4,"MFt":169.61,"MFtD":8.11,"MPz":23.6648648648649,"MPzD":5.04,"MQt":6.46,"MPr":7.17}
,{"DP":"AERO RED 40 MG 30 COMPRIMIDOS MASTICABLES","DD":"URIACH","FRF":14,"FRP":13,"MRF":14,"MRP":5,"MFt":97.87,"MFtD":0.86,"MPz":22.0864864864865,"MPzD":-2.3,"MQt":6.03,"MPr":4.43}
,{"DP":"PANKREOFLAT 50 GRAGEAS","DD":"FAES FARMA","FRF":7,"FRP":4,"MRF":7,"MRP":6,"MFt":178.78,"MFtD":5.73,"MPz":20.5081081081081,"MPzD":3.07,"MQt":5.59,"MPr":8.72}
,{"DP":"IBEROGAST GOTAS ORALES SOLUCION 20 ML","DD":"BAYER HISPANIA S.L.","FRF":13,"FRP":12,"MRF":4,"MRP":3,"MFt":303.44,"MFtD":4.03,"MPz":30.0216216216216,"MPzD":2.02,"MQt":8.19,"MPr":10.11}
,{"DP":"FINOCARBO PLUS 20 CAPS","DD":"ABOCA SpA SOCIETA' AGRICOLA","FRF":24,"FRP":24,"MRF":12,"MRP":9,"MFt":136.31,"MFtD":-3.31,"MPz":16.1243243243243,"MPzD":-5.42,"MQt":4.4,"MPr":8.45}
,{"DP":"COLILEN IBS 96 CÁPSULAS ","DD":"ABOCA SpA SOCIETA' AGRICOLA","FRF":3,"FRP":9,"MRF":3,"MRP":10,"MFt":422.84,"MFtD":24.6,"MPz":15.1081081081081,"MPzD":21.47,"MQt":4.12,"MPr":27.99}
,{"DP":"AERO RED FORTE 240 MG 20 CAPSULAS BLANDAS","DD":"URIACH","FRF":9,"FRP":7,"MRF":11,"MRP":8,"MFt":138.44,"MFtD":15.08,"MPz":18.772972972973,"MPzD":12.39,"MQt":5.12,"MPr":7.37}
,{"DP":"FINOCARBO PLUS TISANA 20 BOLSITAS","DD":"ABOCA SpA SOCIETA' AGRICOLA","FRF":8,"FRP":6,"MRF":13,"MRP":12,"MFt":99.36,"MFtD":-8.47,"MPz":14.1621621621622,"MPzD":-10.67,"MQt":3.86,"MPr":7.02}
,{"DP":"AERO RED 100 MGML GOTAS ORALES SOLUCION 25 ML","DD":"URIACH","FRF":17,"FRP":17,"MRF":16,"MRP":14,"MFt":55.35,"MFtD":-5.23,"MPz":10.0756756756757,"MPzD":-9.91,"MQt":2.75,"MPr":5.49}
,{"DP":"FINOCARBO PLUS 500 MG 50 CAPS","DD":"ABOCA SpA SOCIETA' AGRICOLA","FRF":6,"FRP":8,"MRF":6,"MRP":13,"MFt":199.95,"MFtD":1.81,"MPz":12.5297297297297,"MPzD":-1.24,"MQt":3.42,"MPr":15.96}
,{"DP":"IBEROGAST GOTAS ORALES SOLUCION 50 ML","DD":"BAYER HISPANIA S.L.","FRF":1,"FRP":1,"MRF":5,"MRP":11,"MFt":299.35,"MFtD":9,"MPz":15.0540540540541,"MPzD":8.83,"MQt":4.11,"MPr":19.89}
,{"DP":"COLIGAS FAST 20 BOLSITAS FILTRO","DD":"ABOCA SpA SOCIETA' AGRICOLA","FRF":21,"FRP":21,"MRF":17,"MRP":15,"MFt":44.97,"MFtD":138.07,"MPz":6.41621621621622,"MPzD":130.49,"MQt":1.75,"MPr":7.01}
,{"DP":"SANDOZ BIENESTAR SIMETICONA ALIVIO DE LOS GASES 20 SOBRES","DD":"SANDOZ FARMACEUTICA S.A.","FRF":25,"FRP":25,"MRF":25,"MRP":25,"MFt":4.48,"MFtD":-1.73,"MPz":0.913513513513514,"MPzD":-11.52,"MQt":0.25,"MPr":4.9}
,{"DP":"AERO RED 100 MGML GOTAS ORALES SOLUCION 100 ML","DD":"URIACH","FRF":16,"FRP":16,"MRF":18,"MRP":17,"MFt":23.09,"MFtD":-14.1,"MPz":2.88648648648649,"MPzD":-16.3,"MQt":0.79,"MPr":8}
,{"DP":"GELSECTAN 60 CAPSULAS","DD":"NORGINE DE ESPAÑA","FRF":10,"FRP":15,"MRF":15,"MRP":18,"MFt":92.6,"MFtD":31.98,"MPz":2.51351351351351,"MPzD":34.78,"MQt":0.69,"MPr":36.84}
,{"DP":"DULCOGAS 18 SOBRES","DD":"BOEHRINGER INGELHEIM, S.A.","FRF":23,"FRP":23,"MRF":23,"MRP":23,"MFt":8.47,"MFtD":23.26,"MPz":1.15135135135135,"MPzD":20.34,"MQt":0.31,"MPr":7.36}
,{"DP":"ARKOCAPSULAS CARBON VEGETAL 225 MG 50 CAPSULAS","DD":"ARKOPHARMA","FRF":20,"FRP":20,"MRF":19,"MRP":19,"MFt":18.43,"MFtD":-13.12,"MPz":2.08648648648649,"MPzD":-17.87,"MQt":0.57,"MPr":8.83}
,{"DP":"IBEROGAST GOTAS ORALES SOLUCION 100 ML","DD":"BAYER HISPANIA S.L.","FRF":2,"FRP":3,"MRF":10,"MRP":16,"MFt":150.99,"MFtD":6.75,"MPz":4,"MPzD":6.47,"MQt":1.09,"MPr":37.75}
,{"DP":"AERO RED 120 MG 40 COMPRIMIDOS MASTICABLES MENTA","DD":"URIACH","FRF":18,"FRP":18,"MRF":22,"MRP":22,"MFt":8.56,"MFtD":-7.34,"MPz":1.19459459459459,"MPzD":-9.8,"MQt":0.33,"MPr":7.17}
,{"DP":"ULTRA ADSORB 200 MG 30 CAPSULAS","DD":"LAINCO","FRF":15,"FRP":14,"MRF":20,"MRP":20,"MFt":12,"MFtD":-4.94,"MPz":2.05405405405405,"MPzD":-6.17,"MQt":0.56,"MPr":5.84}
,{"DP":"AQUILEA GASES 60 COMP","DD":"URIACH","FRF":19,"FRP":19,"MRF":21,"MRP":21,"MFt":11.21,"MFtD":1.25,"MPz":1.21081081081081,"MPzD":-3.03,"MQt":0.33,"MPr":9.26}
,{"DP":"DISOLGAS 32 CAPSULAS","DD":"ARKOPHARMA","FRF":22,"FRP":22,"MRF":24,"MRP":24,"MFt":7.15,"MFtD":-5.33,"MPz":1.03783783783784,"MPzD":-10.28,"MQt":0.28,"MPr":6.89}]
,"datiDettRefC":[
{"DP":"AERO RED 40 MG 100 COMPRIMIDOS MASTICABLES","DD":"URIACH","FRF":5,"FRP":2,"CRF":3,"CRP":1,"CFt":275.82,"CFtD":1.61,"CPz":42.1090909090909,"CPzD":-1.15,"CQt":20.82,"CPr":6.55}
,{"DP":"COLIGAS FAST CAPSULAS 50 CAPS","DD":"ABOCA SpA SOCIETA' AGRICOLA","FRF":4,"FRP":5,"CRF":1,"CRP":2,"CFt":404.35,"CFtD":6.22,"CPz":26.4545454545455,"CPzD":2.54,"CQt":13.08,"CPr":15.28}
,{"DP":"ENTERO SILICONA 9 MGML EMULSION ORAL 250 ML","DD":"ESTEDI","FRF":12,"FRP":11,"CRF":5,"CRP":3,"CFt":110.65,"CFtD":-12.25,"CPz":12.9454545454545,"CPzD":-12.32,"CQt":6.4,"CPr":8.55}
,{"DP":"AERO RED 120 MG 40 COMPRIMIDOS MASTICABLES","DD":"URIACH","FRF":11,"FRP":10,"CRF":10,"CRP":4,"CFt":84.86,"CFtD":11.85,"CPz":11.8545454545455,"CPzD":9.03,"CQt":5.86,"CPr":7.16}
,{"DP":"AERO RED 40 MG 30 COMPRIMIDOS MASTICABLES","DD":"URIACH","FRF":14,"FRP":13,"CRF":13,"CRP":5,"CFt":50.58,"CFtD":-4.29,"CPz":11.4181818181818,"CPzD":-7.1,"CQt":5.64,"CPr":4.43}
,{"DP":"PANKREOFLAT 50 GRAGEAS","DD":"FAES FARMA","FRF":7,"FRP":4,"CRF":8,"CRP":6,"CFt":95.38,"CFtD":-11.66,"CPz":10.9272727272727,"CPzD":-13.9,"CQt":5.4,"CPr":8.73}
,{"DP":"IBEROGAST GOTAS ORALES SOLUCION 20 ML","DD":"BAYER HISPANIA S.L.","FRF":13,"FRP":12,"CRF":6,"CRP":7,"CFt":103.35,"CFtD":2.45,"CPz":10.2181818181818,"CPzD":0.36,"CQt":5.05,"CPr":10.11}
,{"DP":"FINOCARBO PLUS 20 CAPS","DD":"ABOCA SpA SOCIETA' AGRICOLA","FRF":24,"FRP":24,"CRF":9,"CRP":8,"CFt":87.09,"CFtD":-4,"CPz":10.1818181818182,"CPzD":-5.72,"CQt":5.03,"CPr":8.55}
,{"DP":"COLILEN IBS 96 CÁPSULAS ","DD":"ABOCA SpA SOCIETA' AGRICOLA","FRF":3,"FRP":9,"CRF":2,"CRP":9,"CFt":284.38,"CFtD":14.23,"CPz":10.1454545454545,"CPzD":11.6,"CQt":5.02,"CPr":28.03}
,{"DP":"AERO RED FORTE 240 MG 20 CAPSULAS BLANDAS","DD":"URIACH","FRF":9,"FRP":7,"CRF":11,"CRP":10,"CFt":73.34,"CFtD":20.54,"CPz":9.98181818181818,"CPzD":19.09,"CQt":4.93,"CPr":7.35}
,{"DP":"FINOCARBO PLUS TISANA 20 BOLSITAS","DD":"ABOCA SpA SOCIETA' AGRICOLA","FRF":8,"FRP":6,"CRF":12,"CRP":11,"CFt":51.8,"CFtD":-8.71,"CPz":7.43636363636364,"CPzD":-12.98,"CQt":3.68,"CPr":6.97}
,{"DP":"AERO RED 100 MGML GOTAS ORALES SOLUCION 25 ML","DD":"URIACH","FRF":17,"FRP":17,"CRF":15,"CRP":12,"CFt":36.39,"CFtD":-9.72,"CPz":6.61818181818182,"CPzD":-13.74,"CQt":3.27,"CPr":5.5}
,{"DP":"FINOCARBO PLUS 500 MG 50 CAPS","DD":"ABOCA SpA SOCIETA' AGRICOLA","FRF":6,"FRP":8,"CRF":7,"CRP":13,"CFt":103.18,"CFtD":7.15,"CPz":6.43636363636364,"CPzD":4.73,"CQt":3.18,"CPr":16.03}
,{"DP":"IBEROGAST GOTAS ORALES SOLUCION 50 ML","DD":"BAYER HISPANIA S.L.","FRF":1,"FRP":1,"CRF":4,"CRP":14,"CFt":112.05,"CFtD":5.85,"CPz":5.63636363636364,"CPzD":5.8,"CQt":2.79,"CPr":19.88}
,{"DP":"COLIGAS FAST 20 BOLSITAS FILTRO","DD":"ABOCA SpA SOCIETA' AGRICOLA","FRF":21,"FRP":21,"CRF":16,"CRP":15,"CFt":36.1,"CFtD":184.52,"CPz":5.09090909090909,"CPzD":174.51,"CQt":2.52,"CPr":7.09}
,{"DP":"SANDOZ BIENESTAR SIMETICONA ALIVIO DE LOS GASES 20 SOBRES","DD":"SANDOZ FARMACEUTICA S.A.","FRF":25,"FRP":25,"CRF":19,"CRP":16,"CFt":10.43,"CFtD":-4.15,"CPz":2.29090909090909,"CPzD":-15.44,"CQt":1.13,"CPr":4.55}
,{"DP":"AERO RED 100 MGML GOTAS ORALES SOLUCION 100 ML","DD":"URIACH","FRF":16,"FRP":16,"CRF":18,"CRP":17,"CFt":15.67,"CFtD":-14.37,"CPz":1.96363636363636,"CPzD":-16.28,"CQt":0.97,"CPr":7.98}
,{"DP":"GELSECTAN 60 CAPSULAS","DD":"NORGINE DE ESPAÑA","FRF":10,"FRP":15,"CRF":14,"CRP":18,"CFt":39.43,"CFtD":49.81,"CPz":1.07272727272727,"CPzD":51.28,"CQt":0.53,"CPr":36.76}
,{"DP":"DULCOGAS 18 SOBRES","DD":"BOEHRINGER INGELHEIM, S.A.","FRF":23,"FRP":23,"CRF":21,"CRP":19,"CFt":7.25,"CFtD":33.51,"CPz":0.963636363636364,"CPzD":26.19,"CQt":0.48,"CPr":7.52}
,{"DP":"ARKOCAPSULAS CARBON VEGETAL 225 MG 50 CAPSULAS","DD":"ARKOPHARMA","FRF":20,"FRP":20,"CRF":20,"CRP":20,"CFt":7.87,"CFtD":-13.76,"CPz":0.890909090909091,"CPzD":-18.33,"CQt":0.44,"CPr":8.84}
,{"DP":"IBEROGAST GOTAS ORALES SOLUCION 100 ML","DD":"BAYER HISPANIA S.L.","FRF":2,"FRP":3,"CRF":17,"CRP":21,"CFt":23.36,"CFtD":-41.32,"CPz":0.618181818181818,"CPzD":-41.38,"CQt":0.31,"CPr":37.79}
,{"DP":"AERO RED 120 MG 40 COMPRIMIDOS MASTICABLES MENTA","DD":"URIACH","FRF":18,"FRP":18,"CRF":22,"CRP":22,"CFt":4.17,"CFtD":-36.4,"CPz":0.581818181818182,"CPzD":-38.46,"CQt":0.29,"CPr":7.17}
,{"DP":"ULTRA ADSORB 200 MG 30 CAPSULAS","DD":"LAINCO","FRF":15,"FRP":14,"CRF":24,"CRP":23,"CFt":3.4,"CFtD":-38.67,"CPz":0.581818181818182,"CPzD":-39.62,"CQt":0.29,"CPr":5.85}
,{"DP":"AQUILEA GASES 60 COMP","DD":"URIACH","FRF":19,"FRP":19,"CRF":23,"CRP":24,"CFt":3.87,"CFtD":57.34,"CPz":0.381818181818182,"CPzD":50,"CQt":0.19,"CPr":10.13}
,{"DP":"DISOLGAS 32 CAPSULAS","DD":"ARKOPHARMA","FRF":22,"FRP":22,"CRF":25,"CRP":25,"CFt":2.51,"CFtD":-3.12,"CPz":0.327272727272727,"CPzD":-10,"CQt":0.16,"CPr":7.68}]