{"datiDettRefF":[
{"DP":"SUERO FISIOLOGICO MONODOSIS MONODOSIS 5 ML 30 U","DD":"DISTROSUR","FRF":3,"FRP":1,"FFt":850.93,"FFtD":6.84,"FPz":164,"FPzD":7.89,"FQt":13.98,"FPr":5.19,"MRF":65,"MRP":47,"CRF":63,"CRP":49}
,{"DP":"FITONASAL 2ACT SPRAY 15 ML","DD":"ABOCA SpA SOCIETA' AGRICOLA","FRF":2,"FRP":2,"FFt":914.25,"FFtD":17.82,"FPz":116,"FPzD":17.17,"FQt":9.89,"FPr":7.88,"MRF":4,"MRP":3,"CRF":3,"CRP":2}
,{"DP":"CUIDADO E HIGIENE DE LA NARIZ","DD":"APOTECA NATURA","FRF":1,"FRP":3,"FFt":1181.19,"FFtD":-9.52,"FPz":93,"FPzD":-10.58,"FQt":7.93,"FPr":12.7,"MRF":2,"MRP":4,"CRF":2,"CRP":4}
,{"DP":"UTABON ADULTOS 0.5 MGML NEBULIZADOR NASAL 15 ML","DD":"URIACH","FRF":6,"FRP":4,"FFt":437.21,"FFtD":36.26,"FPz":83,"FPzD":31.75,"FQt":7.08,"FPr":5.27,"MRF":14,"MRP":7,"CRF":14,"CRP":10}
,{"DP":"RINOBANEDIF POMADA NASAL 10 G","DD":"BAYER HISPANIA S.L.","FRF":5,"FRP":5,"FFt":627.49,"FFtD":-14.53,"FPz":79,"FPzD":-15.96,"FQt":6.73,"FPr":7.94,"MRF":8,"MRP":9,"CRF":6,"CRP":5}
,{"DP":"RHINOMER LIMPIEZA NASAL F-3 NEBULIZADOR 135 ML","DD":"NOVARTIS","FRF":4,"FRP":6,"FFt":722.28,"FFtD":-8.41,"FPz":69,"FPzD":-12.66,"FQt":5.88,"FPr":10.47,"MRF":15,"MRP":21,"CRF":23,"CRP":28}
,{"DP":"RHINOVIN 1 MGML NEBULIZADOR NASAL 10 ML","DD":"NOVARTIS","FRF":11,"FRP":7,"FFt":273.05,"FFtD":-44.16,"FPz":43,"FPzD":-44.16,"FQt":3.67,"FPr":6.35,"MRF":16,"MRP":13,"CRF":16,"CRP":18}
,{"DP":"RESPIBIEN 0.5 MGML NEBULIZADOR NASAL 15 ML","DD":"CINFA","FRF":13,"FRP":8,"FFt":222,"FFtD":11.87,"FPz":40,"FPzD":8.11,"FQt":3.41,"FPr":5.55,"MRF":1,"MRP":1,"CRF":1,"CRP":1}
,{"DP":"RESPIR 0.5 MGML NEBULIZADOR NASAL 20 ML","DD":"BAYER HISPANIA S.L.","FRF":12,"FRP":9,"FFt":262.77,"FFtD":3.98,"FPz":39,"FPzD":2.63,"FQt":3.32,"FPr":6.74,"MRF":10,"MRP":8,"CRF":13,"CRP":13}
,{"DP":"UTABON 35 MCGPULSACION NEBULIZADOR NASAL 15 ML","DD":"URIACH","FRF":14,"FRP":10,"FFt":203.87,"FFtD":12.51,"FPz":36,"FPzD":9.09,"FQt":3.07,"FPr":5.66,"MRF":13,"MRP":11,"CRF":12,"CRP":7}
,{"DP":"RHINOMER LIMPIEZA NASAL F-2 NEBULIZADOR 135 ML","DD":"NOVARTIS","FRF":7,"FRP":11,"FFt":338.7,"FFtD":-22.37,"FPz":32,"FPzD":-25.58,"FQt":2.73,"FPr":10.58,"MRF":17,"MRP":26,"CRF":29,"CRP":34}
,{"DP":"RINO EBASTEL 10120 MG 7 CAPS","DD":"ALMIRALL S.A.","FRF":9,"FRP":12,"FFt":321.6,"FFtD":5.52,"FPz":30,"FPzD":3.45,"FQt":2.56,"FPr":10.72,"MRF":5,"MRP":5,"CRF":5,"CRP":12}
,{"DP":"GRINPECTORAL BIO UNGÜENTO BALSAMICO 30 G","DD":"ABOCA SpA SOCIETA' AGRICOLA","FRF":8,"FRP":13,"FFt":332,"FFtD":84.26,"FPz":28,"FPzD":75,"FQt":2.39,"FPr":11.86,"MRF":44,"MRP":52,"CRF":37,"CRP":42}
,{"DP":"VAPORUB POMADA 50 G","DD":"VICKS","FRF":16,"FRP":14,"FFt":190.29,"FFtD":-28.74,"FPz":27,"FPzD":-30.77,"FQt":2.3,"FPr":7.05,"MRF":3,"MRP":2,"CRF":4,"CRP":3}
,{"DP":"DISNEUMON PERNASAL 5 MGML NEBULIZADOR NASAL 25 ML","DD":"ABBOTT LABORATORIES","FRF":21,"FRP":15,"FFt":116.29,"FFtD":-54.67,"FPz":23,"FPzD":-54.9,"FQt":1.96,"FPr":5.06,"MRF":29,"MRP":24,"CRF":22,"CRP":19}
,{"DP":"REACTINE CETIRIZINAPSEUDOEFEDRINA 5120 MG 14 COMPRIMIDOS LIBERACION PROLONGADA","DD":"JOHNSON & JOHNSON","FRF":15,"FRP":16,"FFt":203.15,"FFtD":45.94,"FPz":17,"FPzD":41.67,"FQt":1.45,"FPr":11.95,"MRF":6,"MRP":15,"CRF":10,"CRP":21}
,{"DP":"PRANAROM BALSAMO RESPIRATORIO","DD":"PRANAROM","FRF":17,"FRP":17,"FFt":180.55,"FFtD":47.57,"FPz":17,"FPzD":54.55,"FQt":1.45,"FPr":10.62,"MRF":27,"MRP":34,"CRF":25,"CRP":35}
,{"DP":"SINUSAL XL SALES LIMPIEZA NASAL 5 G 40 SOBRES","DD":"INMUNOTEK","FRF":10,"FRP":18,"FFt":281.9,"FFtD":13.9,"FPz":16,"FPzD":14.29,"FQt":1.36,"FPr":17.62,"MRF":46,"MRP":72,"CRF":62,"CRP":87}
,{"DP":"RHINOSPRAY ANTIALERGICO NEBULIZADOR NASAL 12 ML","DD":"BOEHRINGER INGELHEIM, S.A.","FRF":23,"FRP":19,"FFt":112.32,"FFtD":24.68,"FPz":16,"FPzD":23.08,"FQt":1.36,"FPr":7.02,"MRF":50,"MRP":46,"CRF":52,"CRP":53}
,{"DP":"SINEXSENSI 0.5 MGML NEBULIZADOR NASAL 15 ML","DD":"VICKS","FRF":26,"FRP":20,"FFt":94.04,"FFtD":-9.77,"FPz":16,"FPzD":-11.11,"FQt":1.36,"FPr":5.88,"MRF":12,"MRP":6,"CRF":11,"CRP":6}
,{"DP":"RHINOMER LIMPIEZA NASAL F-1 NEBULIZADOR 135 ML","DD":"NOVARTIS","FRF":19,"FRP":21,"FFt":136.5,"FFtD":-11.31,"FPz":14,"FPzD":-6.67,"FQt":1.19,"FPr":9.75,"MRF":47,"MRP":53,"CRF":56,"CRP":67}
,{"DP":"RHINOSPRAY 1.18 MGML NEBULIZADOR NASAL 12 ML","DD":"BOEHRINGER INGELHEIM, S.A.","FRF":28,"FRP":22,"FFt":81.48,"FFtD":50,"FPz":14,"FPzD":40,"FQt":1.19,"FPr":5.82,"MRF":24,"MRP":22,"CRF":33,"CRP":24}
,{"DP":"RESPIBIEN ANTIALERGICO NEBULIZADOR NASAL 15 ML","DD":"CINFA","FRF":29,"FRP":23,"FFt":73.2,"FFtD":null,"FPz":12,"FPzD":null,"FQt":1.02,"FPr":6.1,"MRF":25,"MRP":25,"CRF":21,"CRP":20}
,{"DP":"VAPORUB POMADA 100 G","DD":"VICKS","FRF":24,"FRP":24,"FFt":109.89,"FFtD":null,"FPz":11,"FPzD":null,"FQt":0.94,"FPr":9.99,"MRF":21,"MRP":32,"CRF":24,"CRP":27}
,{"DP":"IALUMAR 100 ML","DD":"ROTTAPHARM S L","FRF":18,"FRP":25,"FFt":157.1,"FFtD":127.19,"FPz":10,"FPzD":100,"FQt":0.85,"FPr":15.71,"MRF":39,"MRP":58,"CRF":41,"CRP":62}]
,"datiDettRefM":[
{"DP":"RESPIBIEN 0.5 MGML NEBULIZADOR NASAL 15 ML","DD":"CINFA","FRF":13,"FRP":8,"MRF":1,"MRP":1,"MFt":1171.87,"MFtD":7.83,"MPz":210.92972972973,"MPzD":3.92,"MQt":12.32,"MPr":5.56}
,{"DP":"FITONASAL 2ACT SPRAY 15 ML","DD":"ABOCA SpA SOCIETA' AGRICOLA","FRF":2,"FRP":2,"MRF":4,"MRP":3,"MFt":703.44,"MFtD":7.56,"MPz":92.4972972972973,"MPzD":4.17,"MQt":5.4,"MPr":7.6}
,{"DP":"VAPORUB POMADA 50 G","DD":"VICKS","FRF":16,"FRP":14,"MRF":3,"MRP":2,"MFt":731.72,"MFtD":-13.92,"MPz":101.967567567568,"MPzD":-18.52,"MQt":5.96,"MPr":7.18}
,{"DP":"CUIDADO E HIGIENE DE LA NARIZ","DD":"APOTECA NATURA","FRF":1,"FRP":3,"MRF":2,"MRP":4,"MFt":980.28,"MFtD":17.45,"MPz":79.2594594594595,"MPzD":17.3,"MQt":4.63,"MPr":12.37}
,{"DP":"RINOBANEDIF POMADA NASAL 10 G","DD":"BAYER HISPANIA S.L.","FRF":5,"FRP":5,"MRF":8,"MRP":9,"MFt":360.65,"MFtD":-1.43,"MPz":45.5351351351351,"MPzD":-3.23,"MQt":2.66,"MPr":7.92}
,{"DP":"SINEXSENSI 0.5 MGML NEBULIZADOR NASAL 15 ML","DD":"VICKS","FRF":26,"FRP":20,"MRF":12,"MRP":6,"MFt":274.05,"MFtD":8.98,"MPz":46.8594594594595,"MPzD":7.53,"MQt":2.74,"MPr":5.85}
,{"DP":"UTABON 35 MCGPULSACION NEBULIZADOR NASAL 15 ML","DD":"URIACH","FRF":14,"FRP":10,"MRF":13,"MRP":11,"MFt":255.65,"MFtD":9.95,"MPz":45.1243243243243,"MPzD":4.17,"MQt":2.64,"MPr":5.67}
,{"DP":"STADA SUERO FISIOLOGICO 5 ML 30 MONODOSIS","DD":"STADA S L","FRF":112,"FRP":112,"MRF":32,"MRP":20,"MFt":109.22,"MFtD":-6.04,"MPz":25.0648648648649,"MPzD":-5.94,"MQt":1.46,"MPr":4.36}
,{"DP":"LUSAN SUERO FISIOLOGICO NASAL MONODOSIS 5 ML 30 U","DD":"HARTMANN","FRF":80,"FRP":80,"MRF":18,"MRP":10,"MFt":184.16,"MFtD":33.12,"MPz":45.1513513513514,"MPzD":35.56,"MQt":2.64,"MPr":4.08}
,{"DP":"UTABON ADULTOS 0.5 MGML NEBULIZADOR NASAL 15 ML","DD":"URIACH","FRF":6,"FRP":4,"MRF":14,"MRP":7,"MFt":244.2,"MFtD":5.1,"MPz":46.4756756756757,"MPzD":0.87,"MQt":2.71,"MPr":5.25}
,{"DP":"APOSAN SUERO FISIOLOGICO NASAL MONODOSIS 5 ML 30 U","DD":"COFARES","FRF":64,"FRP":64,"MRF":35,"MRP":19,"MFt":104.79,"MFtD":3.79,"MPz":25.2702702702703,"MPzD":6.32,"MQt":1.48,"MPr":4.15}
,{"DP":"RINO EBASTEL 10120 MG 7 CAPS","DD":"ALMIRALL S.A.","FRF":9,"FRP":12,"MRF":5,"MRP":5,"MFt":521.24,"MFtD":19.63,"MPz":48.8054054054054,"MPzD":17.26,"MQt":2.85,"MPr":10.68}
,{"DP":"RESPIR 0.5 MGML NEBULIZADOR NASAL 20 ML","DD":"BAYER HISPANIA S.L.","FRF":12,"FRP":9,"MRF":10,"MRP":8,"MFt":309.01,"MFtD":1.85,"MPz":45.9135135135135,"MPzD":0.43,"MQt":2.68,"MPr":6.73}
,{"DP":"RHINOMER LIMPIEZA NASAL F-3 NEBULIZADOR 180 ML","DD":"NOVARTIS","FRF":105,"FRP":105,"MRF":7,"MRP":12,"MFt":370.69,"MFtD":15.49,"MPz":40.7567567567568,"MPzD":14.35,"MQt":2.38,"MPr":9.1}
,{"DP":"INHALVICKS BARRA PARA INHALACION 1 ML","DD":"VICKS","FRF":39,"FRP":29,"MRF":30,"MRP":17,"MFt":113.31,"MFtD":0,"MPz":28.9135135135135,"MPzD":-3.67,"MQt":1.69,"MPr":3.92}
,{"DP":"RESPIBIEN FRESHMINT 0.5 MGML NEBULIZADOR NASAL 15 ML","DD":"CINFA","FRF":48,"FRP":44,"MRF":19,"MRP":18,"MFt":164.56,"MFtD":22.62,"MPz":25.5297297297297,"MPzD":17.02,"MQt":1.49,"MPr":6.45}
,{"DP":"RHINOMER LIMPIEZA NASAL F-2 NEBULIZADOR 180 ML","DD":"NOVARTIS","FRF":104,"FRP":104,"MRF":9,"MRP":14,"MFt":318,"MFtD":3.22,"MPz":34.6432432432432,"MPzD":0.36,"MQt":2.02,"MPr":9.18}
,{"DP":"RHINOVIN 1 MGML NEBULIZADOR NASAL 10 ML","DD":"NOVARTIS","FRF":11,"FRP":7,"MRF":16,"MRP":13,"MFt":224.52,"MFtD":1.56,"MPz":35.3945945945946,"MPzD":1.52,"MQt":2.07,"MPr":6.34}
,{"DP":"DISNEUMON PERNASAL 5 MGML NEBULIZADOR NASAL 25 ML","DD":"ABBOTT LABORATORIES","FRF":21,"FRP":15,"MRF":29,"MRP":24,"MFt":116.56,"MFtD":-46.52,"MPz":21.8162162162162,"MPzD":-46.85,"MQt":1.27,"MPr":5.34}
,{"DP":"RESPIBIEN ANTIALERGICO NEBULIZADOR NASAL 15 ML","DD":"CINFA","FRF":29,"FRP":23,"MRF":25,"MRP":25,"MFt":130.63,"MFtD":19.6,"MPz":21.627027027027,"MPzD":10.95,"MQt":1.26,"MPr":6.04}
,{"DP":"REACTINE CETIRIZINAPSEUDOEFEDRINA 5120 MG 14 COMPRIMIDOS LIBERACION PROLONGADA","DD":"JOHNSON & JOHNSON","FRF":15,"FRP":16,"MRF":6,"MRP":15,"MFt":393.42,"MFtD":22.87,"MPz":32.9837837837838,"MPzD":19.13,"MQt":1.93,"MPr":11.93}
,{"DP":"ACOFAR SUERO FISIOLOGICO NASAL Y OFTALMICO ESTER MONODOSIS 5 ML 30 U","DD":"ACOFARMA DISTRIBUCIÓN S A","FRF":59,"FRP":59,"MRF":23,"MRP":16,"MFt":132.77,"MFtD":17.71,"MPz":31.5891891891892,"MPzD":9.11,"MQt":1.85,"MPr":4.2}
,{"DP":"FLONASE 50 MCGPULSACION NEBULIZADOR NASAL 60 DOSIS","DD":"GLAXO SMITHKLINE","FRF":22,"FRP":27,"MRF":11,"MRP":23,"MFt":291.78,"MFtD":-6.31,"MPz":22.6540540540541,"MPzD":-6.26,"MQt":1.32,"MPr":12.88}
,{"DP":"RHINOSPRAY 1.18 MGML NEBULIZADOR NASAL 12 ML","DD":"BOEHRINGER INGELHEIM, S.A.","FRF":28,"FRP":22,"MRF":24,"MRP":22,"MFt":132.65,"MFtD":3,"MPz":22.8432432432432,"MPzD":-0.84,"MQt":1.33,"MPr":5.81}
,{"DP":"RHINOMER LIMPIEZA NASAL F-3 NEBULIZADOR 135 ML","DD":"NOVARTIS","FRF":4,"FRP":6,"MRF":15,"MRP":21,"MFt":238.9,"MFtD":-10.47,"MPz":23.9675675675676,"MPzD":-14.22,"MQt":1.4,"MPr":9.97}]
,"datiDettRefC":[
{"DP":"RESPIBIEN 0.5 MGML NEBULIZADOR NASAL 15 ML","DD":"CINFA","FRF":13,"FRP":8,"CRF":1,"CRP":1,"CFt":714.1,"CFtD":3.12,"CPz":128.618181818182,"CPzD":-0.42,"CQt":13.89,"CPr":5.55}
,{"DP":"FITONASAL 2ACT SPRAY 15 ML","DD":"ABOCA SpA SOCIETA' AGRICOLA","FRF":2,"FRP":2,"CRF":3,"CRP":2,"CFt":465.73,"CFtD":2.76,"CPz":61.3454545454545,"CPzD":1.32,"CQt":6.63,"CPr":7.59}
,{"DP":"VAPORUB POMADA 50 G","DD":"VICKS","FRF":16,"FRP":14,"CRF":4,"CRP":3,"CFt":422.67,"CFtD":-15.85,"CPz":59.2181818181818,"CPzD":-20.07,"CQt":6.4,"CPr":7.14}
,{"DP":"CUIDADO E HIGIENE DE LA NARIZ","DD":"APOTECA NATURA","FRF":1,"FRP":3,"CRF":2,"CRP":4,"CFt":685.17,"CFtD":17.43,"CPz":54.9272727272727,"CPzD":16.15,"CQt":5.93,"CPr":12.47}
,{"DP":"RINOBANEDIF POMADA NASAL 10 G","DD":"BAYER HISPANIA S.L.","FRF":5,"FRP":5,"CRF":6,"CRP":5,"CFt":217.47,"CFtD":0.17,"CPz":27.4909090909091,"CPzD":-1.31,"CQt":2.97,"CPr":7.91}
,{"DP":"SINEXSENSI 0.5 MGML NEBULIZADOR NASAL 15 ML","DD":"VICKS","FRF":26,"FRP":20,"CRF":11,"CRP":6,"CFt":141.32,"CFtD":-1.01,"CPz":24.1636363636364,"CPzD":-2.06,"CQt":2.61,"CPr":5.85}
,{"DP":"UTABON 35 MCGPULSACION NEBULIZADOR NASAL 15 ML","DD":"URIACH","FRF":14,"FRP":10,"CRF":12,"CRP":7,"CFt":135.32,"CFtD":12.36,"CPz":23.8909090909091,"CPzD":6.83,"CQt":2.58,"CPr":5.66}
,{"DP":"STADA SUERO FISIOLOGICO 5 ML 30 MONODOSIS","DD":"STADA S L","FRF":112,"FRP":112,"CRF":18,"CRP":8,"CFt":104.93,"CFtD":26.82,"CPz":23.2181818181818,"CPzD":29.38,"CQt":2.51,"CPr":4.52}
,{"DP":"LUSAN SUERO FISIOLOGICO NASAL MONODOSIS 5 ML 30 U","DD":"HARTMANN","FRF":80,"FRP":80,"CRF":19,"CRP":9,"CFt":100.23,"CFtD":29.7,"CPz":23.1818181818182,"CPzD":39.65,"CQt":2.5,"CPr":4.32}
,{"DP":"UTABON ADULTOS 0.5 MGML NEBULIZADOR NASAL 15 ML","DD":"URIACH","FRF":6,"FRP":4,"CRF":14,"CRP":10,"CFt":117.79,"CFtD":-7.72,"CPz":22.3818181818182,"CPzD":-11.38,"CQt":2.42,"CPr":5.26}
,{"DP":"APOSAN SUERO FISIOLOGICO NASAL MONODOSIS 5 ML 30 U","DD":"COFARES","FRF":64,"FRP":64,"CRF":20,"CRP":11,"CFt":91.58,"CFtD":75.81,"CPz":21.1272727272727,"CPzD":77.4,"CQt":2.28,"CPr":4.33}
,{"DP":"RINO EBASTEL 10120 MG 7 CAPS","DD":"ALMIRALL S.A.","FRF":9,"FRP":12,"CRF":5,"CRP":12,"CFt":224.18,"CFtD":20.9,"CPz":21.1090909090909,"CPzD":19.2,"CQt":2.28,"CPr":10.62}
,{"DP":"RESPIR 0.5 MGML NEBULIZADOR NASAL 20 ML","DD":"BAYER HISPANIA S.L.","FRF":12,"FRP":9,"CRF":13,"CRP":13,"CFt":130.73,"CFtD":-6,"CPz":19.4181818181818,"CPzD":-7.21,"CQt":2.1,"CPr":6.73}
,{"DP":"RHINOMER LIMPIEZA NASAL F-3 NEBULIZADOR 180 ML","DD":"NOVARTIS","FRF":105,"FRP":105,"CRF":7,"CRP":14,"CFt":168.33,"CFtD":12.54,"CPz":18.1090909090909,"CPzD":9.69,"CQt":1.96,"CPr":9.3}
,{"DP":"INHALVICKS BARRA PARA INHALACION 1 ML","DD":"VICKS","FRF":39,"FRP":29,"CRF":26,"CRP":15,"CFt":69.67,"CFtD":-2.95,"CPz":17.8181818181818,"CPzD":-6.31,"CQt":1.92,"CPr":3.91}
,{"DP":"RESPIBIEN FRESHMINT 0.5 MGML NEBULIZADOR NASAL 15 ML","DD":"CINFA","FRF":48,"FRP":44,"CRF":15,"CRP":16,"CFt":113.71,"CFtD":16.46,"CPz":17.8,"CPzD":11.38,"CQt":1.92,"CPr":6.39}
,{"DP":"RHINOMER LIMPIEZA NASAL F-2 NEBULIZADOR 180 ML","DD":"NOVARTIS","FRF":104,"FRP":104,"CRF":8,"CRP":17,"CFt":161.82,"CFtD":14.91,"CPz":17.4363636363636,"CPzD":13.09,"CQt":1.88,"CPr":9.28}
,{"DP":"RHINOVIN 1 MGML NEBULIZADOR NASAL 10 ML","DD":"NOVARTIS","FRF":11,"FRP":7,"CRF":16,"CRP":18,"CFt":106.47,"CFtD":8.27,"CPz":16.7818181818182,"CPzD":8.21,"CQt":1.81,"CPr":6.34}
,{"DP":"DISNEUMON PERNASAL 5 MGML NEBULIZADOR NASAL 25 ML","DD":"ABBOTT LABORATORIES","FRF":21,"FRP":15,"CRF":22,"CRP":19,"CFt":88.73,"CFtD":-43.7,"CPz":16.6,"CPzD":-44.02,"CQt":1.79,"CPr":5.35}
,{"DP":"RESPIBIEN ANTIALERGICO NEBULIZADOR NASAL 15 ML","DD":"CINFA","FRF":29,"FRP":23,"CRF":21,"CRP":20,"CFt":90,"CFtD":7.8,"CPz":14.8909090909091,"CPzD":-0.36,"CQt":1.61,"CPr":6.04}
,{"DP":"REACTINE CETIRIZINAPSEUDOEFEDRINA 5120 MG 14 COMPRIMIDOS LIBERACION PROLONGADA","DD":"JOHNSON & JOHNSON","FRF":15,"FRP":16,"CRF":10,"CRP":21,"CFt":152.91,"CFtD":14.06,"CPz":12.8545454545455,"CPzD":10.99,"CQt":1.39,"CPr":11.9}
,{"DP":"ACOFAR SUERO FISIOLOGICO NASAL Y OFTALMICO ESTER MONODOSIS 5 ML 30 U","DD":"ACOFARMA DISTRIBUCIÓN S A","FRF":59,"FRP":59,"CRF":36,"CRP":22,"CFt":50.19,"CFtD":-3.64,"CPz":12.6181818181818,"CPzD":-7.22,"CQt":1.36,"CPr":3.98}
,{"DP":"FLONASE 50 MCGPULSACION NEBULIZADOR NASAL 60 DOSIS","DD":"GLAXO SMITHKLINE","FRF":22,"FRP":27,"CRF":9,"CRP":23,"CFt":153.18,"CFtD":-3.95,"CPz":11.9272727272727,"CPzD":-3.53,"CQt":1.29,"CPr":12.84}
,{"DP":"RHINOSPRAY 1.18 MGML NEBULIZADOR NASAL 12 ML","DD":"BOEHRINGER INGELHEIM, S.A.","FRF":28,"FRP":22,"CRF":33,"CRP":24,"CFt":52.01,"CFtD":3.15,"CPz":8.94545454545455,"CPzD":-0.2,"CQt":0.97,"CPr":5.81}
,{"DP":"VICKS BABYRUB 50 G","DD":"PROCTER & GAMBLE ESPAÑA","FRF":122,"FRP":122,"CRF":31,"CRP":25,"CFt":55.87,"CFtD":-12.89,"CPz":8.70909090909091,"CPzD":-12.43,"CQt":0.94,"CPr":6.41}]