{"datiDettRefF":[
{"DP":"NEOBIANACID ACIDEZ Y REFLUJO 45 COMP MASTICABLES","DD":"ABOCA SpA SOCIETA' AGRICOLA","FRF":1,"FRP":1,"FFt":1832,"FFtD":-1.91,"FPz":136,"FPzD":-4.23,"FQt":22.48,"FPr":13.47,"MRF":3,"MRP":4,"CRF":3,"CRP":4}
,{"DP":"ALMAX 500 MG 48 COMPRIMIDOS MASTICABLES","DD":"ALMIRALL S.A.","FRF":2,"FRP":2,"FFt":898.7,"FFtD":-12.14,"FPz":95,"FPzD":-18.8,"FQt":15.7,"FPr":9.46,"MRF":2,"MRP":2,"CRF":2,"CRP":2}
,{"DP":"ALMAX FORTE 1.5 G 24 SOBRES SUSPENSION ORAL","DD":"ALMIRALL S.A.","FRF":3,"FRP":3,"FFt":804.1,"FFtD":27.69,"FPz":85,"FPzD":18.06,"FQt":14.05,"FPr":9.46,"MRF":1,"MRP":1,"CRF":1,"CRP":1}
,{"DP":"MAGNESIA CINFA 200 MGML SUSPENSION ORAL 300 G","DD":"CINFA","FRF":4,"FRP":4,"FFt":334.33,"FFtD":-18.51,"FPz":61,"FPzD":-18.67,"FQt":10.08,"FPr":5.48,"MRF":9,"MRP":7,"CRF":9,"CRP":6}
,{"DP":"ALKA-SELTZER 2.1 G 20 COMPRIMIDOS EFERVESCENTES","DD":"BAYER HISPANIA S.L.","FRF":5,"FRP":5,"FFt":263.6,"FFtD":55.1,"FPz":29,"FPzD":52.63,"FQt":4.79,"FPr":9.09,"MRF":21,"MRP":27,"CRF":25,"CRP":30}
,{"DP":"BICARBONATO DE SOSA TORRES MUÑOZ POLVO ORAL 200 G","DD":"NOVARTIS","FRF":8,"FRP":6,"FFt":132.1,"FFtD":-40.69,"FPz":21,"FPzD":-43.24,"FQt":3.47,"FPr":6.29,"MRF":28,"MRP":30,"CRF":26,"CRP":24}
,{"DP":"BICARBONATO DE SOSA TORRES MUÑOZ 500 MG 30 COMPRIMIDOS","DD":"NOVARTIS","FRF":7,"FRP":7,"FFt":139.65,"FFtD":-28.49,"FPz":19,"FPzD":-29.63,"FQt":3.14,"FPr":7.35,"MRF":23,"MRP":23,"CRF":18,"CRP":19}
,{"DP":"SAL DE FRUTA ENO LIMON POLVO ORAL EFERVESCENTE 150 G","DD":"GLAXO SMITHKLINE","FRF":10,"FRP":8,"FFt":120.96,"FFtD":271.16,"FPz":18,"FPzD":260,"FQt":2.98,"FPr":6.72,"MRF":10,"MRP":9,"CRF":8,"CRP":8}
,{"DP":"ALMAX 500 MG 24 COMPRIMIDOS MASTICABLES","DD":"ALMIRALL S.A.","FRF":11,"FRP":9,"FFt":98.1,"FFtD":280.23,"FPz":15,"FPzD":275,"FQt":2.48,"FPr":6.54,"MRF":6,"MRP":5,"CRF":6,"CRP":5}
,{"DP":"CINFA BICARBONATO SODICO 200 G","DD":"CINFA","FRF":15,"FRP":10,"FFt":58.5,"FFtD":157.14,"FPz":13,"FPzD":85.71,"FQt":2.15,"FPr":4.5,"MRF":17,"MRP":13,"CRF":17,"CRP":10}
,{"DP":"GAVISCON  FORTE  24 SOBRES SUS","DD":"RECKITT BENCKISER HEALTHCARE  S A","FRF":9,"FRP":11,"FFt":131.52,"FFtD":34.38,"FPz":12,"FPzD":33.33,"FQt":1.98,"FPr":10.96,"MRF":8,"MRP":11,"CRF":10,"CRP":17}
,{"DP":"SAL DE FRUTA ENO POLVO ORAL EFERVESCENTE 150 G","DD":"GLAXO SMITHKLINE","FRF":13,"FRP":12,"FFt":79.56,"FFtD":10.36,"FPz":12,"FPzD":9.09,"FQt":1.98,"FPr":6.63,"MRF":18,"MRP":17,"CRF":15,"CRP":15}
,{"DP":"MAGNESIA SAN PELLEGRINO 3.6 G 20 SOBRES","DD":"ANOTACIONES FARMACEUTICAS  S L","FRF":14,"FRP":13,"FFt":73.5,"FFtD":-21.47,"FPz":10,"FPzD":-23.08,"FQt":1.65,"FPr":7.35,"MRF":12,"MRP":12,"CRF":12,"CRP":14}
,{"DP":"ZIVEREL  10 ML 20 SOBRES BEBIB","DD":"NORGINE DE ESPAÑA","FRF":6,"FRP":14,"FFt":175.4,"FFtD":697.27,"FPz":8,"FPzD":700,"FQt":1.32,"FPr":21.93,"MRF":5,"MRP":15,"CRF":5,"CRP":12}
,{"DP":"RENNIE 84 COMPRIMIDOS C SACAROSA","DD":"BAYER HISPANIA S.L.","FRF":12,"FRP":15,"FFt":87.68,"FFtD":-18.81,"FPz":8,"FPzD":-20,"FQt":1.32,"FPr":10.96,"MRF":26,"MRP":33,"CRF":21,"CRP":29}
,{"DP":"ALMAX FORTE 1.5 G 12 SOBRES SUSPENSION ORAL","DD":"ALMIRALL S.A.","FRF":17,"FRP":16,"FFt":52.32,"FFtD":-9.87,"FPz":8,"FPzD":-11.11,"FQt":1.32,"FPr":6.54,"MRF":7,"MRP":6,"CRF":7,"CRP":7}
,{"DP":"SAL DE FRUTA ENO 5 G 10 SOBRES","DD":"GLAXO SMITHKLINE","FRF":19,"FRP":17,"FFt":34.67,"FFtD":64.39,"FPz":8,"FPzD":60,"FQt":1.32,"FPr":4.33,"MRF":40,"MRP":35,"CRF":49,"CRP":48}
,{"DP":"SAL DE FRUTA ENO NARANJA 5 G 10 SOBRES","DD":"GLAXO SMITHKLINE","FRF":22,"FRP":18,"FFt":26.09,"FFtD":2.8,"FPz":6,"FPzD":0,"FQt":0.99,"FPr":4.35,"MRF":35,"MRP":32,"CRF":41,"CRP":37}
,{"DP":"GAVISCON  FORTE  48 COMPRIMIDOS MASTICABLES","DD":"RECKITT BENCKISER HEALTHCARE  S A","FRF":16,"FRP":19,"FFt":54.8,"FFtD":69.45,"FPz":5,"FPzD":66.67,"FQt":0.83,"FPr":10.96,"MRF":16,"MRP":21,"CRF":22,"CRP":31}
,{"DP":"GAVISCON FORTE 32 COMPRIMIDOS MASTICABLES","DD":"RECKITT BENCKISER HEALTHCARE  S A","FRF":18,"FRP":20,"FFt":43.95,"FFtD":-46.79,"FPz":5,"FPzD":-50,"FQt":0.83,"FPr":8.79,"MRF":36,"MRP":42,"CRF":33,"CRP":38}
,{"DP":"PEPCID 10 MG 12 COMPRIMIDOS RECUBIERTOS","DD":"JOHNSON & JOHNSON","FRF":20,"FRP":21,"FFt":32.8,"FFtD":320.51,"FPz":4,"FPzD":300,"FQt":0.66,"FPr":8.2,"MRF":15,"MRP":16,"CRF":16,"CRP":18}
,{"DP":"RENNIE 48 COMPRIMIDOS C SACAROSA","DD":"BAYER HISPANIA S.L.","FRF":21,"FRP":22,"FFt":29.6,"FFtD":103.02,"FPz":4,"FPzD":100,"FQt":0.66,"FPr":7.4,"MRF":22,"MRP":24,"CRF":19,"CRP":22}
,{"DP":"SAL DE FRUTA ENO LIMON 5 G 10 SOBRES","DD":"GLAXO SMITHKLINE","FRF":24,"FRP":23,"FFt":17.51,"FFtD":37.98,"FPz":4,"FPzD":33.33,"FQt":0.66,"FPr":4.38,"MRF":30,"MRP":22,"CRF":27,"CRP":20}
,{"DP":"SAL DE FRUTA ENO NARANJA POLVO ORAL EFERVESCENTE 150 G","DD":"GLAXO SMITHKLINE","FRF":23,"FRP":24,"FFt":20.43,"FFtD":-21.3,"FPz":3,"FPzD":-25,"FQt":0.5,"FPr":6.81,"MRF":14,"MRP":14,"CRF":13,"CRP":13}
,{"DP":"RENNIE 48 COMPRIMIDOS MASTICABLES C SACARINA","DD":"BAYER HISPANIA S.L.","FRF":25,"FRP":25,"FFt":14.8,"FFtD":-71,"FPz":2,"FPzD":-71.43,"FQt":0.33,"FPr":7.4,"MRF":19,"MRP":18,"CRF":31,"CRP":33}]
,"datiDettRefM":[
{"DP":"ALMAX FORTE 1.5 G 24 SOBRES SUSPENSION ORAL","DD":"ALMIRALL S.A.","FRF":3,"FRP":3,"MRF":1,"MRP":1,"MFt":1493.4,"MFtD":3.54,"MPz":158.340540540541,"MPzD":-4.29,"MQt":18.18,"MPr":9.43}
,{"DP":"ALMAX 500 MG 48 COMPRIMIDOS MASTICABLES","DD":"ALMIRALL S.A.","FRF":2,"FRP":2,"MRF":2,"MRP":2,"MFt":1241.44,"MFtD":4.53,"MPz":131.578378378378,"MPzD":-3.41,"MQt":15.1,"MPr":9.44}
,{"DP":"NEOBIANACID ACIDEZ Y REFLUJO 15 COMP MASTICABLES","DD":"ABOCA SpA SOCIETA' AGRICOLA","FRF":52,"FRP":52,"MRF":4,"MRP":3,"MFt":583.28,"MFtD":8.25,"MPz":88.4648648648649,"MPzD":3.78,"MQt":10.15,"MPr":6.59}
,{"DP":"NEOBIANACID ACIDEZ Y REFLUJO 45 COMP MASTICABLES","DD":"ABOCA SpA SOCIETA' AGRICOLA","FRF":1,"FRP":1,"MRF":3,"MRP":4,"MFt":1022.46,"MFtD":16.33,"MPz":78.4594594594595,"MPzD":13.53,"MQt":9.01,"MPr":13.03}
,{"DP":"ALMAX 500 MG 24 COMPRIMIDOS MASTICABLES","DD":"ALMIRALL S.A.","FRF":11,"FRP":9,"MRF":6,"MRP":5,"MFt":244.22,"MFtD":6.02,"MPz":37.3945945945946,"MPzD":4.17,"MQt":4.29,"MPr":6.53}
,{"DP":"MAGNESIA CINFA 200 MGML SUSPENSION ORAL 300 G","DD":"CINFA","FRF":4,"FRP":4,"MRF":9,"MRP":7,"MFt":171.52,"MFtD":8.29,"MPz":31.2702702702703,"MPzD":7.71,"MQt":3.59,"MPr":5.49}
,{"DP":"ALMAX FORTE 1.5 G 12 SOBRES SUSPENSION ORAL","DD":"ALMIRALL S.A.","FRF":17,"FRP":16,"MRF":7,"MRP":6,"MFt":240.17,"MFtD":16.6,"MPz":36.7837837837838,"MPzD":14.24,"MQt":4.22,"MPr":6.53}
,{"DP":"SAL DE FRUTA ENO LIMON POLVO ORAL EFERVESCENTE 150 G","DD":"GLAXO SMITHKLINE","FRF":10,"FRP":8,"MRF":10,"MRP":9,"MFt":149.47,"MFtD":-5.22,"MPz":22.2540540540541,"MPzD":-8.21,"MQt":2.55,"MPr":6.72}
,{"DP":"OMEPRAZOL HEALTHKERN 20 MG 14 CAPSULAS GASTRORRESISTENTES (FRASCO)","DD":"KERN PHARMA","FRF":54,"FRP":54,"MRF":13,"MRP":8,"MFt":105.2,"MFtD":275.78,"MPz":26.9459459459459,"MPzD":275.38,"MQt":3.09,"MPr":3.9}
,{"DP":"CINFA BICARBONATO SODICO 200 G","DD":"CINFA","FRF":15,"FRP":10,"MRF":17,"MRP":13,"MFt":65.94,"MFtD":-11.38,"MPz":15.2108108108108,"MPzD":-11.54,"MQt":1.75,"MPr":4.33}
,{"DP":"GAVISCON FORTE 12 SOBRES 10 ML SUSPENSION ORAL","DD":"RECKITT BENCKISER HEALTHCARE  S A","FRF":47,"FRP":47,"MRF":11,"MRP":10,"MFt":140.91,"MFtD":10.2,"MPz":18.8918918918919,"MPzD":-1.02,"MQt":2.17,"MPr":7.46}
,{"DP":"ZIVEREL  10 ML 20 SOBRES BEBIB","DD":"NORGINE DE ESPAÑA","FRF":6,"FRP":14,"MRF":5,"MRP":15,"MFt":255.34,"MFtD":43.04,"MPz":12.8864864864865,"MPzD":42.75,"MQt":1.48,"MPr":19.81}
,{"DP":"SAL DE FRUTA ENO NARANJA POLVO ORAL EFERVESCENTE 150 G","DD":"GLAXO SMITHKLINE","FRF":23,"FRP":24,"MRF":14,"MRP":14,"MFt":91.08,"MFtD":-0.56,"MPz":13.5675675675676,"MPzD":-3.61,"MQt":1.56,"MPr":6.71}
,{"DP":"MAGNESIA SAN PELLEGRINO 3.6 G 20 SOBRES","DD":"ANOTACIONES FARMACEUTICAS  S L","FRF":14,"FRP":13,"MRF":12,"MRP":12,"MFt":114.55,"MFtD":-3.77,"MPz":15.6054054054054,"MPzD":-6.21,"MQt":1.79,"MPr":7.34}
,{"DP":"SAL DE FRUTA ENO POLVO ORAL EFERVESCENTE 150 G","DD":"GLAXO SMITHKLINE","FRF":13,"FRP":12,"MRF":18,"MRP":17,"MFt":62.95,"MFtD":-3.38,"MPz":9.37837837837838,"MPzD":-6.67,"MQt":1.08,"MPr":6.71}
,{"DP":"INTERAPOTHEK BICARBONATO SODICO","DD":"INTERAPOTHEK","FRF":51,"FRP":51,"MRF":39,"MRP":20,"MFt":12.76,"MFtD":-24.85,"MPz":7.82162162162162,"MPzD":-24.2,"MQt":0.9,"MPr":1.63}
,{"DP":"GAVISCON  FORTE  24 SOBRES SUS","DD":"RECKITT BENCKISER HEALTHCARE  S A","FRF":9,"FRP":11,"MRF":8,"MRP":11,"MFt":202.81,"MFtD":62.03,"MPz":18.5243243243243,"MPzD":59.84,"MQt":2.13,"MPr":10.95}
,{"DP":"PEPCID 10 MG 12 COMPRIMIDOS RECUBIERTOS","DD":"JOHNSON & JOHNSON","FRF":20,"FRP":21,"MRF":15,"MRP":16,"MFt":89.15,"MFtD":10.06,"MPz":10.8972972972973,"MPzD":1.72,"MQt":1.25,"MPr":8.18}
,{"DP":"BICARBONATO DE SOSA TORRES MUÑOZ 500 MG 30 COMPRIMIDOS","DD":"NOVARTIS","FRF":7,"FRP":7,"MRF":23,"MRP":23,"MFt":49,"MFtD":-8.18,"MPz":6.67567567567568,"MPzD":-9.99,"MQt":0.77,"MPr":7.34}
,{"DP":"SAL DE FRUTA ENO LIMON 5 G 10 SOBRES","DD":"GLAXO SMITHKLINE","FRF":24,"FRP":23,"MRF":30,"MRP":22,"MFt":30.25,"MFtD":-2.12,"MPz":6.95675675675676,"MPzD":-5.16,"MQt":0.8,"MPr":4.35}
,{"DP":"RENNIE 48 COMPRIMIDOS C SACAROSA","DD":"BAYER HISPANIA S.L.","FRF":21,"FRP":22,"MRF":22,"MRP":24,"MFt":49.08,"MFtD":-6.26,"MPz":6.64324324324324,"MPzD":-7.73,"MQt":0.76,"MPr":7.39}
,{"DP":"OMEPRAZOL SANDOZ CARE 20 MG 14 CAPSULAS GASTRORRESISTENTES (FRASCO)","DD":"SANDOZ FARMACEUTICA S.A.","FRF":55,"FRP":55,"MRF":24,"MRP":19,"MFt":42.18,"MFtD":323.02,"MPz":7.88108108108108,"MPzD":184.77,"MQt":0.9,"MPr":5.35}
,{"DP":"GAVISCON  FORTE  48 COMPRIMIDOS MASTICABLES","DD":"RECKITT BENCKISER HEALTHCARE  S A","FRF":16,"FRP":19,"MRF":16,"MRP":21,"MFt":79.09,"MFtD":94.26,"MPz":7.22702702702703,"MPzD":90.18,"MQt":0.83,"MPr":10.94}
,{"DP":"GAVISCON 24 SOBRES SUSPENSION ORAL","DD":"RECKITT BENCKISER HEALTHCARE  S A","FRF":45,"FRP":45,"MRF":20,"MRP":25,"MFt":58.22,"MFtD":3.27,"MPz":5.96216216216216,"MPzD":-2.13,"MQt":0.68,"MPr":9.77}
,{"DP":"RENNIE 48 COMPRIMIDOS MASTICABLES C SACARINA","DD":"BAYER HISPANIA S.L.","FRF":25,"FRP":25,"MRF":19,"MRP":18,"MFt":59.8,"MFtD":3.23,"MPz":8.09189189189189,"MPzD":1.63,"MQt":0.93,"MPr":7.39}]
,"datiDettRefC":[
{"DP":"ALMAX FORTE 1.5 G 24 SOBRES SUSPENSION ORAL","DD":"ALMIRALL S.A.","FRF":3,"FRP":3,"CRF":1,"CRP":1,"CFt":800.17,"CFtD":-1.54,"CPz":85.2363636363636,"CPzD":-8.47,"CQt":17.85,"CPr":9.39}
,{"DP":"ALMAX 500 MG 48 COMPRIMIDOS MASTICABLES","DD":"ALMIRALL S.A.","FRF":2,"FRP":2,"CRF":2,"CRP":2,"CFt":752.76,"CFtD":2.19,"CPz":80.1454545454545,"CPzD":-5.06,"CQt":16.79,"CPr":9.39}
,{"DP":"NEOBIANACID ACIDEZ Y REFLUJO 15 COMP MASTICABLES","DD":"ABOCA SpA SOCIETA' AGRICOLA","FRF":52,"FRP":52,"CRF":4,"CRP":3,"CFt":419.51,"CFtD":8.25,"CPz":63.3454545454545,"CPzD":4.53,"CQt":13.27,"CPr":6.62}
,{"DP":"NEOBIANACID ACIDEZ Y REFLUJO 45 COMP MASTICABLES","DD":"ABOCA SpA SOCIETA' AGRICOLA","FRF":1,"FRP":1,"CRF":3,"CRP":4,"CFt":662.89,"CFtD":17.3,"CPz":50.5636363636364,"CPzD":15.25,"CQt":10.59,"CPr":13.11}
,{"DP":"ALMAX 500 MG 24 COMPRIMIDOS MASTICABLES","DD":"ALMIRALL S.A.","FRF":11,"FRP":9,"CRF":6,"CRP":5,"CFt":122.72,"CFtD":9.62,"CPz":18.8545454545455,"CPzD":8.36,"CQt":3.95,"CPr":6.51}
,{"DP":"MAGNESIA CINFA 200 MGML SUSPENSION ORAL 300 G","DD":"CINFA","FRF":4,"FRP":4,"CRF":9,"CRP":6,"CFt":90.32,"CFtD":14.96,"CPz":16.4363636363636,"CPzD":14.87,"CQt":3.44,"CPr":5.5}
,{"DP":"ALMAX FORTE 1.5 G 12 SOBRES SUSPENSION ORAL","DD":"ALMIRALL S.A.","FRF":17,"FRP":16,"CRF":7,"CRP":7,"CFt":105.67,"CFtD":12.69,"CPz":16.2545454545455,"CPzD":11.47,"CQt":3.4,"CPr":6.5}
,{"DP":"SAL DE FRUTA ENO LIMON POLVO ORAL EFERVESCENTE 150 G","DD":"GLAXO SMITHKLINE","FRF":10,"FRP":8,"CRF":8,"CRP":8,"CFt":100.38,"CFtD":-1.75,"CPz":15.0181818181818,"CPzD":-4.29,"CQt":3.15,"CPr":6.68}
,{"DP":"OMEPRAZOL HEALTHKERN 20 MG 14 CAPSULAS GASTRORRESISTENTES (FRASCO)","DD":"KERN PHARMA","FRF":54,"FRP":54,"CRF":14,"CRP":9,"CFt":48.27,"CFtD":980.54,"CPz":12.3818181818182,"CPzD":980.95,"CQt":2.59,"CPr":3.9}
,{"DP":"CINFA BICARBONATO SODICO 200 G","DD":"CINFA","FRF":15,"FRP":10,"CRF":17,"CRP":10,"CFt":32.69,"CFtD":-26.89,"CPz":7.83636363636364,"CPzD":-27.2,"CQt":1.64,"CPr":4.17}
,{"DP":"GAVISCON FORTE 12 SOBRES 10 ML SUSPENSION ORAL","DD":"RECKITT BENCKISER HEALTHCARE  S A","FRF":47,"FRP":47,"CRF":11,"CRP":11,"CFt":57.97,"CFtD":26.88,"CPz":7.78181818181818,"CPzD":14.13,"CQt":1.63,"CPr":7.45}
,{"DP":"ZIVEREL  10 ML 20 SOBRES BEBIB","DD":"NORGINE DE ESPAÑA","FRF":6,"FRP":14,"CRF":5,"CRP":12,"CFt":151.8,"CFtD":69.55,"CPz":7.54545454545454,"CPzD":67.34,"CQt":1.58,"CPr":20.12}
,{"DP":"SAL DE FRUTA ENO NARANJA POLVO ORAL EFERVESCENTE 150 G","DD":"GLAXO SMITHKLINE","FRF":23,"FRP":24,"CRF":13,"CRP":13,"CFt":50.15,"CFtD":-13.85,"CPz":7.49090909090909,"CPzD":-16.26,"CQt":1.57,"CPr":6.69}
,{"DP":"MAGNESIA SAN PELLEGRINO 3.6 G 20 SOBRES","DD":"ANOTACIONES FARMACEUTICAS  S L","FRF":14,"FRP":13,"CRF":12,"CRP":14,"CFt":52.88,"CFtD":-8.12,"CPz":7.18181818181818,"CPzD":-10.23,"CQt":1.5,"CPr":7.36}
,{"DP":"SAL DE FRUTA ENO POLVO ORAL EFERVESCENTE 150 G","DD":"GLAXO SMITHKLINE","FRF":13,"FRP":12,"CRF":15,"CRP":15,"CFt":42.33,"CFtD":1.15,"CPz":6.32727272727273,"CPzD":-1.69,"CQt":1.33,"CPr":6.69}
,{"DP":"INTERAPOTHEK BICARBONATO SODICO","DD":"INTERAPOTHEK","FRF":51,"FRP":51,"CRF":34,"CRP":16,"CFt":10.45,"CFtD":-28.78,"CPz":6.23636363636364,"CPzD":-24.62,"CQt":1.31,"CPr":1.68}
,{"DP":"GAVISCON  FORTE  24 SOBRES SUS","DD":"RECKITT BENCKISER HEALTHCARE  S A","FRF":9,"FRP":11,"CRF":10,"CRP":17,"CFt":58.87,"CFtD":97.3,"CPz":5.38181818181818,"CPzD":94.74,"CQt":1.13,"CPr":10.94}
,{"DP":"PEPCID 10 MG 12 COMPRIMIDOS RECUBIERTOS","DD":"JOHNSON & JOHNSON","FRF":20,"FRP":21,"CRF":16,"CRP":18,"CFt":34.28,"CFtD":6.6,"CPz":4.18181818181818,"CPzD":-1.71,"CQt":0.88,"CPr":8.2}
,{"DP":"BICARBONATO DE SOSA TORRES MUÑOZ 500 MG 30 COMPRIMIDOS","DD":"NOVARTIS","FRF":7,"FRP":7,"CRF":18,"CRP":19,"CFt":30.16,"CFtD":-1.83,"CPz":4.10909090909091,"CPzD":-3.42,"CQt":0.86,"CPr":7.34}
,{"DP":"SAL DE FRUTA ENO LIMON 5 G 10 SOBRES","DD":"GLAXO SMITHKLINE","FRF":24,"FRP":23,"CRF":27,"CRP":20,"CFt":16.27,"CFtD":-6.15,"CPz":3.74545454545455,"CPzD":-8.85,"CQt":0.78,"CPr":4.34}
,{"DP":"GAVISCON 12 SOBRES SUSPENSION ORAL","DD":"RECKITT BENCKISER HEALTHCARE  S A","FRF":44,"FRP":44,"CRF":20,"CRP":21,"CFt":21.47,"CFtD":-2.05,"CPz":3.34545454545455,"CPzD":-12.8,"CQt":0.7,"CPr":6.42}
,{"DP":"RENNIE 48 COMPRIMIDOS C SACAROSA","DD":"BAYER HISPANIA S.L.","FRF":21,"FRP":22,"CRF":19,"CRP":22,"CFt":23.12,"CFtD":-8.02,"CPz":3.12727272727273,"CPzD":-9.47,"CQt":0.65,"CPr":7.39}
,{"DP":"OMEPRAZOL SANDOZ CARE 20 MG 14 CAPSULAS GASTRORRESISTENTES (FRASCO)","DD":"SANDOZ FARMACEUTICA S.A.","FRF":55,"FRP":55,"CRF":28,"CRP":23,"CFt":13.93,"CFtD":261.73,"CPz":2.69090909090909,"CPzD":159.65,"CQt":0.56,"CPr":5.18}
,{"DP":"BICARBONATO DE SOSA TORRES MUÑOZ POLVO ORAL 200 G","DD":"NOVARTIS","FRF":8,"FRP":6,"CRF":26,"CRP":24,"CFt":16.32,"CFtD":-21.22,"CPz":2.6,"CPzD":-24.34,"CQt":0.54,"CPr":6.28}
,{"DP":"BEMOLAN 800 MG GEL 30 SOBRES","DD":"TAKEDA FARMACEUTICA ESPAÑA S.A.","FRF":39,"FRP":39,"CRF":30,"CRP":25,"CFt":12.82,"CFtD":-4.73,"CPz":2.56363636363636,"CPzD":-4.73,"CQt":0.54,"CPr":5}]