{"datiDettRefF":[
{"DP":"ANSO POMADA RECTAL 50 G","DD":"LACER","FRF":2,"FRP":1,"FFt":470.65,"FFtD":23.72,"FPz":53,"FPzD":15.22,"FQt":37.86,"FPr":8.88,"MRF":2,"MRP":2,"CRF":2,"CRP":2}
,{"DP":"NEOFITOROID BIOPOMADA 40 ML","DD":"ABOCA SpA SOCIETA' AGRICOLA","FRF":1,"FRP":2,"FFt":475.9,"FFtD":-19.17,"FPz":41,"FPzD":-21.15,"FQt":29.29,"FPr":11.61,"MRF":1,"MRP":1,"CRF":1,"CRP":1}
,{"DP":"NEOFITOROID PACK 100 ML + 40 ML","DD":"ABOCA SpA SOCIETA' AGRICOLA","FRF":3,"FRP":3,"FFt":283.5,"FFtD":63.64,"FPz":18,"FPzD":63.64,"FQt":12.86,"FPr":15.75,"MRF":6,"MRP":9,"CRF":4,"CRP":7}
,{"DP":"NEOFITOROID 50 CAPS","DD":"ABOCA SpA SOCIETA' AGRICOLA","FRF":4,"FRP":4,"FFt":116.1,"FFtD":-46.29,"FPz":7,"FPzD":-46.15,"FQt":5,"FPr":16.59,"MRF":3,"MRP":6,"CRF":3,"CRP":5}
,{"DP":"HEMOAL FRT PMD RECTAL 50 G","DD":"RECKITT BENCKISER HEALTHCARE  S A","FRF":5,"FRP":5,"FFt":85.2,"FFtD":-61.46,"FPz":6,"FPzD":-62.5,"FQt":4.29,"FPr":14.2,"MRF":5,"MRP":7,"CRF":10,"CRP":11}
,{"DP":"PROCTOLOG POMADA RECTAL 30 G","DD":"DESMA","FRF":7,"FRP":6,"FFt":46.86,"FFtD":200,"FPz":3,"FPzD":200,"FQt":2.14,"FPr":15.62,"MRF":9,"MRP":11,"CRF":5,"CRP":8}
,{"DP":"TITANOREIN LIDOCAINA CREMA RECTAL 20 G","DD":"JOHNSON & JOHNSON","FRF":8,"FRP":7,"FFt":23.85,"FFtD":226.71,"FPz":3,"FPzD":200,"FQt":2.14,"FPr":7.95,"MRF":17,"MRP":14,"CRF":18,"CRP":17}
,{"DP":"LEVORAG EMULGEL HEMORROIDAL 3.5 ML 20 MONODOSIS","DD":"THD SPA","FRF":6,"FRP":8,"FFt":79.95,"FFtD":null,"FPz":2,"FPzD":null,"FQt":1.43,"FPr":39.98,"MRF":22,"MRP":22,"CRF":22,"CRP":22}
,{"DP":"AVENOC POMADA 30G","DD":"BOIRON","FRF":9,"FRP":9,"FFt":19,"FFtD":-60,"FPz":2,"FPzD":-60,"FQt":1.43,"FPr":9.5,"MRF":12,"MRP":12,"CRF":16,"CRP":16}
,{"DP":"COHORTAN RECTAL POMADA RECTAL 30 G","DD":"REIG JOFRE","FRF":10,"FRP":10,"FFt":16.6,"FFtD":-33.33,"FPz":2,"FPzD":-33.33,"FQt":1.43,"FPr":8.3,"MRF":16,"MRP":13,"CRF":15,"CRP":12}
,{"DP":"HEMOCLIN GEL 37G","DD":"REVA HEALTH","FRF":11,"FRP":11,"FFt":14.1,"FFtD":-43.37,"FPz":1,"FPzD":-50,"FQt":0.71,"FPr":14.1,"MRF":21,"MRP":21,"CRF":20,"CRP":20}
,{"DP":"FLEBINEC 4 G 14 SOBRES","DD":"SIGMA - TAU","FRF":12,"FRP":12,"FFt":13.3,"FFtD":null,"FPz":1,"FPzD":null,"FQt":0.71,"FPr":13.3,"MRF":20,"MRP":20,"CRF":17,"CRP":19}
,{"DP":"AVENOC 10 SUPOSITORIOS","DD":"BOIRON","FRF":13,"FRP":13,"FFt":9.7,"FFtD":null,"FPz":1,"FPzD":null,"FQt":0.71,"FPr":9.7,"MRF":19,"MRP":19,"CRF":21,"CRP":21}
,{"DP":"HEMOAL FRT PMD RECTAL 30 G","DD":"RECKITT BENCKISER HEALTHCARE  S A","FRF":14,"FRP":14,"FFt":0,"FFtD":null,"FPz":0,"FPzD":null,"FQt":0,"FPr":null,"MRF":4,"MRP":3,"CRF":6,"CRP":6}
,{"DP":"HEMOAL PMD RECTAL 30 G","DD":"RECKITT BENCKISER HEALTHCARE  S A","FRF":15,"FRP":15,"FFt":0,"FFtD":null,"FPz":0,"FPzD":null,"FQt":0,"FPr":null,"MRF":8,"MRP":5,"CRF":7,"CRP":4}
,{"DP":"HEMOAL PMD RECTAL 50 G","DD":"RECKITT BENCKISER HEALTHCARE  S A","FRF":16,"FRP":16,"FFt":0,"FFtD":null,"FPz":0,"FPzD":null,"FQt":0,"FPr":null,"MRF":7,"MRP":8,"CRF":8,"CRP":9}
,{"DP":"HEMORRANE 10 MGG POMADA RECTAL 30 G","DD":"FAES FARMA","FRF":17,"FRP":17,"FFt":0,"FFtD":-100,"FPz":0,"FPzD":-100,"FQt":0,"FPr":null,"MRF":10,"MRP":4,"CRF":9,"CRP":3}
,{"DP":"HEPRO 10 CANULETAS","DD":"CASEN RECORDATI S L","FRF":18,"FRP":18,"FFt":0,"FFtD":null,"FPz":0,"FPzD":null,"FQt":0,"FPr":null,"MRF":14,"MRP":15,"CRF":13,"CRP":13}
,{"DP":"NEOFITOROID JABON EN CREMA PROTECTOR Y LENITIVO 100 ML","DD":"ABOCA SpA SOCIETA' AGRICOLA","FRF":19,"FRP":19,"FFt":0,"FFtD":null,"FPz":0,"FPzD":null,"FQt":0,"FPr":null,"MRF":11,"MRP":10,"CRF":11,"CRP":10}
,{"DP":"PROCTEN 40 ML","DD":"EXTREFARMA","FRF":20,"FRP":20,"FFt":0,"FFtD":null,"FPz":0,"FPzD":null,"FQt":0,"FPr":null,"MRF":13,"MRP":17,"CRF":12,"CRP":15}
,{"DP":"PROCTOIAL GEL HEMORROIDAL CON APLICADOR 30 ML","DD":"LABORATORIOS BIOMED  S L","FRF":21,"FRP":21,"FFt":0,"FFtD":-100,"FPz":0,"FPzD":-100,"FQt":0,"FPr":null,"MRF":15,"MRP":16,"CRF":14,"CRP":14}
,{"DP":"PROCTOLOG POMADA RECTAL 15 G","DD":"DESMA","FRF":22,"FRP":22,"FFt":0,"FFtD":null,"FPz":0,"FPzD":null,"FQt":0,"FPr":null,"MRF":18,"MRP":18,"CRF":19,"CRP":18}]
,"datiDettRefM":[
{"DP":"NEOFITOROID BIOPOMADA 40 ML","DD":"ABOCA SpA SOCIETA' AGRICOLA","FRF":1,"FRP":2,"MRF":1,"MRP":1,"MFt":746.46,"MFtD":16.07,"MPz":67.1189189189189,"MPzD":12.21,"MQt":32.36,"MPr":11.12}
,{"DP":"ANSO POMADA RECTAL 50 G","DD":"LACER","FRF":2,"FRP":1,"MRF":2,"MRP":2,"MFt":367.3,"MFtD":19.09,"MPz":41.3837837837838,"MPzD":10.44,"MQt":19.95,"MPr":8.88}
,{"DP":"HEMORRANE 10 MGG POMADA RECTAL 30 G","DD":"FAES FARMA","FRF":17,"FRP":17,"MRF":10,"MRP":4,"MFt":70.95,"MFtD":0.24,"MPz":10.1783783783784,"MPzD":0.11,"MQt":4.91,"MPr":6.97}
,{"DP":"HEMOAL PMD RECTAL 30 G","DD":"RECKITT BENCKISER HEALTHCARE  S A","FRF":15,"FRP":15,"MRF":8,"MRP":5,"MFt":90.15,"MFtD":-3.67,"MPz":9.98378378378378,"MPzD":-6.62,"MQt":4.81,"MPr":9.03}
,{"DP":"NEOFITOROID 50 CAPS","DD":"ABOCA SpA SOCIETA' AGRICOLA","FRF":4,"FRP":4,"MRF":3,"MRP":6,"MFt":142.69,"MFtD":6.95,"MPz":8.88648648648649,"MPzD":5.86,"MQt":4.28,"MPr":16.06}
,{"DP":"HEMOAL FRT PMD RECTAL 30 G","DD":"RECKITT BENCKISER HEALTHCARE  S A","FRF":14,"FRP":14,"MRF":4,"MRP":3,"MFt":111.95,"MFtD":2.13,"MPz":10.8540540540541,"MPzD":-1.08,"MQt":5.23,"MPr":10.31}
,{"DP":"NEOFITOROID PACK 100 ML + 40 ML","DD":"ABOCA SpA SOCIETA' AGRICOLA","FRF":3,"FRP":3,"MRF":6,"MRP":9,"MFt":103.2,"MFtD":-42.36,"MPz":6.89189189189189,"MPzD":-41.57,"MQt":3.32,"MPr":14.97}
,{"DP":"PROCTOLOG POMADA RECTAL 30 G","DD":"DESMA","FRF":7,"FRP":6,"MRF":9,"MRP":11,"MFt":77.66,"MFtD":10.18,"MPz":4.98378378378378,"MPzD":10.02,"MQt":2.4,"MPr":15.58}
,{"DP":"HEMOAL PMD RECTAL 50 G","DD":"RECKITT BENCKISER HEALTHCARE  S A","FRF":16,"FRP":16,"MRF":7,"MRP":8,"MFt":93.73,"MFtD":-2.57,"MPz":7.50810810810811,"MPzD":-5.57,"MQt":3.62,"MPr":12.48}
,{"DP":"NEOFITOROID JABON EN CREMA PROTECTOR Y LENITIVO 100 ML","DD":"ABOCA SpA SOCIETA' AGRICOLA","FRF":19,"FRP":19,"MRF":11,"MRP":10,"MFt":49.51,"MFtD":452.42,"MPz":5.08108108108108,"MPzD":387.05,"MQt":2.45,"MPr":9.74}
,{"DP":"HEMOAL FRT PMD RECTAL 50 G","DD":"RECKITT BENCKISER HEALTHCARE  S A","FRF":5,"FRP":5,"MRF":5,"MRP":7,"MFt":108.33,"MFtD":-1.05,"MPz":7.63783783783784,"MPzD":-3.94,"MQt":3.68,"MPr":14.18}
,{"DP":"COHORTAN RECTAL POMADA RECTAL 30 G","DD":"REIG JOFRE","FRF":10,"FRP":10,"MRF":16,"MRP":13,"MFt":35.62,"MFtD":-13.08,"MPz":4.2972972972973,"MPzD":-13.11,"MQt":2.07,"MPr":8.29}
,{"DP":"HEPRO 10 CANULETAS","DD":"CASEN RECORDATI S L","FRF":18,"FRP":18,"MRF":14,"MRP":15,"MFt":40.63,"MFtD":12.25,"MPz":2.68108108108108,"MPzD":9.73,"MQt":1.29,"MPr":15.15}
,{"DP":"PROCTOIAL GEL HEMORROIDAL CON APLICADOR 30 ML","DD":"LABORATORIOS BIOMED  S L","FRF":21,"FRP":21,"MRF":15,"MRP":16,"MFt":37.5,"MFtD":-2.75,"MPz":2.62162162162162,"MPzD":-3.39,"MQt":1.26,"MPr":14.31}
,{"DP":"PROCTEN 40 ML","DD":"EXTREFARMA","FRF":20,"FRP":20,"MRF":13,"MRP":17,"MFt":43.28,"MFtD":69.24,"MPz":2.15135135135135,"MPzD":68.64,"MQt":1.04,"MPr":20.12}
,{"DP":"AVENOC POMADA 30G","DD":"BOIRON","FRF":9,"FRP":9,"MRF":12,"MRP":12,"MFt":49.21,"MFtD":-10.97,"MPz":4.86486486486486,"MPzD":-10.98,"MQt":2.35,"MPr":10.12}
,{"DP":"TITANOREIN LIDOCAINA CREMA RECTAL 20 G","DD":"JOHNSON & JOHNSON","FRF":8,"FRP":7,"MRF":17,"MRP":14,"MFt":22.78,"MFtD":8.28,"MPz":2.88648648648649,"MPzD":-0.19,"MQt":1.39,"MPr":7.89}
,{"DP":"PROCTOLOG POMADA RECTAL 15 G","DD":"DESMA","FRF":22,"FRP":22,"MRF":18,"MRP":18,"MFt":14.89,"MFtD":12.93,"MPz":1.55135135135135,"MPzD":12.55,"MQt":0.75,"MPr":9.6}
,{"DP":"FLEBINEC 4 G 14 SOBRES","DD":"SIGMA - TAU","FRF":12,"FRP":12,"MRF":20,"MRP":20,"MFt":12.63,"MFtD":-7.7,"MPz":0.87027027027027,"MPzD":-12.97,"MQt":0.42,"MPr":14.52}
,{"DP":"HEMOCLIN GEL 37G","DD":"REVA HEALTH","FRF":11,"FRP":11,"MRF":21,"MRP":21,"MFt":7.03,"MFtD":-14.03,"MPz":0.616216216216216,"MPzD":-24.5,"MQt":0.3,"MPr":11.42}
,{"DP":"AVENOC 10 SUPOSITORIOS","DD":"BOIRON","FRF":13,"FRP":13,"MRF":19,"MRP":19,"MFt":12.85,"MFtD":-27.01,"MPz":1.2972972972973,"MPzD":-26.38,"MQt":0.63,"MPr":9.9}
,{"DP":"LEVORAG EMULGEL HEMORROIDAL 3.5 ML 20 MONODOSIS","DD":"THD SPA","FRF":6,"FRP":8,"MRF":22,"MRP":22,"MFt":4.53,"MFtD":-0.8,"MPz":0.118918918918919,"MPzD":-12,"MQt":0.06,"MPr":38.11}]
,"datiDettRefC":[
{"DP":"NEOFITOROID BIOPOMADA 40 ML","DD":"ABOCA SpA SOCIETA' AGRICOLA","FRF":1,"FRP":2,"CRF":1,"CRP":1,"CFt":479.84,"CFtD":12.31,"CPz":42.7090909090909,"CPzD":8.15,"CQt":33.64,"CPr":11.24}
,{"DP":"ANSO POMADA RECTAL 50 G","DD":"LACER","FRF":2,"FRP":1,"CRF":2,"CRP":2,"CFt":218.09,"CFtD":31.5,"CPz":24.5818181818182,"CPzD":22.24,"CQt":19.36,"CPr":8.87}
,{"DP":"HEMORRANE 10 MGG POMADA RECTAL 30 G","DD":"FAES FARMA","FRF":17,"FRP":17,"CRF":9,"CRP":3,"CFt":49.45,"CFtD":1.5,"CPz":7.09090909090909,"CPzD":1.56,"CQt":5.59,"CPr":6.97}
,{"DP":"HEMOAL PMD RECTAL 30 G","DD":"RECKITT BENCKISER HEALTHCARE  S A","FRF":15,"FRP":15,"CRF":7,"CRP":4,"CFt":53.57,"CFtD":6.68,"CPz":5.92727272727273,"CPzD":3.49,"CQt":4.67,"CPr":9.04}
,{"DP":"NEOFITOROID 50 CAPS","DD":"ABOCA SpA SOCIETA' AGRICOLA","FRF":4,"FRP":4,"CRF":3,"CRP":5,"CFt":93.88,"CFtD":14.85,"CPz":5.8,"CPzD":13.52,"CQt":4.57,"CPr":16.19}
,{"DP":"HEMOAL FRT PMD RECTAL 30 G","DD":"RECKITT BENCKISER HEALTHCARE  S A","FRF":14,"FRP":14,"CRF":6,"CRP":6,"CFt":59.83,"CFtD":-22.67,"CPz":5.8,"CPzD":-24.94,"CQt":4.57,"CPr":10.32}
,{"DP":"NEOFITOROID PACK 100 ML + 40 ML","DD":"ABOCA SpA SOCIETA' AGRICOLA","FRF":3,"FRP":3,"CRF":4,"CRP":7,"CFt":84.06,"CFtD":-26.88,"CPz":5.36363636363636,"CPzD":-26.98,"CQt":4.23,"CPr":15.67}
,{"DP":"PROCTOLOG POMADA RECTAL 30 G","DD":"DESMA","FRF":7,"FRP":6,"CRF":5,"CRP":8,"CFt":71.23,"CFtD":28.82,"CPz":4.58181818181818,"CPzD":29.23,"CQt":3.61,"CPr":15.55}
,{"DP":"HEMOAL PMD RECTAL 50 G","DD":"RECKITT BENCKISER HEALTHCARE  S A","FRF":16,"FRP":16,"CRF":8,"CRP":9,"CFt":51.6,"CFtD":-3.2,"CPz":4.12727272727273,"CPzD":-6.2,"CQt":3.25,"CPr":12.5}
,{"DP":"NEOFITOROID JABON EN CREMA PROTECTOR Y LENITIVO 100 ML","DD":"ABOCA SpA SOCIETA' AGRICOLA","FRF":19,"FRP":19,"CRF":11,"CRP":10,"CFt":32.97,"CFtD":467.67,"CPz":3.69090909090909,"CPzD":480,"CQt":2.91,"CPr":8.93}
,{"DP":"HEMOAL FRT PMD RECTAL 50 G","DD":"RECKITT BENCKISER HEALTHCARE  S A","FRF":5,"FRP":5,"CRF":10,"CRP":11,"CFt":45.62,"CFtD":7.2,"CPz":3.21818181818182,"CPzD":4.12,"CQt":2.54,"CPr":14.17}
,{"DP":"COHORTAN RECTAL POMADA RECTAL 30 G","DD":"REIG JOFRE","FRF":10,"FRP":10,"CRF":15,"CRP":12,"CFt":24.9,"CFtD":-2.06,"CPz":3,"CPzD":-2.37,"CQt":2.36,"CPr":8.3}
,{"DP":"HEPRO 10 CANULETAS","DD":"CASEN RECORDATI S L","FRF":18,"FRP":18,"CRF":13,"CRP":13,"CFt":31.7,"CFtD":8.41,"CPz":2.09090909090909,"CPzD":6.48,"CQt":1.65,"CPr":15.16}
,{"DP":"PROCTOIAL GEL HEMORROIDAL CON APLICADOR 30 ML","DD":"LABORATORIOS BIOMED  S L","FRF":21,"FRP":21,"CRF":14,"CRP":14,"CFt":25.9,"CFtD":-6.16,"CPz":1.78181818181818,"CPzD":-5.77,"CQt":1.4,"CPr":14.54}
,{"DP":"PROCTEN 40 ML","DD":"EXTREFARMA","FRF":20,"FRP":20,"CRF":12,"CRP":15,"CFt":32.8,"CFtD":79.7,"CPz":1.56363636363636,"CPzD":79.17,"CQt":1.23,"CPr":20.98}
,{"DP":"AVENOC POMADA 30G","DD":"BOIRON","FRF":9,"FRP":9,"CRF":16,"CRP":16,"CFt":12.4,"CFtD":-31.79,"CPz":1.29090909090909,"CPzD":-33.64,"CQt":1.02,"CPr":9.6}
,{"DP":"TITANOREIN LIDOCAINA CREMA RECTAL 20 G","DD":"JOHNSON & JOHNSON","FRF":8,"FRP":7,"CRF":18,"CRP":17,"CFt":8.64,"CFtD":-9.58,"CPz":1.09090909090909,"CPzD":-16.67,"CQt":0.86,"CPr":7.92}
,{"DP":"PROCTOLOG POMADA RECTAL 15 G","DD":"DESMA","FRF":22,"FRP":22,"CRF":19,"CRP":18,"CFt":7.33,"CFtD":-8.7,"CPz":0.763636363636364,"CPzD":-8.7,"CQt":0.6,"CPr":9.6}
,{"DP":"FLEBINEC 4 G 14 SOBRES","DD":"SIGMA - TAU","FRF":12,"FRP":12,"CRF":17,"CRP":19,"CFt":9.1,"CFtD":-36.14,"CPz":0.727272727272727,"CPzD":-36.51,"CQt":0.57,"CPr":12.51}
,{"DP":"HEMOCLIN GEL 37G","DD":"REVA HEALTH","FRF":11,"FRP":11,"CRF":20,"CRP":20,"CFt":3.98,"CFtD":43.78,"CPz":0.309090909090909,"CPzD":13.33,"CQt":0.24,"CPr":12.88}
,{"DP":"AVENOC 10 SUPOSITORIOS","DD":"BOIRON","FRF":13,"FRP":13,"CRF":21,"CRP":21,"CFt":2.26,"CFtD":-7.85,"CPz":0.236363636363636,"CPzD":-13.33,"CQt":0.19,"CPr":9.56}
,{"DP":"LEVORAG EMULGEL HEMORROIDAL 3.5 ML 20 MONODOSIS","DD":"THD SPA","FRF":6,"FRP":8,"CRF":22,"CRP":22,"CFt":1.25,"CFtD":-24.31,"CPz":0.0363636363636364,"CPzD":-33.33,"CQt":0.03,"CPr":34.42}]