{"datiDettRefF":[
{"DP":"PRIMACOL PLUS 30 CAPS","DD":"LACER","FRF":1,"FRP":1,"FFt":997.5,"FFtD":90.92,"FPz":50,"FPzD":92.31,"FQt":29.07,"FPr":19.95,"MRF":22,"MRP":21,"CRF":22,"CRP":20}
,{"DP":"COLESTEROL DUOCONTROL 90 CAPS","DD":"APOTECA NATURA","FRF":2,"FRP":2,"FFt":663.03,"FFtD":3.7,"FPz":24,"FPzD":4.35,"FQt":13.95,"FPr":27.63,"MRF":2,"MRP":2,"CRF":3,"CRP":2}
,{"DP":"ARMOLIPID PLUS 20 COMP","DD":"ROTTAPHARM S L","FRF":5,"FRP":3,"FFt":424.88,"FFtD":72.63,"FPz":23,"FPzD":76.92,"FQt":13.37,"FPr":18.47,"MRF":1,"MRP":1,"CRF":1,"CRP":1}
,{"DP":"COLESTOIL OMEGA3 610 MG 100 CAPS","DD":"ABOCA SpA SOCIETA' AGRICOLA","FRF":4,"FRP":4,"FFt":437.5,"FFtD":-27.31,"FPz":19,"FPzD":-24,"FQt":11.05,"FPr":23.03,"MRF":10,"MRP":10,"CRF":7,"CRP":8}
,{"DP":"OMEGA3 C+ 60 PERLAS APOTECA NATURA","DD":"APOTECA NATURA","FRF":3,"FRP":5,"FFt":654.5,"FFtD":55.54,"FPz":17,"FPzD":54.55,"FQt":9.88,"FPr":38.5,"MRF":3,"MRP":4,"CRF":2,"CRP":3}
,{"DP":"ARKOSTEROL LEVADURA ARROZ ROJO + Q10 60 CAPSULAS","DD":"ARKOPHARMA","FRF":6,"FRP":6,"FFt":141,"FFtD":-30.66,"FPz":7,"FPzD":-30,"FQt":4.07,"FPr":20.14,"MRF":8,"MRP":6,"CRF":13,"CRP":13}
,{"DP":"LIPOK 30 CAPSULAS","DD":"ASAK PHARMA","FRF":7,"FRP":7,"FFt":107.8,"FFtD":290.58,"FPz":4,"FPzD":300,"FQt":2.33,"FPr":26.95,"MRF":5,"MRP":5,"CRF":5,"CRP":5}
,{"DP":"CORACOL 60 COMP","DD":"PILEJE SLU","FRF":10,"FRP":8,"FFt":82.75,"FFtD":72.76,"FPz":3,"FPzD":50,"FQt":1.74,"FPr":27.58,"MRF":21,"MRP":24,"CRF":25,"CRP":25}
,{"DP":"ARKOCAPS LEVADURA ROJA DE ARROZ 45 CAPS","DD":"ARKOPHARMA","FRF":18,"FRP":9,"FFt":30.4,"FFtD":-56.23,"FPz":3,"FPzD":-57.14,"FQt":1.74,"FPr":10.13,"MRF":31,"MRP":26,"CRF":16,"CRP":15}
,{"DP":"MEGARED 500 OMEGA 3 ACEITE DE KRILL 60 CAPSULAS","DD":"RECKITT BENCKISER HEALTHCARE  S A","FRF":8,"FRP":10,"FFt":92.3,"FFtD":120.02,"FPz":2,"FPzD":100,"FQt":1.16,"FPr":46.15,"MRF":23,"MRP":27,"CRF":19,"CRP":21}
,{"DP":"MEGARED PROMOCION 60+20CAPS","DD":"","FRF":9,"FRP":11,"FFt":85.25,"FFtD":-64.13,"FPz":2,"FPzD":-71.43,"FQt":1.16,"FPr":42.62,"MRF":27,"MRP":30,"CRF":28,"CRP":29}
,{"DP":"SOLGAR ALFA LIPOICO","DD":"SOLGAR","FRF":12,"FRP":12,"FFt":71.9,"FFtD":-70.37,"FPz":2,"FPzD":-66.67,"FQt":1.16,"FPr":35.95,"MRF":37,"MRP":38,"CRF":38,"CRP":38}
,{"DP":"RED YEAST RICE+COQ 10 30 COMP","DD":"SOLARAY","FRF":13,"FRP":13,"FFt":68.1,"FFtD":60.24,"FPz":2,"FPzD":100,"FQt":1.16,"FPr":34.05,"MRF":36,"MRP":37,"CRF":24,"CRP":27}
,{"DP":"ELTEANS 60 CAPS","DD":"JALDES","FRF":14,"FRP":14,"FFt":51.1,"FFtD":null,"FPz":2,"FPzD":null,"FQt":1.16,"FPr":25.55,"MRF":33,"MRP":32,"CRF":32,"CRP":32}
,{"DP":"SOLARAY RED YEAST RICE 45 CAPS","DD":"SOLARAY","FRF":15,"FRP":15,"FFt":45.9,"FFtD":-42.16,"FPz":2,"FPzD":-33.33,"FQt":1.16,"FPr":22.95,"MRF":30,"MRP":29,"CRF":21,"CRP":22}
,{"DP":"REISHI COLESTEROL NEO 30 CAPSULAS","DD":"NEOVITAL HEALTH  S L","FRF":17,"FRP":16,"FFt":40.5,"FFtD":97.56,"FPz":2,"FPzD":100,"FQt":1.16,"FPr":20.25,"MRF":34,"MRP":34,"CRF":27,"CRP":24}
,{"DP":"OMEGA BASELCN 120 CAPSULAS BLANDAS","DD":"LCN 1955","FRF":11,"FRP":17,"FFt":74.8,"FFtD":null,"FPz":1,"FPzD":null,"FQt":0.58,"FPr":74.8,"MRF":29,"MRP":33,"CRF":20,"CRP":26}
,{"DP":"OMEGA BASELCN 60 CAPSULAS BLANDAS","DD":"LCN 1955","FRF":16,"FRP":18,"FFt":43.95,"FFtD":0,"FPz":1,"FPzD":0,"FQt":0.58,"FPr":43.95,"MRF":24,"MRP":28,"CRF":35,"CRP":35}
,{"DP":"ACEITE DE KRILL NKO 30 PERLAS","DD":"CIEN POR CIEN","FRF":19,"FRP":19,"FFt":29.25,"FFtD":null,"FPz":1,"FPzD":null,"FQt":0.58,"FPr":29.25,"MRF":35,"MRP":35,"CRF":37,"CRP":37}
,{"DP":"ERGYLINE 100 PERLAS NUTERGIA","DD":"NUTERGI","FRF":20,"FRP":20,"FFt":27.4,"FFtD":-13.97,"FPz":1,"FPzD":0,"FQt":0.58,"FPr":27.4,"MRF":38,"MRP":39,"CRF":39,"CRP":39}
,{"DP":"LECITINA DE SOJA GRANULADO 500 G NO GMO","DD":"DISTRIBUCIONES FELIU","FRF":21,"FRP":21,"FFt":23,"FFtD":29.58,"FPz":1,"FPzD":0,"FQt":0.58,"FPr":23,"MRF":32,"MRP":31,"CRF":36,"CRP":36}
,{"DP":"AQUILEA COLESTEROL 20 STICKS LIQUIDOS","DD":"URIACH","FRF":22,"FRP":22,"FFt":19.95,"FFtD":null,"FPz":1,"FPzD":null,"FQt":0.58,"FPr":19.95,"MRF":25,"MRP":25,"CRF":23,"CRP":19}
,{"DP":"ARKOSTEROL REGULA COLESTEROL LEVADURA ARROZ ROJO 60 CAPS","DD":"ARKOPHARMA","FRF":23,"FRP":23,"FFt":17.75,"FFtD":0,"FPz":1,"FPzD":0,"FQt":0.58,"FPr":17.75,"MRF":12,"MRP":8,"CRF":8,"CRP":6}
,{"DP":"LECITINA DE SOJA 400 G","DD":"SANTIVERI","FRF":24,"FRP":24,"FFt":13.45,"FFtD":null,"FPz":1,"FPzD":null,"FQt":0.58,"FPr":13.45,"MRF":39,"MRP":36,"CRF":33,"CRP":33}
,{"DP":"AQUILEA OMEGA-3 90 CAPS","DD":"URIACH","FRF":25,"FRP":25,"FFt":0,"FFtD":null,"FPz":0,"FPzD":null,"FQt":0,"FPr":null,"MRF":26,"MRP":23,"CRF":14,"CRP":12}]
,"datiDettRefM":[
{"DP":"ARMOLIPID PLUS 20 COMP","DD":"ROTTAPHARM S L","FRF":5,"FRP":3,"MRF":1,"MRP":1,"MFt":789.1,"MFtD":1.15,"MPz":42.8216216216216,"MPzD":1.53,"MQt":28.51,"MPr":18.43}
,{"DP":"COLESTEROL DUOCONTROL 90 CAPS","DD":"APOTECA NATURA","FRF":2,"FRP":2,"MRF":2,"MRP":2,"MFt":348.45,"MFtD":51.27,"MPz":13.3459459459459,"MPzD":50.27,"MQt":8.89,"MPr":26.11}
,{"DP":"OMEGA3 C+ 60 PERLAS APOTECA NATURA","DD":"APOTECA NATURA","FRF":3,"FRP":5,"MRF":3,"MRP":4,"MFt":313,"MFtD":310.73,"MPz":8.75675675675676,"MPzD":313.27,"MQt":5.83,"MPr":35.74}
,{"DP":"COLESTEROL 50 CAPS+50 CAPS","DD":"APOTECA NATURA","FRF":28,"FRP":28,"MRF":7,"MRP":9,"MFt":82.27,"MFtD":-56.64,"MPz":3.03243243243243,"MPzD":-57.31,"MQt":2.02,"MPr":27.13}
,{"DP":"LIPOK 30 CAPSULAS","DD":"ASAK PHARMA","FRF":7,"FRP":7,"MRF":5,"MRP":5,"MFt":163.17,"MFtD":48.71,"MPz":6.30810810810811,"MPzD":48.66,"MQt":4.2,"MPr":25.87}
,{"DP":"ARKOSTEROL REGULA COLESTEROL LEVADURA ARROZ ROJO 60 CAPS","DD":"ARKOPHARMA","FRF":23,"FRP":23,"MRF":12,"MRP":8,"MFt":52.69,"MFtD":-11.14,"MPz":3.24324324324324,"MPzD":-17.24,"MQt":2.16,"MPr":16.25}
,{"DP":"OMEGA COMPLEMENTOS VARIOS","DD":"","FRF":34,"FRP":34,"MRF":6,"MRP":7,"MFt":85.48,"MFtD":-35.65,"MPz":3.47567567567568,"MPzD":-33.57,"MQt":2.31,"MPr":24.59}
,{"DP":"COLESTOIL OMEGA3 610 MG 100 CAPS","DD":"ABOCA SpA SOCIETA' AGRICOLA","FRF":4,"FRP":4,"MRF":10,"MRP":10,"MFt":63.03,"MFtD":-59.83,"MPz":2.74594594594595,"MPzD":-59.39,"MQt":1.83,"MPr":22.96}
,{"DP":"OXICOL CAPS 28 CAPSULAS","DD":"ACTAFARMA","FRF":35,"FRP":35,"MRF":4,"MRP":3,"MFt":167.75,"MFtD":-1.01,"MPz":9.44324324324324,"MPzD":4.49,"MQt":6.29,"MPr":17.76}
,{"DP":"NORMOLIP 5 30 CAPSULAS","DD":"TREPAT-DIET","FRF":31,"FRP":31,"MRF":14,"MRP":12,"MFt":47.86,"MFtD":14.84,"MPz":2.35135135135135,"MPzD":14.47,"MQt":1.57,"MPr":20.36}
,{"DP":"ARKOSTEROL REGULA COLESTEROL 120 CAPSULAS","DD":"ARKOPHARMA","FRF":26,"FRP":26,"MRF":17,"MRP":20,"MFt":33.22,"MFtD":17.22,"MPz":1.21081081081081,"MPzD":13.71,"MQt":0.81,"MPr":27.44}
,{"DP":"AQUILEA OMEGA-3 90 CAPS","DD":"URIACH","FRF":25,"FRP":25,"MRF":26,"MRP":23,"MFt":14.81,"MFtD":-7.25,"MPz":1.08108108108108,"MPzD":-6.98,"MQt":0.72,"MPr":13.7}
,{"DP":"ARKOSTEROL LEVADURA ARROZ ROJO + Q10 60 CAPSULAS","DD":"ARKOPHARMA","FRF":6,"FRP":6,"MRF":8,"MRP":6,"MFt":69.96,"MFtD":29.43,"MPz":3.80540540540541,"MPzD":20.34,"MQt":2.53,"MPr":18.39}
,{"DP":"KOLIP VEX 60 CAPSULAS","DD":"SOCIEDAD DE INVESTIGACION NUTRACEUTICA","FRF":30,"FRP":30,"MRF":13,"MRP":18,"MFt":48.47,"MFtD":59.22,"MPz":1.34054054054054,"MPzD":62.09,"MQt":0.89,"MPr":36.16}
,{"DP":"DISLIPEN 30 COMPRIMIDOS","DD":"ITALFARMACO","FRF":29,"FRP":29,"MRF":19,"MRP":14,"MFt":27.39,"MFtD":null,"MPz":1.90810810810811,"MPzD":null,"MQt":1.27,"MPr":14.36}
,{"DP":"NS LIPIBEN  30 COMP","DD":"CINFA","FRF":32,"FRP":32,"MRF":28,"MRP":22,"MFt":13.32,"MFtD":-5.21,"MPz":1.0972972972973,"MPzD":-7.73,"MQt":0.73,"MPr":12.14}
,{"DP":"COLESTAB 30 COMP","DD":"","FRF":27,"FRP":27,"MRF":16,"MRP":11,"MFt":41.18,"MFtD":-31.47,"MPz":2.74594594594595,"MPzD":-31.26,"MQt":1.83,"MPr":15}
,{"DP":"AQUILEA COLESTEROL 20 STICKS LIQUIDOS","DD":"URIACH","FRF":22,"FRP":22,"MRF":25,"MRP":25,"MFt":15.36,"MFtD":768.09,"MPz":0.821621621621622,"MPzD":744.44,"MQt":0.55,"MPr":18.69}
,{"DP":"PRIMACOL PLUS 30 CAPS","DD":"LACER","FRF":1,"FRP":1,"MRF":22,"MRP":21,"MFt":23.21,"MFtD":-23.96,"MPz":1.0972972972973,"MPzD":-24.81,"MQt":0.73,"MPr":21.15}
,{"DP":"OMEGA 3 30 CAPS","DD":"","FRF":33,"FRP":33,"MRF":18,"MRP":15,"MFt":28.5,"MFtD":-1.28,"MPz":1.80540540540541,"MPzD":-6.7,"MQt":1.2,"MPr":15.79}
,{"DP":"CORACOL 60 COMP","DD":"PILEJE SLU","FRF":10,"FRP":8,"MRF":21,"MRP":24,"MFt":23.55,"MFtD":-19.15,"MPz":0.864864864864865,"MPzD":-23.08,"MQt":0.58,"MPr":27.23}
,{"DP":"SOLARAY RED YEAST RICE Q10 60 ","DD":"SOLARAY","FRF":37,"FRP":37,"MRF":9,"MRP":16,"MFt":66.16,"MFtD":-4.45,"MPz":1.68648648648649,"MPzD":-5.45,"MQt":1.12,"MPr":39.23}
,{"DP":"OXICOL PLUS OMEGA 30 CAPSULAS","DD":"ACTAFARMA","FRF":36,"FRP":36,"MRF":20,"MRP":19,"MFt":24.32,"MFtD":2249.75,"MPz":1.21621621621622,"MPzD":2400,"MQt":0.81,"MPr":19.99}
,{"DP":"SOLARAY-KAL OMEGA 3 450300 60","DD":"SOLARAY","FRF":38,"FRP":38,"MRF":15,"MRP":13,"MFt":47.34,"MFtD":-7.36,"MPz":1.95135135135135,"MPzD":-7.91,"MQt":1.3,"MPr":24.26}
,{"DP":"SOLGAR OMEGAS VARIOS","DD":"SOLGAR","FRF":39,"FRP":39,"MRF":11,"MRP":17,"MFt":58.35,"MFtD":38.61,"MPz":1.41081081081081,"MPzD":16.52,"MQt":0.94,"MPr":41.36}]
,"datiDettRefC":[
{"DP":"ARMOLIPID PLUS 20 COMP","DD":"ROTTAPHARM S L","FRF":5,"FRP":3,"CRF":1,"CRP":1,"CFt":330.28,"CFtD":-8.56,"CPz":17.4727272727273,"CPzD":-7.15,"CQt":26.11,"CPr":18.9}
,{"DP":"COLESTEROL DUOCONTROL 90 CAPS","DD":"APOTECA NATURA","FRF":2,"FRP":2,"CRF":3,"CRP":2,"CFt":260.74,"CFtD":59.42,"CPz":10,"CPzD":57.14,"CQt":14.95,"CPr":26.07}
,{"DP":"OMEGA3 C+ 60 PERLAS APOTECA NATURA","DD":"APOTECA NATURA","FRF":3,"FRP":5,"CRF":2,"CRP":3,"CFt":266.67,"CFtD":471.79,"CPz":7.38181818181818,"CPzD":427.27,"CQt":11.03,"CPr":36.13}
,{"DP":"COLESTEROL 50 CAPS+50 CAPS","DD":"APOTECA NATURA","FRF":28,"FRP":28,"CRF":4,"CRP":4,"CFt":84.78,"CFtD":-43.54,"CPz":3.14545454545455,"CPzD":-44.01,"CQt":4.7,"CPr":26.95}
,{"DP":"LIPOK 30 CAPSULAS","DD":"ASAK PHARMA","FRF":7,"FRP":7,"CRF":5,"CRP":5,"CFt":62.27,"CFtD":44.87,"CPz":2.45454545454545,"CPzD":43.62,"CQt":3.67,"CPr":25.37}
,{"DP":"ARKOSTEROL REGULA COLESTEROL LEVADURA ARROZ ROJO 60 CAPS","DD":"ARKOPHARMA","FRF":23,"FRP":23,"CRF":8,"CRP":6,"CFt":35.71,"CFtD":-29.89,"CPz":2.30909090909091,"CPzD":-32.8,"CQt":3.45,"CPr":15.47}
,{"DP":"OMEGA COMPLEMENTOS VARIOS","DD":"","FRF":34,"FRP":34,"CRF":6,"CRP":7,"CFt":40.98,"CFtD":-31.93,"CPz":1.74545454545455,"CPzD":-29.41,"CQt":2.61,"CPr":23.48}
,{"DP":"COLESTOIL OMEGA3 610 MG 100 CAPS","DD":"ABOCA SpA SOCIETA' AGRICOLA","FRF":4,"FRP":4,"CRF":7,"CRP":8,"CFt":40.22,"CFtD":-68.68,"CPz":1.74545454545455,"CPzD":-68.73,"CQt":2.61,"CPr":23.04}
,{"DP":"OXICOL CAPS 28 CAPSULAS","DD":"ACTAFARMA","FRF":35,"FRP":35,"CRF":9,"CRP":9,"CFt":32.8,"CFtD":-10.41,"CPz":1.67272727272727,"CPzD":-10.68,"CQt":2.5,"CPr":19.61}
,{"DP":"NORMOLIP 5 30 CAPSULAS","DD":"TREPAT-DIET","FRF":31,"FRP":31,"CRF":12,"CRP":10,"CFt":25.81,"CFtD":29.52,"CPz":1.34545454545455,"CPzD":34.55,"CQt":2.01,"CPr":19.19}
,{"DP":"ARKOSTEROL REGULA COLESTEROL 120 CAPSULAS","DD":"ARKOPHARMA","FRF":26,"FRP":26,"CRF":11,"CRP":11,"CFt":29.73,"CFtD":51.89,"CPz":1.07272727272727,"CPzD":47.5,"CQt":1.6,"CPr":27.71}
,{"DP":"AQUILEA OMEGA-3 90 CAPS","DD":"URIACH","FRF":25,"FRP":25,"CRF":14,"CRP":12,"CFt":14.16,"CFtD":-30.53,"CPz":1.05454545454545,"CPzD":-30.95,"CQt":1.58,"CPr":13.43}
,{"DP":"ARKOSTEROL LEVADURA ARROZ ROJO + Q10 60 CAPSULAS","DD":"ARKOPHARMA","FRF":6,"FRP":6,"CRF":13,"CRP":13,"CFt":17.2,"CFtD":22.89,"CPz":0.945454545454545,"CPzD":13.04,"CQt":1.41,"CPr":18.19}
,{"DP":"KOLIP VEX 60 CAPSULAS","DD":"SOCIEDAD DE INVESTIGACION NUTRACEUTICA","FRF":30,"FRP":30,"CRF":10,"CRP":14,"CFt":31.56,"CFtD":10.4,"CPz":0.836363636363636,"CPzD":9.52,"CQt":1.25,"CPr":37.74}
,{"DP":"ARKOCAPS LEVADURA ROJA DE ARROZ 45 CAPS","DD":"ARKOPHARMA","FRF":18,"FRP":9,"CRF":16,"CRP":15,"CFt":7.64,"CFtD":-17.24,"CPz":0.709090909090909,"CPzD":-22,"CQt":1.06,"CPr":10.78}
,{"DP":"DISLIPEN 30 COMPRIMIDOS","DD":"ITALFARMACO","FRF":29,"FRP":29,"CRF":15,"CRP":16,"CFt":10.38,"CFtD":null,"CPz":0.690909090909091,"CPzD":null,"CQt":1.03,"CPr":15.02}
,{"DP":"NS LIPIBEN  30 COMP","DD":"CINFA","FRF":32,"FRP":32,"CRF":17,"CRP":17,"CFt":7.33,"CFtD":-39.32,"CPz":0.6,"CPzD":-43.1,"CQt":0.9,"CPr":12.22}
,{"DP":"COLESTAB 30 COMP","DD":"","FRF":27,"FRP":27,"CRF":18,"CRP":18,"CFt":5.87,"CFtD":308.26,"CPz":0.4,"CPzD":340,"CQt":0.6,"CPr":14.67}
,{"DP":"AQUILEA COLESTEROL 20 STICKS LIQUIDOS","DD":"URIACH","FRF":22,"FRP":22,"CRF":23,"CRP":19,"CFt":4.67,"CFtD":null,"CPz":0.272727272727273,"CPzD":null,"CQt":0.41,"CPr":17.12}
,{"DP":"PRIMACOL PLUS 30 CAPS","DD":"LACER","FRF":1,"FRP":1,"CRF":22,"CRP":20,"CFt":4.78,"CFtD":-61.6,"CPz":0.236363636363636,"CPzD":-62.86,"CQt":0.35,"CPr":20.24}
,{"DP":"MEGARED 500 OMEGA 3 ACEITE DE KRILL 60 CAPSULAS","DD":"RECKITT BENCKISER HEALTHCARE  S A","FRF":8,"FRP":10,"CRF":19,"CRP":21,"CFt":5.69,"CFtD":-43.65,"CPz":0.163636363636364,"CPzD":-43.75,"CQt":0.24,"CPr":34.78}
,{"DP":"SOLARAY RED YEAST RICE 45 CAPS","DD":"SOLARAY","FRF":15,"FRP":15,"CRF":21,"CRP":22,"CFt":4.82,"CFtD":122.52,"CPz":0.163636363636364,"CPzD":80,"CQt":0.24,"CPr":29.46}
,{"DP":"OMEGA 3 30 CAPS","DD":"","FRF":33,"FRP":33,"CRF":29,"CRP":23,"CFt":2.07,"CFtD":-61.42,"CPz":0.145454545454545,"CPzD":-57.89,"CQt":0.22,"CPr":14.24}
,{"DP":"REISHI COLESTEROL NEO 30 CAPSULAS","DD":"NEOVITAL HEALTH  S L","FRF":17,"FRP":16,"CRF":27,"CRP":24,"CFt":2.41,"CFtD":36,"CPz":0.127272727272727,"CPzD":40,"CQt":0.19,"CPr":18.94}
,{"DP":"CORACOL 60 COMP","DD":"PILEJE SLU","FRF":10,"FRP":8,"CRF":25,"CRP":25,"CFt":3.3,"CFtD":150.59,"CPz":0.109090909090909,"CPzD":200,"CQt":0.16,"CPr":30.26}]