{"datiDettRefF":[
{"DP":"GELOCATIL 1 G 10 COMPRIMIDOS","DD":"FERRER INTERNACIONAL","FRF":4,"FRP":1,"FFt":1113.4,"FFtD":17.3,"FPz":299,"FPzD":-2.92,"FQt":15.91,"FPr":3.72,"MRF":4,"MRP":2,"CRF":12,"CRP":3}
,{"DP":"INFLUVIS JARABE 120 G","DD":"PLANTA MEDICA Srl","FRF":1,"FRP":2,"FFt":3245.98,"FFtD":-35.6,"FPz":255,"FPzD":-36.57,"FQt":13.57,"FPr":12.73,"MRF":15,"MRP":23,"CRF":5,"CRP":11}
,{"DP":"SAUCO VIT C AN JARABE 120 G","DD":"APOTECA NATURA","FRF":3,"FRP":3,"FFt":1392.96,"FFtD":null,"FPz":119,"FPzD":null,"FQt":6.33,"FPr":11.71,"MRF":25,"MRP":35,"CRF":15,"CRP":27}
,{"DP":"GELOCATIL 650 MG 12 COMPRIMIDOS (TIRAS)","DD":"FERRER INTERNACIONAL","FRF":12,"FRP":4,"FFt":390.95,"FFtD":-11.39,"FPz":115,"FPzD":-23.84,"FQt":6.12,"FPr":3.4,"MRF":16,"MRP":5,"CRF":18,"CRP":7}
,{"DP":"GELOCATIL GRIPE FENILEFRINA 10 SOBRES","DD":"NOVAG","FRF":6,"FRP":5,"FFt":1020.55,"FFtD":324.45,"FPz":110,"FPzD":292.86,"FQt":5.85,"FPr":9.28,"MRF":11,"MRP":13,"CRF":13,"CRP":16}
,{"DP":"FRENADOL COMPLEX 10 SOBRES","DD":"JOHNSON & JOHNSON","FRF":5,"FRP":6,"FFt":1034.83,"FFtD":9.41,"FPz":105,"FPzD":0,"FQt":5.59,"FPr":9.86,"MRF":1,"MRP":1,"CRF":1,"CRP":1}
,{"DP":"ASPIRINA 500 MG 20 COMPRIMIDOS","DD":"BAYER HISPANIA S.L.","FRF":9,"FRP":7,"FFt":504.7,"FFtD":-4.71,"FPz":99,"FPzD":-6.6,"FQt":5.27,"FPr":5.1,"MRF":7,"MRP":4,"CRF":8,"CRP":4}
,{"DP":"GELOCATIL 1 G 10 SOBRES SOLUCION ORAL","DD":"FERRER INTERNACIONAL","FRF":10,"FRP":8,"FFt":464.8,"FFtD":4.45,"FPz":89,"FPzD":0,"FQt":4.74,"FPr":5.22,"MRF":19,"MRP":17,"CRF":22,"CRP":17}
,{"DP":"INMUNORESPIR 90 CAPS","DD":"LCN 1955","FRF":2,"FRP":9,"FFt":1635.9,"FFtD":28.71,"FPz":82,"FPzD":28.12,"FQt":4.36,"FPr":19.95,"MRF":61,"MRP":83,"CRF":83,"CRP":94}
,{"DP":"FRENADOL DESCONGESTIVO 16 CAPSULAS","DD":"JOHNSON & JOHNSON","FRF":7,"FRP":10,"FFt":537.75,"FFtD":6.95,"FPz":55,"FPzD":-1.79,"FQt":2.93,"FPr":9.78,"MRF":2,"MRP":3,"CRF":2,"CRP":2}
,{"DP":"COULDINA 20 COMPRIMIDOS EFERVESCENTES","DD":"ALTER FARMACIA","FRF":8,"FRP":11,"FFt":537.07,"FFtD":-23.92,"FPz":54,"FPzD":-26.03,"FQt":2.87,"FPr":9.95,"MRF":6,"MRP":10,"CRF":6,"CRP":9}
,{"DP":"APIRETAL 100 MGML SOLUCION ORAL 90 ML","DD":"ERN","FRF":17,"FRP":12,"FFt":241.25,"FFtD":-27.94,"FPz":44,"FPzD":-31.25,"FQt":2.34,"FPr":5.48,"MRF":17,"MRP":12,"CRF":23,"CRP":18}
,{"DP":"ASPIRINA C 400240 MG 20 COMPRIMIDOS EFERVESCENTES","DD":"BAYER HISPANIA S.L.","FRF":11,"FRP":13,"FFt":402.64,"FFtD":-24,"FPz":42,"FPzD":-25,"FQt":2.24,"FPr":9.59,"MRF":21,"MRP":26,"CRF":24,"CRP":28}
,{"DP":"GELOCATIL GRIPE PSEUDOEFEDRINA 20 COMPRIMIDOS","DD":"NOVAG","FRF":15,"FRP":14,"FFt":252.72,"FFtD":-4.72,"FPz":39,"FPzD":-4.88,"FQt":2.08,"FPr":6.48,"MRF":20,"MRP":25,"CRF":21,"CRP":26}
,{"DP":"FRENADOL FORTE 10 SOBRES","DD":"JOHNSON & JOHNSON","FRF":13,"FRP":15,"FFt":342.75,"FFtD":41.43,"FPz":35,"FPzD":29.63,"FQt":1.86,"FPr":9.79,"MRF":5,"MRP":7,"CRF":7,"CRP":10}
,{"DP":"ILVICO 20 COMPRIMIDOS","DD":"MERCK S L","FRF":14,"FRP":16,"FFt":263.64,"FFtD":-0.64,"FPz":29,"FPzD":-3.33,"FQt":1.54,"FPr":9.09,"MRF":12,"MRP":16,"CRF":10,"CRP":14}
,{"DP":"GELOCATIL 650 MG 12 SOBRES SOLUCION ORAL","DD":"FERRER INTERNACIONAL","FRF":21,"FRP":17,"FFt":145,"FFtD":-17.14,"FPz":29,"FPzD":-17.14,"FQt":1.54,"FPr":5,"MRF":46,"MRP":40,"CRF":56,"CRP":50}
,{"DP":"SOLVONGRIP 10 SOBRES POLVO","DD":"BOEHRINGER INGELHEIM, S.A.","FRF":16,"FRP":18,"FFt":251.72,"FFtD":5.09,"FPz":28,"FPzD":3.7,"FQt":1.49,"FPr":8.99,"MRF":8,"MRP":9,"CRF":9,"CRP":12}
,{"DP":"CAFIASPIRINA 50050 MG 20 COMPRIMIDOS","DD":"BAYER HISPANIA S.L.","FRF":20,"FRP":19,"FFt":157.95,"FFtD":-44.97,"FPz":27,"FPzD":-46,"FQt":1.44,"FPr":5.85,"MRF":38,"MRP":37,"CRF":35,"CRP":33}
,{"DP":"ASPIRINA COMPLEX 10 SOBRES","DD":"BAYER HISPANIA S.L.","FRF":19,"FRP":20,"FFt":184.51,"FFtD":18.12,"FPz":23,"FPzD":15,"FQt":1.22,"FPr":8.02,"MRF":43,"MRP":49,"CRF":53,"CRP":60}
,{"DP":"ACTRON COMPUESTO 20 COMPRIMIDOS EFERVESCENTES","DD":"BAYER HISPANIA S.L.","FRF":18,"FRP":21,"FFt":217.64,"FFtD":-30.17,"FPz":22,"FPzD":-31.25,"FQt":1.17,"FPr":9.89,"MRF":3,"MRP":6,"CRF":3,"CRP":5}
,{"DP":"DOLALGIAL 125 MG 20 COMPRIMIDOS RECUBIERTOS","DD":"SANOFI AVENTIS S.A.","FRF":30,"FRP":22,"FFt":61.67,"FFtD":20.64,"FPz":18,"FPzD":0,"FQt":0.96,"FPr":3.43,"MRF":29,"MRP":19,"CRF":20,"CRP":8}
,{"DP":"GELOCATIL 500 MG 12 SOBRES GRANULADO","DD":"FERRER INTERNACIONAL","FRF":29,"FRP":23,"FFt":64.43,"FFtD":118.55,"FPz":17,"FPzD":112.5,"FQt":0.9,"FPr":3.79,"MRF":56,"MRP":42,"CRF":59,"CRP":43}
,{"DP":"COULDINA INSTANT 20 SOBRES EFERVESCENTES","DD":"ALTER FARMACIA","FRF":22,"FRP":24,"FFt":132.97,"FFtD":-12.92,"FPz":13,"FPzD":-23.53,"FQt":0.69,"FPr":10.23,"MRF":31,"MRP":43,"CRF":37,"CRP":46}
,{"DP":"FRENADOL 10 COMPRIMIDOS EFERVESCENTES","DD":"JOHNSON & JOHNSON","FRF":23,"FRP":25,"FFt":108.95,"FFtD":33.11,"FPz":11,"FPzD":22.22,"FQt":0.59,"FPr":9.9,"MRF":45,"MRP":57,"CRF":48,"CRP":61}]
,"datiDettRefM":[
{"DP":"FRENADOL COMPLEX 10 SOBRES","DD":"JOHNSON & JOHNSON","FRF":5,"FRP":6,"MRF":1,"MRP":1,"MFt":3355.5,"MFtD":1.93,"MPz":341.335135135135,"MPzD":-7.07,"MQt":14.68,"MPr":9.83}
,{"DP":"FRENADOL DESCONGESTIVO 16 CAPSULAS","DD":"JOHNSON & JOHNSON","FRF":7,"FRP":10,"MRF":2,"MRP":3,"MFt":1435.29,"MFtD":10.47,"MPz":146.054054054054,"MPzD":0.79,"MQt":6.28,"MPr":9.83}
,{"DP":"GELOCATIL 1 G 10 COMPRIMIDOS","DD":"FERRER INTERNACIONAL","FRF":4,"FRP":1,"MRF":4,"MRP":2,"MFt":651.42,"MFtD":70.86,"MPz":173.459459459459,"MPzD":39.55,"MQt":7.46,"MPr":3.76}
,{"DP":"ASPIRINA 500 MG 20 COMPRIMIDOS","DD":"BAYER HISPANIA S.L.","FRF":9,"FRP":7,"MRF":7,"MRP":4,"MFt":591.53,"MFtD":-0.57,"MPz":116.308108108108,"MPzD":-2.54,"MQt":5,"MPr":5.09}
,{"DP":"ACTRON COMPUESTO 20 COMPRIMIDOS EFERVESCENTES","DD":"BAYER HISPANIA S.L.","FRF":18,"FRP":21,"MRF":3,"MRP":6,"MFt":658.25,"MFtD":2.37,"MPz":66.6324324324324,"MPzD":0.65,"MQt":2.87,"MPr":9.88}
,{"DP":"PHARMAGRIP 10 SOBRES","DD":"CINFA","FRF":92,"FRP":92,"MRF":10,"MRP":11,"MFt":501.16,"MFtD":13,"MPz":57.3891891891892,"MPzD":4.63,"MQt":2.47,"MPr":8.73}
,{"DP":"GELOCATIL 650 MG 12 COMPRIMIDOS (TIRAS)","DD":"FERRER INTERNACIONAL","FRF":12,"FRP":4,"MRF":16,"MRP":5,"MFt":319.29,"MFtD":49.23,"MPz":92.7945945945946,"MPzD":26.17,"MQt":3.99,"MPr":3.44}
,{"DP":"DOLALGIAL 125 MG 20 COMPRIMIDOS RECUBIERTOS","DD":"SANOFI AVENTIS S.A.","FRF":30,"FRP":22,"MRF":29,"MRP":19,"MFt":136.93,"MFtD":12.94,"MPz":41.8,"MPzD":-1.79,"MQt":1.8,"MPr":3.28}
,{"DP":"COULDINA 20 COMPRIMIDOS EFERVESCENTES","DD":"ALTER FARMACIA","FRF":8,"FRP":11,"MRF":6,"MRP":10,"MFt":639.34,"MFtD":-4.09,"MPz":63.3513513513514,"MPzD":-8.47,"MQt":2.72,"MPr":10.09}
,{"DP":"FRENADOL FORTE 10 SOBRES","DD":"JOHNSON & JOHNSON","FRF":13,"FRP":15,"MRF":5,"MRP":7,"MFt":642.76,"MFtD":19.99,"MPz":65.3891891891892,"MPzD":9.87,"MQt":2.81,"MPr":9.83}
,{"DP":"INFLUVIS JARABE 120 G","DD":"PLANTA MEDICA Srl","FRF":1,"FRP":2,"MRF":15,"MRP":23,"MFt":350.62,"MFtD":-21.24,"MPz":29.1945945945946,"MPzD":-22.28,"MQt":1.26,"MPr":12.01}
,{"DP":"SOLVONGRIP 10 SOBRES POLVO","DD":"BOEHRINGER INGELHEIM, S.A.","FRF":16,"FRP":18,"MRF":8,"MRP":9,"MFt":571.88,"MFtD":3.4,"MPz":63.6864864864865,"MPzD":1.96,"MQt":2.74,"MPr":8.98}
,{"DP":"TERMALGIN GRIPE 650410 MG 10 SOBRES GRANULADO SOLUCION ORAL","DD":"GLAXO SMITHKLINE","FRF":32,"FRP":35,"MRF":14,"MRP":15,"MFt":423.27,"MFtD":34.42,"MPz":49.2324324324324,"MPzD":24.51,"MQt":2.12,"MPr":8.6}
,{"DP":"ILVICO 20 COMPRIMIDOS","DD":"MERCK S L","FRF":14,"FRP":16,"MRF":12,"MRP":16,"MFt":445.48,"MFtD":15.85,"MPz":48.8648648648649,"MPzD":13.28,"MQt":2.1,"MPr":9.12}
,{"DP":"TERMALGIN 500 MG 20 COMPRIMIDOS","DD":"NOVARTIS","FRF":97,"FRP":97,"MRF":26,"MRP":18,"MFt":154.88,"MFtD":9.54,"MPz":44.4486486486486,"MPzD":5.57,"MQt":1.91,"MPr":3.48}
,{"DP":"GELOCATIL GRIPE FENILEFRINA 10 SOBRES","DD":"NOVAG","FRF":6,"FRP":5,"MRF":11,"MRP":13,"MFt":465.45,"MFtD":56.28,"MPz":50.8918918918919,"MPzD":33.68,"MQt":2.19,"MPr":9.15}
,{"DP":"GELOCATIL 1 G 10 SOBRES SOLUCION ORAL","DD":"FERRER INTERNACIONAL","FRF":10,"FRP":8,"MRF":19,"MRP":17,"MFt":250.11,"MFtD":21.04,"MPz":47.9081081081081,"MPzD":15.69,"MQt":2.06,"MPr":5.22}
,{"DP":"APIRETAL 100 MGML SOLUCION ORAL 90 ML","DD":"ERN","FRF":17,"FRP":12,"MRF":17,"MRP":12,"MFt":302.15,"MFtD":9.14,"MPz":55.3243243243243,"MPzD":4.48,"MQt":2.38,"MPr":5.46}
,{"DP":"FEBRECTAL LACTANTES 150 MG 6 SUPOSITORIOS","DD":"ROMOFARM","FRF":49,"FRP":31,"MRF":67,"MRP":20,"MFt":30.46,"MFtD":13.44,"MPz":35.827027027027,"MPzD":6.68,"MQt":1.54,"MPr":0.85}
,{"DP":"PROPALGINA PLUS 10 SOBRES","DD":"BAYER HISPANIA S.L.","FRF":25,"FRP":26,"MRF":9,"MRP":8,"MFt":547.08,"MFtD":-0.22,"MPz":64.2972972972973,"MPzD":-9.06,"MQt":2.76,"MPr":8.51}
,{"DP":"DESENFRIOL C 10 SOBRES","DD":"BAYER HISPANIA S.L.","FRF":27,"FRP":28,"MRF":18,"MRP":21,"MFt":274.32,"MFtD":1.06,"MPz":34.3135135135135,"MPzD":-1.79,"MQt":1.48,"MPr":7.99}
,{"DP":"FLUIMUCIL COMPLEX 500200 MG 12 COMPRIMIDOS EFERVESCENTES","DD":"ZAMBON","FRF":37,"FRP":39,"MRF":13,"MRP":14,"MFt":445.16,"MFtD":7.2,"MPz":49.9891891891892,"MPzD":-3.3,"MQt":2.15,"MPr":8.91}
,{"DP":"DOLOSTOP 1 G 10 COMPRIMIDOS","DD":"KERN PHARMA","FRF":70,"FRP":70,"MRF":34,"MRP":22,"MFt":85.83,"MFtD":496.48,"MPz":30.3189189189189,"MPzD":426.67,"MQt":1.3,"MPr":2.83}
,{"DP":"GELOCATIL GRIPE PSEUDOEFEDRINA 20 COMPRIMIDOS","DD":"NOVAG","FRF":15,"FRP":14,"MRF":20,"MRP":25,"MFt":249.69,"MFtD":5.77,"MPz":28.1081081081081,"MPzD":-10.58,"MQt":1.21,"MPr":8.88}
,{"DP":"ANTIDOL 500 MG 20 COMPRIMIDOS RECUBIERTOS","DD":"CINFA","FRF":55,"FRP":55,"MRF":30,"MRP":24,"MFt":110.56,"MFtD":51.54,"MPz":28.3621621621622,"MPzD":47.97,"MQt":1.22,"MPr":3.9}]
,"datiDettRefC":[
{"DP":"FRENADOL COMPLEX 10 SOBRES","DD":"JOHNSON & JOHNSON","FRF":5,"FRP":6,"CRF":1,"CRP":1,"CFt":1874.2,"CFtD":2.34,"CPz":191.236363636364,"CPzD":-6.24,"CQt":15.52,"CPr":9.8}
,{"DP":"FRENADOL DESCONGESTIVO 16 CAPSULAS","DD":"JOHNSON & JOHNSON","FRF":7,"FRP":10,"CRF":2,"CRP":2,"CFt":720.53,"CFtD":7.73,"CPz":73.6727272727273,"CPzD":-1,"CQt":5.98,"CPr":9.78}
,{"DP":"GELOCATIL 1 G 10 COMPRIMIDOS","DD":"FERRER INTERNACIONAL","FRF":4,"FRP":1,"CRF":12,"CRP":3,"CFt":250.68,"CFtD":53.51,"CPz":67.1454545454545,"CPzD":26.86,"CQt":5.45,"CPr":3.73}
,{"DP":"ASPIRINA 500 MG 20 COMPRIMIDOS","DD":"BAYER HISPANIA S.L.","FRF":9,"FRP":7,"CRF":8,"CRP":4,"CFt":298.5,"CFtD":-3.27,"CPz":58.8181818181818,"CPzD":-4.88,"CQt":4.77,"CPr":5.07}
,{"DP":"ACTRON COMPUESTO 20 COMPRIMIDOS EFERVESCENTES","DD":"BAYER HISPANIA S.L.","FRF":18,"FRP":21,"CRF":3,"CRP":5,"CFt":484.49,"CFtD":3.15,"CPz":49.0545454545455,"CPzD":1.58,"CQt":3.98,"CPr":9.88}
,{"DP":"PHARMAGRIP 10 SOBRES","DD":"CINFA","FRF":92,"FRP":92,"CRF":4,"CRP":6,"CFt":416.16,"CFtD":-6.25,"CPz":47.7090909090909,"CPzD":-12.71,"CQt":3.87,"CPr":8.72}
,{"DP":"GELOCATIL 650 MG 12 COMPRIMIDOS (TIRAS)","DD":"FERRER INTERNACIONAL","FRF":12,"FRP":4,"CRF":18,"CRP":7,"CFt":133.61,"CFtD":43.8,"CPz":38.9636363636364,"CPzD":22.11,"CQt":3.16,"CPr":3.43}
,{"DP":"DOLALGIAL 125 MG 20 COMPRIMIDOS RECUBIERTOS","DD":"SANOFI AVENTIS S.A.","FRF":30,"FRP":22,"CRF":20,"CRP":8,"CFt":122.43,"CFtD":3.04,"CPz":38.5090909090909,"CPzD":-7.43,"CQt":3.12,"CPr":3.18}
,{"DP":"COULDINA 20 COMPRIMIDOS EFERVESCENTES","DD":"ALTER FARMACIA","FRF":8,"FRP":11,"CRF":6,"CRP":9,"CFt":349.35,"CFtD":-0.79,"CPz":34.7636363636364,"CPzD":-4.92,"CQt":2.82,"CPr":10.05}
,{"DP":"FRENADOL FORTE 10 SOBRES","DD":"JOHNSON & JOHNSON","FRF":13,"FRP":15,"CRF":7,"CRP":10,"CFt":321.35,"CFtD":36.49,"CPz":32.9818181818182,"CPzD":26.15,"CQt":2.68,"CPr":9.74}
,{"DP":"INFLUVIS JARABE 120 G","DD":"PLANTA MEDICA Srl","FRF":1,"FRP":2,"CRF":5,"CRP":11,"CFt":393.98,"CFtD":-7.61,"CPz":32.6,"CPzD":-10.22,"CQt":2.65,"CPr":12.09}
,{"DP":"SOLVONGRIP 10 SOBRES POLVO","DD":"BOEHRINGER INGELHEIM, S.A.","FRF":16,"FRP":18,"CRF":9,"CRP":12,"CFt":283.65,"CFtD":18.06,"CPz":31.6,"CPzD":16.49,"CQt":2.56,"CPr":8.98}
,{"DP":"TERMALGIN GRIPE 650410 MG 10 SOBRES GRANULADO SOLUCION ORAL","DD":"GLAXO SMITHKLINE","FRF":32,"FRP":35,"CRF":11,"CRP":13,"CFt":267.72,"CFtD":51.5,"CPz":31.0909090909091,"CPzD":40.39,"CQt":2.52,"CPr":8.61}
,{"DP":"ILVICO 20 COMPRIMIDOS","DD":"MERCK S L","FRF":14,"FRP":16,"CRF":10,"CRP":14,"CFt":275.1,"CFtD":14.8,"CPz":30.1090909090909,"CPzD":12.35,"CQt":2.44,"CPr":9.14}
,{"DP":"TERMALGIN 500 MG 20 COMPRIMIDOS","DD":"NOVARTIS","FRF":97,"FRP":97,"CRF":25,"CRP":15,"CFt":95.05,"CFtD":7.55,"CPz":27.3090909090909,"CPzD":4.09,"CQt":2.22,"CPr":3.48}
,{"DP":"GELOCATIL GRIPE FENILEFRINA 10 SOBRES","DD":"NOVAG","FRF":6,"FRP":5,"CRF":13,"CRP":16,"CFt":215.39,"CFtD":42.27,"CPz":23.7818181818182,"CPzD":21.9,"CQt":1.93,"CPr":9.06}
,{"DP":"GELOCATIL 1 G 10 SOBRES SOLUCION ORAL","DD":"FERRER INTERNACIONAL","FRF":10,"FRP":8,"CRF":22,"CRP":17,"CFt":114.54,"CFtD":38.99,"CPz":21.9454545454545,"CPzD":33.22,"CQt":1.78,"CPr":5.22}
,{"DP":"APIRETAL 100 MGML SOLUCION ORAL 90 ML","DD":"ERN","FRF":17,"FRP":12,"CRF":23,"CRP":18,"CFt":113.42,"CFtD":2.29,"CPz":20.7818181818182,"CPzD":-1.8,"CQt":1.69,"CPr":5.46}
,{"DP":"FEBRECTAL LACTANTES 150 MG 6 SUPOSITORIOS","DD":"ROMOFARM","FRF":49,"FRP":31,"CRF":62,"CRP":19,"CFt":16.33,"CFtD":15.79,"CPz":19.4727272727273,"CPzD":10.41,"CQt":1.58,"CPr":0.84}
,{"DP":"PROPALGINA PLUS 10 SOBRES","DD":"BAYER HISPANIA S.L.","FRF":25,"FRP":26,"CRF":14,"CRP":20,"CFt":162.01,"CFtD":-23.36,"CPz":18.9818181818182,"CPzD":-30.07,"CQt":1.54,"CPr":8.54}
,{"DP":"PHARMAGRIP 14 CAPSULAS","DD":"CINFA","FRF":46,"FRP":49,"CRF":17,"CRP":21,"CFt":136.5,"CFtD":24.56,"CPz":16.5090909090909,"CPzD":15.52,"CQt":1.34,"CPr":8.27}
,{"DP":"DESENFRIOL C 10 SOBRES","DD":"BAYER HISPANIA S.L.","FRF":27,"FRP":28,"CRF":19,"CRP":22,"CFt":129.93,"CFtD":-1.3,"CPz":16.2363636363636,"CPzD":-4.18,"CQt":1.32,"CPr":8}
,{"DP":"FLUIMUCIL COMPLEX 500200 MG 12 COMPRIMIDOS EFERVESCENTES","DD":"ZAMBON","FRF":37,"FRP":39,"CRF":16,"CRP":23,"CFt":138.19,"CFtD":-9.6,"CPz":15.4909090909091,"CPzD":-18.23,"CQt":1.26,"CPr":8.92}
,{"DP":"DOLOSTOP 1 G 10 COMPRIMIDOS","DD":"KERN PHARMA","FRF":70,"FRP":70,"CRF":36,"CRP":24,"CFt":43.51,"CFtD":529.8,"CPz":15.1818181818182,"CPzD":449.34,"CQt":1.23,"CPr":2.87}
,{"DP":"EFFERALGAN 500 MG 24 CAPSULAS","DD":"BRISTOL MYERS SQUIBB","FRF":38,"FRP":29,"CRF":47,"CRP":25,"CFt":28.27,"CFtD":6.34,"CPz":13.9090909090909,"CPzD":6.25,"CQt":1.13,"CPr":2.03}]