{"datiDettRefF":[
{"DP":"REDOXON DOBLE ACCION COMP EFERVESCENTES 30 COMP NARANJA","DD":"BAYER HISPANIA S.L.","FRF":2,"FRP":1,"FFt":1612.48,"FFtD":20.01,"FPz":115,"FPzD":25,"FQt":30.59,"FPr":14.02,"MRF":3,"MRP":2,"CRF":5,"CRP":4}
,{"DP":"IMMUNOMIX PLUS 50 CAPSULAS","DD":"ABOCA SpA SOCIETA' AGRICOLA","FRF":1,"FRP":2,"FFt":1655.63,"FFtD":0.6,"FPz":89,"FPzD":-4.3,"FQt":23.67,"FPr":18.6,"MRF":1,"MRP":1,"CRF":1,"CRP":1}
,{"DP":"OLEOCAPS 4 30 CAPS","DD":"PRANAROM","FRF":7,"FRP":3,"FFt":284.8,"FFtD":-58.22,"FPz":28,"FPzD":-58.82,"FQt":7.45,"FPr":10.17,"MRF":20,"MRP":12,"CRF":12,"CRP":9}
,{"DP":"IMMUNOMIX PLUS JARABE 210 ML","DD":"ABOCA SpA SOCIETA' AGRICOLA","FRF":6,"FRP":4,"FFt":359.24,"FFtD":-9.12,"FPz":22,"FPzD":-8.33,"FQt":5.85,"FPr":16.33,"MRF":6,"MRP":5,"CRF":3,"CRP":3}
,{"DP":"OSCILLOCOCCINUM 30 DOSIS","DD":"BOIRON","FRF":3,"FRP":5,"FFt":513.6,"FFtD":-51.07,"FPz":17,"FPzD":-51.43,"FQt":4.52,"FPr":30.21,"MRF":2,"MRP":3,"CRF":7,"CRP":6}
,{"DP":"IMMUNOVIS POLIDEFENSE 20 SOBRES","DD":"PLANTA MEDICA Srl","FRF":8,"FRP":6,"FFt":270.03,"FFtD":-60.47,"FPz":17,"FPzD":-60.47,"FQt":4.52,"FPr":15.88,"MRF":7,"MRP":6,"CRF":2,"CRP":2}
,{"DP":"REDOXON INMUNO 4 GRANULADO 14 SOBRES","DD":"BAYER HISPANIA S.L.","FRF":10,"FRP":7,"FFt":174,"FFtD":300,"FPz":12,"FPzD":300,"FQt":3.19,"FPr":14.5,"MRF":16,"MRP":13,"CRF":19,"CRP":20}
,{"DP":"INMUNOFERON CAPSULAS 90 CAPS","DD":"CANTABRIA LABS","FRF":4,"FRP":8,"FFt":439.1,"FFtD":7.21,"FPz":11,"FPzD":10,"FQt":2.93,"FPr":39.92,"MRF":5,"MRP":9,"CRF":6,"CRP":8}
,{"DP":"HUPAVIR 20 SOBRES","DD":"NTD LABS","FRF":5,"FRP":9,"FFt":379.5,"FFtD":490.66,"FPz":10,"FPzD":400,"FQt":2.66,"FPr":37.95,"MRF":11,"MRP":24,"CRF":11,"CRP":24}
,{"DP":"IMUNOGLUKAN 120 ML","DD":"ORDESA","FRF":9,"FRP":10,"FFt":235,"FFtD":0.71,"FPz":10,"FPzD":0,"FQt":2.66,"FPr":23.5,"MRF":4,"MRP":4,"CRF":4,"CRP":5}
,{"DP":"FITOCONCENTRADO EQUINACEA ABOCA 500 MG 50 CAPS","DD":"ABOCA SpA SOCIETA' AGRICOLA","FRF":11,"FRP":11,"FFt":100.2,"FFtD":22.2,"FPz":6,"FPzD":20,"FQt":1.6,"FPr":16.7,"MRF":22,"MRP":21,"CRF":16,"CRP":14}
,{"DP":"JELLY KIDS PREVENT 250 ML","DD":"ELADIET","FRF":12,"FRP":12,"FFt":85.9,"FFtD":515.77,"FPz":6,"FPzD":500,"FQt":1.6,"FPr":14.32,"MRF":47,"MRP":48,"CRF":55,"CRP":55}
,{"DP":"REDOXITOS 25 PERLAS BLANDAS","DD":"BAYER HISPANIA S.L.","FRF":29,"FRP":13,"FFt":14.85,"FFtD":-39.76,"FPz":4,"FPzD":-20,"FQt":1.06,"FPr":3.71,"MRF":38,"MRP":16,"CRF":45,"CRP":34}
,{"DP":"VICHY D´OR - REPARA D´OR 6 BOTELLAS 200 ML","DD":"VICHY CATALAN","FRF":14,"FRP":14,"FFt":55.5,"FFtD":null,"FPz":3,"FPzD":null,"FQt":0.8,"FPr":18.5,"MRF":59,"MRP":59,"CRF":59,"CRP":59}
,{"DP":"OSCILLOCOCCINUM 6 MONODOSIS","DD":"BOIRON","FRF":16,"FRP":15,"FFt":41.4,"FFtD":-66.67,"FPz":3,"FPzD":-66.67,"FQt":0.8,"FPr":13.8,"MRF":13,"MRP":11,"CRF":10,"CRP":7}
,{"DP":"INMUNOFERON JUNIOR JARABE 150 ML","DD":"CANTABRIA LABS","FRF":13,"FRP":16,"FFt":64.7,"FFtD":null,"FPz":2,"FPzD":null,"FQt":0.53,"FPr":32.35,"MRF":12,"MRP":19,"CRF":9,"CRP":13}
,{"DP":"INMUNOFERON SOBRES 45 SOBRES","DD":"CANTABRIA LABS","FRF":15,"FRP":17,"FFt":55,"FFtD":-74.72,"FPz":2,"FPzD":-75,"FQt":0.53,"FPr":27.5,"MRF":23,"MRP":34,"CRF":24,"CRP":31}
,{"DP":"APISERUM DEFENSAS VIAL BEBIBLE 18 VIALES","DD":"PERRIGO ESPAÑA S.A.","FRF":17,"FRP":18,"FFt":39.9,"FFtD":null,"FPz":2,"FPzD":null,"FQt":0.53,"FPr":19.95,"MRF":51,"MRP":51,"CRF":48,"CRP":50}
,{"DP":"ZINC ARKOVITAL 50 CAPS","DD":"ARKOPHARMA","FRF":24,"FRP":19,"FFt":19.9,"FFtD":5.85,"FPz":2,"FPzD":0,"FQt":0.53,"FPr":9.95,"MRF":43,"MRP":45,"CRF":36,"CRP":32}
,{"DP":"SOLARAY VIT C 1000MG RETARD 10","DD":"SOLARAY","FRF":18,"FRP":20,"FFt":28.95,"FFtD":null,"FPz":1,"FPzD":null,"FQt":0.27,"FPr":28.95,"MRF":28,"MRP":33,"CRF":47,"CRP":48}
,{"DP":"IMUNOGLUKAN 30 CAPS","DD":"ORDESA","FRF":19,"FRP":21,"FFt":25.95,"FFtD":-49.61,"FPz":1,"FPzD":-50,"FQt":0.27,"FPr":25.95,"MRF":19,"MRP":25,"CRF":13,"CRP":15}
,{"DP":"INMUNAPI CAPSULAS BLANDAS 60 CAPS","DD":"ATACHE COSM","FRF":20,"FRP":22,"FFt":25.5,"FFtD":null,"FPz":1,"FPzD":null,"FQt":0.27,"FPr":25.5,"MRF":52,"MRP":54,"CRF":39,"CRP":45}
,{"DP":"EUPRONAP DEFENSIUM SOLUCION ORAL 50 ML","DD":"HELIOSAR SPAGYRICA","FRF":21,"FRP":23,"FFt":24.95,"FFtD":null,"FPz":1,"FPzD":null,"FQt":0.27,"FPr":24.95,"MRF":50,"MRP":53,"CRF":37,"CRP":41}
,{"DP":"INMUNOFERON CAPSULAS 45 CAPS","DD":"CANTABRIA LABS","FRF":22,"FRP":24,"FFt":24.55,"FFtD":null,"FPz":1,"FPzD":null,"FQt":0.27,"FPr":24.55,"MRF":15,"MRP":15,"CRF":8,"CRP":10}
,{"DP":"EUPHORLEN CONECTIUM SOLUCION ORAL 50 ML","DD":"HELIOSAR SPAGYRICA","FRF":23,"FRP":25,"FFt":21.75,"FFtD":null,"FPz":1,"FPzD":null,"FQt":0.27,"FPr":21.75,"MRF":57,"MRP":57,"CRF":50,"CRP":51}]
,"datiDettRefM":[
{"DP":"IMMUNOMIX PLUS 50 CAPSULAS","DD":"ABOCA SpA SOCIETA' AGRICOLA","FRF":1,"FRP":2,"MRF":1,"MRP":1,"MFt":421.25,"MFtD":1.08,"MPz":23.7081081081081,"MPzD":0.32,"MQt":9.96,"MPr":17.77}
,{"DP":"IMMUNOVIS POLIDEFENSE 20 SOBRES","DD":"PLANTA MEDICA Srl","FRF":8,"FRP":6,"MRF":7,"MRP":6,"MFt":151.14,"MFtD":-9.5,"MPz":9.72432432432432,"MPzD":-10.94,"MQt":4.09,"MPr":15.54}
,{"DP":"IMMUNOMIX PLUS JARABE 210 ML","DD":"ABOCA SpA SOCIETA' AGRICOLA","FRF":6,"FRP":4,"MRF":6,"MRP":5,"MFt":175.75,"MFtD":-4.98,"MPz":10.9135135135135,"MPzD":-6.18,"MQt":4.58,"MPr":16.1}
,{"DP":"REDOXON DOBLE ACCION COMP EFERVESCENTES 30 COMP NARANJA","DD":"BAYER HISPANIA S.L.","FRF":2,"FRP":1,"MRF":3,"MRP":2,"MFt":302.7,"MFtD":0.29,"MPz":20.9675675675676,"MPzD":-2.32,"MQt":8.81,"MPr":14.44}
,{"DP":"IMUNOGLUKAN 120 ML","DD":"ORDESA","FRF":9,"FRP":10,"MRF":4,"MRP":4,"MFt":243.96,"MFtD":-8.57,"MPz":12.0108108108108,"MPzD":-10.4,"MQt":5.05,"MPr":20.31}
,{"DP":"OSCILLOCOCCINUM 30 DOSIS","DD":"BOIRON","FRF":3,"FRP":5,"MRF":2,"MRP":3,"MFt":370.95,"MFtD":-14.15,"MPz":12.7405405405405,"MPzD":-14.13,"MQt":5.35,"MPr":29.12}
,{"DP":"OSCILLOCOCCINUM 6 MONODOSIS","DD":"BOIRON","FRF":16,"FRP":15,"MRF":13,"MRP":11,"MFt":77.53,"MFtD":-27.65,"MPz":5.66486486486486,"MPzD":-27.07,"MQt":2.38,"MPr":13.69}
,{"DP":"INMUNOFERON CAPSULAS 90 CAPS","DD":"CANTABRIA LABS","FRF":4,"FRP":8,"MRF":5,"MRP":9,"MFt":212.44,"MFtD":4.38,"MPz":5.84864864864865,"MPzD":3.05,"MQt":2.46,"MPr":36.32}
,{"DP":"OLEOCAPS 4 30 CAPS","DD":"PRANAROM","FRF":7,"FRP":3,"MRF":20,"MRP":12,"MFt":45.68,"MFtD":23.76,"MPz":4.18378378378378,"MPzD":16.57,"MQt":1.76,"MPr":10.92}
,{"DP":"INMUNOFERON CAPSULAS 45 CAPS","DD":"CANTABRIA LABS","FRF":22,"FRP":24,"MRF":15,"MRP":15,"MFt":75.32,"MFtD":-13,"MPz":3.29189189189189,"MPzD":-13.74,"MQt":1.38,"MPr":22.88}
,{"DP":"REDOXON DOBLE ACCION COMP EFERVESCENTES 15 COMP NARANJA","DD":"BAYER HISPANIA S.L.","FRF":51,"FRP":51,"MRF":14,"MRP":7,"MFt":76.92,"MFtD":3.92,"MPz":8.35135135135135,"MPzD":4.25,"MQt":3.51,"MPr":9.21}
,{"DP":"CEBION 1000 COMPRIMIDOS EFERVESCENTES 20 COMPRIMIDOS","DD":"MERCK S L","FRF":37,"FRP":37,"MRF":32,"MRP":23,"MFt":22.15,"MFtD":-5.81,"MPz":2.70810810810811,"MPzD":-4.02,"MQt":1.14,"MPr":8.18}
,{"DP":"INMUNOFERON JUNIOR JARABE 150 ML","DD":"CANTABRIA LABS","FRF":13,"FRP":16,"MRF":12,"MRP":19,"MFt":84.48,"MFtD":408.18,"MPz":2.94594594594595,"MPzD":404.63,"MQt":1.24,"MPr":28.68}
,{"DP":"FITOCONCENTRADO EQUINACEA ABOCA 500 MG 50 CAPS","DD":"ABOCA SpA SOCIETA' AGRICOLA","FRF":11,"FRP":11,"MRF":22,"MRP":21,"MFt":44.09,"MFtD":-18.68,"MPz":2.75135135135135,"MPzD":-19.46,"MQt":1.16,"MPr":16.02}
,{"DP":"IMUNOGLUKAN 30 CAPS","DD":"ORDESA","FRF":19,"FRP":21,"MRF":19,"MRP":25,"MFt":51.76,"MFtD":5.93,"MPz":2.42702702702703,"MPzD":3.7,"MQt":1.02,"MPr":21.33}
,{"DP":"VITAMIN C 30 COMP","DD":"VITAE N NUTRITION","FRF":57,"FRP":57,"MRF":29,"MRP":20,"MFt":25,"MFtD":-10.67,"MPz":2.80540540540541,"MPzD":-11.28,"MQt":1.18,"MPr":8.91}
,{"DP":"GSE BIOTIC FORTE COMP 24 COMP","DD":"PRODECO PHARMA IBERICA","FRF":40,"FRP":40,"MRF":8,"MRP":8,"MFt":105.27,"MFtD":7.04,"MPz":8.32432432432432,"MPzD":2.26,"MQt":3.5,"MPr":12.65}
,{"DP":"PROPOLEOS VARIOS","DD":"","FRF":34,"FRP":34,"MRF":25,"MRP":22,"MFt":35.92,"MFtD":-60.96,"MPz":2.71351351351351,"MPzD":-54.73,"MQt":1.14,"MPr":13.24}
,{"DP":"REDOXON INMUNO 4 GRANULADO 14 SOBRES","DD":"BAYER HISPANIA S.L.","FRF":10,"FRP":7,"MRF":16,"MRP":13,"MFt":57.69,"MFtD":-9.34,"MPz":3.78918918918919,"MPzD":-12.92,"MQt":1.59,"MPr":15.22}
,{"DP":"GSE EFFERBIOTIC RAPID COMP EFERVESCENTES 20 COMP","DD":"PRODECO PHARMA IBERICA","FRF":41,"FRP":41,"MRF":9,"MRP":10,"MFt":87.84,"MFtD":124.66,"MPz":5.77297297297297,"MPzD":122.96,"MQt":2.43,"MPr":15.22}
,{"DP":"HUPAVIR 20 SOBRES","DD":"NTD LABS","FRF":5,"FRP":9,"MRF":11,"MRP":24,"MFt":85.16,"MFtD":65.17,"MPz":2.46486486486487,"MPzD":62.28,"MQt":1.04,"MPr":34.55}
,{"DP":"REDOXON VITAMINA C 1000 MG COM","DD":"","FRF":52,"FRP":52,"MRF":21,"MRP":17,"MFt":44.62,"MFtD":28.91,"MPz":3.12432432432432,"MPzD":28.73,"MQt":1.31,"MPr":14.28}
,{"DP":"REDOXITOS 25 PERLAS BLANDAS","DD":"BAYER HISPANIA S.L.","FRF":29,"FRP":13,"MRF":38,"MRP":16,"MFt":16.62,"MFtD":-16.73,"MPz":3.27027027027027,"MPzD":-14.91,"MQt":1.37,"MPr":5.08}
,{"DP":"PRANAROM AROMAFORCE DEFENSAS N","DD":"PRANAROM","FRF":48,"FRP":48,"MRF":26,"MRP":14,"MFt":31.6,"MFtD":4.88,"MPz":3.64864864864865,"MPzD":5.47,"MQt":1.53,"MPr":8.66}
,{"DP":"BLACK BEE PHARMACY JALEA IMNUNO + 20 VIALES 10 ML","DD":"NUTRITION & SANTE","FRF":36,"FRP":36,"MRF":18,"MRP":18,"MFt":51.89,"MFtD":36893.03,"MPz":3.03243243243243,"MPzD":27950,"MQt":1.27,"MPr":17.11}]
,"datiDettRefC":[
{"DP":"IMMUNOMIX PLUS 50 CAPSULAS","DD":"ABOCA SpA SOCIETA' AGRICOLA","FRF":1,"FRP":2,"CRF":1,"CRP":1,"CFt":308.26,"CFtD":2.73,"CPz":17.3272727272727,"CPzD":3.81,"CQt":16.06,"CPr":17.79}
,{"DP":"IMMUNOVIS POLIDEFENSE 20 SOBRES","DD":"PLANTA MEDICA Srl","FRF":8,"FRP":6,"CRF":2,"CRP":2,"CFt":168.14,"CFtD":-12.19,"CPz":10.7272727272727,"CPzD":-13.87,"CQt":9.94,"CPr":15.67}
,{"DP":"IMMUNOMIX PLUS JARABE 210 ML","DD":"ABOCA SpA SOCIETA' AGRICOLA","FRF":6,"FRP":4,"CRF":3,"CRP":3,"CFt":146.63,"CFtD":-5.42,"CPz":9.21818181818182,"CPzD":-5.94,"CQt":8.54,"CPr":15.91}
,{"DP":"REDOXON DOBLE ACCION COMP EFERVESCENTES 30 COMP NARANJA","DD":"BAYER HISPANIA S.L.","FRF":2,"FRP":1,"CRF":5,"CRP":4,"CFt":115,"CFtD":-7.94,"CPz":7.8,"CPzD":-8.53,"CQt":7.23,"CPr":14.74}
,{"DP":"IMUNOGLUKAN 120 ML","DD":"ORDESA","FRF":9,"FRP":10,"CRF":4,"CRP":5,"CFt":131.11,"CFtD":-0.62,"CPz":6.05454545454545,"CPzD":-2.92,"CQt":5.61,"CPr":21.66}
,{"DP":"OSCILLOCOCCINUM 30 DOSIS","DD":"BOIRON","FRF":3,"FRP":5,"CRF":7,"CRP":6,"CFt":106.65,"CFtD":-22.79,"CPz":3.61818181818182,"CPzD":-23.17,"CQt":3.35,"CPr":29.48}
,{"DP":"OSCILLOCOCCINUM 6 MONODOSIS","DD":"BOIRON","FRF":16,"FRP":15,"CRF":10,"CRP":7,"CFt":39.46,"CFtD":-12.53,"CPz":3.14545454545455,"CPzD":-12.63,"CQt":2.91,"CPr":12.55}
,{"DP":"INMUNOFERON CAPSULAS 90 CAPS","DD":"CANTABRIA LABS","FRF":4,"FRP":8,"CRF":6,"CRP":8,"CFt":114.44,"CFtD":2.15,"CPz":3.12727272727273,"CPzD":1.18,"CQt":2.9,"CPr":36.59}
,{"DP":"OLEOCAPS 4 30 CAPS","DD":"PRANAROM","FRF":7,"FRP":3,"CRF":12,"CRP":9,"CFt":32.61,"CFtD":8.85,"CPz":3.01818181818182,"CPzD":0,"CQt":2.8,"CPr":10.8}
,{"DP":"INMUNOFERON CAPSULAS 45 CAPS","DD":"CANTABRIA LABS","FRF":22,"FRP":24,"CRF":8,"CRP":10,"CFt":51.75,"CFtD":-25.91,"CPz":2.2,"CPzD":-29.24,"CQt":2.04,"CPr":23.52}
,{"DP":"REDOXON DOBLE ACCION COMP EFERVESCENTES 15 COMP NARANJA","DD":"BAYER HISPANIA S.L.","FRF":51,"FRP":51,"CRF":18,"CRP":11,"CFt":18.89,"CFtD":-9.94,"CPz":2.14545454545455,"CPzD":-9.92,"CQt":1.99,"CPr":8.8}
,{"DP":"CEBION 1000 COMPRIMIDOS EFERVESCENTES 20 COMPRIMIDOS","DD":"MERCK S L","FRF":37,"FRP":37,"CRF":17,"CRP":12,"CFt":19.81,"CFtD":1.23,"CPz":2.05454545454545,"CPzD":1.8,"CQt":1.9,"CPr":9.64}
,{"DP":"INMUNOFERON JUNIOR JARABE 150 ML","DD":"CANTABRIA LABS","FRF":13,"FRP":16,"CRF":9,"CRP":13,"CFt":42.51,"CFtD":617.41,"CPz":1.49090909090909,"CPzD":645.45,"CQt":1.38,"CPr":28.51}
,{"DP":"FITOCONCENTRADO EQUINACEA ABOCA 500 MG 50 CAPS","DD":"ABOCA SpA SOCIETA' AGRICOLA","FRF":11,"FRP":11,"CRF":16,"CRP":14,"CFt":22.41,"CFtD":-17.98,"CPz":1.4,"CPzD":-19.79,"CQt":1.3,"CPr":16.01}
,{"DP":"IMUNOGLUKAN 30 CAPS","DD":"ORDESA","FRF":19,"FRP":21,"CRF":13,"CRP":15,"CFt":29.73,"CFtD":23.01,"CPz":1.36363636363636,"CPzD":19.05,"CQt":1.26,"CPr":21.81}
,{"DP":"VITAMIN C 30 COMP","DD":"VITAE N NUTRITION","FRF":57,"FRP":57,"CRF":25,"CRP":16,"CFt":12.12,"CFtD":31.33,"CPz":1.36363636363636,"CPzD":31.58,"CQt":1.26,"CPr":8.89}
,{"DP":"GSE BIOTIC FORTE COMP 24 COMP","DD":"PRODECO PHARMA IBERICA","FRF":40,"FRP":40,"CRF":20,"CRP":17,"CFt":15.26,"CFtD":-12.39,"CPz":1.27272727272727,"CPzD":-16.67,"CQt":1.18,"CPr":11.99}
,{"DP":"PROPOLEOS VARIOS","DD":"","FRF":34,"FRP":34,"CRF":23,"CRP":18,"CFt":13.24,"CFtD":-35.66,"CPz":1.2,"CPzD":-32.65,"CQt":1.11,"CPr":11.04}
,{"DP":"VITAMIN C 10 COMP","DD":"VITAE N NUTRITION","FRF":56,"FRP":56,"CRF":35,"CRP":19,"CFt":5.54,"CFtD":76.5,"CPz":1.12727272727273,"CPzD":77.14,"CQt":1.04,"CPr":4.92}
,{"DP":"REDOXON INMUNO 4 GRANULADO 14 SOBRES","DD":"BAYER HISPANIA S.L.","FRF":10,"FRP":7,"CRF":19,"CRP":20,"CFt":16.23,"CFtD":-6.79,"CPz":1.09090909090909,"CPzD":-11.76,"CQt":1.01,"CPr":14.88}
,{"DP":"INFLUEPID EFERVESCENTE 20 COMP","DD":"SPECCHIASOL","FRF":43,"FRP":43,"CRF":26,"CRP":21,"CFt":11.9,"CFtD":null,"CPz":1,"CPzD":null,"CQt":0.93,"CPr":11.9}
,{"DP":"INMUNOVITA 15 CAPS","DD":"VITAE N NUTRITION","FRF":44,"FRP":44,"CRF":21,"CRP":22,"CFt":14.75,"CFtD":170.86,"CPz":0.981818181818182,"CPzD":184.21,"CQt":0.91,"CPr":15.03}
,{"DP":"GSE EFFERBIOTIC RAPID COMP EFERVESCENTES 20 COMP","DD":"PRODECO PHARMA IBERICA","FRF":41,"FRP":41,"CRF":22,"CRP":23,"CFt":14.16,"CFtD":162.35,"CPz":0.963636363636364,"CPzD":165,"CQt":0.89,"CPr":14.69}
,{"DP":"HUPAVIR 20 SOBRES","DD":"NTD LABS","FRF":5,"FRP":9,"CRF":11,"CRP":24,"CFt":33.09,"CFtD":15.11,"CPz":0.909090909090909,"CPzD":8.7,"CQt":0.84,"CPr":36.4}
,{"DP":"INMUNOVITA 30 CAPS","DD":"VITAE N NUTRITION","FRF":45,"FRP":45,"CRF":15,"CRP":25,"CFt":22.9,"CFtD":176.52,"CPz":0.818181818181818,"CPzD":181.25,"CQt":0.76,"CPr":27.99}]