{"datiDettRefF":[
{"DP":"LACER OROS COLUTORIO 500 ML","DD":"LACER","FRF":2,"FRP":1,"FFt":687.1,"FFtD":7.24,"FPz":64,"FPzD":3.23,"FQt":3.57,"FPr":10.74,"MRF":14,"MRP":21,"CRF":16,"CRP":26}
,{"DP":"FLUOCARIL BI-FLUORE 250 DUPLO 125 ML 2 U","DD":"PROCTER & GAMBLE ESPAÑA","FRF":7,"FRP":2,"FFt":479.41,"FFtD":12.4,"FPz":57,"FPzD":9.62,"FQt":3.18,"FPr":8.41,"MRF":1,"MRP":1,"CRF":3,"CRP":1}
,{"DP":"LACER COLUTORIO CLORHEXIDINA 500 ML","DD":"LACER","FRF":8,"FRP":3,"FFt":462.45,"FFtD":-16.73,"FPz":56,"FPzD":-20,"FQt":3.13,"FPr":8.26,"MRF":5,"MRP":4,"CRF":5,"CRP":4}
,{"DP":"DESENSIN REPAIR PASTA DENTAL 125 ML","DD":"DENTAID","FRF":4,"FRP":4,"FFt":564.97,"FFtD":97.78,"FPz":53,"FPzD":89.29,"FQt":2.96,"FPr":10.66,"MRF":118,"MRP":138,"CRF":130,"CRP":159}
,{"DP":"OROBEN A GEL 15 ML","DD":"PLANTA MEDICA Srl","FRF":6,"FRP":5,"FFt":503.7,"FFtD":-26.72,"FPz":51,"FPzD":-28.17,"FQt":2.85,"FPr":9.88,"MRF":3,"MRP":6,"CRF":2,"CRP":3}
,{"DP":"GINGILACER PASTA DENTIFRICA 150 ML","DD":"LACER","FRF":11,"FRP":6,"FFt":370.51,"FFtD":-18.09,"FPz":47,"FPzD":-21.67,"FQt":2.62,"FPr":7.88,"MRF":16,"MRP":15,"CRF":24,"CRP":21}
,{"DP":"LACER INFANTIL GEL DENTAL 75 ML FRESA","DD":"LACER","FRF":27,"FRP":7,"FFt":181.4,"FFtD":85.9,"FPz":45,"FPzD":80,"FQt":2.51,"FPr":4.03,"MRF":138,"MRP":66,"CRF":155,"CRP":88}
,{"DP":"LACER PASTA CON FLUOR 50 ML","DD":"LACER","FRF":25,"FRP":8,"FFt":182.9,"FFtD":61,"FPz":42,"FPzD":50,"FQt":2.35,"FPr":4.35,"MRF":112,"MRP":53,"CRF":120,"CRP":48}
,{"DP":"GINGILACER COLUTORIO 1000 ML","DD":"LACER","FRF":1,"FRP":9,"FFt":716.76,"FFtD":1.21,"FPz":41,"FPzD":-2.38,"FQt":2.29,"FPr":17.48,"MRF":19,"MRP":40,"CRF":31,"CRP":58}
,{"DP":"LACER JUNIOR GEL DENTAL 75 ML FRESA","DD":"LACER","FRF":34,"FRP":10,"FFt":161.95,"FFtD":-29.31,"FPz":41,"FPzD":-29.31,"FQt":2.29,"FPr":3.95,"MRF":39,"MRP":11,"CRF":47,"CRP":18}
,{"DP":"LACER COLUTORIO 1000 ML","DD":"LACER","FRF":3,"FRP":11,"FFt":569.65,"FFtD":63.34,"FPz":39,"FPzD":56,"FQt":2.18,"FPr":14.61,"MRF":37,"MRP":57,"CRF":42,"CRP":66}
,{"DP":"GINGILACER COLUTORIO 500 ML","DD":"LACER","FRF":9,"FRP":12,"FFt":379.01,"FFtD":-24.62,"FPz":39,"FPzD":-26.42,"FQt":2.18,"FPr":9.72,"MRF":2,"MRP":2,"CRF":1,"CRP":2}
,{"DP":"OROBEN A COLUTORIO 150 ML","DD":"PLANTA MEDICA Srl","FRF":10,"FRP":13,"FFt":373.8,"FFtD":-1.43,"FPz":35,"FPzD":-5.41,"FQt":1.95,"FPr":10.68,"MRF":12,"MRP":17,"CRF":4,"CRP":6}
,{"DP":"VITIS ENCIAS COLUTORIO BUCAL 1 L","DD":"DENTAID","FRF":5,"FRP":14,"FFt":559.5,"FFtD":40.47,"FPz":34,"FPzD":36,"FQt":1.9,"FPr":16.46,"MRF":9,"MRP":25,"CRF":11,"CRP":30}
,{"DP":"LACER GEL BIOADHESIVO CLORHEXIDINA 50 ML","DD":"LACER","FRF":20,"FRP":15,"FFt":229.35,"FFtD":-39.04,"FPz":33,"FPzD":-41.07,"FQt":1.84,"FPr":6.95,"MRF":17,"MRP":16,"CRF":15,"CRP":10}
,{"DP":"ORALDINE ANTISEPTICO PACK 400 ML +200 ML","DD":"JOHNSON & JOHNSON","FRF":19,"FRP":16,"FFt":240,"FFtD":23.85,"FPz":32,"FPzD":33.33,"FQt":1.79,"FPr":7.5,"MRF":10,"MRP":5,"CRF":10,"CRP":5}
,{"DP":"LACERBLANC PLUS BLANQUEADORA USO DIARIO D-MENTA 125 ML","DD":"LACER","FRF":15,"FRP":17,"FFt":267.75,"FFtD":29.54,"FPz":31,"FPzD":19.23,"FQt":1.73,"FPr":8.64,"MRF":58,"MRP":51,"CRF":65,"CRP":62}
,{"DP":"PARODONTAX DENTIFRICO EXTRA FRESH 75 ML","DD":"GLAXO SMITHKLINE","FRF":30,"FRP":18,"FFt":178.6,"FFtD":-13.48,"FPz":28,"FPzD":-15.15,"FQt":1.56,"FPr":6.38,"MRF":36,"MRP":23,"CRF":34,"CRP":22}
,{"DP":"LACER COLUTORIO CLORHEXIDINA 200 ML","DD":"LACER","FRF":33,"FRP":19,"FFt":162.9,"FFtD":-39.16,"FPz":27,"FPzD":-40,"FQt":1.51,"FPr":6.03,"MRF":18,"MRP":10,"CRF":17,"CRP":11}
,{"DP":"PAROGENCYL CONTROL ENCIAS COLUTORIO 500 ML 2U","DD":"PROCTER & GAMBLE ESPAÑA","FRF":13,"FRP":20,"FFt":291.97,"FFtD":41.56,"FPz":25,"FPzD":38.89,"FQt":1.4,"FPr":11.68,"MRF":51,"MRP":68,"CRF":49,"CRP":71}
,{"DP":"VITIS BLANQUEADORA PASTA DENTIFRICA 150 ML","DD":"DENTAID","FRF":14,"FRP":21,"FFt":276.9,"FFtD":164.47,"FPz":25,"FPzD":108.33,"FQt":1.4,"FPr":11.08,"MRF":116,"MRP":125,"CRF":151,"CRP":173}
,{"DP":"GUM ORIGINAL WHITE COLUTORIO 500 ML","DD":"SUNSTAR","FRF":31,"FRP":22,"FFt":173.98,"FFtD":61.77,"FPz":25,"FPzD":66.67,"FQt":1.4,"FPr":6.96,"MRF":244,"MRP":233,"CRF":264,"CRP":265}
,{"DP":"LACER COLUTORIO 100 ML","DD":"LACER","FRF":58,"FRP":23,"FFt":73.75,"FFtD":0,"FPz":25,"FPzD":0,"FQt":1.4,"FPr":2.95,"MRF":245,"MRP":132,"CRF":241,"CRP":133}
,{"DP":"DENTISPRAY 50 MGML AEROSOL BUCAL SOLUCION 5 ML","DD":"VIÑAS","FRF":22,"FRP":24,"FFt":224.17,"FFtD":-1.78,"FPz":23,"FPzD":-4.17,"FQt":1.28,"FPr":9.75,"MRF":7,"MRP":8,"CRF":9,"CRP":12}
,{"DP":"BEXIDENT ENCIAS COLUTORIO TRICLOSAN 250 ML","DD":"ISDIN","FRF":26,"FRP":25,"FFt":181.95,"FFtD":107.71,"FPz":23,"FPzD":91.67,"FQt":1.28,"FPr":7.91,"MRF":195,"MRP":191,"CRF":196,"CRP":195}]
,"datiDettRefM":[
{"DP":"FLUOCARIL BI-FLUORE 250 DUPLO 125 ML 2 U","DD":"PROCTER & GAMBLE ESPAÑA","FRF":7,"FRP":2,"MRF":1,"MRP":1,"MFt":474.15,"MFtD":1.61,"MPz":60.6054054054054,"MPzD":1.32,"MQt":2.65,"MPr":7.82}
,{"DP":"GINGILACER COLUTORIO 500 ML","DD":"LACER","FRF":9,"FRP":12,"MRF":2,"MRP":2,"MFt":467.69,"MFtD":0.1,"MPz":51.5675675675676,"MPzD":-2.8,"MQt":2.25,"MPr":9.07}
,{"DP":"OROBEN A GEL 15 ML","DD":"PLANTA MEDICA Srl","FRF":6,"FRP":5,"MRF":3,"MRP":6,"MFt":389.23,"MFtD":5.99,"MPz":39.8324324324324,"MPzD":2.28,"MQt":1.74,"MPr":9.77}
,{"DP":"LACER COLUTORIO CLORHEXIDINA 500 ML","DD":"LACER","FRF":8,"FRP":3,"MRF":5,"MRP":4,"MFt":344.68,"MFtD":2.95,"MPz":43.2216216216216,"MPzD":0.91,"MQt":1.89,"MPr":7.97}
,{"DP":"ORALDINE ANTISEPTICO PACK 400 ML +200 ML","DD":"JOHNSON & JOHNSON","FRF":19,"FRP":16,"MRF":10,"MRP":5,"MFt":295.39,"MFtD":9.25,"MPz":42.5243243243243,"MPzD":10.68,"MQt":1.86,"MPr":6.95}
,{"DP":"OROBEN A COLUTORIO 150 ML","DD":"PLANTA MEDICA Srl","FRF":10,"FRP":13,"MRF":12,"MRP":17,"MFt":280.77,"MFtD":4.51,"MPz":27.1783783783784,"MPzD":1.95,"MQt":1.19,"MPr":10.33}
,{"DP":"LACER PASTA CON FLUOR 125 ML","DD":"LACER","FRF":54,"FRP":46,"MRF":13,"MRP":7,"MFt":237.1,"MFtD":-2.76,"MPz":37.5243243243243,"MPzD":-2.76,"MQt":1.64,"MPr":6.32}
,{"DP":"PERIO AID TRATAMIENTO COLUTORIO SIN ALCOHOL 500 ML","DD":"DENTAID","FRF":39,"FRP":44,"MRF":8,"MRP":9,"MFt":306.14,"MFtD":-0.78,"MPz":33.2540540540541,"MPzD":-6,"MQt":1.45,"MPr":9.21}
,{"DP":"PERIO AID TRATAMIENTO COLUTORIO SIN ALCOHOL 150 ML","DD":"DENTAID","FRF":91,"FRP":80,"MRF":23,"MRP":12,"MFt":160.87,"MFtD":6.97,"MPz":30.3459459459459,"MPzD":2.28,"MQt":1.33,"MPr":5.3}
,{"DP":"LACER GEL BIOADHESIVO CLORHEXIDINA 50 ML","DD":"LACER","FRF":20,"FRP":15,"MRF":17,"MRP":16,"MFt":197.03,"MFtD":-0.52,"MPz":28.8432432432432,"MPzD":-2.16,"MQt":1.26,"MPr":6.83}
,{"DP":"LACER COLUTORIO CLORHEXIDINA 200 ML","DD":"LACER","FRF":33,"FRP":19,"MRF":18,"MRP":10,"MFt":192.29,"MFtD":1.73,"MPz":33.0702702702703,"MPzD":0,"MQt":1.44,"MPr":5.81}
,{"DP":"DENTISPRAY 50 MGML AEROSOL BUCAL SOLUCION 5 ML","DD":"VIÑAS","FRF":22,"FRP":24,"MRF":7,"MRP":8,"MFt":328.9,"MFtD":0.37,"MPz":33.7243243243243,"MPzD":-2.27,"MQt":1.47,"MPr":9.75}
,{"DP":"ORALDINE ANTISEPTICO 400 ML","DD":"JOHNSON & JOHNSON","FRF":106,"FRP":104,"MRF":11,"MRP":3,"MFt":289,"MFtD":-8.75,"MPz":49.4162162162162,"MPzD":-3.62,"MQt":2.16,"MPr":5.85}
,{"DP":"ORALDINE ANTISEPTICO 200 ML","DD":"JOHNSON & JOHNSON","FRF":134,"FRP":123,"MRF":44,"MRP":22,"MFt":111.76,"MFtD":-22.46,"MPz":23.4756756756757,"MPzD":-23.19,"MQt":1.03,"MPr":4.76}
,{"DP":"LACER COLUTORIO 500 ML","DD":"LACER","FRF":35,"FRP":34,"MRF":15,"MRP":18,"MFt":207.9,"MFtD":0.02,"MPz":26.7189189189189,"MPzD":-3.7,"MQt":1.17,"MPr":7.78}
,{"DP":"PARODONTAX F 75 ML","DD":"GLAXO SMITHKLINE","FRF":40,"FRP":29,"MRF":22,"MRP":14,"MFt":162.37,"MFtD":13.37,"MPz":29.9567567567568,"MPzD":10.16,"MQt":1.31,"MPr":5.42}
,{"DP":"ALOCLAIR GEL PLUS 8 ML","DD":"ITALFARMACO","FRF":17,"FRP":33,"MRF":4,"MRP":13,"MFt":350.17,"MFtD":2.03,"MPz":30.0756756756757,"MPzD":1.05,"MQt":1.31,"MPr":11.64}
,{"DP":"LACER JUNIOR GEL DENTAL 75 ML FRESA","DD":"LACER","FRF":34,"FRP":10,"MRF":39,"MRP":11,"MFt":122.3,"MFtD":17.41,"MPz":32.4432432432432,"MPzD":13.98,"MQt":1.42,"MPr":3.77}
,{"DP":"ALOCLAIR SPRAY PLUS 15 ML","DD":"ITALFARMACO","FRF":18,"FRP":36,"MRF":6,"MRP":19,"MFt":334.22,"MFtD":-3.64,"MPz":26.4864864864865,"MPzD":-5,"MQt":1.16,"MPr":12.62}
,{"DP":"GINGILACER PASTA DENTIFRICA 150 ML","DD":"LACER","FRF":11,"FRP":6,"MRF":16,"MRP":15,"MFt":204.83,"MFtD":-11.78,"MPz":28.9513513513514,"MPzD":-13.65,"MQt":1.26,"MPr":7.07}
,{"DP":"PARODONTAX DENTIFRICO EXTRA FRESH 75 ML","DD":"GLAXO SMITHKLINE","FRF":30,"FRP":18,"MRF":36,"MRP":23,"MFt":127.69,"MFtD":12.36,"MPz":23.4648648648649,"MPzD":8.15,"MQt":1.02,"MPr":5.44}
,{"DP":"PARODONTAX COMPLETE PROTECTION EXTRA FRESH 75 ML","DD":"GLAXO SMITHKLINE","FRF":279,"FRP":279,"MRF":31,"MRP":20,"MFt":147.32,"MFtD":87.95,"MPz":25.0918918918919,"MPzD":79.57,"MQt":1.1,"MPr":5.87}
,{"DP":"LACER OROS COLUTORIO 500 ML","DD":"LACER","FRF":2,"FRP":1,"MRF":14,"MRP":21,"MFt":233.61,"MFtD":-0.39,"MPz":23.8972972972973,"MPzD":-2.34,"MQt":1.04,"MPr":9.78}
,{"DP":"VITIS BLANQUEADORA PASTA DENTIFRICA 100 ML","DD":"DENTAID","FRF":94,"FRP":96,"MRF":24,"MRP":24,"MFt":159.52,"MFtD":1.72,"MPz":22.972972972973,"MPzD":-0.26,"MQt":1,"MPr":6.94}
,{"DP":"VITIS ENCIAS COLUTORIO BUCAL 1 L","DD":"DENTAID","FRF":5,"FRP":14,"MRF":9,"MRP":25,"MFt":303.2,"MFtD":5.62,"MPz":22.827027027027,"MPzD":3.71,"MQt":1,"MPr":13.28}]
,"datiDettRefC":[
{"DP":"FLUOCARIL BI-FLUORE 250 DUPLO 125 ML 2 U","DD":"PROCTER & GAMBLE ESPAÑA","FRF":7,"FRP":2,"CRF":3,"CRP":1,"CFt":239.97,"CFtD":-3.89,"CPz":29.9272727272727,"CPzD":-2.37,"CQt":2.56,"CPr":8.02}
,{"DP":"GINGILACER COLUTORIO 500 ML","DD":"LACER","FRF":9,"FRP":12,"CRF":1,"CRP":2,"CFt":266.89,"CFtD":-2.94,"CPz":29.2545454545455,"CPzD":-5.52,"CQt":2.5,"CPr":9.12}
,{"DP":"OROBEN A GEL 15 ML","DD":"PLANTA MEDICA Srl","FRF":6,"FRP":5,"CRF":2,"CRP":3,"CFt":259.09,"CFtD":4.76,"CPz":26.7090909090909,"CPzD":1.59,"CQt":2.28,"CPr":9.7}
,{"DP":"LACER COLUTORIO CLORHEXIDINA 500 ML","DD":"LACER","FRF":8,"FRP":3,"CRF":5,"CRP":4,"CFt":198.98,"CFtD":1.43,"CPz":24.7272727272727,"CPzD":0,"CQt":2.11,"CPr":8.05}
,{"DP":"ORALDINE ANTISEPTICO PACK 400 ML +200 ML","DD":"JOHNSON & JOHNSON","FRF":19,"FRP":16,"CRF":10,"CRP":5,"CFt":161.25,"CFtD":0.1,"CPz":21.4545454545455,"CPzD":0.08,"CQt":1.83,"CPr":7.52}
,{"DP":"OROBEN A COLUTORIO 150 ML","DD":"PLANTA MEDICA Srl","FRF":10,"FRP":13,"CRF":4,"CRP":6,"CFt":218.91,"CFtD":6.9,"CPz":21.2545454545455,"CPzD":5.32,"CQt":1.81,"CPr":10.3}
,{"DP":"LACER PASTA CON FLUOR 125 ML","DD":"LACER","FRF":54,"FRP":46,"CRF":12,"CRP":7,"CFt":128.14,"CFtD":-8.95,"CPz":18.8,"CPzD":-6.68,"CQt":1.61,"CPr":6.82}
,{"DP":"PERIO AID TRATAMIENTO COLUTORIO SIN ALCOHOL 500 ML","DD":"DENTAID","FRF":39,"FRP":44,"CRF":7,"CRP":8,"CFt":168.18,"CFtD":2.59,"CPz":18.4363636363636,"CPzD":-2.22,"CQt":1.57,"CPr":9.12}
,{"DP":"PERIO AID TRATAMIENTO COLUTORIO SIN ALCOHOL 150 ML","DD":"DENTAID","FRF":91,"FRP":80,"CRF":19,"CRP":9,"CFt":94.61,"CFtD":17.08,"CPz":18.0727272727273,"CPzD":14.65,"CQt":1.54,"CPr":5.23}
,{"DP":"LACER GEL BIOADHESIVO CLORHEXIDINA 50 ML","DD":"LACER","FRF":20,"FRP":15,"CRF":15,"CRP":10,"CFt":116.24,"CFtD":10.21,"CPz":17.0181818181818,"CPzD":9.22,"CQt":1.45,"CPr":6.83}
,{"DP":"LACER COLUTORIO CLORHEXIDINA 200 ML","DD":"LACER","FRF":33,"FRP":19,"CRF":17,"CRP":11,"CFt":100.25,"CFtD":2.62,"CPz":16.9090909090909,"CPzD":-0.43,"CQt":1.44,"CPr":5.93}
,{"DP":"DENTISPRAY 50 MGML AEROSOL BUCAL SOLUCION 5 ML","DD":"VIÑAS","FRF":22,"FRP":24,"CRF":9,"CRP":12,"CFt":161.93,"CFtD":-5,"CPz":16.6181818181818,"CPzD":-7.4,"CQt":1.42,"CPr":9.74}
,{"DP":"ORALDINE ANTISEPTICO 400 ML","DD":"JOHNSON & JOHNSON","FRF":106,"FRP":104,"CRF":13,"CRP":13,"CFt":119.03,"CFtD":-22.46,"CPz":16.1818181818182,"CPzD":-24.38,"CQt":1.38,"CPr":7.36}
,{"DP":"ORALDINE ANTISEPTICO 200 ML","DD":"JOHNSON & JOHNSON","FRF":134,"FRP":123,"CRF":30,"CRP":14,"CFt":76.98,"CFtD":-24.95,"CPz":16.0363636363636,"CPzD":-25.94,"CQt":1.37,"CPr":4.8}
,{"DP":"LACER COLUTORIO 500 ML","DD":"LACER","FRF":35,"FRP":34,"CRF":14,"CRP":15,"CFt":116.96,"CFtD":2.18,"CPz":14.7636363636364,"CPzD":-2.4,"CQt":1.26,"CPr":7.92}
,{"DP":"PARODONTAX F 75 ML","DD":"GLAXO SMITHKLINE","FRF":40,"FRP":29,"CRF":26,"CRP":16,"CFt":84.6,"CFtD":10.8,"CPz":14.4181818181818,"CPzD":5.87,"CQt":1.23,"CPr":5.87}
,{"DP":"ALOCLAIR GEL PLUS 8 ML","DD":"ITALFARMACO","FRF":17,"FRP":33,"CRF":8,"CRP":17,"CFt":163.41,"CFtD":5.28,"CPz":13.9636363636364,"CPzD":5.35,"CQt":1.19,"CPr":11.7}
,{"DP":"LACER JUNIOR GEL DENTAL 75 ML FRESA","DD":"LACER","FRF":34,"FRP":10,"CRF":47,"CRP":18,"CFt":51.58,"CFtD":10.35,"CPz":13.0363636363636,"CPzD":4.52,"CQt":1.11,"CPr":3.96}
,{"DP":"ALOCLAIR SPRAY PLUS 15 ML","DD":"ITALFARMACO","FRF":18,"FRP":36,"CRF":6,"CRP":19,"CFt":168.84,"CFtD":-10.34,"CPz":13.0181818181818,"CPzD":-11.39,"CQt":1.11,"CPr":12.97}
,{"DP":"KIN PASTA DENTIFRICA 125 ML","DD":"KIN","FRF":247,"FRP":247,"CRF":80,"CRP":20,"CFt":30.8,"CFtD":18.88,"CPz":12.8363636363636,"CPzD":20.27,"CQt":1.1,"CPr":2.4}
,{"DP":"GINGILACER PASTA DENTIFRICA 150 ML","DD":"LACER","FRF":11,"FRP":6,"CRF":24,"CRP":21,"CFt":86.03,"CFtD":-24.41,"CPz":12.2363636363636,"CPzD":-26.13,"CQt":1.04,"CPr":7.03}
,{"DP":"PARODONTAX DENTIFRICO EXTRA FRESH 75 ML","DD":"GLAXO SMITHKLINE","FRF":30,"FRP":18,"CRF":34,"CRP":22,"CFt":70.77,"CFtD":4.73,"CPz":12.2,"CPzD":-1.18,"CQt":1.04,"CPr":5.8}
,{"DP":"PARODONTAX COMPLETE PROTECTION EXTRA FRESH 75 ML","DD":"GLAXO SMITHKLINE","FRF":279,"FRP":279,"CRF":28,"CRP":23,"CFt":81.66,"CFtD":118.52,"CPz":12.1818181818182,"CPzD":95.34,"CQt":1.04,"CPr":6.7}
,{"DP":"GINGILACER PASTA DENTIFRICA 125 ML","DD":"LACER","FRF":225,"FRP":225,"CRF":25,"CRP":24,"CFt":85.88,"CFtD":-11.24,"CPz":11.9636363636364,"CPzD":-13.76,"CQt":1.02,"CPr":7.18}
,{"DP":"PARODONTAX ORIGINAL 75 ML","DD":"GLAXO SMITHKLINE","FRF":98,"FRP":89,"CRF":35,"CRP":25,"CFt":69.96,"CFtD":17.93,"CPz":11.9454545454545,"CPzD":15.06,"CQt":1.02,"CPr":5.86}]