{
"Merceologia":"cod.me280"
,"Tempo":"12/12/2019"

,"datiTabRiass":[
{"F": 90.22,"M":69.97000,"C": 39.107091,"Tipo":"c","H":"dt.d0011"}
,{"F": -3.25,"M":19.42000,"C": 19.710000,"Tipo":"i","H":"dt.d0012"}
,{"F": 22.00,"M":16.48649,"C":  8.036364,"Tipo":"n","H":"dt.d0013"}
,{"F":-46.34,"M":-3.57000,"C":-23.400000,"Tipo":"i","H":"dt.d0026"}]
,"datiDettDittaF":[
{"DD":"OMEGA PHARMA ESPAÑA, S.A.","FRF":1,"FRP":1,"FF":45.25,"FFD":40.53,"FQt":91.56,"FPz":4,"FPzD":33.33,"FPr":11.31,"FRef":2,"MRF":2,"MRP":2,"CRF":2,"CRP":3}
,{"DD":"SUAVINEX","FRF":2,"FRP":2,"FF":2.75,"FFD":-70.74,"FQt":5.56,"FPz":1,"FPzD":-75,"FPr":2.75,"FRef":2,"MRF":4,"MRP":4,"CRF":4,"CRP":4}
,{"DD":"ACOFARMA DISTRIBUCIÓN S A","FRF":3,"FRP":3,"FF":1.42,"FFD":null,"FQt":2.87,"FPz":1,"FPzD":null,"FPr":1.42,"FRef":1,"MRF":3,"MRP":3,"CRF":3,"CRP":2}
,{"DD":"DIEPHARMEX","FRF":4,"FRP":4,"FF":0,"FFD":-100,"FQt":0,"FPz":0,"FPzD":-100,"FPr":null,"FRef":1,"MRF":1,"MRP":1,"CRF":1,"CRP":1}]
,"datiDettDittaM":[
{"DD":"OMEGA PHARMA ESPAÑA, S.A.","FRF":1,"FRP":1,"MRF":2,"MRP":2,"MF":11.4,"MFD":25.09,"MQt":18.81,"MPz":1,"MPzD":22.52,"MPr":11.1,"MRef":2}
,{"DD":"SUAVINEX","FRF":2,"FRP":2,"MRF":4,"MRP":4,"MF":0.59,"MFD":-27.33,"MQt":0.98,"MPz":0.222,"MPzD":-38.7,"MPr":2.67,"MRef":1}
,{"DD":"ACOFARMA DISTRIBUCIÓN S A","FRF":3,"FRP":3,"MRF":3,"MRP":3,"MF":2.3,"MFD":23.1,"MQt":3.79,"MPz":1,"MPzD":8.19,"MPr":2.08,"MRef":2}
,{"DD":"DIEPHARMEX","FRF":4,"FRP":4,"MRF":1,"MRP":1,"MF":13.12,"MFD":5.86,"MQt":21.65,"MPz":1,"MPzD":-12.74,"MPr":10.93,"MRef":2}]
,"datiDettDittaC":[
{"DD":"OMEGA PHARMA ESPAÑA, S.A.","FRF":1,"FRP":1,"CRF":2,"CRP":3,"CF":5.25,"CFD":134.47,"CQt":15.34,"CPz":0.455,"CPzD":127.5,"CPr":11.55,"CRef":2}
,{"DD":"SUAVINEX","FRF":2,"FRP":2,"CRF":4,"CRP":4,"CF":0.09,"CFD":-1,"CQt":0.27,"CPz":0.036,"CPzD":-1,"CPr":2.52,"CRef":0}
,{"DD":"ACOFARMA DISTRIBUCIÓN S A","FRF":3,"FRP":3,"CRF":3,"CRP":2,"CF":1.58,"CFD":13.64,"CQt":4.63,"CPz":0.727,"CPzD":-2.48,"CPr":2.18,"CRef":2}
,{"DD":"DIEPHARMEX","FRF":4,"FRP":4,"CRF":1,"CRP":1,"CF":9.56,"CFD":11.29,"CQt":27.92,"CPz":0.873,"CPzD":11.66,"CPr":10.95,"CRef":2}]
}