{
"Merceologia":"cod.me140"
,"Tempo":"YTD"

,"datiTabRiass":[
{"F":81400.28,"M":86922.124,"C":39472.205,"Tipo":"c","H":"dt.d0011"}
,{"F":   -4.17,"M":    2.200,"C":   -0.420,"Tipo":"i","H":"dt.d0012"}
,{"F": 4035.00,"M": 5636.638,"C": 2700.273,"Tipo":"n","H":"dt.d0013"}
,{"F":  -11.45,"M":    0.250,"C":   -0.700,"Tipo":"i","H":"dt.d0026"}]
,"datiDettDittaF":[
{"DD":"LA ROCHE POSAY","FRF":1,"FRP":1,"FF":18615.9,"FFD":-1.87,"FQt":23.16,"FPz":1053,"FPzD":-7.31,"FPr":17.68,"FRef":129,"MRF":6,"MRP":4,"CRF":8,"CRP":9}
,{"DD":"LIERAC","FRF":2,"FRP":2,"FF":18292.16,"FFD":13.74,"FQt":22.76,"FPz":445,"FPzD":6.71,"FPr":41.11,"FRef":7,"MRF":8,"MRP":16,"CRF":16,"CRP":28}
,{"DD":"VICHY","FRF":3,"FRP":3,"FF":7477.97,"FFD":1.52,"FQt":9.3,"FPz":391,"FPzD":-20.53,"FPr":19.13,"FRef":111,"MRF":12,"MRP":18,"CRF":13,"CRP":21}
,{"DD":"CAUDALIE","FRF":4,"FRP":4,"FF":5975.08,"FFD":-21.15,"FQt":7.43,"FPz":224,"FPzD":-15.47,"FPr":26.67,"FRef":4,"MRF":5,"MRP":6,"CRF":3,"CRP":4}
,{"DD":"ISDIN","FRF":5,"FRP":5,"FF":3318.58,"FFD":-9.25,"FQt":4.13,"FPz":184,"FPzD":-14.02,"FPr":18.04,"FRef":43,"MRF":2,"MRP":2,"CRF":2,"CRP":2}
,{"DD":"PIERRE FABRE IBERICA","FRF":6,"FRP":6,"FF":2829.3,"FFD":27.13,"FQt":3.52,"FPz":158,"FPzD":22.48,"FPr":17.91,"FRef":49,"MRF":1,"MRP":1,"CRF":1,"CRP":1}
,{"DD":"CANTABRIA LABS","FRF":7,"FRP":9,"FF":2656.95,"FFD":-25.83,"FQt":3.31,"FPz":83,"FPzD":-32.52,"FPr":32.01,"FRef":29,"MRF":3,"MRP":5,"CRF":5,"CRP":5}
,{"DD":"THEA","FRF":8,"FRP":8,"FF":1800.4,"FFD":-6.28,"FQt":2.24,"FPz":116,"FPzD":-3.33,"FPr":15.52,"FRef":2,"MRF":25,"MRP":28,"CRF":28,"CRP":32}
,{"DD":"MARTIDERM","FRF":9,"FRP":20,"FF":1475.14,"FFD":-6.84,"FQt":1.84,"FPz":40,"FPzD":-4.76,"FPr":36.88,"FRef":14,"MRF":7,"MRP":8,"CRF":6,"CRP":8}
,{"DD":"BDF BEIERSDORF","FRF":10,"FRP":12,"FF":1194.12,"FFD":31.38,"FQt":1.49,"FPz":65,"FPzD":8.33,"FPr":18.37,"FRef":10,"MRF":10,"MRP":12,"CRF":9,"CRP":10}]
,"datiDettDittaM":[
{"DD":"LA ROCHE POSAY","FRF":1,"FRP":1,"MRF":6,"MRP":4,"MF":3857.1,"MFD":-0.34,"MQt":4.72,"MPz":226,"MPzD":-4.79,"MPr":17.03,"MRef":60}
,{"DD":"LIERAC","FRF":2,"FRP":2,"MRF":8,"MRP":16,"MF":2786.77,"MFD":-12.33,"MQt":3.41,"MPz":86,"MPzD":-12.52,"MPr":32.32,"MRef":7}
,{"DD":"CAUDALIE","FRF":4,"FRP":4,"MRF":5,"MRP":6,"MF":4350.61,"MFD":-4.09,"MQt":5.32,"MPz":202,"MPzD":-3.47,"MPr":21.53,"MRef":5}
,{"DD":"ISDIN","FRF":5,"FRP":5,"MRF":2,"MRP":2,"MF":9059.47,"MFD":9.24,"MQt":11.08,"MPz":492,"MPzD":9.43,"MPr":18.41,"MRef":77}
,{"DD":"PIERRE FABRE IBERICA","FRF":6,"FRP":6,"MRF":1,"MRP":1,"MF":9970.92,"MFD":-2.22,"MQt":12.19,"MPz":627,"MPzD":-6.28,"MPr":15.91,"MRef":145}
,{"DD":"CANTABRIA LABS","FRF":7,"FRP":9,"MRF":3,"MRP":5,"MF":6035.36,"MFD":25.25,"MQt":7.38,"MPz":212,"MPzD":23.72,"MPr":28.53,"MRef":63}
,{"DD":"MARTIDERM","FRF":9,"FRP":20,"MRF":7,"MRP":8,"MF":3685.45,"MFD":5.77,"MQt":4.51,"MPz":147,"MPzD":13.68,"MPr":25.06,"MRef":35}
,{"DD":"BDF BEIERSDORF","FRF":10,"FRP":12,"MRF":10,"MRP":12,"MF":2012.36,"MFD":8.01,"MQt":2.46,"MPz":124,"MPzD":6.71,"MPr":16.29,"MRef":24}
,{"DD":"BIODERMA-NAOS SKIN CARE","FRF":16,"FRP":17,"MRF":4,"MRP":3,"MF":4843.15,"MFD":8.98,"MQt":5.92,"MPz":342,"MPzD":9.44,"MPr":14.17,"MRef":75}
,{"DD":"DERMOFARM","FRF":20,"FRP":15,"MRF":9,"MRP":10,"MF":2313.02,"MFD":3.31,"MQt":2.83,"MPz":136,"MPzD":1.39,"MPr":17.07,"MRef":25}]
,"datiDettDittaC":[
{"DD":"LA ROCHE POSAY","FRF":1,"FRP":1,"CRF":8,"CRP":9,"CF":1090.56,"CFD":-10.36,"CQt":2.96,"CPz":61,"CPzD":-15.53,"CPr":17.9,"CRef":18}
,{"DD":"CAUDALIE","FRF":4,"FRP":4,"CRF":3,"CRP":4,"CF":2428.22,"CFD":8.51,"CQt":6.58,"CPz":87,"CPzD":11.18,"CPr":27.86,"CRef":5}
,{"DD":"ISDIN","FRF":5,"FRP":5,"CRF":2,"CRP":2,"CF":4098.84,"CFD":3.42,"CQt":11.11,"CPz":225,"CPzD":2.17,"CPr":18.19,"CRef":57}
,{"DD":"PIERRE FABRE IBERICA","FRF":6,"FRP":6,"CRF":1,"CRP":1,"CF":4666.63,"CFD":-1.89,"CQt":12.65,"CPz":291,"CPzD":-5.65,"CPr":16.06,"CRef":69}
,{"DD":"CANTABRIA LABS","FRF":7,"FRP":9,"CRF":5,"CRP":5,"CF":2177.04,"CFD":30.87,"CQt":5.9,"CPz":77,"CPzD":33.43,"CPr":28.17,"CRef":24}
,{"DD":"MARTIDERM","FRF":9,"FRP":20,"CRF":6,"CRP":8,"CF":1354.29,"CFD":8.31,"CQt":3.67,"CPz":63,"CPzD":12.39,"CPr":21.58,"CRef":18}
,{"DD":"BDF BEIERSDORF","FRF":10,"FRP":12,"CRF":9,"CRP":10,"CF":986.27,"CFD":1.25,"CQt":2.67,"CPz":60,"CPzD":-1.23,"CPr":16.34,"CRef":12}
,{"DD":"BIODERMA-NAOS SKIN CARE","FRF":16,"FRP":17,"CRF":4,"CRP":3,"CF":2316.72,"CFD":20.37,"CQt":6.28,"CPz":164,"CPzD":21.86,"CPr":14.15,"CRef":48}
,{"DD":"URIAGE","FRF":29,"FRP":30,"CRF":10,"CRP":12,"CF":866.83,"CFD":2.04,"CQt":2.35,"CPz":59,"CPzD":-0.92,"CPr":14.66,"CRef":11}
,{"DD":"NUXE","FRF":163,"FRP":163,"CRF":7,"CRP":17,"CF":1183.75,"CFD":-8.59,"CQt":3.21,"CPz":49,"CPzD":-14.17,"CPr":24.25,"CRef":6}]
}