{
"Merceologia":"cod.me170"
,"Tempo":"YTD"

,"datiTabRiass":[
{"F":8071.41,"M":7078.877,"C":3343.1227,"Tipo":"c","H":"dt.d0011"}
,{"F": -11.66,"M":   3.780,"C":   3.8800,"Tipo":"i","H":"dt.d0012"}
,{"F": 556.00,"M": 568.827,"C": 288.1636,"Tipo":"n","H":"dt.d0013"}
,{"F": -14.98,"M":   1.550,"C":   3.3100,"Tipo":"i","H":"dt.d0026"}]
,"datiDettDittaF":[
{"DD":"LA ROCHE POSAY","FRF":1,"FRP":1,"FF":2536.26,"FFD":3.75,"FQt":31.54,"FPz":170,"FPzD":-12.37,"FPr":14.92,"FRef":15,"MRF":6,"MRP":6,"CRF":19,"CRP":23}
,{"DD":"THEA","FRF":2,"FRP":2,"FF":1800.4,"FFD":-6.28,"FQt":22.39,"FPz":116,"FPzD":-3.33,"FPr":15.52,"FRef":2,"MRF":3,"MRP":3,"CRF":4,"CRP":4}
,{"DD":"CAUDALIE","FRF":3,"FRP":3,"FF":952.27,"FFD":26.24,"FQt":11.84,"FPz":63,"FPzD":28.57,"FPr":15.12,"FRef":1,"MRF":4,"MRP":4,"CRF":3,"CRP":3}
,{"DD":"VICHY","FRF":4,"FRP":4,"FF":747.65,"FFD":-21.5,"FQt":9.3,"FPz":57,"FPzD":-17.39,"FPr":13.12,"FRef":12,"MRF":14,"MRP":11,"CRF":18,"CRP":22}
,{"DD":"PIERRE FABRE IBERICA","FRF":5,"FRP":6,"FF":418.1,"FFD":17.54,"FQt":5.2,"FPz":30,"FPzD":30.43,"FPr":13.94,"FRef":6,"MRF":1,"MRP":1,"CRF":1,"CRP":1}
,{"DD":"LIERAC","FRF":6,"FRP":7,"FF":383.5,"FFD":0.26,"FQt":4.77,"FPz":20,"FPzD":0,"FPr":19.18,"FRef":1,"MRF":16,"MRP":22,"CRF":26,"CRP":27}
,{"DD":"ANGELINI FARMACÉUTICA S A","FRF":7,"FRP":9,"FF":255.15,"FFD":-23.99,"FQt":3.17,"FPz":13,"FPzD":-23.53,"FPr":19.63,"FRef":1,"MRF":8,"MRP":10,"CRF":16,"CRP":18}
,{"DD":"BIODERMA-NAOS SKIN CARE","FRF":8,"FRP":8,"FF":244.35,"FFD":-28.1,"FQt":3.04,"FPz":17,"FPzD":-19.05,"FPr":14.37,"FRef":5,"MRF":2,"MRP":2,"CRF":2,"CRP":2}
,{"DD":"CANTABRIA LABS","FRF":9,"FRP":10,"FF":153.85,"FFD":-27.75,"FQt":1.91,"FPz":5,"FPzD":-44.44,"FPr":30.77,"FRef":3,"MRF":9,"MRP":13,"CRF":7,"CRP":17}
,{"DD":"DERMOFARM","FRF":10,"FRP":5,"FF":147.63,"FFD":-52.67,"FQt":1.84,"FPz":31,"FPzD":-41.51,"FPr":4.76,"FRef":6,"MRF":5,"MRP":5,"CRF":14,"CRP":10}]
,"datiDettDittaM":[
{"DD":"LA ROCHE POSAY","FRF":1,"FRP":1,"MRF":6,"MRP":6,"MF":221.58,"MFD":-5.84,"MQt":3.17,"MPz":17,"MPzD":-12.54,"MPr":12.97,"MRef":4}
,{"DD":"THEA","FRF":2,"FRP":2,"MRF":3,"MRP":3,"MF":643.34,"MFD":4.63,"MQt":9.21,"MPz":45,"MPzD":5.86,"MPr":14.43,"MRef":4}
,{"DD":"CAUDALIE","FRF":3,"FRP":3,"MRF":4,"MRP":4,"MF":545.85,"MFD":25.26,"MQt":7.81,"MPz":33,"MPzD":11.02,"MPr":16.4,"MRef":1}
,{"DD":"PIERRE FABRE IBERICA","FRF":5,"FRP":6,"MRF":1,"MRP":1,"MF":1186.03,"MFD":-2.54,"MQt":16.98,"MPz":96,"MPzD":-6.91,"MPr":12.4,"MRef":21}
,{"DD":"ANGELINI FARMACÉUTICA S A","FRF":7,"FRP":9,"MRF":8,"MRP":10,"MF":196.07,"MFD":2.44,"MQt":2.81,"MPz":12,"MPzD":1.83,"MPr":16.44,"MRef":3}
,{"DD":"BIODERMA-NAOS SKIN CARE","FRF":8,"FRP":8,"MRF":2,"MRP":2,"MF":1141.41,"MFD":3.54,"MQt":16.34,"MPz":94,"MPzD":4.31,"MPr":12.2,"MRef":19}
,{"DD":"CANTABRIA LABS","FRF":9,"FRP":10,"MRF":9,"MRP":13,"MF":184.67,"MFD":30.96,"MQt":2.64,"MPz":9,"MPzD":39.68,"MPr":20.21,"MRef":4}
,{"DD":"DERMOFARM","FRF":10,"FRP":5,"MRF":5,"MRP":5,"MF":254.77,"MFD":8.64,"MQt":3.65,"MPz":30,"MPzD":3.14,"MPr":8.63,"MRef":9}
,{"DD":"VIÑAS","FRF":17,"FRP":17,"MRF":10,"MRP":7,"MF":176.24,"MFD":9.6,"MQt":2.52,"MPz":15,"MPzD":4.36,"MPr":11.48,"MRef":3}
,{"DD":"APIVITA","FRF":27,"FRP":27,"MRF":7,"MRP":8,"MF":210.34,"MFD":-5.72,"MQt":3.01,"MPz":14,"MPzD":-12.35,"MPr":14.88,"MRef":1}]
,"datiDettDittaC":[
{"DD":"THEA","FRF":2,"FRP":2,"CRF":4,"CRP":4,"CF":226.2,"CFD":5.76,"CQt":6.86,"CPz":15,"CPzD":8.7,"CPr":15.32,"CRef":3}
,{"DD":"CAUDALIE","FRF":3,"FRP":3,"CRF":3,"CRP":3,"CF":280.4,"CFD":43.98,"CQt":8.5,"CPz":19,"CPzD":35.19,"CPr":15.03,"CRef":1}
,{"DD":"PIERRE FABRE IBERICA","FRF":5,"FRP":6,"CRF":1,"CRP":1,"CF":477.22,"CFD":4.11,"CQt":14.47,"CPz":39,"CPzD":0.33,"CPr":12.35,"CRef":9}
,{"DD":"BIODERMA-NAOS SKIN CARE","FRF":8,"FRP":8,"CRF":2,"CRP":2,"CF":444.28,"CFD":11.27,"CQt":13.47,"CPz":39,"CPzD":12.13,"CPr":11.49,"CRef":11}
,{"DD":"CANTABRIA LABS","FRF":9,"FRP":10,"CRF":7,"CRP":17,"CF":98.96,"CFD":137.35,"CQt":3,"CPz":5,"CPzD":169.61,"CPr":21.34,"CRef":1}
,{"DD":"URIAGE","FRF":13,"FRP":15,"CRF":6,"CRP":5,"CF":120.35,"CFD":-12.12,"CQt":3.65,"CPz":11,"CPzD":-13.82,"CPr":10.89,"CRef":2}
,{"DD":"VIÑAS","FRF":17,"FRP":17,"CRF":9,"CRP":9,"CF":81.4,"CFD":7.13,"CQt":2.47,"CPz":8,"CPzD":10,"CPr":10.71,"CRef":3}
,{"DD":"APIVITA","FRF":27,"FRP":27,"CRF":5,"CRP":6,"CF":160.34,"CFD":-5.93,"CQt":4.86,"CPz":9,"CPzD":-8.67,"CPr":17.53,"CRef":1}
,{"DD":"CINFA","FRF":36,"FRP":36,"CRF":8,"CRP":8,"CF":90.9,"CFD":-21.47,"CQt":2.76,"CPz":8,"CPzD":-24.66,"CPr":10.73,"CRef":2}
,{"DD":"IUVENOR LAB","FRF":44,"FRP":44,"CRF":10,"CRP":7,"CF":75.63,"CFD":86.74,"CQt":2.29,"CPz":9,"CPzD":81.99,"CPr":8.45,"CRef":1}]
}