{
"Merceologia":"cod.me240"
,"Tempo":"YTD"

,"datiTabRiass":[
{"F":2621.06,"M":4625.2394,"C":2121.8249,"Tipo":"c","H":"dt.d0011"}
,{"F": -39.72,"M":  -6.9900,"C":  -7.8700,"Tipo":"i","H":"dt.d0012"}
,{"F": 233.00,"M": 591.6324,"C": 271.3455,"Tipo":"n","H":"dt.d0013"}
,{"F": -38.03,"M":  -6.0900,"C":  -4.7400,"Tipo":"i","H":"dt.d0026"}]
,"datiDettDittaF":[
{"DD":"EXPANSCIENCE","FRF":1,"FRP":1,"FF":889.33,"FFD":-29.87,"FQt":59.99,"FPz":60,"FPzD":-36.17,"FPr":14.82,"FRef":17,"MRF":1,"MRP":3,"CRF":1,"CRP":2}
,{"DD":"SANOFI AVENTIS S.A.","FRF":2,"FRP":3,"FF":103.35,"FFD":89.46,"FQt":6.97,"FPz":13,"FPzD":116.67,"FPr":7.95,"FRef":1,"MRF":3,"MRP":5,"CRF":2,"CRP":4}
,{"DD":"ISDIN","FRF":3,"FRP":7,"FF":73.65,"FFD":-51.19,"FQt":4.97,"FPz":4,"FPzD":-66.67,"FPr":18.41,"FRef":3,"MRF":5,"MRP":6,"CRF":4,"CRP":6}
,{"DD":"RECKITT BENCKISER HEALTHCARE  S A","FRF":4,"FRP":5,"FF":70.9,"FFD":109.14,"FQt":4.78,"FPz":5,"FPzD":150,"FPr":14.18,"FRef":3,"MRF":6,"MRP":7,"CRF":6,"CRP":7}
,{"DD":"BAYER HISPANIA S.L.","FRF":5,"FRP":6,"FF":65.8,"FFD":-29.78,"FQt":4.44,"FPz":5,"FPzD":-16.67,"FPr":13.16,"FRef":1,"MRF":7,"MRP":8,"CRF":7,"CRP":9}
,{"DD":"MAYOLY SPINDLER ESPAÑA","FRF":6,"FRP":9,"FF":57,"FFD":null,"FQt":3.84,"FPz":3,"FPzD":null,"FPr":19,"FRef":1,"MRF":24,"MRP":31,"CRF":24,"CRP":31}
,{"DD":"LAB LETI","FRF":7,"FRP":4,"FF":49.53,"FFD":2.7,"FQt":3.34,"FPz":7,"FPzD":-12.5,"FPr":7.08,"FRef":2,"MRF":4,"MRP":4,"CRF":5,"CRP":5}
,{"DD":"BYLY","FRF":8,"FRP":2,"FF":41.09,"FFD":-9.89,"FQt":2.77,"FPz":15,"FPzD":-6.25,"FPr":2.74,"FRef":1,"MRF":28,"MRP":20,"CRF":27,"CRP":22}
,{"DD":"UNIPHARMA","FRF":9,"FRP":11,"FF":25,"FFD":100,"FQt":1.69,"FPz":2,"FPzD":100,"FPr":12.5,"FRef":1,"MRF":18,"MRP":21,"CRF":17,"CRP":19}
,{"DD":"SUAVINEX","FRF":10,"FRP":12,"FF":22.5,"FFD":-71.21,"FQt":1.52,"FPz":2,"FPzD":-71.43,"FPr":11.25,"FRef":1,"MRF":2,"MRP":2,"CRF":3,"CRP":3}]
,"datiDettDittaM":[
{"DD":"EXPANSCIENCE","FRF":1,"FRP":1,"MRF":1,"MRP":3,"MF":781.54,"MFD":-8.81,"MQt":18.23,"MPz":79,"MPzD":-5.68,"MPr":9.95,"MRef":21}
,{"DD":"SANOFI AVENTIS S.A.","FRF":2,"FRP":3,"MRF":3,"MRP":5,"MF":473.12,"MFD":0.45,"MQt":11.04,"MPz":48,"MPzD":-4.15,"MPr":9.82,"MRef":4}
,{"DD":"ISDIN","FRF":3,"FRP":7,"MRF":5,"MRP":6,"MF":405.53,"MFD":-3.88,"MQt":9.46,"MPz":34,"MPzD":-6.97,"MPr":11.84,"MRef":10}
,{"DD":"RECKITT BENCKISER HEALTHCARE  S A","FRF":4,"FRP":5,"MRF":6,"MRP":7,"MF":335.32,"MFD":-6.21,"MQt":7.82,"MPz":27,"MPzD":-5.75,"MPr":12.6,"MRef":5}
,{"DD":"BAYER HISPANIA S.L.","FRF":5,"FRP":6,"MRF":7,"MRP":8,"MF":184.49,"MFD":2.88,"MQt":4.3,"MPz":17,"MPzD":2.61,"MPr":11.03,"MRef":2}
,{"DD":"LAB LETI","FRF":7,"FRP":4,"MRF":4,"MRP":4,"MF":457.23,"MFD":-0.54,"MQt":10.66,"MPz":56,"MPzD":0.66,"MPr":8.22,"MRef":10}
,{"DD":"SUAVINEX","FRF":10,"FRP":12,"MRF":2,"MRP":2,"MF":594.42,"MFD":-0.23,"MQt":13.86,"MPz":80,"MPzD":-1.09,"MPr":7.39,"MRef":17}
,{"DD":"WELEDA","FRF":11,"FRP":8,"MRF":8,"MRP":9,"MF":142.9,"MFD":-10.84,"MQt":3.33,"MPz":16,"MPzD":-9.76,"MPr":9.16,"MRef":2}
,{"DD":"INDAS","FRF":24,"FRP":24,"MRF":9,"MRP":1,"MF":102.21,"MFD":-12.03,"MQt":2.38,"MPz":87,"MPzD":-7.94,"MPr":1.17,"MRef":2}
,{"DD":"JOHNSON & JOHNSON","FRF":27,"FRP":27,"MRF":10,"MRP":11,"MF":95.54,"MFD":-12.04,"MQt":2.23,"MPz":12,"MPzD":-14.42,"MPr":7.9,"MRef":1}]
,"datiDettDittaC":[
{"DD":"EXPANSCIENCE","FRF":1,"FRP":1,"CRF":1,"CRP":2,"CF":334.48,"CFD":-12.95,"CQt":16.97,"CPz":33,"CPzD":-9.34,"CPr":10.06,"CRef":12}
,{"DD":"SANOFI AVENTIS S.A.","FRF":2,"FRP":3,"CRF":2,"CRP":4,"CF":259.39,"CFD":9.42,"CQt":13.16,"CPz":27,"CPzD":0.68,"CPr":9.66,"CRef":3}
,{"DD":"ISDIN","FRF":3,"FRP":7,"CRF":4,"CRP":6,"CF":183.88,"CFD":-16.59,"CQt":9.33,"CPz":15,"CPzD":-20.21,"CPr":12.13,"CRef":4}
,{"DD":"RECKITT BENCKISER HEALTHCARE  S A","FRF":4,"FRP":5,"CRF":6,"CRP":7,"CF":140.43,"CFD":-15.17,"CQt":7.12,"CPz":11,"CPzD":-13.2,"CPr":12.48,"CRef":3}
,{"DD":"BAYER HISPANIA S.L.","FRF":5,"FRP":6,"CRF":7,"CRP":9,"CF":82.49,"CFD":-9.58,"CQt":4.18,"CPz":8,"CPzD":-3.08,"CPr":10.78,"CRef":2}
,{"DD":"LAB LETI","FRF":7,"FRP":4,"CRF":5,"CRP":5,"CF":175.35,"CFD":-11.38,"CQt":8.9,"CPz":22,"CPzD":-8.95,"CPr":8.06,"CRef":2}
,{"DD":"SUAVINEX","FRF":10,"FRP":12,"CRF":3,"CRP":3,"CF":243.41,"CFD":0.24,"CQt":12.35,"CPz":30,"CPzD":-5.39,"CPr":8.06,"CRef":10}
,{"DD":"INDAS","FRF":24,"FRP":24,"CRF":9,"CRP":1,"CF":55.81,"CFD":22.24,"CQt":2.83,"CPz":46,"CPzD":29.41,"CPr":1.22,"CRef":2}
,{"DD":"JOHNSON & JOHNSON","FRF":27,"FRP":27,"CRF":8,"CRP":10,"CF":57.35,"CFD":-6.5,"CQt":2.91,"CPz":7,"CPzD":-7.89,"CPr":8.15,"CRef":1}
,{"DD":"PIERRE FABRE IBERICA","FRF":31,"FRP":31,"CRF":10,"CRP":11,"CF":44.42,"CFD":54.2,"CQt":2.25,"CPz":5,"CPzD":85.81,"CPr":9.12,"CRef":0}]
}