{
"Merceologia":"cod.me310"
,"Tempo":"YTD"

,"datiTabRiass":[
{"F":2678.41,"M":5349.789,"C":2978.0287,"Tipo":"c","H":"dt.d0011"}
,{"F": -40.96,"M":  -1.490,"C":  -2.4500,"Tipo":"i","H":"dt.d0012"}
,{"F": 493.00,"M":1148.876,"C": 655.1091,"Tipo":"n","H":"dt.d0013"}
,{"F": -46.99,"M":  -1.050,"C":  -0.1300,"Tipo":"i","H":"dt.d0026"}]
,"datiDettDittaF":[
{"DD":"ROCHE DIAGNOSTICS","FRF":1,"FRP":4,"FF":772.51,"FFD":58.48,"FQt":34.01,"FPz":23,"FPzD":9.52,"FPr":33.59,"FRef":4,"MRF":6,"MRP":8,"CRF":6,"CRP":10}
,{"DD":"DISTROSUR","FRF":2,"FRP":2,"FF":458.7,"FFD":-35.12,"FQt":20.19,"FPz":66,"FPzD":-29.79,"FPr":6.95,"FRef":2,"MRF":27,"MRP":24,"CRF":24,"CRP":20}
,{"DD":"NOVICO MCA","FRF":3,"FRP":1,"FF":248.81,"FFD":-30.51,"FQt":10.95,"FPz":301,"FPzD":-57.37,"FPr":0.83,"FRef":13,"MRF":7,"MRP":1,"CRF":7,"CRP":2}
,{"DD":"SANDOZ FARMACEUTICA S.A.","FRF":4,"FRP":8,"FF":184.32,"FFD":28.27,"FQt":8.11,"FPz":4,"FPzD":33.33,"FPr":46.08,"FRef":2,"MRF":18,"MRP":26,"CRF":19,"CRP":26}
,{"DD":"NOVO NORDISK PHARMA","FRF":5,"FRP":6,"FF":138.5,"FFD":null,"FQt":6.1,"FPz":5,"FPzD":null,"FPr":27.7,"FRef":1,"MRF":22,"MRP":27,"CRF":25,"CRP":28}
,{"DD":"PRANAROM","FRF":6,"FRP":10,"FF":119.85,"FFD":-62.5,"FQt":5.28,"FPz":3,"FPzD":-62.5,"FPr":39.95,"FRef":1,"MRF":8,"MRP":11,"CRF":8,"CRP":13}
,{"DD":"BECTON & DICKINSON","FRF":7,"FRP":5,"FF":113.01,"FFD":15.79,"FQt":4.97,"FPz":16,"FPzD":-15.79,"FPr":7.06,"FRef":3,"MRF":3,"MRP":3,"CRF":2,"CRP":3}
,{"DD":"DIVA INTERNACIONAL S.R.L.","FRF":8,"FRP":11,"FF":70.5,"FFD":null,"FQt":3.1,"FPz":3,"FPzD":null,"FPr":23.5,"FRef":1,"MRF":29,"MRP":29,"CRF":23,"CRP":15}
,{"DD":"KEYLAB MEDICAL","FRF":9,"FRP":9,"FF":62.67,"FFD":-59.72,"FQt":2.76,"FPz":4,"FPzD":-60,"FPr":15.67,"FRef":2,"MRF":4,"MRP":6,"CRF":4,"CRP":5}
,{"DD":"HARTMANN","FRF":10,"FRP":7,"FF":48.75,"FFD":454.61,"FQt":2.15,"FPz":5,"FPzD":400,"FPr":9.75,"FRef":1,"MRF":1,"MRP":4,"CRF":1,"CRP":4}]
,"datiDettDittaM":[
{"DD":"ROCHE DIAGNOSTICS","FRF":1,"FRP":4,"MRF":6,"MRP":8,"MF":272.78,"MFD":-1.41,"MQt":5.74,"MPz":10,"MPzD":24.75,"MPr":26.27,"MRef":4}
,{"DD":"NOVICO MCA","FRF":3,"FRP":1,"MRF":7,"MRP":1,"MF":266.97,"MFD":-9.25,"MQt":5.62,"MPz":352,"MPzD":-8.51,"MPr":0.76,"MRef":27}
,{"DD":"PRANAROM","FRF":6,"FRP":10,"MRF":8,"MRP":11,"MF":243.32,"MFD":-20.89,"MQt":5.12,"MPz":6,"MPzD":-10.99,"MPr":42.79,"MRef":1}
,{"DD":"BECTON & DICKINSON","FRF":7,"FRP":5,"MRF":3,"MRP":3,"MF":458.46,"MFD":7.11,"MQt":9.65,"MPz":104,"MPzD":0.02,"MPr":4.41,"MRef":12}
,{"DD":"KEYLAB MEDICAL","FRF":9,"FRP":9,"MRF":4,"MRP":6,"MF":393.53,"MFD":-2.06,"MQt":8.28,"MPz":23,"MPzD":-1.91,"MPr":17.4,"MRef":4}
,{"DD":"HARTMANN","FRF":10,"FRP":7,"MRF":1,"MRP":4,"MF":707.24,"MFD":10.51,"MQt":14.89,"MPz":41,"MPzD":12.74,"MPr":17.37,"MRef":7}
,{"DD":"ACOFARMA DISTRIBUCIÓN S A","FRF":13,"FRP":3,"MRF":5,"MRP":2,"MF":370.81,"MFD":11.97,"MQt":7.81,"MPz":315,"MPzD":5.59,"MPr":1.18,"MRef":10}
,{"DD":"ARTSANA","FRF":16,"FRP":16,"MRF":9,"MRP":5,"MF":227.76,"MFD":-3.75,"MQt":4.79,"MPz":38,"MPzD":-2.9,"MPr":5.97,"MRef":7}
,{"DD":"COFARES","FRF":18,"FRP":18,"MRF":10,"MRP":9,"MF":176.21,"MFD":12.75,"MQt":3.71,"MPz":10,"MPzD":-7.27,"MPr":17.19,"MRef":3}
,{"DD":"PEROXFARMA","FRF":28,"FRP":28,"MRF":2,"MRP":7,"MF":508.38,"MFD":8.94,"MQt":10.7,"MPz":11,"MPzD":0.2,"MPr":45.9,"MRef":4}]
,"datiDettDittaC":[
{"DD":"ROCHE DIAGNOSTICS","FRF":1,"FRP":4,"CRF":6,"CRP":10,"CF":160.98,"CFD":-29.98,"CQt":6.03,"CPz":4,"CPzD":-29.26,"CPr":35.85,"CRef":2}
,{"DD":"NOVICO MCA","FRF":3,"FRP":1,"CRF":7,"CRP":2,"CF":147.57,"CFD":2.11,"CQt":5.52,"CPz":168,"CPzD":7.55,"CPr":0.88,"CRef":20}
,{"DD":"PRANAROM","FRF":6,"FRP":10,"CRF":8,"CRP":13,"CF":138.01,"CFD":-22.22,"CQt":5.17,"CPz":3,"CPzD":-29.18,"CPr":40.81,"CRef":1}
,{"DD":"BECTON & DICKINSON","FRF":7,"FRP":5,"CRF":2,"CRP":3,"CF":399.23,"CFD":4.49,"CQt":14.94,"CPz":81,"CPzD":4.23,"CPr":4.95,"CRef":9}
,{"DD":"KEYLAB MEDICAL","FRF":9,"FRP":9,"CRF":4,"CRP":5,"CF":198.81,"CFD":-4.01,"CQt":7.44,"CPz":12,"CPzD":-2.8,"CPr":16.67,"CRef":3}
,{"DD":"HARTMANN","FRF":10,"FRP":7,"CRF":1,"CRP":4,"CF":506.81,"CFD":9.93,"CQt":18.97,"CPz":25,"CPzD":20.51,"CPr":20.2,"CRef":6}
,{"DD":"ACOFARMA DISTRIBUCIÓN S A","FRF":13,"FRP":3,"CRF":3,"CRP":1,"CF":205.25,"CFD":-5.18,"CQt":7.68,"CPz":206,"CPzD":-11.19,"CPr":1,"CRef":8}
,{"DD":"ARTSANA","FRF":16,"FRP":16,"CRF":10,"CRP":6,"CF":68.8,"CFD":-2.99,"CQt":2.58,"CPz":10,"CPzD":-4.51,"CPr":7.1,"CRef":4}
,{"DD":"COFARES","FRF":18,"FRP":18,"CRF":9,"CRP":7,"CF":112.82,"CFD":38.66,"CQt":4.22,"CPz":7,"CPzD":30.07,"CPr":15.91,"CRef":3}
,{"DD":"PEROXFARMA","FRF":28,"FRP":28,"CRF":5,"CRP":9,"CF":178.1,"CFD":14.7,"CQt":6.67,"CPz":4,"CPzD":-10.2,"CPr":45.77,"CRef":0}]
}