{
"Merceologia":"cod.me320"
,"Tempo":"YTD"

,"datiTabRiass":[
{"F":999.26,"M":3611.2522,"C":1384.3915,"Tipo":"c","H":"dt.d0011"}
,{"F":-56.08,"M":  -5.5100,"C": -13.2700,"Tipo":"i","H":"dt.d0012"}
,{"F": 73.00,"M": 146.5243,"C": 109.5091,"Tipo":"n","H":"dt.d0013"}
,{"F":-53.80,"M":   1.8400,"C":   8.2100,"Tipo":"i","H":"dt.d0026"}]
,"datiDettDittaF":[
{"DD":"SCA HYGIENE PRODUCTS, S.L.","FRF":1,"FRP":1,"FF":559.15,"FFD":-55.24,"FQt":62.83,"FPz":34,"FPzD":-50,"FPr":16.45,"FRef":2,"MRF":2,"MRP":2,"CRF":2,"CRP":2}
,{"DD":"PROCTER & GAMBLE ESPAÑA","FRF":2,"FRP":2,"FF":150.5,"FFD":-67.84,"FQt":16.91,"FPz":18,"FPzD":-60.87,"FPr":8.36,"FRef":3,"MRF":3,"MRP":4,"CRF":8,"CRP":7}
,{"DD":"JOSÉ MESTRE","FRF":3,"FRP":3,"FF":98.61,"FFD":30.01,"FQt":11.08,"FPz":8,"FPzD":33.33,"FPr":12.33,"FRef":4,"MRF":4,"MRP":5,"CRF":6,"CRP":6}
,{"DD":"CORYSAN","FRF":4,"FRP":4,"FF":34.9,"FFD":-79.52,"FQt":3.92,"FPz":5,"FPzD":-75,"FPr":6.98,"FRef":2,"MRF":5,"MRP":3,"CRF":4,"CRP":3}
,{"DD":"HARTMANN","FRF":5,"FRP":5,"FF":19.9,"FFD":null,"FQt":2.24,"FPz":2,"FPzD":null,"FPr":9.95,"FRef":1,"MRF":11,"MRP":11,"CRF":9,"CRP":9}
,{"DD":"QUIES","FRF":6,"FRP":6,"FF":15.95,"FFD":-66.67,"FQt":1.79,"FPz":1,"FPzD":-66.67,"FPr":15.95,"FRef":1,"MRF":12,"MRP":12,"CRF":12,"CRP":12}
,{"DD":"INDAS","FRF":7,"FRP":7,"FF":10.95,"FFD":-76.4,"FQt":1.23,"FPz":1,"FPzD":-75,"FPr":10.95,"FRef":1,"MRF":1,"MRP":1,"CRF":1,"CRP":1}
,{"DD":"ACOFARMA DISTRIBUCIÓN S A","FRF":8,"FRP":8,"FF":0,"FFD":-100,"FQt":0,"FPz":0,"FPzD":-100,"FPr":null,"FRef":0,"MRF":9,"MRP":8,"CRF":11,"CRP":8}
,{"DD":"AMD (ACTIVE MEDICAL DISPOSABLE)","FRF":9,"FRP":9,"FF":0,"FFD":null,"FQt":0,"FPz":0,"FPzD":null,"FPr":null,"FRef":0,"MRF":7,"MRP":7,"CRF":3,"CRP":4}
,{"DD":"INTERAPOTHEK","FRF":10,"FRP":10,"FF":0,"FFD":null,"FQt":0,"FPz":0,"FPzD":null,"FPr":null,"FRef":0,"MRF":10,"MRP":10,"CRF":5,"CRP":5}]
,"datiDettDittaM":[
{"DD":"SCA HYGIENE PRODUCTS, S.L.","FRF":1,"FRP":1,"MRF":2,"MRP":2,"MF":117.91,"MFD":-12.83,"MQt":14.1,"MPz":8,"MPzD":-6.45,"MPr":15.42,"MRef":2}
,{"DD":"PROCTER & GAMBLE ESPAÑA","FRF":2,"FRP":2,"MRF":3,"MRP":4,"MF":57.04,"MFD":2.74,"MQt":6.82,"MPz":5,"MPzD":-7.87,"MPr":10.57,"MRef":3}
,{"DD":"JOSÉ MESTRE","FRF":3,"FRP":3,"MRF":4,"MRP":5,"MF":52.88,"MFD":1.74,"MQt":6.32,"MPz":5,"MPzD":-9.49,"MPr":9.94,"MRef":1}
,{"DD":"CORYSAN","FRF":4,"FRP":4,"MRF":5,"MRP":3,"MF":48.06,"MFD":-13.52,"MQt":5.75,"MPz":8,"MPzD":-9.7,"MPr":6.27,"MRef":3}
,{"DD":"INDAS","FRF":7,"FRP":7,"MRF":1,"MRP":1,"MF":291.87,"MFD":-5.18,"MQt":34.9,"MPz":23,"MPzD":-7.56,"MPr":12.64,"MRef":6}
,{"DD":"ACOFARMA DISTRIBUCIÓN S A","FRF":8,"FRP":8,"MRF":9,"MRP":8,"MF":11.85,"MFD":-30.4,"MQt":1.42,"MPz":2,"MPzD":-8.64,"MPr":6.19,"MRef":1}
,{"DD":"AMD (ACTIVE MEDICAL DISPOSABLE)","FRF":9,"FRP":9,"MRF":7,"MRP":7,"MF":32.85,"MFD":35.92,"MQt":3.93,"MPz":3,"MPzD":26.71,"MPr":10.26,"MRef":1}
,{"DD":"INTERAPOTHEK","FRF":10,"FRP":10,"MRF":10,"MRP":10,"MF":11.47,"MFD":-19.93,"MQt":1.37,"MPz":1,"MPzD":-36.21,"MPr":9.15,"MRef":1}
,{"DD":"LUGA","FRF":11,"FRP":11,"MRF":8,"MRP":9,"MF":24.11,"MFD":10.01,"MQt":2.88,"MPz":1,"MPzD":32.14,"MPr":22.76,"MRef":0}
,{"DD":"ONTEX ID","FRF":12,"FRP":12,"MRF":6,"MRP":6,"MF":36.74,"MFD":-7.66,"MQt":4.39,"MPz":3,"MPzD":-9.17,"MPr":12.07,"MRef":1}]
,"datiDettDittaC":[
{"DD":"SCA HYGIENE PRODUCTS, S.L.","FRF":1,"FRP":1,"CRF":2,"CRP":2,"CF":86.67,"CFD":-9.1,"CQt":18.19,"CPz":6,"CPzD":-9.84,"CPr":14.53,"CRef":2}
,{"DD":"PROCTER & GAMBLE ESPAÑA","FRF":2,"FRP":2,"CRF":8,"CRP":7,"CF":16.81,"CFD":7.97,"CQt":3.53,"CPz":1,"CPzD":-26.67,"CPr":11.56,"CRef":0}
,{"DD":"JOSÉ MESTRE","FRF":3,"FRP":3,"CRF":6,"CRP":6,"CF":21.97,"CFD":40.2,"CQt":4.61,"CPz":2,"CPzD":20.88,"CPr":9.82,"CRef":0}
,{"DD":"CORYSAN","FRF":4,"FRP":4,"CRF":4,"CRP":3,"CF":35.89,"CFD":19.85,"CQt":7.53,"CPz":6,"CPzD":7.84,"CPr":6.15,"CRef":3}
,{"DD":"HARTMANN","FRF":5,"FRP":5,"CRF":9,"CRP":9,"CF":11.64,"CFD":2194.62,"CQt":2.44,"CPz":0.745,"CPzD":1948.75,"CPr":15.61,"CRef":0}
,{"DD":"INDAS","FRF":7,"FRP":7,"CRF":1,"CRP":1,"CF":165.96,"CFD":-7.47,"CQt":34.83,"CPz":14,"CPzD":-7.78,"CPr":12.11,"CRef":3}
,{"DD":"AMD (ACTIVE MEDICAL DISPOSABLE)","FRF":9,"FRP":9,"CRF":3,"CRP":4,"CF":46.68,"CFD":1.82,"CQt":9.8,"CPz":4,"CPzD":-9.47,"CPr":10.61,"CRef":1}
,{"DD":"INTERAPOTHEK","FRF":10,"FRP":10,"CRF":5,"CRP":5,"CF":23.77,"CFD":-7.41,"CQt":4.99,"CPz":3,"CPzD":1.85,"CPr":9.14,"CRef":1}
,{"DD":"LUGA","FRF":11,"FRP":11,"CRF":7,"CRP":11,"CF":18.62,"CFD":7.37,"CQt":3.91,"CPz":0.4,"CPzD":0,"CPr":46.56,"CRef":0}
,{"DD":"ONTEX ID","FRF":12,"FRP":12,"CRF":10,"CRP":10,"CF":7.12,"CFD":-28.55,"CQt":1.49,"CPz":0.6,"CPzD":-35.29,"CPr":11.86,"CRef":0}]
}