{
"Merceologia":"cod.me330"
,"Tempo":"YTD"

,"datiTabRiass":[
{"F":10551.09,"M":10633.573,"C":5288.787,"Tipo":"c","H":"dt.d0011"}
,{"F":  -21.20,"M":    6.050,"C":   8.740,"Tipo":"i","H":"dt.d0012"}
,{"F": 2032.00,"M": 2147.524,"C":1102.236,"Tipo":"n","H":"dt.d0013"}
,{"F":  -19.20,"M":    1.820,"C":   4.480,"Tipo":"i","H":"dt.d0026"}]
,"datiDettDittaF":[
{"DD":"BSN MEDICAL","FRF":1,"FRP":1,"FF":2228.26,"FFD":-22.68,"FQt":21.71,"FPz":571,"FPzD":-24.07,"FPr":3.9,"FRef":35,"MRF":8,"MRP":9,"CRF":8,"CRP":11}
,{"DD":"JOHNSON & JOHNSON","FRF":2,"FRP":4,"FF":1361.29,"FFD":-22.12,"FQt":13.27,"FPz":177,"FPzD":-20.63,"FPr":7.69,"FRef":6,"MRF":2,"MRP":2,"CRF":2,"CRP":3}
,{"DD":"INDUSTRIAS BETER","FRF":3,"FRP":3,"FF":1129.07,"FFD":-19.4,"FQt":11,"FPz":219,"FPzD":1.39,"FPr":5.16,"FRef":25,"MRF":6,"MRP":7,"CRF":6,"CRP":7}
,{"DD":"DISTROSUR","FRF":4,"FRP":2,"FF":1012.76,"FFD":-26.95,"FQt":9.87,"FPz":300,"FPzD":-1.32,"FPr":3.38,"FRef":17,"MRF":23,"MRP":17,"CRF":20,"CRP":16}
,{"DD":"INDAS","FRF":5,"FRP":7,"FF":716.4,"FFD":1.51,"FQt":6.98,"FPz":72,"FPzD":1.41,"FPr":9.95,"FRef":1,"MRF":44,"MRP":41,"CRF":37,"CRP":43}
,{"DD":"PFIZER","FRF":6,"FRP":9,"FF":707.87,"FFD":-7.14,"FQt":6.9,"FPz":59,"FPzD":-14.49,"FPr":12,"FRef":5,"MRF":4,"MRP":10,"CRF":4,"CRP":12}
,{"DD":"HARTMANN","FRF":7,"FRP":6,"FF":607.63,"FFD":-10.31,"FQt":5.92,"FPz":106,"FPzD":-22.06,"FPr":5.73,"FRef":11,"MRF":1,"MRP":1,"CRF":1,"CRP":1}
,{"DD":"DERMOESTETICA DEL SUR","FRF":8,"FRP":16,"FF":327.32,"FFD":26.02,"FQt":3.19,"FPz":20,"FPzD":25,"FPr":16.37,"FRef":1,"MRF":54,"MRP":62,"CRF":47,"CRP":58}
,{"DD":"ACOFARMA DISTRIBUCIÓN S A","FRF":9,"FRP":5,"FF":319.66,"FFD":-64.17,"FQt":3.11,"FPz":128,"FPzD":-56.76,"FPr":2.5,"FRef":9,"MRF":3,"MRP":3,"CRF":3,"CRP":2}
,{"DD":"ORIGINAL FARMA S.L.","FRF":10,"FRP":15,"FF":275,"FFD":null,"FQt":2.68,"FPz":22,"FPzD":null,"FPr":12.5,"FRef":1,"MRF":55,"MRP":59,"CRF":61,"CRP":63}]
,"datiDettDittaM":[
{"DD":"BSN MEDICAL","FRF":1,"FRP":1,"MRF":8,"MRP":9,"MF":333.38,"MFD":0.45,"MQt":3.38,"MPz":61,"MPzD":1.15,"MPr":5.5,"MRef":22}
,{"DD":"JOHNSON & JOHNSON","FRF":2,"FRP":4,"MRF":2,"MRP":2,"MF":1597.97,"MFD":11.44,"MQt":16.19,"MPz":204,"MPzD":8.22,"MPr":7.85,"MRef":8}
,{"DD":"INDUSTRIAS BETER","FRF":3,"FRP":3,"MRF":6,"MRP":7,"MF":408.69,"MFD":13,"MQt":4.14,"MPz":73,"MPzD":11.95,"MPr":5.59,"MRef":22}
,{"DD":"PFIZER","FRF":6,"FRP":9,"MRF":4,"MRP":10,"MF":525.25,"MFD":24.27,"MQt":5.32,"MPz":50,"MPzD":22.58,"MPr":10.56,"MRef":5}
,{"DD":"HARTMANN","FRF":7,"FRP":6,"MRF":1,"MRP":1,"MF":2979.05,"MFD":10.17,"MQt":30.19,"MPz":717,"MPzD":7.06,"MPr":4.15,"MRef":90}
,{"DD":"ACOFARMA DISTRIBUCIÓN S A","FRF":9,"FRP":5,"MRF":3,"MRP":3,"MF":532.54,"MFD":16.84,"MQt":5.4,"MPz":172,"MPzD":8.57,"MPr":3.09,"MRef":35}
,{"DD":"3M ESPAÑA","FRF":13,"FRP":13,"MRF":5,"MRP":5,"MF":503.46,"MFD":-7.14,"MQt":5.1,"MPz":92,"MPzD":-1.01,"MPr":5.49,"MRef":27}
,{"DD":"BDF BEIERSDORF","FRF":19,"FRP":17,"MRF":7,"MRP":4,"MF":384.64,"MFD":14.37,"MQt":3.9,"MPz":110,"MPzD":7.11,"MPr":3.51,"MRef":31}
,{"DD":"CEDERROTH DISTREX S.A.U.","FRF":21,"FRP":20,"MRF":10,"MRP":8,"MF":209.97,"MFD":-23.25,"MQt":2.13,"MPz":70,"MPzD":-23.35,"MPr":3,"MRef":24}
,{"DD":"COFARES","FRF":40,"FRP":41,"MRF":9,"MRP":6,"MF":227.51,"MFD":16.36,"MQt":2.31,"MPz":77,"MPzD":15.33,"MPr":2.94,"MRef":15}]
,"datiDettDittaC":[
{"DD":"BSN MEDICAL","FRF":1,"FRP":1,"CRF":8,"CRP":11,"CF":150.32,"CFD":-8.86,"CQt":3.14,"CPz":23,"CPzD":-9.58,"CPr":6.5,"CRef":5}
,{"DD":"JOHNSON & JOHNSON","FRF":2,"FRP":4,"CRF":2,"CRP":3,"CF":562.52,"CFD":14.84,"CQt":11.75,"CPz":72,"CPzD":12.76,"CPr":7.78,"CRef":8}
,{"DD":"INDUSTRIAS BETER","FRF":3,"FRP":3,"CRF":6,"CRP":7,"CF":208.5,"CFD":24.17,"CQt":4.35,"CPz":37,"CPzD":22.44,"CPr":5.57,"CRef":10}
,{"DD":"PFIZER","FRF":6,"FRP":9,"CRF":4,"CRP":12,"CF":227.57,"CFD":32.04,"CQt":4.75,"CPz":22,"CPzD":24.1,"CPr":10.16,"CRef":5}
,{"DD":"HARTMANN","FRF":7,"FRP":6,"CRF":1,"CRP":1,"CF":1499.31,"CFD":14.98,"CQt":31.31,"CPz":366,"CPzD":13.22,"CPr":4.1,"CRef":74}
,{"DD":"ACOFARMA DISTRIBUCIÓN S A","FRF":9,"FRP":5,"CRF":3,"CRP":2,"CF":325.09,"CFD":16.63,"CQt":6.79,"CPz":106,"CPzD":5.23,"CPr":3.06,"CRef":23}
,{"DD":"3M ESPAÑA","FRF":13,"FRP":13,"CRF":5,"CRP":8,"CF":212.17,"CFD":-9.68,"CQt":4.43,"CPz":36,"CPzD":-7.61,"CPr":5.98,"CRef":11}
,{"DD":"BDF BEIERSDORF","FRF":19,"FRP":17,"CRF":10,"CRP":6,"CF":145.79,"CFD":-4.04,"CQt":3.04,"CPz":41,"CPzD":-9.69,"CPr":3.54,"CRef":13}
,{"DD":"CEDERROTH DISTREX S.A.U.","FRF":21,"FRP":20,"CRF":9,"CRP":5,"CF":149.62,"CFD":-7.11,"CQt":3.12,"CPz":55,"CPzD":-6.32,"CPr":2.72,"CRef":16}
,{"DD":"COFARES","FRF":40,"FRP":41,"CRF":7,"CRP":4,"CF":154.69,"CFD":52.5,"CQt":3.23,"CPz":58,"CPzD":53.07,"CPr":2.68,"CRef":11}]
}