{
"Merceologia":"cod.me360"
,"Tempo":"YTD"

,"datiTabRiass":[
{"F":3803.07,"M":13945.8361,"C":11821.5131,"Tipo":"c","H":"dt.d0011"}
,{"F":   1.92,"M":    0.5100,"C":    0.2900,"Tipo":"i","H":"dt.d0012"}
,{"F": 585.00,"M":  996.0595,"C":  697.3091,"Tipo":"n","H":"dt.d0013"}
,{"F":  -9.02,"M":   -1.2800,"C":   -0.6800,"Tipo":"i","H":"dt.d0026"}]
,"datiDettDittaF":[
{"DD":"PROCTER & GAMBLE ESPAÑA","FRF":1,"FRP":1,"FF":1560.15,"FFD":9.43,"FQt":48.76,"FPz":123,"FPzD":38.2,"FPr":12.68,"FRef":3,"MRF":6,"MRP":3,"CRF":7,"CRP":9}
,{"DD":"ROCHE DIAGNOSTICS","FRF":2,"FRP":2,"FF":682.4,"FFD":1.63,"FQt":21.33,"FPz":17,"FPzD":-29.17,"FPr":40.14,"FRef":6,"MRF":1,"MRP":2,"CRF":3,"CRP":1}
,{"DD":"MENARINI","FRF":3,"FRP":5,"FF":227.2,"FFD":64.4,"FQt":7.1,"FPz":5,"FPzD":66.67,"FPr":45.44,"FRef":2,"MRF":5,"MRP":9,"CRF":5,"CRP":7}
,{"DD":"JOHNSON & JOHNSON","FRF":4,"FRP":6,"FF":207.5,"FFD":null,"FQt":6.49,"FPz":5,"FPzD":null,"FPr":41.5,"FRef":1,"MRF":12,"MRP":24,"CRF":10,"CRP":17}
,{"DD":"BAYER HISPANIA S.L.","FRF":5,"FRP":7,"FF":139,"FFD":null,"FQt":4.34,"FPz":4,"FPzD":null,"FPr":34.75,"FRef":2,"MRF":2,"MRP":4,"CRF":2,"CRP":3}
,{"DD":"ABBOTT LABORATORIES","FRF":6,"FRP":9,"FF":132.7,"FFD":-6.35,"FQt":4.15,"FPz":2,"FPzD":0,"FPr":66.35,"FRef":2,"MRF":4,"MRP":8,"CRF":4,"CRP":6}
,{"DD":"LA ROCHE POSAY","FRF":7,"FRP":4,"FF":129.45,"FFD":-35.93,"FQt":4.05,"FPz":12,"FPzD":-57.14,"FPr":10.79,"FRef":2,"MRF":25,"MRP":26,"CRF":34,"CRP":33}
,{"DD":"B BRAUN MEDICAL","FRF":8,"FRP":10,"FF":49.58,"FFD":110.53,"FQt":1.55,"FPz":2,"FPzD":100,"FPr":24.79,"FRef":1,"MRF":41,"MRP":39,"CRF":40,"CRP":40}
,{"DD":"DISTROSUR","FRF":9,"FRP":8,"FF":29.85,"FFD":-78.57,"FQt":0.93,"FPz":3,"FPzD":-78.57,"FPr":9.95,"FRef":1,"MRF":18,"MRP":18,"CRF":18,"CRP":18}
,{"DD":"ACOFARMA DISTRIBUCIÓN S A","FRF":10,"FRP":3,"FF":20.09,"FFD":508.79,"FQt":0.63,"FPz":16,"FPzD":1500,"FPr":1.26,"FRef":2,"MRF":8,"MRP":1,"CRF":8,"CRP":4}]
,"datiDettDittaM":[
{"DD":"PROCTER & GAMBLE ESPAÑA","FRF":1,"FRP":1,"MRF":6,"MRP":3,"MF":1030.49,"MFD":6.32,"MQt":7.72,"MPz":82,"MPzD":8.48,"MPr":12.63,"MRef":4}
,{"DD":"ROCHE DIAGNOSTICS","FRF":2,"FRP":2,"MRF":1,"MRP":2,"MF":2794.23,"MFD":-0.29,"MQt":20.93,"MPz":123,"MPzD":-8.59,"MPr":22.69,"MRef":11}
,{"DD":"MENARINI","FRF":3,"FRP":5,"MRF":5,"MRP":9,"MF":1049.64,"MFD":-8.51,"MQt":7.86,"MPz":34,"MPzD":-10.41,"MPr":30.74,"MRef":5}
,{"DD":"BAYER HISPANIA S.L.","FRF":5,"FRP":7,"MRF":2,"MRP":4,"MF":2481.67,"MFD":7.18,"MQt":18.59,"MPz":80,"MPzD":3.93,"MPr":30.88,"MRef":3}
,{"DD":"ABBOTT LABORATORIES","FRF":6,"FRP":9,"MRF":4,"MRP":8,"MF":1815.71,"MFD":-0.57,"MQt":13.6,"MPz":50,"MPzD":-2.9,"MPr":36.26,"MRef":2}
,{"DD":"ACOFARMA DISTRIBUCIÓN S A","FRF":10,"FRP":3,"MRF":8,"MRP":1,"MF":275.59,"MFD":9.44,"MQt":2.06,"MPz":125,"MPzD":5.04,"MPr":2.2,"MRef":7}
,{"DD":"COFARES","FRF":15,"FRP":15,"MRF":9,"MRP":5,"MF":166.58,"MFD":23.72,"MQt":1.25,"MPz":73,"MPzD":12.86,"MPr":2.27,"MRef":8}
,{"DD":"INTERAPOTHEK","FRF":26,"FRP":26,"MRF":10,"MRP":7,"MF":160.44,"MFD":55.3,"MQt":1.2,"MPz":64,"MPzD":18.36,"MPr":2.51,"MRef":4}
,{"DD":"LIFESCAN ESPAÑA","FRF":29,"FRP":29,"MRF":3,"MRP":6,"MF":2197.41,"MFD":-1.47,"MQt":16.46,"MPz":66,"MPzD":-3.55,"MPr":33.1,"MRef":4}
,{"DD":"SANOFI AVENTIS S.A.","FRF":39,"FRP":39,"MRF":7,"MRP":11,"MF":312.66,"MFD":-25.47,"MQt":2.34,"MPz":13,"MPzD":-23.24,"MPr":24.77,"MRef":1}]
,"datiDettDittaC":[
{"DD":"PROCTER & GAMBLE ESPAÑA","FRF":1,"FRP":1,"CRF":7,"CRP":9,"CF":320.68,"CFD":-0.35,"CQt":2.79,"CPz":25,"CPzD":-1.86,"CPr":13.08,"CRef":4}
,{"DD":"ROCHE DIAGNOSTICS","FRF":2,"FRP":2,"CRF":3,"CRP":1,"CF":2002.16,"CFD":-0.61,"CQt":17.41,"CPz":97,"CPzD":-2.88,"CPr":20.56,"CRef":11}
,{"DD":"MENARINI","FRF":3,"FRP":5,"CRF":5,"CRP":7,"CF":1169.26,"CFD":-8.14,"CQt":10.17,"CPz":41,"CPzD":-10.27,"CPr":28.57,"CRef":5}
,{"DD":"JOHNSON & JOHNSON","FRF":4,"FRP":6,"CRF":10,"CRP":17,"CF":111.24,"CFD":140.65,"CQt":0.97,"CPz":3,"CPzD":175,"CPr":32.54,"CRef":1}
,{"DD":"BAYER HISPANIA S.L.","FRF":5,"FRP":7,"CRF":2,"CRP":3,"CF":2215.6,"CFD":10.07,"CQt":19.27,"CPz":77,"CPzD":8.23,"CPr":28.9,"CRef":3}
,{"DD":"ABBOTT LABORATORIES","FRF":6,"FRP":9,"CRF":4,"CRP":6,"CF":1801.6,"CFD":0.7,"CQt":15.67,"CPz":54,"CPzD":-4.22,"CPr":33.33,"CRef":2}
,{"DD":"ACOFARMA DISTRIBUCIÓN S A","FRF":10,"FRP":3,"CRF":8,"CRP":4,"CF":137.95,"CFD":-5.91,"CQt":1.2,"CPz":64,"CPzD":15.15,"CPr":2.17,"CRef":6}
,{"DD":"INTERAPOTHEK","FRF":26,"FRP":26,"CRF":9,"CRP":5,"CF":131.81,"CFD":38.51,"CQt":1.15,"CPz":64,"CPzD":23.08,"CPr":2.07,"CRef":4}
,{"DD":"LIFESCAN ESPAÑA","FRF":29,"FRP":29,"CRF":1,"CRP":2,"CF":2610.07,"CFD":-1,"CQt":22.7,"CPz":87,"CPzD":-3.04,"CPr":29.98,"CRef":4}
,{"DD":"SANOFI AVENTIS S.A.","FRF":39,"FRP":39,"CRF":6,"CRP":10,"CF":419.66,"CFD":-20.93,"CQt":3.65,"CPz":17,"CPzD":-21.49,"CPr":24.35,"CRef":1}]
}