{
"Merceologia":"cod.me380"
,"Tempo":"YTD"

,"datiTabRiass":[
{"F":1980.97,"M":2875.6250,"C":1468.8355,"Tipo":"c","H":"dt.d0011"}
,{"F":  -9.82,"M":  -4.8200,"C":  -1.6500,"Tipo":"i","H":"dt.d0012"}
,{"F": 178.00,"M": 255.9189,"C": 134.8545,"Tipo":"n","H":"dt.d0013"}
,{"F":  -6.32,"M":  -7.9700,"C":   9.4800,"Tipo":"i","H":"dt.d0026"}]
,"datiDettDittaF":[
{"DD":"OFOPAR","FRF":1,"FRP":1,"FF":577.32,"FFD":-11.87,"FQt":86.92,"FPz":74,"FPzD":-7.5,"FPr":7.8,"FRef":2,"MRF":2,"MRP":2,"CRF":4,"CRP":5}
,{"DD":"ORRAVAN","FRF":2,"FRP":2,"FF":43.2,"FFD":21.01,"FQt":6.5,"FPz":8,"FPzD":33.33,"FPr":5.4,"FRef":2,"MRF":12,"MRP":9,"CRF":12,"CRP":9}
,{"DD":"LAB RUEDA FARMA","FRF":3,"FRP":4,"FF":23.9,"FFD":null,"FQt":3.6,"FPz":2,"FPzD":null,"FPr":11.95,"FRef":1,"MRF":16,"MRP":17,"CRF":17,"CRP":17}
,{"DD":"PROHIMA INT","FRF":4,"FRP":3,"FF":19.75,"FFD":0,"FQt":2.97,"FPz":5,"FPzD":0,"FPr":3.95,"FRef":1,"MRF":18,"MRP":18,"CRF":18,"CRP":18}
,{"DD":"ACOFARMA DISTRIBUCIÓN S A","FRF":5,"FRP":5,"FF":0,"FFD":null,"FQt":0,"FPz":0,"FPzD":null,"FPr":null,"FRef":0,"MRF":1,"MRP":1,"CRF":1,"CRP":1}
,{"DD":"BAUSCH & LOMB","FRF":6,"FRP":6,"FF":0,"FFD":null,"FQt":0,"FPz":0,"FPzD":null,"FPr":null,"FRef":0,"MRF":10,"MRP":12,"CRF":16,"CRP":16}
,{"DD":"CEDERROTH DISTREX S.A.U.","FRF":7,"FRP":7,"FF":0,"FFD":null,"FQt":0,"FPz":0,"FPzD":null,"FPr":null,"FRef":0,"MRF":9,"MRP":8,"CRF":7,"CRP":7}
,{"DD":"COFARES","FRF":8,"FRP":8,"FF":0,"FFD":null,"FQt":0,"FPz":0,"FPzD":null,"FPr":null,"FRef":0,"MRF":3,"MRP":3,"CRF":2,"CRP":2}
,{"DD":"DISOP","FRF":9,"FRP":9,"FF":0,"FFD":null,"FQt":0,"FPz":0,"FPzD":null,"FPr":null,"FRef":0,"MRF":7,"MRP":7,"CRF":11,"CRP":12}
,{"DD":"DISTROSUR","FRF":10,"FRP":10,"FF":0,"FFD":null,"FQt":0,"FPz":0,"FPzD":null,"FPr":null,"FRef":0,"MRF":4,"MRP":4,"CRF":3,"CRP":3}]
,"datiDettDittaM":[
{"DD":"OFOPAR","FRF":1,"FRP":1,"MRF":2,"MRP":2,"MF":113.14,"MFD":-4.3,"MQt":18.84,"MPz":13,"MPzD":-1.8,"MPr":8.91,"MRef":3}
,{"DD":"ACOFARMA DISTRIBUCIÓN S A","FRF":5,"FRP":5,"MRF":1,"MRP":1,"MF":117.65,"MFD":3.28,"MQt":19.6,"MPz":14,"MPzD":5.33,"MPr":8.29,"MRef":2}
,{"DD":"BAUSCH & LOMB","FRF":6,"FRP":6,"MRF":10,"MRP":12,"MF":16.03,"MFD":51.86,"MQt":2.67,"MPz":1,"MPzD":1.09,"MPr":10.82,"MRef":0}
,{"DD":"CEDERROTH DISTREX S.A.U.","FRF":7,"FRP":7,"MRF":9,"MRP":8,"MF":23.48,"MFD":-6.67,"MQt":3.91,"MPz":3,"MPzD":3.16,"MPr":8.9,"MRef":2}
,{"DD":"COFARES","FRF":8,"FRP":8,"MRF":3,"MRP":3,"MF":72.26,"MFD":17.12,"MQt":12.04,"MPz":8,"MPzD":13.58,"MPr":9.33,"MRef":3}
,{"DD":"DISOP","FRF":9,"FRP":9,"MRF":7,"MRP":7,"MF":24.5,"MFD":-9.29,"MQt":4.08,"MPz":3,"MPzD":-12.74,"MPr":7.85,"MRef":1}
,{"DD":"DISTROSUR","FRF":10,"FRP":10,"MRF":4,"MRP":4,"MF":44.66,"MFD":-10.74,"MQt":7.44,"MPz":5,"MPzD":-15.53,"MPr":8.76,"MRef":1}
,{"DD":"IMPROSAN PS","FRF":12,"FRP":12,"MRF":6,"MRP":5,"MF":26.38,"MFD":146.11,"MQt":4.39,"MPz":4,"MPzD":223.14,"MPr":7.45,"MRef":2}
,{"DD":"INTERAPOTHEK","FRF":13,"FRP":13,"MRF":8,"MRP":6,"MF":24.15,"MFD":-12.68,"MQt":4.02,"MPz":4,"MPzD":-23.32,"MPr":5.44,"MRef":2}
,{"DD":"LORING","FRF":14,"FRP":14,"MRF":5,"MRP":10,"MF":33.64,"MFD":-20.09,"MQt":5.6,"MPz":2,"MPzD":-2.89,"MPr":16.82,"MRef":0}]
,"datiDettDittaC":[
{"DD":"OFOPAR","FRF":1,"FRP":1,"CRF":4,"CRP":5,"CF":13.98,"CFD":-12.54,"CQt":6.03,"CPz":1,"CPzD":-38.89,"CPr":9.61,"CRef":1}
,{"DD":"ACOFARMA DISTRIBUCIÓN S A","FRF":5,"FRP":5,"CRF":1,"CRP":1,"CF":52.73,"CFD":15.7,"CQt":22.76,"CPz":6,"CPzD":2.48,"CPr":8.46,"CRef":2}
,{"DD":"CEDERROTH DISTREX S.A.U.","FRF":7,"FRP":7,"CRF":7,"CRP":7,"CF":9.6,"CFD":61.27,"CQt":4.14,"CPz":1,"CPzD":3.77,"CPr":7.13,"CRef":1}
,{"DD":"COFARES","FRF":8,"FRP":8,"CRF":2,"CRP":2,"CF":44.64,"CFD":36.08,"CQt":19.26,"CPz":5,"CPzD":44.74,"CPr":9.33,"CRef":2}
,{"DD":"DISTROSUR","FRF":10,"FRP":10,"CRF":3,"CRP":3,"CF":21.34,"CFD":64.86,"CQt":9.21,"CPz":3,"CPzD":94.12,"CPr":8.27,"CRef":1}
,{"DD":"FARMEDCO INT","FRF":11,"FRP":11,"CRF":10,"CRP":10,"CF":6.02,"CFD":268.87,"CQt":2.6,"CPz":0.782,"CPzD":258.42,"CPr":7.7,"CRef":0}
,{"DD":"IMPROSAN PS","FRF":12,"FRP":12,"CRF":6,"CRP":6,"CF":11.16,"CFD":91.18,"CQt":4.82,"CPz":1,"CPzD":44.74,"CPr":7.97,"CRef":0}
,{"DD":"INTERAPOTHEK","FRF":13,"FRP":13,"CRF":5,"CRP":4,"CF":12.78,"CFD":-37.41,"CQt":5.52,"CPz":3,"CPzD":-27.95,"CPr":4.72,"CRef":2}
,{"DD":"LORING","FRF":14,"FRP":14,"CRF":8,"CRP":14,"CF":7.28,"CFD":209.36,"CQt":3.14,"CPz":0.345,"CPzD":89.75,"CPr":21.08,"CRef":0}
,{"DD":"TIEDRA FARMACEUTICA S L","FRF":16,"FRP":16,"CRF":9,"CRP":11,"CF":6.23,"CFD":17.69,"CQt":2.69,"CPz":0.545,"CPzD":19.9,"CPr":11.43,"CRef":0}]
}