{
"Merceologia":"cod.me410"
,"Tempo":"YTD"

,"datiTabRiass":[
{"F":1728.66,"M":3042.9676,"C":1555.0360,"Tipo":"c","H":"dt.d0011"}
,{"F":   6.14,"M":   7.9000,"C":   5.8000,"Tipo":"i","H":"dt.d0012"}
,{"F":  91.00,"M": 229.8108,"C": 112.8727,"Tipo":"n","H":"dt.d0013"}
,{"F": -24.17,"M":  -0.8800,"C":  -1.6900,"Tipo":"i","H":"dt.d0026"}]
,"datiDettDittaF":[
{"DD":"NOVARTIS","FRF":1,"FRP":1,"FF":554.76,"FFD":-4.83,"FQt":33.1,"FPz":33,"FPzD":-45,"FPr":16.81,"FRef":6,"MRF":1,"MRP":1,"CRF":1,"CRP":1}
,{"DD":"BOEHRINGER INGELHEIM, S.A.","FRF":2,"FRP":3,"FF":265.1,"FFD":232.62,"FQt":15.82,"FPz":8,"FPzD":300,"FPr":33.14,"FRef":2,"MRF":4,"MRP":13,"CRF":5,"CRP":13}
,{"DD":"VIRBAC","FRF":3,"FRP":4,"FF":133.12,"FFD":422.04,"FQt":7.94,"FPz":6,"FPzD":500,"FPr":22.19,"FRef":1,"MRF":9,"MRP":8,"CRF":11,"CRP":6}
,{"DD":"FATRO IBERICA","FRF":4,"FRP":2,"FF":125.8,"FFD":32.84,"FQt":7.51,"FPz":14,"FPzD":27.27,"FPr":8.99,"FRef":1,"MRF":23,"MRP":26,"CRF":19,"CRP":24}
,{"DD":"BIOIBERICA","FRF":5,"FRP":10,"FF":113,"FFD":-7,"FQt":6.74,"FPz":2,"FPzD":0,"FPr":56.5,"FRef":1,"MRF":28,"MRP":28,"CRF":26,"CRP":27}
,{"DD":"MERIAL","FRF":6,"FRP":7,"FF":112.4,"FFD":-57.32,"FQt":6.71,"FPz":3,"FPzD":-76.92,"FPr":37.47,"FRef":2,"MRF":2,"MRP":3,"CRF":2,"CRP":3}
,{"DD":"ELANCO","FRF":7,"FRP":11,"FF":95,"FFD":null,"FQt":5.67,"FPz":2,"FPzD":null,"FPr":47.5,"FRef":1,"MRF":22,"MRP":27,"CRF":23,"CRP":25}
,{"DD":"BAYER HISPANIA S.L.","FRF":8,"FRP":5,"FF":76.73,"FFD":97.76,"FQt":4.58,"FPz":5,"FPzD":400,"FPr":15.35,"FRef":1,"MRF":6,"MRP":7,"CRF":3,"CRP":5}
,{"DD":"ZOETIS","FRF":9,"FRP":8,"FF":60.85,"FFD":-5.73,"FQt":3.63,"FPz":3,"FPzD":-40,"FPr":20.28,"FRef":2,"MRF":3,"MRP":6,"CRF":4,"CRP":8}
,{"DD":"MSD ANIMAL HEALTH","FRF":10,"FRP":13,"FF":37.95,"FFD":null,"FQt":2.26,"FPz":1,"FPzD":null,"FPr":37.95,"FRef":1,"MRF":7,"MRP":11,"CRF":7,"CRP":9}]
,"datiDettDittaM":[
{"DD":"NOVARTIS","FRF":1,"FRP":1,"MRF":1,"MRP":1,"MF":774.73,"MFD":4.13,"MQt":28.5,"MPz":63,"MPzD":-5.79,"MPr":12.37,"MRef":4}
,{"DD":"BOEHRINGER INGELHEIM, S.A.","FRF":2,"FRP":3,"MRF":4,"MRP":13,"MF":146.78,"MFD":23.45,"MQt":5.4,"MPz":4,"MPzD":4.67,"MPr":33.9,"MRef":0}
,{"DD":"VIRBAC","FRF":3,"FRP":4,"MRF":9,"MRP":8,"MF":87.37,"MFD":40.81,"MQt":3.21,"MPz":7,"MPzD":27.96,"MPr":11.92,"MRef":1}
,{"DD":"MERIAL","FRF":6,"FRP":7,"MRF":2,"MRP":3,"MF":232.95,"MFD":4.85,"MQt":8.57,"MPz":11,"MPzD":-0.54,"MPr":20.8,"MRef":2}
,{"DD":"BAYER HISPANIA S.L.","FRF":8,"FRP":5,"MRF":6,"MRP":7,"MF":124.42,"MFD":-4.22,"MQt":4.58,"MPz":7,"MPzD":-17.04,"MPr":17.37,"MRef":1}
,{"DD":"ZOETIS","FRF":9,"FRP":8,"MRF":3,"MRP":6,"MF":209.65,"MFD":27.21,"MQt":7.71,"MPz":7,"MPzD":5.11,"MPr":29.27,"MRef":1}
,{"DD":"MSD ANIMAL HEALTH","FRF":10,"FRP":13,"MRF":7,"MRP":11,"MF":116.27,"MFD":-3.89,"MQt":4.28,"MPz":5,"MPzD":-12.82,"MPr":22.02,"MRef":0}
,{"DD":"CALIER","FRF":11,"FRP":12,"MRF":10,"MRP":5,"MF":62.91,"MFD":21.77,"MQt":2.31,"MPz":8,"MPzD":19.64,"MPr":7.62,"MRef":2}
,{"DD":"CEVA SALUD ANIMAL","FRF":16,"FRP":16,"MRF":5,"MRP":4,"MF":133.4,"MFD":48.56,"MQt":4.91,"MPz":9,"MPzD":46.83,"MPr":15.07,"MRef":1}
,{"DD":"INTERVET","FRF":20,"FRP":20,"MRF":8,"MRP":18,"MF":92.98,"MFD":4.12,"MQt":3.42,"MPz":3,"MPzD":-1.94,"MPr":30.94,"MRef":0}]
,"datiDettDittaC":[
{"DD":"NOVARTIS","FRF":1,"FRP":1,"CRF":1,"CRP":1,"CF":414.31,"CFD":23.34,"CQt":29.06,"CPz":30,"CPzD":-1.2,"CPr":14.01,"CRef":1}
,{"DD":"BOEHRINGER INGELHEIM, S.A.","FRF":2,"FRP":3,"CRF":5,"CRP":13,"CF":71.23,"CFD":49.12,"CQt":5,"CPz":2,"CPzD":32.53,"CPr":36.61,"CRef":0}
,{"DD":"MERIAL","FRF":6,"FRP":7,"CRF":2,"CRP":3,"CF":163.27,"CFD":-0.77,"CQt":11.45,"CPz":10,"CPzD":4.56,"CPr":16.66,"CRef":2}
,{"DD":"BAYER HISPANIA S.L.","FRF":8,"FRP":5,"CRF":3,"CRP":5,"CF":79.95,"CFD":-0.31,"CQt":5.61,"CPz":4,"CPzD":-22.26,"CPr":19.54,"CRef":0}
,{"DD":"ZOETIS","FRF":9,"FRP":8,"CRF":4,"CRP":8,"CF":77.41,"CFD":29.52,"CQt":5.43,"CPz":3,"CPzD":19.57,"CPr":28.2,"CRef":0}
,{"DD":"MSD ANIMAL HEALTH","FRF":10,"FRP":13,"CRF":7,"CRP":9,"CF":56.37,"CFD":-12.37,"CQt":3.95,"CPz":3,"CPzD":-1.2,"CPr":21.23,"CRef":0}
,{"DD":"CALIER","FRF":11,"FRP":12,"CRF":6,"CRP":4,"CF":57.49,"CFD":36.15,"CQt":4.03,"CPz":8,"CPzD":48.15,"CPr":7.48,"CRef":4}
,{"DD":"CEVA SALUD ANIMAL","FRF":16,"FRP":16,"CRF":10,"CRP":15,"CF":49.4,"CFD":14.8,"CQt":3.47,"CPz":2,"CPzD":1.85,"CPr":24.7,"CRef":0}
,{"DD":"INTERVET","FRF":20,"FRP":20,"CRF":8,"CRP":14,"CF":52.09,"CFD":6.18,"CQt":3.65,"CPz":2,"CPzD":8.91,"CPr":30.81,"CRef":0}
,{"DD":"VETOQUINOL","FRF":28,"FRP":28,"CRF":9,"CRP":10,"CF":49.47,"CFD":31.45,"CQt":3.47,"CPz":3,"CPzD":9.27,"CPr":17.67,"CRef":0}]
}