{
"Merceologia":"cod.me420"
,"Tempo":"YTD"

,"datiTabRiass":[
{"F":47508.56,"M":65748.843,"C":32052.349,"Tipo":"c","H":"dt.d0011"}
,{"F":    7.38,"M":   20.160,"C":   18.970,"Tipo":"i","H":"dt.d0012"}
,{"F": 6755.00,"M": 7330.514,"C": 3783.727,"Tipo":"n","H":"dt.d0013"}
,{"F":  -19.90,"M":   -0.380,"C":   -2.410,"Tipo":"i","H":"dt.d0026"}]
,"datiDettDittaF":[
{"DD":"BRILL PHARMA S L","FRF":1,"FRP":2,"FF":5148.45,"FFD":43.07,"FQt":24.15,"FPz":302,"FPzD":30.17,"FPr":17.05,"FRef":10,"MRF":1,"MRP":6,"CRF":1,"CRP":5}
,{"DD":"THEA","FRF":2,"FRP":4,"FF":2331.42,"FFD":-19.94,"FQt":10.94,"FPz":168,"FPzD":-12.95,"FPr":13.88,"FRef":2,"MRF":2,"MRP":5,"CRF":3,"CRP":6}
,{"DD":"DIAFARM","FRF":3,"FRP":1,"FF":1792.02,"FFD":-32.06,"FQt":8.41,"FPz":671,"FPzD":-31.95,"FPr":2.67,"FRef":5,"MRF":11,"MRP":2,"CRF":9,"CRP":3}
,{"DD":"ANGELINI FARMACÉUTICA S A","FRF":4,"FRP":3,"FF":1357.44,"FFD":6.99,"FQt":6.37,"FPz":229,"FPzD":-16.73,"FPr":5.93,"FRef":6,"MRF":4,"MRP":1,"CRF":4,"CRP":1}
,{"DD":"NOVARTIS","FRF":5,"FRP":6,"FF":1206.43,"FFD":-18.83,"FQt":5.66,"FPz":116,"FPzD":-21.62,"FPr":10.4,"FRef":4,"MRF":3,"MRP":4,"CRF":6,"CRP":7}
,{"DD":"RECKITT BENCKISER HEALTHCARE  S A","FRF":6,"FRP":14,"FF":877.9,"FFD":-41.06,"FQt":4.12,"FPz":36,"FPzD":-43.75,"FPr":24.39,"FRef":7,"MRF":8,"MRP":14,"CRF":10,"CRP":20}
,{"DD":"DISTROSUR","FRF":7,"FRP":5,"FF":859.43,"FFD":1.56,"FQt":4.03,"FPz":165,"FPzD":4.43,"FPr":5.21,"FRef":2,"MRF":54,"MRP":46,"CRF":54,"CRP":31}
,{"DD":"ESTEVE","FRF":8,"FRP":9,"FF":778.73,"FFD":21.55,"FQt":3.65,"FPz":61,"FPzD":8.93,"FPr":12.77,"FRef":6,"MRF":5,"MRP":7,"CRF":5,"CRP":8}
,{"DD":"ALCON CUSI","FRF":9,"FRP":11,"FF":728.65,"FFD":-15.35,"FQt":3.42,"FPz":53,"FPzD":-11.67,"FPr":13.75,"FRef":5,"MRF":7,"MRP":11,"CRF":7,"CRP":10}
,{"DD":"PRANAROM","FRF":10,"FRP":15,"FF":638.9,"FFD":56.11,"FQt":3,"FPz":35,"FPzD":52.17,"FPr":18.25,"FRef":2,"MRF":16,"MRP":24,"CRF":17,"CRP":25}]
,"datiDettDittaM":[
{"DD":"BRILL PHARMA S L","FRF":1,"FRP":2,"MRF":1,"MRP":6,"MF":2172.08,"MFD":23.66,"MQt":9.3,"MPz":140,"MPzD":21.47,"MPr":15.51,"MRef":9}
,{"DD":"THEA","FRF":2,"FRP":4,"MRF":2,"MRP":5,"MF":2095.84,"MFD":9.06,"MQt":8.97,"MPz":153,"MPzD":8.18,"MPr":13.67,"MRef":3}
,{"DD":"ANGELINI FARMACÉUTICA S A","FRF":4,"FRP":3,"MRF":4,"MRP":1,"MF":1415.86,"MFD":10.34,"MQt":6.06,"MPz":304,"MPzD":-2.43,"MPr":4.65,"MRef":8}
,{"DD":"NOVARTIS","FRF":5,"FRP":6,"MRF":3,"MRP":4,"MF":1495.48,"MFD":-4.43,"MQt":6.4,"MPz":160,"MPzD":-6.61,"MPr":9.35,"MRef":9}
,{"DD":"RECKITT BENCKISER HEALTHCARE  S A","FRF":6,"FRP":14,"MRF":8,"MRP":14,"MF":878.54,"MFD":-9.97,"MQt":3.76,"MPz":42,"MPzD":-16.66,"MPr":20.94,"MRef":6}
,{"DD":"ESTEVE","FRF":8,"FRP":9,"MRF":5,"MRP":7,"MF":1349.36,"MFD":3.51,"MQt":5.78,"MPz":115,"MPzD":-2.58,"MPr":11.72,"MRef":16}
,{"DD":"ALCON CUSI","FRF":9,"FRP":11,"MRF":7,"MRP":11,"MF":990.48,"MFD":17.25,"MQt":4.24,"MPz":79,"MPzD":13.46,"MPr":12.59,"MRef":5}
,{"DD":"OMEGA PHARMA ESPAÑA, S.A.","FRF":11,"FRP":8,"MRF":9,"MRP":10,"MF":868.61,"MFD":-6.07,"MQt":3.72,"MPz":87,"MPzD":-0.18,"MPr":10.01,"MRef":11}
,{"DD":"FERRER INTERNACIONAL","FRF":17,"FRP":21,"MRF":10,"MRP":8,"MF":829.62,"MFD":-13.95,"MQt":3.55,"MPz":99,"MPzD":-17.7,"MPr":8.38,"MRef":11}
,{"DD":"CINFA","FRF":48,"FRP":35,"MRF":6,"MRP":3,"MF":1242.23,"MFD":8.15,"MQt":5.32,"MPz":181,"MPzD":5.23,"MPr":6.87,"MRef":29}]
,"datiDettDittaC":[
{"DD":"BRILL PHARMA S L","FRF":1,"FRP":2,"CRF":1,"CRP":5,"CF":1066.65,"CFD":15.05,"CQt":9.26,"CPz":69,"CPzD":15.53,"CPr":15.41,"CRef":8}
,{"DD":"THEA","FRF":2,"FRP":4,"CRF":3,"CRP":6,"CF":988.83,"CFD":3.36,"CQt":8.58,"CPz":67,"CPzD":1.29,"CPr":14.78,"CRef":3}
,{"DD":"DIAFARM","FRF":3,"FRP":1,"CRF":9,"CRP":3,"CF":367.28,"CFD":8.26,"CQt":3.19,"CPz":138,"CPzD":15.7,"CPr":2.66,"CRef":4}
,{"DD":"ANGELINI FARMACÉUTICA S A","FRF":4,"FRP":3,"CRF":4,"CRP":1,"CF":695.8,"CFD":8.62,"CQt":6.04,"CPz":171,"CPzD":-4.11,"CPr":4.06,"CRef":6}
,{"DD":"NOVARTIS","FRF":5,"FRP":6,"CRF":6,"CRP":7,"CF":637.97,"CFD":-8.1,"CQt":5.54,"CPz":67,"CPzD":-9.81,"CPr":9.51,"CRef":7}
,{"DD":"RECKITT BENCKISER HEALTHCARE  S A","FRF":6,"FRP":14,"CRF":10,"CRP":20,"CF":329.03,"CFD":-18.81,"CQt":2.86,"CPz":17,"CPzD":-20.43,"CPr":19.82,"CRef":4}
,{"DD":"ESTEVE","FRF":8,"FRP":9,"CRF":5,"CRP":8,"CF":649.96,"CFD":11.57,"CQt":5.64,"CPz":49,"CPzD":3.38,"CPr":13.22,"CRef":8}
,{"DD":"ALCON CUSI","FRF":9,"FRP":11,"CRF":7,"CRP":10,"CF":524.99,"CFD":14.82,"CQt":4.56,"CPz":39,"CPzD":9.16,"CPr":13.44,"CRef":5}
,{"DD":"OMEGA PHARMA ESPAÑA, S.A.","FRF":11,"FRP":8,"CRF":8,"CRP":9,"CF":407.04,"CFD":-1.67,"CQt":3.53,"CPz":41,"CPzD":7.69,"CPr":9.98,"CRef":9}
,{"DD":"CINFA","FRF":48,"FRP":35,"CRF":2,"CRP":2,"CF":1004.55,"CFD":-1.13,"CQt":8.72,"CPz":139,"CPzD":-3.18,"CPr":7.25,"CRef":25}]
}