{
"Merceologia":"cod.me45"
,"Tempo":"YTD"

,"datiTabRiass":[
{"F":156521.00,"M":313509.81,"C":222751.70,"Tipo":"c","H":"dt.d0011"}
,{"F":    -6.73,"M":    -0.48,"C":    -1.65,"Tipo":"i","H":"dt.d0012"}
,{"F": 14657.00,"M": 31708.23,"C": 22674.36,"Tipo":"n","H":"dt.d0013"}
,{"F":    -7.87,"M":     1.30,"C":     0.84,"Tipo":"i","H":"dt.d0026"}]
,"datiDettDittaF":[
{"DD":"LILLY","FRF":1,"FRP":34,"FF":13274.39,"FFD":63.42,"FQt":8.92,"FPz":117,"FPzD":40.96,"FPr":113.46,"FRef":5,"MRF":25,"MRP":89,"CRF":28,"CRP":88}
,{"DD":"PFIZER","FRF":2,"FRP":1,"FF":11095.87,"FFD":-5.16,"FQt":7.45,"FPz":1341,"FPzD":-10.72,"FPr":8.27,"FRef":40,"MRF":4,"MRP":2,"CRF":3,"CRP":2}
,{"DD":"MSD","FRF":3,"FRP":3,"FF":10192.14,"FFD":-27.61,"FQt":6.85,"FPz":754,"FPzD":-10.98,"FPr":13.52,"FRef":42,"MRF":3,"MRP":5,"CRF":4,"CRP":5}
,{"DD":"BAYER HISPANIA S.L.","FRF":4,"FRP":6,"FF":5862.28,"FFD":-32.87,"FQt":3.94,"FPz":519,"FPzD":-13.21,"FPr":11.3,"FRef":41,"MRF":15,"MRP":16,"CRF":20,"CRP":20}
,{"DD":"MENARINI","FRF":5,"FRP":2,"FF":5614.72,"FFD":-2.06,"FQt":3.77,"FPz":804,"FPzD":4.28,"FPr":6.98,"FRef":35,"MRF":5,"MRP":1,"CRF":6,"CRP":3}
,{"DD":"FAES FARMA","FRF":6,"FRP":5,"FF":5206.1,"FFD":-13.95,"FQt":3.5,"FPz":534,"FPzD":-15.51,"FPr":9.75,"FRef":27,"MRF":8,"MRP":9,"CRF":11,"CRP":9}
,{"DD":"JANSSEN-CILAG","FRF":7,"FRP":27,"FF":4729.22,"FFD":-25.22,"FQt":3.18,"FPz":153,"FPzD":-24.26,"FPr":30.91,"FRef":9,"MRF":17,"MRP":42,"CRF":18,"CRP":44}
,{"DD":"NOVARTIS","FRF":8,"FRP":11,"FF":4581.12,"FFD":-41.71,"FQt":3.08,"FPz":337,"FPzD":-17.8,"FPr":13.59,"FRef":27,"MRF":1,"MRP":10,"CRF":1,"CRP":11}
,{"DD":"GLAXO SMITHKLINE","FRF":9,"FRP":12,"FF":4508.84,"FFD":-23.77,"FQt":3.03,"FPz":334,"FPzD":-17.94,"FPr":13.5,"FRef":33,"MRF":2,"MRP":8,"CRF":2,"CRP":10}
,{"DD":"ITALFARMACO","FRF":10,"FRP":8,"FF":3706.93,"FFD":-11.74,"FQt":2.49,"FPz":480,"FPzD":-16.08,"FPr":7.72,"FRef":20,"MRF":6,"MRP":4,"CRF":7,"CRP":4}]
,"datiDettDittaM":[
{"DD":"PFIZER","FRF":2,"FRP":1,"MRF":4,"MRP":2,"MF":14015.31,"MFD":-5.6,"MQt":4.7,"MPz":1509,"MPzD":-2.75,"MPr":9.29,"MRef":70}
,{"DD":"MSD","FRF":3,"FRP":3,"MRF":3,"MRP":5,"MF":16010.83,"MFD":-17.16,"MQt":5.37,"MPz":1248,"MPzD":-2.86,"MPr":12.83,"MRef":52}
,{"DD":"MENARINI","FRF":5,"FRP":2,"MRF":5,"MRP":1,"MF":11654.36,"MFD":2.85,"MQt":3.91,"MPz":1646,"MPzD":7.6,"MPr":7.08,"MRef":54}
,{"DD":"FAES FARMA","FRF":6,"FRP":5,"MRF":8,"MRP":9,"MF":9104.29,"MFD":3.5,"MQt":3.05,"MPz":942,"MPzD":3.54,"MPr":9.67,"MRef":46}
,{"DD":"NOVARTIS","FRF":8,"FRP":11,"MRF":1,"MRP":10,"MF":19442.8,"MFD":-1.84,"MQt":6.52,"MPz":841,"MPzD":3,"MPr":23.13,"MRef":38}
,{"DD":"GLAXO SMITHKLINE","FRF":9,"FRP":12,"MRF":2,"MRP":8,"MF":16635.65,"MFD":-8.07,"MQt":5.58,"MPz":964,"MPzD":1.69,"MPr":17.26,"MRef":48}
,{"DD":"ITALFARMACO","FRF":10,"FRP":8,"MRF":6,"MRP":4,"MF":10283.62,"MFD":5.24,"MQt":3.45,"MPz":1369,"MPzD":2.33,"MPr":7.51,"MRef":30}
,{"DD":"ALMIRALL S.A.","FRF":11,"FRP":9,"MRF":9,"MRP":6,"MF":8899.81,"MFD":1.01,"MQt":2.98,"MPz":1084,"MPzD":1.43,"MPr":8.21,"MRef":33}
,{"DD":"ASTRAZENECA FARMACEUTICA SPAIN","FRF":13,"FRP":19,"MRF":10,"MRP":20,"MF":7827.77,"MFD":1.32,"MQt":2.62,"MPz":505,"MPzD":9.45,"MPr":15.51,"MRef":19}
,{"DD":"ASTELLAS PHARMA","FRF":15,"FRP":35,"MRF":7,"MRP":29,"MF":10034.14,"MFD":-5.45,"MQt":3.36,"MPz":328,"MPzD":2.86,"MPr":30.62,"MRef":19}]
,"datiDettDittaC":[
{"DD":"PFIZER","FRF":2,"FRP":1,"CRF":3,"CRP":2,"CF":10029.01,"CFD":-9.87,"CQt":4.78,"CPz":1075,"CPzD":-3.4,"CPr":9.33,"CRef":62}
,{"DD":"MSD","FRF":3,"FRP":3,"CRF":4,"CRP":5,"CF":9463.67,"CFD":-22.76,"CQt":4.51,"CPz":729,"CPzD":-5.06,"CPr":12.97,"CRef":46}
,{"DD":"MENARINI","FRF":5,"FRP":2,"CRF":6,"CRP":3,"CF":7929.86,"CFD":-1.46,"CQt":3.78,"CPz":1035,"CPzD":4.41,"CPr":7.66,"CRef":49}
,{"DD":"NOVARTIS","FRF":8,"FRP":11,"CRF":1,"CRP":11,"CF":14560.21,"CFD":0.54,"CQt":6.95,"CPz":588,"CPzD":3.42,"CPr":24.77,"CRef":38}
,{"DD":"GLAXO SMITHKLINE","FRF":9,"FRP":12,"CRF":2,"CRP":10,"CF":11248.91,"CFD":-12.22,"CQt":5.37,"CPz":610,"CPzD":1.02,"CPr":18.43,"CRef":41}
,{"DD":"ITALFARMACO","FRF":10,"FRP":8,"CRF":7,"CRP":4,"CF":6499.79,"CFD":4.82,"CQt":3.1,"CPz":872,"CPzD":1.59,"CPr":7.45,"CRef":27}
,{"DD":"ALMIRALL S.A.","FRF":11,"FRP":9,"CRF":9,"CRP":6,"CF":5915.06,"CFD":-1.18,"CQt":2.82,"CPz":712,"CPzD":0.5,"CPr":8.31,"CRef":32}
,{"DD":"ASTELLAS PHARMA","FRF":15,"FRP":35,"CRF":5,"CRP":30,"CF":8074.78,"CFD":-3.05,"CQt":3.85,"CPz":250,"CPzD":4.41,"CPr":32.36,"CRef":15}
,{"DD":"GRÜNENTHAL PHARMA","FRF":17,"FRP":17,"CRF":10,"CRP":18,"CF":5877.84,"CFD":-38.18,"CQt":2.8,"CPz":397,"CPzD":-8.46,"CPr":14.82,"CRef":21}
,{"DD":"ESTEVE","FRF":32,"FRP":18,"CRF":8,"CRP":13,"CF":6209.48,"CFD":-5.07,"CQt":2.96,"CPz":541,"CPzD":-5,"CPr":11.48,"CRef":43}]
}