{
"Merceologia":"cod.me260"
,"Tempo":"MAT"

,"datiTabRiass":[
{"F":9995.13,"M":8374.5699,"C":4187.9282,"Tipo":"c","H":"dt.d0011"}
,{"F": -11.70,"M":   2.2100,"C":   0.3700,"Tipo":"i","H":"dt.d0012"}
,{"F":1137.00,"M": 939.5784,"C": 484.1455,"Tipo":"n","H":"dt.d0013"}
,{"F":  -9.19,"M":  -1.1700,"C":  -1.8800,"Tipo":"i","H":"dt.d0026"}]
,"datiDettDittaF":[
{"DD":"SCA HYGIENE PRODUCTS, S.L.","FRF":1,"FRP":1,"FF":3506.62,"FFD":-23.6,"FQt":37.18,"FPz":370,"FPzD":-17.59,"FPr":9.48,"FRef":17,"MRF":1,"MRP":1,"CRF":3,"CRP":3}
,{"DD":"DERMOFARM","FRF":2,"FRP":3,"FF":1232.98,"FFD":22.57,"FQt":13.07,"FPz":107,"FPzD":20.22,"FPr":11.52,"FRef":12,"MRF":4,"MRP":5,"CRF":6,"CRP":9}
,{"DD":"ISDIN","FRF":3,"FRP":5,"FF":636.59,"FFD":-10.08,"FQt":6.75,"FPz":51,"FPzD":-12.07,"FPr":12.48,"FRef":5,"MRF":5,"MRP":7,"CRF":5,"CRP":5}
,{"DD":"PROCARE HEALTH IBERIA","FRF":4,"FRP":10,"FF":591.72,"FFD":-14.46,"FQt":6.27,"FPz":22,"FPzD":-12,"FPr":26.9,"FRef":4,"MRF":7,"MRP":13,"CRF":9,"CRP":15}
,{"DD":"PROCTER & GAMBLE ESPAÑA","FRF":5,"FRP":2,"FF":422.32,"FFD":98.78,"FQt":4.48,"FPz":139,"FPzD":87.84,"FPr":3.04,"FRef":4,"MRF":12,"MRP":3,"CRF":16,"CRP":6}
,{"DD":"ITALFARMACO","FRF":6,"FRP":9,"FF":324.85,"FFD":-2.28,"FQt":3.44,"FPz":24,"FPzD":4.35,"FPr":13.54,"FRef":4,"MRF":2,"MRP":4,"CRF":4,"CRP":4}
,{"DD":"INDAS","FRF":7,"FRP":6,"FF":317.59,"FFD":78.77,"FQt":3.37,"FPz":49,"FPzD":75,"FPr":6.48,"FRef":3,"MRF":3,"MRP":2,"CRF":2,"CRP":1}
,{"DD":"DIAFARM","FRF":8,"FRP":4,"FF":307.25,"FFD":-2.78,"FQt":3.26,"FPz":66,"FPzD":0,"FPr":4.66,"FRef":3,"MRF":25,"MRP":19,"CRF":39,"CRP":25}
,{"DD":"EUROLAB FARMA","FRF":9,"FRP":14,"FF":299.5,"FFD":900,"FQt":3.18,"FPz":10,"FPzD":900,"FPr":29.95,"FRef":4,"MRF":15,"MRP":23,"CRF":12,"CRP":21}
,{"DD":"GYNEA LABORATORIOS","FRF":10,"FRP":8,"FF":230.83,"FFD":-22.32,"FQt":2.45,"FPz":26,"FPzD":-25.71,"FPr":8.88,"FRef":2,"MRF":8,"MRP":8,"CRF":7,"CRP":7}]
,"datiDettDittaM":[
{"DD":"SCA HYGIENE PRODUCTS, S.L.","FRF":1,"FRP":1,"MRF":1,"MRP":1,"MF":949.12,"MFD":-4.92,"MQt":12.11,"MPz":121,"MPzD":-2.33,"MPr":7.83,"MRef":21}
,{"DD":"DERMOFARM","FRF":2,"FRP":3,"MRF":4,"MRP":5,"MF":570.58,"MFD":14.39,"MQt":7.28,"MPz":53,"MPzD":15.31,"MPr":10.81,"MRef":8}
,{"DD":"ISDIN","FRF":3,"FRP":5,"MRF":5,"MRP":7,"MF":518.4,"MFD":0.6,"MQt":6.62,"MPz":44,"MPzD":2.75,"MPr":11.91,"MRef":11}
,{"DD":"PROCARE HEALTH IBERIA","FRF":4,"FRP":10,"MRF":7,"MRP":13,"MF":347.41,"MFD":25,"MQt":4.43,"MPz":16,"MPzD":27.2,"MPr":22.02,"MRef":3}
,{"DD":"ITALFARMACO","FRF":6,"FRP":9,"MRF":2,"MRP":4,"MF":704.33,"MFD":5.46,"MQt":8.99,"MPz":55,"MPzD":3.38,"MPr":12.77,"MRef":4}
,{"DD":"INDAS","FRF":7,"FRP":6,"MRF":3,"MRP":2,"MF":612.98,"MFD":-7.86,"MQt":7.82,"MPz":109,"MPzD":-5.9,"MPr":5.61,"MRef":17}
,{"DD":"GYNEA LABORATORIOS","FRF":10,"FRP":8,"MRF":8,"MRP":8,"MF":340.5,"MFD":8.37,"MQt":4.35,"MPz":38,"MPzD":6.61,"MPr":8.86,"MRef":5}
,{"DD":"CASEN RECORDATI S L","FRF":11,"FRP":12,"MRF":9,"MRP":11,"MF":329.95,"MFD":-7.2,"MQt":4.21,"MPz":19,"MPzD":-5.08,"MPr":17.74,"MRef":2}
,{"DD":"COMBE EUROPA","FRF":14,"FRP":15,"MRF":10,"MRP":10,"MF":280.21,"MFD":-9.89,"MQt":3.58,"MPz":31,"MPzD":-10.01,"MPr":9.16,"MRef":4}
,{"DD":"HARTMANN","FRF":19,"FRP":19,"MRF":6,"MRP":6,"MF":473.4,"MFD":-10.94,"MQt":6.04,"MPz":53,"MPzD":-2.95,"MPr":9.01,"MRef":13}]
,"datiDettDittaC":[
{"DD":"SCA HYGIENE PRODUCTS, S.L.","FRF":1,"FRP":1,"CRF":3,"CRP":3,"CF":354.23,"CFD":-19.93,"CQt":8.85,"CPz":50,"CPzD":-14.33,"CPr":7.13,"CRef":11}
,{"DD":"DERMOFARM","FRF":2,"FRP":3,"CRF":6,"CRP":9,"CF":206.48,"CFD":28.09,"CQt":5.16,"CPz":18,"CPzD":23.6,"CPr":11.25,"CRef":6}
,{"DD":"ISDIN","FRF":3,"FRP":5,"CRF":5,"CRP":5,"CF":267.97,"CFD":-2.24,"CQt":6.69,"CPz":22,"CPzD":0.41,"CPr":11.97,"CRef":7}
,{"DD":"PROCARE HEALTH IBERIA","FRF":4,"FRP":10,"CRF":9,"CRP":15,"CF":161.53,"CFD":14.73,"CQt":4.03,"CPz":7,"CPzD":10,"CPr":22.15,"CRef":2}
,{"DD":"ITALFARMACO","FRF":6,"FRP":9,"CRF":4,"CRP":4,"CF":336.76,"CFD":8.13,"CQt":8.41,"CPz":26,"CPzD":9.66,"CPr":13.14,"CRef":4}
,{"DD":"INDAS","FRF":7,"FRP":6,"CRF":2,"CRP":1,"CF":407.34,"CFD":5.66,"CQt":10.18,"CPz":75,"CPzD":8.5,"CPr":5.42,"CRef":15}
,{"DD":"GYNEA LABORATORIOS","FRF":10,"FRP":8,"CRF":7,"CRP":7,"CF":173.03,"CFD":5.85,"CQt":4.32,"CPz":19,"CPzD":5.66,"CPr":9.3,"CRef":2}
,{"DD":"CASEN RECORDATI S L","FRF":11,"FRP":12,"CRF":10,"CRP":12,"CF":159.59,"CFD":3.27,"CQt":3.99,"CPz":9,"CPzD":6.91,"CPr":18.36,"CRef":2}
,{"DD":"COMBE EUROPA","FRF":14,"FRP":15,"CRF":8,"CRP":10,"CF":166.52,"CFD":-11.74,"CQt":4.16,"CPz":18,"CPzD":-12.39,"CPr":9.26,"CRef":2}
,{"DD":"HARTMANN","FRF":19,"FRP":19,"CRF":1,"CRP":2,"CF":454.57,"CFD":-10.55,"CQt":11.35,"CPz":61,"CPzD":-3.06,"CPr":7.45,"CRef":13}]
}