{
"Merceologia":"cod.me390"
,"Tempo":"MAT"

,"datiTabRiass":[
{"F":3914.17,"M":7559.6091,"C":3186.5933,"Tipo":"c","H":"dt.d0011"}
,{"F":  -9.05,"M":  -3.9000,"C":  -4.5600,"Tipo":"i","H":"dt.d0012"}
,{"F": 317.00,"M": 550.3405,"C": 277.4182,"Tipo":"n","H":"dt.d0013"}
,{"F": -17.23,"M":  -3.4800,"C":  -5.2500,"Tipo":"i","H":"dt.d0026"}]
,"datiDettDittaF":[
{"DD":"3M ESPAÑA","FRF":1,"FRP":3,"FF":753.15,"FFD":365.48,"FQt":21.35,"FPz":43,"FPzD":514.29,"FPr":17.52,"FRef":16,"MRF":4,"MRP":6,"CRF":6,"CRP":8}
,{"DD":"RECKITT BENCKISER HEALTHCARE  S A","FRF":2,"FRP":1,"FF":610.24,"FFD":-54.56,"FQt":17.3,"FPz":51,"FPzD":-49.5,"FPr":11.97,"FRef":13,"MRF":2,"MRP":2,"CRF":2,"CRP":2}
,{"DD":"CINFA","FRF":3,"FRP":4,"FF":521.89,"FFD":134.03,"FQt":14.79,"FPz":27,"FPzD":107.69,"FPr":19.33,"FRef":16,"MRF":1,"MRP":1,"CRF":1,"CRP":1}
,{"DD":"BSN MEDICAL","FRF":4,"FRP":5,"FF":393.35,"FFD":7.39,"FQt":11.15,"FPz":20,"FPzD":17.65,"FPr":19.67,"FRef":12,"MRF":10,"MRP":9,"CRF":12,"CRP":13}
,{"DD":"JOHNSON & JOHNSON","FRF":5,"FRP":2,"FF":288.7,"FFD":-32.56,"FQt":8.18,"FPz":44,"FPzD":-32.31,"FPr":6.56,"FRef":4,"MRF":3,"MRP":3,"CRF":3,"CRP":3}
,{"DD":"PRO-ORTO","FRF":6,"FRP":12,"FF":156.51,"FFD":11.99,"FQt":4.44,"FPz":5,"FPzD":0,"FPr":31.3,"FRef":1,"MRF":20,"MRP":30,"CRF":17,"CRP":33}
,{"DD":"LABLOSAN","FRF":7,"FRP":6,"FF":153.29,"FFD":-8.74,"FQt":4.34,"FPz":17,"FPzD":0,"FPr":9.02,"FRef":6,"MRF":27,"MRP":27,"CRF":32,"CRP":32}
,{"DD":"LUGA","FRF":8,"FRP":8,"FF":131.05,"FFD":-2.53,"FQt":3.71,"FPz":12,"FPzD":9.09,"FPr":10.92,"FRef":5,"MRF":6,"MRP":4,"CRF":4,"CRP":5}
,{"DD":"ACOFARMA DISTRIBUCIÓN S A","FRF":9,"FRP":9,"FF":104.5,"FFD":98.22,"FQt":2.96,"FPz":11,"FPzD":120,"FPr":9.5,"FRef":1,"MRF":24,"MRP":24,"CRF":23,"CRP":23}
,{"DD":"TRUSETAL","FRF":10,"FRP":7,"FF":92.26,"FFD":53.69,"FQt":2.61,"FPz":15,"FPzD":25,"FPr":6.15,"FRef":3,"MRF":14,"MRP":16,"CRF":19,"CRP":16}]
,"datiDettDittaM":[
{"DD":"3M ESPAÑA","FRF":1,"FRP":3,"MRF":4,"MRP":6,"MF":314.06,"MFD":0.69,"MQt":6.49,"MPz":17,"MPzD":1.09,"MPr":18.74,"MRef":2}
,{"DD":"RECKITT BENCKISER HEALTHCARE  S A","FRF":2,"FRP":1,"MRF":2,"MRP":2,"MF":852.61,"MFD":-23.78,"MQt":17.61,"MPz":63,"MPzD":-22.51,"MPr":13.62,"MRef":13}
,{"DD":"CINFA","FRF":3,"FRP":4,"MRF":1,"MRP":1,"MF":1649.31,"MFD":-0.91,"MQt":34.06,"MPz":96,"MPzD":-0.68,"MPr":17.15,"MRef":19}
,{"DD":"BSN MEDICAL","FRF":4,"FRP":5,"MRF":10,"MRP":9,"MF":81.5,"MFD":-6.21,"MQt":1.68,"MPz":7,"MPzD":-3.36,"MPr":11.77,"MRef":1}
,{"DD":"JOHNSON & JOHNSON","FRF":5,"FRP":2,"MRF":3,"MRP":3,"MF":337.97,"MFD":3.1,"MQt":6.98,"MPz":51,"MPzD":1.92,"MPr":6.6,"MRef":7}
,{"DD":"LUGA","FRF":8,"FRP":8,"MRF":6,"MRP":4,"MF":235.68,"MFD":1.09,"MQt":4.87,"MPz":23,"MPzD":0.73,"MPr":10.25,"MRef":3}
,{"DD":"CEDERROTH DISTREX S.A.U.","FRF":13,"FRP":11,"MRF":9,"MRP":8,"MF":90.95,"MFD":-0.34,"MQt":1.88,"MPz":15,"MPzD":-3.68,"MPr":6.04,"MRef":4}
,{"DD":"FARMAVARI","FRF":18,"FRP":18,"MRF":7,"MRP":5,"MF":162.78,"MFD":-4.83,"MQt":3.36,"MPz":18,"MPzD":-2,"MPr":9.14,"MRef":2}
,{"DD":"ORLIMAN S.L.U.","FRF":28,"FRP":28,"MRF":8,"MRP":10,"MF":105.96,"MFD":538.66,"MQt":2.19,"MPz":5,"MPzD":440.94,"MPr":19.43,"MRef":0}
,{"DD":"PRIM","FRF":32,"FRP":32,"MRF":5,"MRP":7,"MF":280.53,"MFD":114.58,"MQt":5.79,"MPz":15,"MPzD":113.13,"MPr":18.16,"MRef":1}]
,"datiDettDittaC":[
{"DD":"3M ESPAÑA","FRF":1,"FRP":3,"CRF":6,"CRP":8,"CF":92.16,"CFD":0.11,"CQt":3.92,"CPz":5,"CPzD":3,"CPr":17.97,"CRef":0}
,{"DD":"RECKITT BENCKISER HEALTHCARE  S A","FRF":2,"FRP":1,"CRF":2,"CRP":2,"CF":399.33,"CFD":-27.74,"CQt":17,"CPz":28,"CPzD":-28.44,"CPr":14.02,"CRef":10}
,{"DD":"CINFA","FRF":3,"FRP":4,"CRF":1,"CRP":1,"CF":813.02,"CFD":-3.44,"CQt":34.61,"CPz":48,"CPzD":-2.91,"CPr":16.81,"CRef":6}
,{"DD":"JOHNSON & JOHNSON","FRF":5,"FRP":2,"CRF":3,"CRP":3,"CF":123.94,"CFD":-3.19,"CQt":5.28,"CPz":19,"CPzD":-5.09,"CPr":6.44,"CRef":7}
,{"DD":"LUGA","FRF":8,"FRP":8,"CRF":4,"CRP":5,"CF":108.18,"CFD":5.68,"CQt":4.61,"CPz":10,"CPzD":-5.5,"CPr":10.31,"CRef":1}
,{"DD":"CEDERROTH DISTREX S.A.U.","FRF":13,"FRP":11,"CRF":8,"CRP":4,"CF":71.67,"CFD":17.14,"CQt":3.05,"CPz":12,"CPzD":7.84,"CPr":5.83,"CRef":3}
,{"DD":"MEDILAST","FRF":16,"FRP":16,"CRF":10,"CRP":10,"CF":65.21,"CFD":-6.98,"CQt":2.78,"CPz":4,"CPzD":-16.98,"CPr":17.33,"CRef":0}
,{"DD":"FARMAVARI","FRF":18,"FRP":18,"CRF":5,"CRP":6,"CF":102.21,"CFD":-4.07,"CQt":4.35,"CPz":10,"CPzD":-7.87,"CPr":9.79,"CRef":1}
,{"DD":"GÉNEROS DE PUNTO GAVIOTA","FRF":23,"FRP":23,"CRF":9,"CRP":7,"CF":66.67,"CFD":50.61,"CQt":2.84,"CPz":7,"CPzD":27.06,"CPr":10.02,"CRef":0}
,{"DD":"PRIM","FRF":32,"FRP":32,"CRF":7,"CRP":9,"CF":82.65,"CFD":61.37,"CQt":3.52,"CPz":4,"CPzD":86.44,"CPr":18.94,"CRef":0}]
}