{
"Merceologia":"cod.me400"
,"Tempo":"MAT"

,"datiTabRiass":[
{"F":3121.96,"M":7823.837,"C":3010.3095,"Tipo":"c","H":"dt.d0011"}
,{"F":   3.79,"M":  -8.870,"C": -11.2600,"Tipo":"i","H":"dt.d0012"}
,{"F": 338.00,"M":1023.195,"C": 391.4182,"Tipo":"n","H":"dt.d0013"}
,{"F":  -4.25,"M": -12.860,"C": -23.3100,"Tipo":"i","H":"dt.d0026"}]
,"datiDettDittaF":[
{"DD":"SUAVINEX","FRF":1,"FRP":1,"FF":1028.69,"FFD":17.95,"FQt":60.75,"FPz":127,"FPzD":-8.63,"FPr":8.1,"FRef":45,"MRF":1,"MRP":1,"CRF":1,"CRP":1}
,{"DD":"MEDELA","FRF":2,"FRP":3,"FF":242.3,"FFD":64.05,"FQt":14.31,"FPz":11,"FPzD":10,"FPr":22.03,"FRef":8,"MRF":7,"MRP":9,"CRF":7,"CRP":9}
,{"DD":"NOVARTIS","FRF":3,"FRP":2,"FF":167.3,"FFD":-40.02,"FQt":9.88,"FPz":14,"FPzD":-50,"FPr":11.95,"FRef":2,"MRF":5,"MRP":7,"CRF":5,"CRP":5}
,{"DD":"INDUSTRIAS BETER","FRF":4,"FRP":4,"FF":99.95,"FFD":173.84,"FQt":5.9,"FPz":10,"FPzD":100,"FPr":10,"FRef":2,"MRF":19,"MRP":18,"CRF":15,"CRP":14}
,{"DD":"ARKOPHARMA","FRF":5,"FRP":5,"FF":55.8,"FFD":346.4,"FQt":3.3,"FPz":4,"FPzD":300,"FPr":13.95,"FRef":1,"MRF":14,"MRP":13,"CRF":14,"CRP":13}
,{"DD":"PROCTER & GAMBLE ESPAÑA","FRF":6,"FRP":6,"FF":36.7,"FFD":null,"FQt":2.17,"FPz":4,"FPzD":null,"FPr":9.18,"FRef":2,"MRF":9,"MRP":5,"CRF":10,"CRP":6}
,{"DD":"MAM BABY","FRF":7,"FRP":7,"FF":23,"FFD":-69.62,"FQt":1.36,"FPz":2,"FPzD":-75,"FPr":11.5,"FRef":1,"MRF":4,"MRP":4,"CRF":4,"CRP":4}
,{"DD":"BEBE INNOVA","FRF":8,"FRP":9,"FF":13.5,"FFD":null,"FQt":0.8,"FPz":1,"FPzD":null,"FPr":13.5,"FRef":1,"MRF":6,"MRP":6,"CRF":6,"CRP":7}
,{"DD":"ARAL HIG Y S","FRF":9,"FRP":10,"FF":10.83,"FFD":19.01,"FQt":0.64,"FPz":1,"FPzD":0,"FPr":10.83,"FRef":1,"MRF":18,"MRP":17,"CRF":17,"CRP":17}
,{"DD":"PHILIPS IB","FRF":10,"FRP":11,"FF":8.2,"FFD":-78.89,"FQt":0.48,"FPz":1,"FPzD":-66.67,"FPr":8.2,"FRef":1,"MRF":8,"MRP":8,"CRF":8,"CRP":8}]
,"datiDettDittaM":[
{"DD":"SUAVINEX","FRF":1,"FRP":1,"MRF":1,"MRP":1,"MF":2395.47,"MFD":-6.64,"MQt":37.15,"MPz":336,"MPzD":-11.61,"MPr":7.13,"MRef":80}
,{"DD":"MEDELA","FRF":2,"FRP":3,"MRF":7,"MRP":9,"MF":305.98,"MFD":-15.4,"MQt":4.74,"MPz":15,"MPzD":-12.57,"MPr":20.15,"MRef":5}
,{"DD":"NOVARTIS","FRF":3,"FRP":2,"MRF":5,"MRP":7,"MF":369.63,"MFD":-17.48,"MQt":5.73,"MPz":39,"MPzD":-19.04,"MPr":9.47,"MRef":3}
,{"DD":"PROCTER & GAMBLE ESPAÑA","FRF":6,"FRP":6,"MRF":9,"MRP":5,"MF":148.91,"MFD":193.48,"MQt":2.31,"MPz":49,"MPzD":44.42,"MPr":3.01,"MRef":5}
,{"DD":"MAM BABY","FRF":7,"FRP":7,"MRF":4,"MRP":4,"MF":576.79,"MFD":-1.8,"MQt":8.94,"MPz":62,"MPzD":-5.28,"MPr":9.27,"MRef":21}
,{"DD":"BEBE INNOVA","FRF":8,"FRP":9,"MRF":6,"MRP":6,"MF":361.63,"MFD":-18.94,"MQt":5.61,"MPz":42,"MPzD":-19.53,"MPr":8.51,"MRef":12}
,{"DD":"PHILIPS IB","FRF":10,"FRP":11,"MRF":8,"MRP":8,"MF":223.91,"MFD":-14.4,"MQt":3.47,"MPz":24,"MPzD":-8.23,"MPr":9.49,"MRef":2}
,{"DD":"ROCHE DIAGNOSTICS","FRF":11,"FRP":8,"MRF":2,"MRP":2,"MF":813.9,"MFD":-11.99,"MQt":12.62,"MPz":121,"MPzD":-21.69,"MPr":6.74,"MRef":30}
,{"DD":"ARTSANA","FRF":13,"FRP":13,"MRF":10,"MRP":10,"MF":123.91,"MFD":-13.46,"MQt":1.92,"MPz":14,"MPzD":-17.88,"MPr":9.17,"MRef":1}
,{"DD":"INDAS","FRF":16,"FRP":16,"MRF":3,"MRP":3,"MF":654.37,"MFD":23.61,"MQt":10.15,"MPz":102,"MPzD":22.96,"MPr":6.41,"MRef":5}]
,"datiDettDittaC":[
{"DD":"SUAVINEX","FRF":1,"FRP":1,"CRF":1,"CRP":1,"CF":1015.41,"CFD":-4.92,"CQt":40.56,"CPz":145,"CPzD":-11.05,"CPr":7.01,"CRef":57}
,{"DD":"MEDELA","FRF":2,"FRP":3,"CRF":7,"CRP":9,"CF":77.76,"CFD":-16.34,"CQt":3.11,"CPz":5,"CPzD":0.73,"CPr":17.11,"CRef":1}
,{"DD":"NOVARTIS","FRF":3,"FRP":2,"CRF":5,"CRP":5,"CF":155.8,"CFD":-9.23,"CQt":6.22,"CPz":16,"CPzD":-12,"CPr":9.83,"CRef":3}
,{"DD":"PROCTER & GAMBLE ESPAÑA","FRF":6,"FRP":6,"CRF":10,"CRP":6,"CF":34.57,"CFD":112.57,"CQt":1.38,"CPz":10,"CPzD":-1.26,"CPr":3.49,"CRef":2}
,{"DD":"MAM BABY","FRF":7,"FRP":7,"CRF":4,"CRP":4,"CF":204.22,"CFD":4.42,"CQt":8.16,"CPz":21,"CPzD":-2.04,"CPr":9.58,"CRef":3}
,{"DD":"BEBE INNOVA","FRF":8,"FRP":9,"CRF":6,"CRP":7,"CF":84.8,"CFD":-30.12,"CQt":3.39,"CPz":9,"CPzD":-33.11,"CPr":8.97,"CRef":1}
,{"DD":"PHILIPS IB","FRF":10,"FRP":11,"CRF":8,"CRP":8,"CF":69.27,"CFD":-0.95,"CQt":2.77,"CPz":7,"CPzD":-6.78,"CPr":10,"CRef":0}
,{"DD":"ROCHE DIAGNOSTICS","FRF":11,"FRP":8,"CRF":2,"CRP":2,"CF":390.09,"CFD":-13.59,"CQt":15.58,"CPz":56,"CPzD":-56.21,"CPr":7.01,"CRef":7}
,{"DD":"ARTSANA","FRF":13,"FRP":13,"CRF":9,"CRP":10,"CF":45.15,"CFD":-32.52,"CQt":1.8,"CPz":5,"CPzD":-37.5,"CPr":8.97,"CRef":0}
,{"DD":"INDAS","FRF":16,"FRP":16,"CRF":3,"CRP":3,"CF":236.81,"CFD":15.06,"CQt":9.46,"CPz":39,"CPzD":22.08,"CPr":6.04,"CRef":5}]
}