{
"Merceologia":"cod.me70"
,"Tempo":"MAT"

,"datiTabRiass":[
{"F":178786.36,"M":195852.29,"C":106584.89,"Tipo":"c","H":"dt.d0011"}
,{"F":   -11.55,"M":     2.93,"C":     1.29,"Tipo":"i","H":"dt.d0012"}
,{"F": 14467.00,"M": 18779.09,"C": 10336.42,"Tipo":"n","H":"dt.d0013"}
,{"F":   -11.67,"M":     0.44,"C":    -1.69,"Tipo":"i","H":"dt.d0026"}]
,"datiDettDittaF":[
{"DD":"ABOCA SpA SOCIETA' AGRICOLA","FRF":1,"FRP":1,"FF":22796.97,"FFD":-14.93,"FQt":12.99,"FPz":1749,"FPzD":-13.88,"FPr":13.03,"FRef":67,"MRF":1,"MRP":1,"CRF":1,"CRP":1}
,{"DD":"PILEJE SLU","FRF":2,"FRP":5,"FF":11837.93,"FFD":-31.64,"FQt":6.74,"FPz":639,"FPzD":-31.58,"FPr":18.53,"FRef":30,"MRF":23,"MRP":38,"CRF":30,"CRP":44}
,{"DD":"BAYER HISPANIA S.L.","FRF":3,"FRP":2,"FF":10883.66,"FFD":-13.11,"FQt":6.2,"FPz":975,"FPzD":-14.62,"FPr":11.16,"FRef":45,"MRF":3,"MRP":4,"CRF":5,"CRP":5}
,{"DD":"APOTECA NATURA","FRF":4,"FRP":4,"FF":9012.77,"FFD":1.06,"FQt":5.13,"FPz":647,"FPzD":3.19,"FPr":13.93,"FRef":19,"MRF":5,"MRP":8,"CRF":2,"CRP":6}
,{"DD":"PLANTA MEDICA Srl","FRF":5,"FRP":6,"FF":7510.48,"FFD":-40.45,"FQt":4.28,"FPz":611,"FPzD":-38.47,"FPr":12.29,"FRef":15,"MRF":13,"MRP":16,"CRF":9,"CRP":11}
,{"DD":"ZAMBON","FRF":6,"FRP":3,"FF":6290.08,"FFD":3.17,"FQt":3.58,"FPz":810,"FPzD":-0.12,"FPr":7.77,"FRef":14,"MRF":4,"MRP":2,"CRF":4,"CRP":3}
,{"DD":"PRANAROM","FRF":7,"FRP":8,"FF":6128.61,"FFD":-17.8,"FQt":3.49,"FPz":511,"FPzD":-20.16,"FPr":11.99,"FRef":24,"MRF":11,"MRP":11,"CRF":12,"CRP":12}
,{"DD":"JOHNSON & JOHNSON","FRF":8,"FRP":9,"FF":5879.88,"FFD":1.81,"FQt":3.35,"FPz":502,"FPzD":5.91,"FPr":11.71,"FRef":25,"MRF":2,"MRP":3,"CRF":3,"CRP":2}
,{"DD":"HEEL ESPAÑA","FRF":9,"FRP":18,"FF":5314.75,"FFD":-7.17,"FQt":3.03,"FPz":230,"FPzD":-31.75,"FPr":23.11,"FRef":28,"MRF":19,"MRP":28,"CRF":20,"CRP":30}
,{"DD":"NOVARTIS","FRF":10,"FRP":11,"FF":4904.86,"FFD":18.66,"FQt":2.79,"FPz":354,"FPzD":-11.94,"FPr":13.86,"FRef":17,"MRF":9,"MRP":10,"CRF":7,"CRP":9}]
,"datiDettDittaM":[
{"DD":"ABOCA SpA SOCIETA' AGRICOLA","FRF":1,"FRP":1,"MRF":1,"MRP":1,"MF":22663.94,"MFD":0.81,"MQt":11.93,"MPz":1833,"MPzD":-0.95,"MPr":12.37,"MRef":75}
,{"DD":"BAYER HISPANIA S.L.","FRF":3,"FRP":2,"MRF":3,"MRP":4,"MF":9097.3,"MFD":1.65,"MQt":4.79,"MPz":957,"MPzD":-2.11,"MPr":9.51,"MRef":71}
,{"DD":"APOTECA NATURA","FRF":4,"FRP":4,"MRF":5,"MRP":8,"MF":8180.13,"MFD":26.21,"MQt":4.3,"MPz":614,"MPzD":24.21,"MPr":13.33,"MRef":21}
,{"DD":"ZAMBON","FRF":6,"FRP":3,"MRF":4,"MRP":2,"MF":8786.9,"MFD":17.75,"MQt":4.62,"MPz":1083,"MPzD":18.69,"MPr":8.12,"MRef":18}
,{"DD":"JOHNSON & JOHNSON","FRF":8,"FRP":9,"MRF":2,"MRP":3,"MF":10738.99,"MFD":6.82,"MQt":5.65,"MPz":1080,"MPzD":1.59,"MPr":9.94,"MRef":45}
,{"DD":"NOVARTIS","FRF":10,"FRP":11,"MRF":9,"MRP":10,"MF":5494.98,"MFD":-2.68,"MQt":2.89,"MPz":561,"MPzD":-2.84,"MPr":9.8,"MRef":22}
,{"DD":"URIACH","FRF":11,"FRP":10,"MRF":7,"MRP":6,"MF":5818.52,"MFD":4.9,"MQt":3.06,"MPz":733,"MPzD":-0.17,"MPr":7.93,"MRef":76}
,{"DD":"ALMIRALL S.A.","FRF":14,"FRP":14,"MRF":10,"MRP":9,"MF":5373.72,"MFD":5.45,"MQt":2.83,"MPz":573,"MPzD":0.46,"MPr":9.38,"MRef":18}
,{"DD":"BOEHRINGER INGELHEIM, S.A.","FRF":17,"FRP":12,"MRF":8,"MRP":7,"MF":5752.96,"MFD":-5.3,"MQt":3.03,"MPz":684,"MPzD":-8.42,"MPr":8.41,"MRef":39}
,{"DD":"CINFA","FRF":38,"FRP":24,"MRF":6,"MRP":5,"MF":5911.2,"MFD":7.77,"MQt":3.11,"MPz":857,"MPzD":4.47,"MPr":6.9,"MRef":67}]
,"datiDettDittaC":[
{"DD":"ABOCA SpA SOCIETA' AGRICOLA","FRF":1,"FRP":1,"CRF":1,"CRP":1,"CF":15974.79,"CFD":2.92,"CQt":15.38,"CPz":1260,"CPzD":0.87,"CPr":12.68,"CRef":73}
,{"DD":"BAYER HISPANIA S.L.","FRF":3,"FRP":2,"CRF":5,"CRP":5,"CF":4259.06,"CFD":-1.35,"CQt":4.1,"CPz":459,"CPzD":-5.85,"CPr":9.27,"CRef":52}
,{"DD":"APOTECA NATURA","FRF":4,"FRP":4,"CRF":2,"CRP":6,"CF":6005.7,"CFD":23.99,"CQt":5.78,"CPz":449,"CPzD":20.66,"CPr":13.38,"CRef":21}
,{"DD":"PLANTA MEDICA Srl","FRF":5,"FRP":6,"CRF":9,"CRP":11,"CF":2970.17,"CFD":-0.83,"CQt":2.86,"CPz":248,"CPzD":-1.79,"CPr":11.97,"CRef":18}
,{"DD":"ZAMBON","FRF":6,"FRP":3,"CRF":4,"CRP":3,"CF":4504.73,"CFD":13.38,"CQt":4.34,"CPz":550,"CPzD":13.39,"CPr":8.19,"CRef":17}
,{"DD":"JOHNSON & JOHNSON","FRF":8,"FRP":9,"CRF":3,"CRP":2,"CF":5285.47,"CFD":7.7,"CQt":5.09,"CPz":552,"CPzD":1.85,"CPr":9.58,"CRef":29}
,{"DD":"NOVARTIS","FRF":10,"FRP":11,"CRF":7,"CRP":9,"CF":3228.54,"CFD":-8.1,"CQt":3.11,"CPz":326,"CPzD":-7.69,"CPr":9.91,"CRef":16}
,{"DD":"URIACH","FRF":11,"FRP":10,"CRF":8,"CRP":7,"CF":3000.08,"CFD":1.08,"CQt":2.89,"CPz":390,"CPzD":-3,"CPr":7.69,"CRef":53}
,{"DD":"ALMIRALL S.A.","FRF":14,"FRP":14,"CRF":10,"CRP":10,"CF":2936.61,"CFD":2.3,"CQt":2.83,"CPz":314,"CPzD":-2.68,"CPr":9.35,"CRef":15}
,{"DD":"CINFA","FRF":38,"FRP":24,"CRF":6,"CRP":4,"CF":3595.98,"CFD":-1.26,"CQt":3.46,"CPz":514,"CPzD":-3.57,"CPr":7,"CRef":57}]
}