{
 "TIT":"cod.me390","ISF2V":[{"min": 240, "max": 1170}],"ISP2V":[{"min": 240, "max":1170 }]   ,"ISF2":[{"name": "lb.l0006","series": [{ "name":"lb.l0052","value":800.13 },{ "name":"lb.l0053","value":785.27 },{ "name":"lb.l0054","value":995.12 },{ "name":"lb.l0055","value":844.18 },{ "name":"lb.l0056","value":1082.81 },{ "name":"lb.l0057","value":840.2 },{ "name":"lb.l0058","value":1159 },{ "name":"lb.l0059","value":835.04 },{ "name":"lb.l0060","value":790.96 },{ "name":"lb.l0061","value":698.88 },{ "name":"lb.l0062","value":901.3 },{ "name":"lb.l0063","value":818.2 }]},{"name": "lb.l0007","series": [{ "name":"lb.l0052","value":834.050162162162 },{ "name":"lb.l0053","value":790.770702702703 },{ "name":"lb.l0054","value":918.17827027027 },{ "name":"lb.l0055","value":792.202432432432 },{ "name":"lb.l0056","value":948.194216216216 },{ "name":"lb.l0057","value":1014.20021621622 },{ "name":"lb.l0058","value":1161.03102702703 },{ "name":"lb.l0059","value":1057.07935135135 },{ "name":"lb.l0060","value":891.226594594595 },{ "name":"lb.l0061","value":835.82054054054 },{ "name":"lb.l0062","value":704.218918918919 },{ "name":"lb.l0063","value":686.600594594595 }]},{"name": "lb.l0008","series": [{ "name":"lb.l0052","value":478.376909090909 },{ "name":"lb.l0053","value":440.125272727273 },{ "name":"lb.l0054","value":523.203636363636 },{ "name":"lb.l0055","value":386.925454545455 },{ "name":"lb.l0056","value":477.115818181818 },{ "name":"lb.l0057","value":490.025636363636 },{ "name":"lb.l0058","value":531.638727272727 },{ "name":"lb.l0059","value":441.840545454545 },{ "name":"lb.l0060","value":412.867272727273 },{ "name":"lb.l0061","value":407.047818181818 },{ "name":"lb.l0062","value":352.911272727273 },{ "name":"lb.l0063","value":346.708363636364 }]}] ,"ISF1":[ {"name": "lb.l0040","series": [{"name":"2019","value":800.13},{"name":"2018","value":1009.36}]},{"name": "lb.l0041","series": [{"name":"2019","value":1585.4},{"name":"2018","value":2042.29}]},{"name": "lb.l0042","series": [{"name":"2019","value":2580.52},{"name":"2018","value":3292.24}]},{"name": "lb.l0043","series": [{"name":"2019","value":3424.7},{"name":"2018","value":4229.22}]},{"name": "lb.l0044","series": [{"name":"2019","value":4507.51},{"name":"2018","value":5463.33}]},{"name": "lb.l0045","series": [{"name":"2019","value":5347.71},{"name":"2018","value":6851.09}]},{"name": "lb.l0046","series": [{"name":"2019","value":6506.71},{"name":"2018","value":8251.51}]},{"name": "lb.l0047","series": [{"name":"2019","value":7341.75},{"name":"2018","value":9179.66}]},{"name": "lb.l0048","series": [{"name":"2019","value":8132.71},{"name":"2018","value":10274.53}]},{"name": "lb.l0049","series": [{"name":"2019","value":8831.59},{"name":"2018","value":11429.59}]},{"name": "lb.l0050","series": [{"name":"2019","value":9732.89},{"name":"2018","value":12561.2}]},{"name": "lb.l0051","series": [{"name":"2019","value":10551.09},{"name":"2018","value":13389.71}]}],"DTP":[{"PD":"txt.tMAT","TF":[{"name": "cod.me390","value":10551.09}],"TM":[{"name": "cod.me390","value":10633.573027027}],"TC":[{"name": "cod.me390","value":5288.78672727273}],"DT":[{"H": "cod.me390","FFt":10551.09,"FFtD":-21.2,"FQt":100,"FPz":2032,"FPzD":-19.2,"FPr":5.19,"MFt":10633.57,"MFtD":6.05,"MQt":100,"MPz":2148,"MPzD":1.82,"MPr":4.95,"CFt":5288.787,"CFtD":8.74,"CQt":100,"CPz":1102,"CPzD":4.48,"CPr":4.8,"Hid":390}]},{"PD":"txt.tYTD","TF":[{"name": "cod.me390","value":10551.09}],"TM":[{"name": "cod.me390","value":10633.573027027}],"TC":[{"name": "cod.me390","value":5288.78672727273}],"DT":[{"H": "cod.me390","FFt":10551.09,"FFtD":-21.2,"FQt":100,"FPz":2032,"FPzD":-19.2,"FPr":5.19,"MFt":10633.57,"MFtD":6.05,"MQt":100,"MPz":2148,"MPzD":1.82,"MPr":4.95,"CFt":5288.787,"CFtD":8.74,"CQt":100,"CPz":1102,"CPzD":4.48,"CPr":4.8,"Hid":390}]},{"PD":"txt.tBIM","TF":[{"name": "cod.me390","value":1719.5}],"TM":[{"name": "cod.me390","value":1390.81951351351}],"TC":[{"name": "cod.me390","value":699.619636363636}],"DT":[{"H": "cod.me390","FFt":1719.5,"FFtD":-12.28,"FQt":100,"FPz":294,"FPzD":-13.02,"FPr":5.85,"MFt":1390.82,"MFtD":-11.99,"MQt":100,"MPz":288,"MPzD":0.77,"MPr":4.83,"CFt":699.6196,"CFtD":-16.57,"CQt":100,"CPz":156,"CPzD":7.5,"CPr":4.48,"Hid":390}]},{"PD":"txt.t12/12/2019","TF":[{"name": "cod.me390","value":818.2}],"TM":[{"name": "cod.me390","value":686.600594594595}],"TC":[{"name": "cod.me390","value":346.708363636364}],"DT":[{"H": "cod.me390","FFt":818.2,"FFtD":-1.24,"FQt":100,"FPz":151,"FPzD":0,"FPr":5.42,"MFt":686.6006,"MFtD":-14.25,"MQt":100,"MPz":143,"MPzD":-0.68,"MPr":4.81,"CFt":346.7084,"CFtD":-16.42,"CQt":100,"CPz":76,"CPzD":7.13,"CPr":4.53,"Hid":390}]}]}