{
 "TIT":"cod.me470","ISF2V":[{"min": 0, "max": 100}],"ISP2V":[{"min": 0, "max":100 }]   ,"ISF2":[{"name": "lb.l0006","series": [{ "name":"lb.l0052","value":0 },{ "name":"lb.l0053","value":0 },{ "name":"lb.l0054","value":15.5 },{ "name":"lb.l0055","value":17.5 },{ "name":"lb.l0056","value":0 },{ "name":"lb.l0057","value":0 },{ "name":"lb.l0058","value":0 },{ "name":"lb.l0059","value":0 },{ "name":"lb.l0060","value":0 },{ "name":"lb.l0061","value":0 },{ "name":"lb.l0062","value":0 },{ "name":"lb.l0063","value":0 }]},{"name": "lb.l0007","series": [{ "name":"lb.l0052","value":51.7003243243243 },{ "name":"lb.l0053","value":49.3401621621622 },{ "name":"lb.l0054","value":52.4676216216216 },{ "name":"lb.l0055","value":62.3523783783784 },{ "name":"lb.l0056","value":78.5274594594595 },{ "name":"lb.l0057","value":83.126 },{ "name":"lb.l0058","value":90.482 },{ "name":"lb.l0059","value":45.4088108108108 },{ "name":"lb.l0060","value":29.5171891891892 },{ "name":"lb.l0061","value":25.1386486486487 },{ "name":"lb.l0062","value":21.9969189189189 },{ "name":"lb.l0063","value":29.8398918918919 }]},{"name": "lb.l0008","series": [{ "name":"lb.l0052","value":19.0463636363636 },{ "name":"lb.l0053","value":17.4487272727273 },{ "name":"lb.l0054","value":19.272 },{ "name":"lb.l0055","value":23.2090909090909 },{ "name":"lb.l0056","value":33.6974545454545 },{ "name":"lb.l0057","value":46.4414545454545 },{ "name":"lb.l0058","value":52.1283636363636 },{ "name":"lb.l0059","value":8.95563636363636 },{ "name":"lb.l0060","value":9.39 },{ "name":"lb.l0061","value":7.35418181818182 },{ "name":"lb.l0062","value":11.02 },{ "name":"lb.l0063","value":9.534 }]}] ,"ISF1":[ {"name": "lb.l0040","series": [{"name":"2019","value":0},{"name":"2018","value":0}]},{"name": "lb.l0041","series": [{"name":"2019","value":0},{"name":"2018","value":0}]},{"name": "lb.l0042","series": [{"name":"2019","value":15.5},{"name":"2018","value":0}]},{"name": "lb.l0043","series": [{"name":"2019","value":33},{"name":"2018","value":0}]},{"name": "lb.l0044","series": [{"name":"2019","value":33},{"name":"2018","value":0}]},{"name": "lb.l0045","series": [{"name":"2019","value":33},{"name":"2018","value":0}]},{"name": "lb.l0046","series": [{"name":"2019","value":33},{"name":"2018","value":0}]},{"name": "lb.l0047","series": [{"name":"2019","value":33},{"name":"2018","value":0}]},{"name": "lb.l0048","series": [{"name":"2019","value":33},{"name":"2018","value":0}]},{"name": "lb.l0049","series": [{"name":"2019","value":33},{"name":"2018","value":7.39}]},{"name": "lb.l0050","series": [{"name":"2019","value":33},{"name":"2018","value":7.39}]},{"name": "lb.l0051","series": [{"name":"2019","value":33},{"name":"2018","value":7.39}]}],"DTP":[{"PD":"txt.tMAT","TF":[{"name": "cod.me470","value":33}],"TM":[{"name": "cod.me470","value":619.897405405405}],"TC":[{"name": "cod.me470","value":257.497272727273}],"DT":[{"H": "cod.me470","FFt":33,"FFtD":346.55,"FQt":100,"FPz":2,"FPzD":100,"FPr":16.5,"MFt":619.8974,"MFtD":-18.14,"MQt":100,"MPz":15,"MPzD":-16.16,"MPr":42.04,"CFt":257.4973,"CFtD":-39.9,"CQt":100,"CPz":6,"CPzD":-38.55,"CPr":41.9,"Hid":470}]},{"PD":"txt.tYTD","TF":[{"name": "cod.me470","value":33}],"TM":[{"name": "cod.me470","value":619.897405405405}],"TC":[{"name": "cod.me470","value":257.497272727273}],"DT":[{"H": "cod.me470","FFt":33,"FFtD":346.55,"FQt":100,"FPz":2,"FPzD":100,"FPr":16.5,"MFt":619.8974,"MFtD":-18.14,"MQt":100,"MPz":15,"MPzD":-16.16,"MPr":42.04,"CFt":257.4973,"CFtD":-39.9,"CQt":100,"CPz":6,"CPzD":-38.55,"CPr":41.9,"Hid":470}]},{"PD":"txt.tBIM","TF":[{"name": "cod.me470","value":0}],"TM":[{"name": "cod.me470","value":51.8368108108108}],"TC":[{"name": "cod.me470","value":20.554}],"DT":[{"H": "cod.me470","FFt":0,"FFtD":0,"FQt":null,"FPz":0,"FPzD":0,"FPr":null,"MFt":51.83681,"MFtD":-52.33,"MQt":100,"MPz":1,"MPzD":-49.6,"MPr":38.51,"CFt":20.554,"CFtD":-65.29,"CQt":100,"CPz":1,"CPzD":-55.56,"CPr":35.33,"Hid":470}]},{"PD":"txt.t12/12/2019","TF":[{"name": "cod.me470","value":0}],"TM":[{"name": "cod.me470","value":29.8398918918919}],"TC":[{"name": "cod.me470","value":9.534}],"DT":[{"H": "cod.me470","FFt":0,"FFtD":0,"FQt":null,"FPz":0,"FPzD":0,"FPr":null,"MFt":29.83989,"MFtD":-44.14,"MQt":100,"MPz":1,"MPzD":-48.63,"MPr":42.14,"CFt":9.534,"CFtD":-70.25,"CQt":100,"CPz":0,"CPzD":-62.86,"CPr":40.34,"Hid":470}]}]}