{
 "TIT":"cod.me50","ISF2V":[{"min": 4610, "max": 20610}],"ISP2V":[{"min": 4610, "max":20610 }]   ,"ISF2":[{"name": "lb.l0006","series": [{ "name":"lb.l0052","value":8274.76 },{ "name":"lb.l0053","value":7333.76 },{ "name":"lb.l0054","value":7198.06 },{ "name":"lb.l0055","value":8202.58 },{ "name":"lb.l0056","value":7743.68 },{ "name":"lb.l0057","value":7473.07 },{ "name":"lb.l0058","value":9504.42 },{ "name":"lb.l0059","value":6592.17 },{ "name":"lb.l0060","value":7413.63 },{ "name":"lb.l0061","value":8541.24 },{ "name":"lb.l0062","value":7677.62 },{ "name":"lb.l0063","value":7823.62 }]},{"name": "lb.l0007","series": [{ "name":"lb.l0052","value":20410.0036216216 },{ "name":"lb.l0053","value":18136.106972973 },{ "name":"lb.l0054","value":19820.5835135135 },{ "name":"lb.l0055","value":19939.8605405405 },{ "name":"lb.l0056","value":20408.7124324324 },{ "name":"lb.l0057","value":18706.5992432432 },{ "name":"lb.l0058","value":20606.521027027 },{ "name":"lb.l0059","value":19221.9095675676 },{ "name":"lb.l0060","value":18784.5886486486 },{ "name":"lb.l0061","value":20124.9715675676 },{ "name":"lb.l0062","value":18780.4823783784 },{ "name":"lb.l0063","value":19516.9695135135 }]},{"name": "lb.l0008","series": [{ "name":"lb.l0052","value":15427.2892727273 },{ "name":"lb.l0053","value":13663.1025454545 },{ "name":"lb.l0054","value":14968.9167272727 },{ "name":"lb.l0055","value":14770.5805454545 },{ "name":"lb.l0056","value":15537.4456363636 },{ "name":"lb.l0057","value":14078.4467272727 },{ "name":"lb.l0058","value":15364.3907272727 },{ "name":"lb.l0059","value":13963.5385454545 },{ "name":"lb.l0060","value":14183.4492727273 },{ "name":"lb.l0061","value":15369.262 },{ "name":"lb.l0062","value":14193.558 },{ "name":"lb.l0063","value":14257.6047272727 }]}] ,"ISF1":[ {"name": "lb.l0040","series": [{"name":"2019","value":8274.76},{"name":"2018","value":8378.23}]},{"name": "lb.l0041","series": [{"name":"2019","value":15608.52},{"name":"2018","value":16309.17}]},{"name": "lb.l0042","series": [{"name":"2019","value":22806.58},{"name":"2018","value":23321.14}]},{"name": "lb.l0043","series": [{"name":"2019","value":31009.16},{"name":"2018","value":30210.9}]},{"name": "lb.l0044","series": [{"name":"2019","value":38752.84},{"name":"2018","value":37769.08}]},{"name": "lb.l0045","series": [{"name":"2019","value":46225.91},{"name":"2018","value":45235.76}]},{"name": "lb.l0046","series": [{"name":"2019","value":55730.33},{"name":"2018","value":53312.77}]},{"name": "lb.l0047","series": [{"name":"2019","value":62322.5},{"name":"2018","value":59622.54}]},{"name": "lb.l0048","series": [{"name":"2019","value":69736.13},{"name":"2018","value":67003.28}]},{"name": "lb.l0049","series": [{"name":"2019","value":78277.37},{"name":"2018","value":75206.98}]},{"name": "lb.l0050","series": [{"name":"2019","value":85954.99},{"name":"2018","value":82898.59}]},{"name": "lb.l0051","series": [{"name":"2019","value":93778.61},{"name":"2018","value":89848.76}]}],"DTP":[{"PD":"txt.tMAT","TF":[{"name": "cod.me50","value":93778.61}],"TM":[{"name": "cod.me50","value":234457.309027027}],"TC":[{"name": "cod.me50","value":175777.584727273}],"DT":[{"H": "cod.me50","FFt":93778.61,"FFtD":4.37,"FQt":100,"FPz":15007,"FPzD":-5.23,"FPr":6.25,"MFt":234457.3,"MFtD":3.44,"MQt":100,"MPz":39449,"MPzD":0.99,"MPr":5.94,"CFt":175777.6,"CFtD":2.79,"CQt":100,"CPz":27850,"CPzD":0.33,"CPr":6.31,"Hid":50}]},{"PD":"txt.tYTD","TF":[{"name": "cod.me50","value":93778.61}],"TM":[{"name": "cod.me50","value":234457.309027027}],"TC":[{"name": "cod.me50","value":175777.584727273}],"DT":[{"H": "cod.me50","FFt":93778.61,"FFtD":4.37,"FQt":100,"FPz":15007,"FPzD":-5.23,"FPr":6.25,"MFt":234457.3,"MFtD":3.44,"MQt":100,"MPz":39449,"MPzD":0.99,"MPr":5.94,"CFt":175777.6,"CFtD":2.79,"CQt":100,"CPz":27850,"CPzD":0.33,"CPr":6.31,"Hid":50}]},{"PD":"txt.tBIM","TF":[{"name": "cod.me50","value":15501.24}],"TM":[{"name": "cod.me50","value":38297.4518918919}],"TC":[{"name": "cod.me50","value":28451.1627272727}],"DT":[{"H": "cod.me50","FFt":15501.24,"FFtD":5.87,"FQt":100,"FPz":2519,"FPzD":-3.67,"FPr":6.15,"MFt":38297.45,"MFtD":1.16,"MQt":100,"MPz":6394,"MPzD":-1.6,"MPr":5.99,"CFt":28451.16,"CFtD":-0.1,"CQt":100,"CPz":4460,"CPzD":-2.34,"CPr":6.38,"Hid":50}]},{"PD":"txt.t12/12/2019","TF":[{"name": "cod.me50","value":7823.62}],"TM":[{"name": "cod.me50","value":19516.9695135135}],"TC":[{"name": "cod.me50","value":14257.6047272727}],"DT":[{"H": "cod.me50","FFt":7823.62,"FFtD":12.57,"FQt":100,"FPz":1276,"FPzD":-1.47,"FPr":6.13,"MFt":19516.97,"MFtD":1.91,"MQt":100,"MPz":3257,"MPzD":-1.12,"MPr":5.99,"CFt":14257.6,"CFtD":1.06,"CQt":100,"CPz":2244,"CPzD":-1.07,"CPr":6.35,"Hid":50}]}]}