{"datiDettRefF":[
{"DP":"FUCUS VESICULOSUS INJ. 100 AMP","DD":"HEEL ESPAÑA","FRF":1,"FRP":10,"FF":901.1,"FFD":270.37,"FQt":13.68,"FPz":7,"FPzD":250,"FPr":128.73,"MRF":58,"MRP":65,"CRF":65,"CRP":65}
,{"DP":"REMEDIO HOMEOPATICO SIN MARCA","DD":"","FRF":2,"FRP":1,"FF":795.08,"FFD":-4.05,"FQt":12.07,"FPz":135,"FPzD":-7.53,"FPr":5.89,"MRF":1,"MRP":1,"CRF":1,"CRP":1}
,{"DP":"LYMPHOMIOSOT HEEL 100 AMP","DD":"HEEL ESPAÑA","FRF":3,"FRP":15,"FF":628,"FFD":166.21,"FQt":9.53,"FPz":5,"FPzD":150,"FPr":125.6,"MRF":52,"MRP":64,"CRF":64,"CRP":64}
,{"DP":"HEEL LYMPHOMYOSOT  GOT 100 ML","DD":"HEEL ESPAÑA","FRF":4,"FRP":16,"FF":540,"FFD":69.12,"FQt":8.2,"FPz":5,"FPzD":66.67,"FPr":108,"MRF":44,"MRP":54,"CRF":49,"CRP":51}
,{"DP":"OSCILLOCOCCINUM 30 DOSIS","DD":"BOIRON","FRF":5,"FRP":5,"FF":513.6,"FFD":-51.07,"FQt":7.8,"FPz":17,"FPzD":-51.43,"FPr":30.21,"MRF":2,"MRP":9,"CRF":3,"CRP":9}
,{"DP":"SEDATIF PC 90 COMPRIMIDOS","DD":"BOIRON","FRF":6,"FRP":2,"FF":502.31,"FFD":26.99,"FQt":7.63,"FPz":42,"FPzD":27.27,"FPr":11.96,"MRF":4,"MRP":3,"CRF":4,"CRP":3}
,{"DP":"TRAUMEEL S HEEL POMADA 100 G","DD":"HEEL ESPAÑA","FRF":7,"FRP":4,"FF":300.42,"FFD":-63,"FQt":4.56,"FPz":18,"FPzD":-62.5,"FPr":16.69,"MRF":3,"MRP":2,"CRF":2,"CRP":2}
,{"DP":"TRAUMEEL S 50 COMPRIMIDOS","DD":"HEEL ESPAÑA","FRF":8,"FRP":3,"FF":258.8,"FFD":-56.85,"FQt":3.93,"FPz":19,"FPzD":-57.78,"FPr":13.62,"MRF":5,"MRP":8,"CRF":5,"CRP":4}
,{"DP":"HEEL NERVOHEEL 50 COMP","DD":"HEEL ESPAÑA","FRF":9,"FRP":6,"FF":243.12,"FFD":-30.31,"FQt":3.69,"FPz":15,"FPzD":-34.78,"FPr":16.21,"MRF":11,"MRP":10,"CRF":10,"CRP":10}
,{"DP":"HEEL PACK DETOXIFICACION","DD":"HEEL ESPAÑA","FRF":10,"FRP":17,"FF":187.75,"FFD":-61.54,"FQt":2.85,"FPz":5,"FPzD":-61.54,"FPr":37.55,"MRF":10,"MRP":19,"CRF":7,"CRP":14}
,{"DP":"HEEL VERTIGOHEEL 50 COMP","DD":"HEEL ESPAÑA","FRF":11,"FRP":7,"FF":138.44,"FFD":-19.04,"FQt":2.1,"FPz":9,"FPzD":-25,"FPr":15.38,"MRF":12,"MRP":11,"CRF":13,"CRP":15}
,{"DP":"NUX VOMICA-HOMACCORD 100ML GOT","DD":"HEEL ESPAÑA","FRF":12,"FRP":22,"FF":110.7,"FFD":208.36,"FQt":1.68,"FPz":3,"FPzD":200,"FPr":36.9,"MRF":54,"MRP":60,"CRF":53,"CRP":55}
,{"DP":"FUCUS HEEL INJ 50 AMP","DD":"HEEL ESPAÑA","FRF":13,"FRP":35,"FF":110,"FFD":null,"FQt":1.67,"FPz":1,"FPzD":null,"FPr":110,"MRF":66,"MRP":66,"CRF":66,"CRP":66}
,{"DP":"HEEL OCULOHEEL 15 MONODOSIS","DD":"HEEL ESPAÑA","FRF":14,"FRP":8,"FF":100,"FFD":-57.63,"FQt":1.52,"FPz":9,"FPzD":-59.09,"FPr":11.11,"MRF":24,"MRP":22,"CRF":21,"CRP":21}
,{"DP":"EUPHORBIUM COMPOSITUM SPRAY NASAL","DD":"","FRF":15,"FRP":11,"FF":99.75,"FFD":0,"FQt":1.51,"FPz":7,"FPzD":0,"FPr":14.25,"MRF":22,"MRP":21,"CRF":27,"CRP":30}
,{"DP":"IGNADIN CONDUCTUM SOLUCION ORAL 50 ML","DD":"HELIOSAR SPAGYRICA","FRF":16,"FRP":19,"FF":87,"FFD":250.1,"FQt":1.32,"FPz":4,"FPzD":300,"FPr":21.75,"MRF":53,"MRP":52,"CRF":51,"CRP":52}
,{"DP":"LABCATAL","DD":"","FRF":17,"FRP":20,"FF":76.26,"FFD":-74.56,"FQt":1.16,"FPz":4,"FPzD":-73.33,"FPr":19.06,"MRF":28,"MRP":30,"CRF":37,"CRP":39}
,{"DP":"SPASCUPREEL 50 COMPRIMIDOS","DD":"HEEL ESPAÑA","FRF":18,"FRP":18,"FF":74.75,"FFD":-67.21,"FQt":1.13,"FPz":5,"FPzD":-68.75,"FPr":14.95,"MRF":15,"MRP":14,"CRF":14,"CRP":16}
,{"DP":"SEDATIF PC 2 GR","DD":"BOIRON","FRF":19,"FRP":12,"FF":71.29,"FFD":49.77,"FQt":1.08,"FPz":6,"FPzD":50,"FPr":11.88,"MRF":45,"MRP":44,"CRF":19,"CRP":19}
,{"DP":"SOMINGEL RELAXIUM SOLUCION ORAL 50 ML","DD":"HELIOSAR SPAGYRICA","FRF":20,"FRP":23,"FF":57.6,"FFD":200,"FQt":0.87,"FPz":3,"FPzD":200,"FPr":19.2,"MRF":42,"MRP":48,"CRF":31,"CRP":35}
,{"DP":"HOMEOVOX 40 COMP","DD":"BOIRON","FRF":21,"FRP":13,"FF":54.2,"FFD":-36.46,"FQt":0.82,"FPz":6,"FPzD":-40,"FPr":9.03,"MRF":19,"MRP":17,"CRF":24,"CRP":22}
,{"DP":"SALES DE SCHUSSLER","DD":"","FRF":22,"FRP":9,"FF":52.03,"FFD":null,"FQt":0.79,"FPz":8,"FPzD":null,"FPr":6.5,"MRF":21,"MRP":18,"CRF":23,"CRP":20}
,{"DP":"EXPECTODHU 200 ML JARABE","DD":"DHU IBERICA S A","FRF":23,"FRP":14,"FF":48.46,"FFD":-70.66,"FQt":0.74,"FPz":6,"FPzD":-66.67,"FPr":8.08,"MRF":9,"MRP":7,"CRF":11,"CRP":8}
,{"DP":"VALERIANA-HEEL GOTAS 30 ML","DD":"HEEL ESPAÑA","FRF":24,"FRP":24,"FF":48.3,"FFD":null,"FQt":0.73,"FPz":3,"FPzD":null,"FPr":16.1,"MRF":61,"MRP":59,"CRF":56,"CRP":57}
,{"DP":"HEEL NUX VOMICA HOMA GTS 30 ML","DD":"HEEL ESPAÑA","FRF":25,"FRP":25,"FF":44.85,"FFD":3.22,"FQt":0.68,"FPz":3,"FPzD":0,"FPr":14.95,"MRF":57,"MRP":53,"CRF":47,"CRP":49}]
,"datiDettRefM":[
{"DP":"REMEDIO HOMEOPATICO SIN MARCA","DD":"","FRF":2,"FRP":1,"MRF":1,"MRP":1,"MF":1192.08,"MFD":-24.08,"MQt":24.16,"MPz":166,"MPzD":-18.01,"MPr":7.17}
,{"DP":"OSCILLOCOCCINUM 30 DOSIS","DD":"BOIRON","FRF":5,"FRP":5,"MRF":2,"MRP":9,"MF":370.95,"MFD":-14.15,"MQt":7.52,"MPz":13,"MPzD":-12.39,"MPr":29.12}
,{"DP":"TRAUMEEL S HEEL POMADA 100 G","DD":"HEEL ESPAÑA","FRF":7,"FRP":4,"MRF":3,"MRP":2,"MF":344.17,"MFD":-12.9,"MQt":6.97,"MPz":21,"MPzD":-11.96,"MPr":16.69}
,{"DP":"SEDATIF PC 90 COMPRIMIDOS","DD":"BOIRON","FRF":6,"FRP":2,"MRF":4,"MRP":3,"MF":239.51,"MFD":-4.51,"MQt":4.85,"MPz":20,"MPzD":-5.66,"MPr":11.91}
,{"DP":"TRAUMEEL S 50 COMPRIMIDOS","DD":"HEEL ESPAÑA","FRF":8,"FRP":3,"MRF":5,"MRP":8,"MF":194.75,"MFD":-16.23,"MQt":3.95,"MPz":15,"MPzD":-15.19,"MPr":13.29}
,{"DP":"EUPHRALIA GOTAS OCULARES UNIDOSIS 20 VIALES","DD":"BOIRON","FRF":32,"FRP":28,"MRF":6,"MRP":4,"MF":184.54,"MFD":12.49,"MQt":3.74,"MPz":18,"MPzD":7.7,"MPr":10.29}
,{"DP":"TRAUMEEL S HEEL POMADA 50 G","DD":"HEEL ESPAÑA","FRF":30,"FRP":27,"MRF":7,"MRP":5,"MF":172.07,"MFD":-15.13,"MQt":3.49,"MPz":16,"MPzD":-14.77,"MPr":10.9}
,{"DP":"STODAL JBE HOMEOPATICO BOIRON","DD":"BOIRON","FRF":47,"FRP":47,"MRF":8,"MRP":6,"MF":163.65,"MFD":-19.76,"MQt":3.32,"MPz":16,"MPzD":-25.14,"MPr":10.01}
,{"DP":"EXPECTODHU 200 ML JARABE","DD":"DHU IBERICA S A","FRF":23,"FRP":14,"MRF":9,"MRP":7,"MF":159.33,"MFD":-30.19,"MQt":3.23,"MPz":16,"MPzD":-32.45,"MPr":10.12}
,{"DP":"HEEL PACK DETOXIFICACION","DD":"HEEL ESPAÑA","FRF":10,"FRP":17,"MRF":10,"MRP":19,"MF":134.71,"MFD":-17,"MQt":2.73,"MPz":4,"MPzD":-8.98,"MPr":37.2}
,{"DP":"HEEL NERVOHEEL 50 COMP","DD":"HEEL ESPAÑA","FRF":9,"FRP":6,"MRF":11,"MRP":10,"MF":126.34,"MFD":-11.27,"MQt":2.56,"MPz":8,"MPzD":-18.73,"MPr":15.38}
,{"DP":"HEEL VERTIGOHEEL 50 COMP","DD":"HEEL ESPAÑA","FRF":11,"FRP":7,"MRF":12,"MRP":11,"MF":92.16,"MFD":-14.04,"MQt":1.87,"MPz":6,"MPzD":-19.57,"MPr":14.76}
,{"DP":"PRODUCTOS LABOLIFE","DD":"LABOLIFE","FRF":63,"FRP":63,"MRF":13,"MRP":27,"MF":85.95,"MFD":-16.8,"MQt":1.74,"MPz":2,"MPzD":-6.33,"MPr":47.47}
,{"DP":"OSCILLOCOCCINUM 6 MONODOSIS","DD":"BOIRON","FRF":27,"FRP":26,"MRF":14,"MRP":12,"MF":77.53,"MFD":-27.65,"MQt":1.57,"MPz":6,"MPzD":-22.76,"MPr":13.69}
,{"DP":"SPASCUPREEL 50 COMPRIMIDOS","DD":"HEEL ESPAÑA","FRF":18,"FRP":18,"MRF":15,"MRP":14,"MF":66.22,"MFD":-21.84,"MQt":1.34,"MPz":5,"MPzD":-17.41,"MPr":14.51}
,{"DP":"STODAL INFANTIL JARABE","DD":"BOIRON","FRF":64,"FRP":64,"MRF":16,"MRP":13,"MF":59.77,"MFD":-26.15,"MQt":1.21,"MPz":6,"MPzD":-23.76,"MPr":10.51}
,{"DP":"AVENOC POMADA 30G","DD":"BOIRON","FRF":38,"FRP":34,"MRF":17,"MRP":15,"MF":49.21,"MFD":-10.97,"MQt":1,"MPz":5,"MPzD":-8.51,"MPr":10.12}
,{"DP":"HOMEOVOX 60 COMP","DD":"BOIRON","FRF":59,"FRP":59,"MRF":18,"MRP":16,"MF":45.78,"MFD":8.53,"MQt":0.93,"MPz":5,"MPzD":1.09,"MPr":9.32}
,{"DP":"HOMEOVOX 40 COMP","DD":"BOIRON","FRF":21,"FRP":13,"MRF":19,"MRP":17,"MF":42.57,"MFD":-4.75,"MQt":0.86,"MPz":5,"MPzD":-8.05,"MPr":8.86}
,{"DP":"ENGYSTOL N HEEL 50 COMP","DD":"HEEL ESPAÑA","FRF":54,"FRP":54,"MRF":20,"MRP":20,"MF":40.65,"MFD":-25.98,"MQt":0.82,"MPz":3,"MPzD":-23.76,"MPr":14.43}
,{"DP":"SALES DE SCHUSSLER","DD":"","FRF":22,"FRP":9,"MRF":21,"MRP":18,"MF":38.86,"MFD":-33.18,"MQt":0.79,"MPz":5,"MPzD":-41.38,"MPr":7.22}
,{"DP":"EUPHORBIUM COMPOSITUM SPRAY NASAL","DD":"","FRF":15,"FRP":11,"MRF":22,"MRP":21,"MF":37.04,"MFD":-23.78,"MQt":0.75,"MPz":3,"MPzD":-15.01,"MPr":14.77}
,{"DP":"COLIKIND DHU GRAN 10 G","DD":"DHU IBERICA S A","FRF":52,"FRP":52,"MRF":23,"MRP":28,"MF":34.84,"MFD":-36.31,"MQt":0.71,"MPz":2,"MPzD":-34.51,"MPr":18.9}
,{"DP":"HEEL OCULOHEEL 15 MONODOSIS","DD":"HEEL ESPAÑA","FRF":14,"FRP":8,"MRF":24,"MRP":22,"MF":31.11,"MFD":-35.57,"MQt":0.63,"MPz":3,"MPzD":-34.94,"MPr":10.88}
,{"DP":"HEEL VIBURCOL SOL ORAL 15 MONO","DD":"HEEL ESPAÑA","FRF":45,"FRP":45,"MRF":25,"MRP":29,"MF":29.67,"MFD":-47.42,"MQt":0.6,"MPz":2,"MPzD":-55.69,"MPr":13.01}]
,"datiDettRefC":[
{"DP":"REMEDIO HOMEOPATICO SIN MARCA","DD":"","FRF":2,"FRP":1,"CRF":1,"CRP":1,"CF":500.02,"CFD":-34.97,"CQt":26.32,"CPz":78,"CPzD":-21.43,"CPr":6.39}
,{"DP":"TRAUMEEL S HEEL POMADA 100 G","DD":"HEEL ESPAÑA","FRF":7,"FRP":4,"CRF":2,"CRP":2,"CF":149.19,"CFD":-14.2,"CQt":7.85,"CPz":9,"CPzD":-14.06,"CPr":16.68}
,{"DP":"OSCILLOCOCCINUM 30 DOSIS","DD":"BOIRON","FRF":5,"FRP":5,"CRF":3,"CRP":9,"CF":106.65,"CFD":-22.79,"CQt":5.61,"CPz":4,"CPzD":-15.06,"CPr":29.48}
,{"DP":"SEDATIF PC 90 COMPRIMIDOS","DD":"BOIRON","FRF":6,"FRP":2,"CRF":4,"CRP":3,"CF":100.12,"CFD":-11.72,"CQt":5.27,"CPz":8,"CPzD":-16.03,"CPr":12}
,{"DP":"TRAUMEEL S 50 COMPRIMIDOS","DD":"HEEL ESPAÑA","FRF":8,"FRP":3,"CRF":5,"CRP":4,"CF":90.38,"CFD":-29.69,"CQt":4.76,"CPz":7,"CPzD":-28.44,"CPr":13.12}
,{"DP":"TRAUMEEL S HEEL POMADA 50 G","DD":"HEEL ESPAÑA","FRF":30,"FRP":27,"CRF":6,"CRP":5,"CF":67.92,"CFD":-26.41,"CQt":3.58,"CPz":6,"CPzD":-29.94,"CPr":10.89}
,{"DP":"HEEL PACK DETOXIFICACION","DD":"HEEL ESPAÑA","FRF":10,"FRP":17,"CRF":7,"CRP":14,"CF":61.2,"CFD":16.94,"CQt":3.22,"CPz":2,"CPzD":41.03,"CPr":38.25}
,{"DP":"STODAL JBE HOMEOPATICO BOIRON","DD":"BOIRON","FRF":47,"FRP":47,"CRF":8,"CRP":6,"CF":60.1,"CFD":-36.66,"CQt":3.16,"CPz":6,"CPzD":-41.49,"CPr":9.96}
,{"DP":"EUPHRALIA GOTAS OCULARES UNIDOSIS 20 VIALES","DD":"BOIRON","FRF":32,"FRP":28,"CRF":9,"CRP":7,"CF":58.83,"CFD":-3.98,"CQt":3.1,"CPz":6,"CPzD":-2.94,"CPr":10.27}
,{"DP":"HEEL NERVOHEEL 50 COMP","DD":"HEEL ESPAÑA","FRF":9,"FRP":6,"CRF":10,"CRP":10,"CF":57.54,"CFD":-0.11,"CQt":3.03,"CPz":4,"CPzD":3.29,"CPr":15.67}
,{"DP":"EXPECTODHU 200 ML JARABE","DD":"DHU IBERICA S A","FRF":23,"FRP":14,"CRF":11,"CRP":8,"CF":49.39,"CFD":-31.79,"CQt":2.6,"CPz":5,"CPzD":-29.85,"CPr":10.69}
,{"DP":"OSCILLOCOCCINUM 6 MONODOSIS","DD":"BOIRON","FRF":27,"FRP":26,"CRF":12,"CRP":11,"CF":39.46,"CFD":-12.53,"CQt":2.08,"CPz":3,"CPzD":-16.67,"CPr":12.55}
,{"DP":"HEEL VERTIGOHEEL 50 COMP","DD":"HEEL ESPAÑA","FRF":11,"FRP":7,"CRF":13,"CRP":15,"CF":29.94,"CFD":-30.76,"CQt":1.58,"CPz":2,"CPzD":-33.73,"CPr":14.44}
,{"DP":"SPASCUPREEL 50 COMPRIMIDOS","DD":"HEEL ESPAÑA","FRF":18,"FRP":18,"CRF":14,"CRP":16,"CF":29.67,"CFD":-27.8,"CQt":1.56,"CPz":2,"CPzD":-30.82,"CPr":14.57}
,{"DP":"PRODUCTOS LABOLIFE","DD":"LABOLIFE","FRF":63,"FRP":63,"CRF":15,"CRP":33,"CF":27.88,"CFD":-11.88,"CQt":1.47,"CPz":0.564,"CPzD":0.06,"CPr":49.47}
,{"DP":"ENGYSTOL N HEEL 50 COMP","DD":"HEEL ESPAÑA","FRF":54,"FRP":54,"CRF":16,"CRP":17,"CF":27.1,"CFD":16.43,"CQt":1.43,"CPz":2,"CPzD":34.15,"CPr":14.9}
,{"DP":"STODAL INFANTIL JARABE","DD":"BOIRON","FRF":64,"FRP":64,"CRF":17,"CRP":12,"CF":25.85,"CFD":-45.59,"CQt":1.36,"CPz":3,"CPzD":-36.78,"CPr":10.3}
,{"DP":"HOMEOVOX 60 COMP","DD":"BOIRON","FRF":59,"FRP":59,"CRF":18,"CRP":18,"CF":21.6,"CFD":0.86,"CQt":1.14,"CPz":2,"CPzD":-21.99,"CPr":9.07}
,{"DP":"SEDATIF PC 2 GR","DD":"BOIRON","FRF":19,"FRP":12,"CRF":19,"CRP":19,"CF":21.51,"CFD":-41.53,"CQt":1.13,"CPz":2,"CPzD":-35.29,"CPr":11.95}
,{"DP":"CORYZALIA COMPRIMIDOS BOIRON","DD":"BOIRON","FRF":35,"FRP":29,"CRF":20,"CRP":13,"CF":21.19,"CFD":-9.07,"CQt":1.12,"CPz":3,"CPzD":4.43,"CPr":8.27}
,{"DP":"HEEL OCULOHEEL 15 MONODOSIS","DD":"HEEL ESPAÑA","FRF":14,"FRP":8,"CRF":21,"CRP":21,"CF":14.01,"CFD":-4.68,"CQt":0.74,"CPz":1,"CPzD":-26.67,"CPr":10.85}
,{"DP":"COLIKIND DHU GRAN 10 G","DD":"DHU IBERICA S A","FRF":52,"FRP":52,"CRF":22,"CRP":29,"CF":13.89,"CFD":-33.95,"CQt":0.73,"CPz":0.727,"CPzD":-37.52,"CPr":19.1}
,{"DP":"SALES DE SCHUSSLER","DD":"","FRF":22,"FRP":9,"CRF":23,"CRP":20,"CF":13.72,"CFD":-28.24,"CQt":0.72,"CPz":2,"CPzD":-11.29,"CPr":8.2}
,{"DP":"HOMEOVOX 40 COMP","DD":"BOIRON","FRF":21,"FRP":13,"CRF":24,"CRP":22,"CF":12.94,"CFD":-27.15,"CQt":0.68,"CPz":1,"CPzD":-54.17,"CPr":9.37}
,{"DP":"AVENOC POMADA 30G","DD":"BOIRON","FRF":38,"FRP":34,"CRF":25,"CRP":23,"CF":12.4,"CFD":-31.79,"CQt":0.65,"CPz":1,"CPzD":-48.6,"CPr":9.6}]}