{"datiDettRefF":[
{"DP":"TENA PROTECTIVE UNDERWEAR DISCREET T - MED 12 U","DD":"SCA HYGIENE PRODUCTS, S.L.","FRF":1,"FRP":8,"FF":1051.33,"FFD":36.09,"FQt":1.68,"FPz":87,"FPzD":29.85,"FPr":12.08,"MRF":676,"MRP":751,"CRF":1233,"CRP":1278}
,{"DP":"MUSTELA PACK","DD":"","FRF":2,"FRP":7,"FF":980.22,"FFD":33.1,"FQt":1.56,"FPz":88,"FPzD":151.43,"FPr":11.14,"MRF":26,"MRP":93,"CRF":28,"CRP":103}
,{"DP":"CEPILLO DENTAL ADULTO ","DD":"DENTAID","FRF":3,"FRP":1,"FF":953.91,"FFD":0.35,"FQt":1.52,"FPz":193,"FPzD":-1.53,"FPr":4.94,"MRF":7,"MRP":1,"CRF":14,"CRP":4}
,{"DP":"PHYTOCYANE","DD":"LIERAC","FRF":4,"FRP":71,"FF":820.2,"FFD":95.15,"FQt":1.31,"FPz":24,"FPzD":26.32,"FPr":34.18,"MRF":54,"MRP":311,"CRF":82,"CRP":252}
,{"DP":"LACER PACK VARIOS","DD":"LACER","FRF":5,"FRP":14,"FF":812.83,"FFD":-40.47,"FQt":1.3,"FPz":63,"FPzD":-42.73,"FPr":12.9,"MRF":22,"MRP":32,"CRF":21,"CRP":31}
,{"DP":"PHYTO COLOR TINTES","DD":"ALES GROUPE","FRF":6,"FRP":10,"FF":806.15,"FFD":-6.61,"FQt":1.28,"FPz":83,"FPzD":9.21,"FPr":9.71,"MRF":53,"MRP":67,"CRF":97,"CRP":160}
,{"DP":"GINGILACER COLUTORIO 1000 ML","DD":"LACER","FRF":7,"FRP":31,"FF":716.76,"FFD":1.21,"FQt":1.14,"FPz":41,"FPzD":-2.38,"FPr":17.48,"MRF":46,"MRP":114,"CRF":83,"CRP":156}
,{"DP":"DIVNA COSMÉTICA MAQUILLAJE","DD":"","FRF":8,"FRP":9,"FF":713.14,"FFD":114.41,"FQt":1.14,"FPz":87,"FPzD":81.25,"FPr":8.2,"MRF":554,"MRP":370,"CRF":782,"CRP":358}
,{"DP":"LACER OROS COLUTORIO 500 ML","DD":"LACER","FRF":9,"FRP":13,"FF":687.1,"FFD":7.24,"FQt":1.1,"FPz":64,"FPzD":3.23,"FPr":10.74,"MRF":28,"MRP":44,"CRF":33,"CRP":45}
,{"DP":"CAUDALIE MANOS Y PIES","DD":"CAUDALIE","FRF":10,"FRP":11,"FF":667.95,"FFD":40.49,"FQt":1.06,"FPz":74,"FPzD":45.1,"FPr":9.03,"MRF":138,"MRP":142,"CRF":220,"CRP":216}
,{"DP":"VICHY DESODORANTES VARIOS","DD":"VICHY","FRF":11,"FRP":42,"FF":634.81,"FFD":-30.33,"FQt":1.01,"FPz":36,"FPzD":-35.71,"FPr":17.63,"MRF":1214,"MRP":1319,"CRF":1265,"CRP":1294}
,{"DP":"COLONIAS","DD":"","FRF":12,"FRP":35,"FF":616.58,"FFD":-58.35,"FQt":0.98,"FPz":39,"FPzD":-54.12,"FPr":15.81,"MRF":2,"MRP":2,"CRF":1,"CRP":1}
,{"DP":"STERADENT TRIPLE ACCION PLUS 90 COMP","DD":"RECKITT BENCKISER HEALTHCARE  S A","FRF":13,"FRP":52,"FF":606.5,"FFD":-4.4,"FQt":0.97,"FPz":30,"FPzD":-6.25,"FPr":20.22,"MRF":90,"MRP":231,"CRF":101,"CRP":253}
,{"DP":"LACER COLUTORIO 1000 ML","DD":"LACER","FRF":14,"FRP":36,"FF":569.65,"FFD":63.34,"FQt":0.91,"FPz":39,"FPzD":56,"FPr":14.61,"MRF":101,"MRP":154,"CRF":115,"CRP":164}
,{"DP":"LIPIKAR GEL LAVANT 750 ML","DD":"LA ROCHE POSAY","FRF":15,"FRP":37,"FF":565.5,"FFD":1.92,"FQt":0.9,"FPz":39,"FPzD":2.63,"FPr":14.5,"MRF":212,"MRP":322,"CRF":868,"CRP":1110}
,{"DP":"DESENSIN REPAIR PASTA DENTAL 125 ML","DD":"DENTAID","FRF":16,"FRP":17,"FF":564.97,"FFD":97.78,"FQt":0.9,"FPz":53,"FPzD":89.29,"FPr":10.66,"MRF":375,"MRP":421,"CRF":403,"CRP":446}
,{"DP":"VITIS ENCIAS COLUTORIO BUCAL 1 L","DD":"DENTAID","FRF":17,"FRP":45,"FF":559.5,"FFD":40.47,"FQt":0.89,"FPz":34,"FPzD":36,"FPr":16.46,"MRF":15,"MRP":46,"CRF":26,"CRP":74}
,{"DP":"PAPILOCARE GEL VAGINAL 7 CANULAS 5 ML","DD":"PROCARE HEALTH IBERIA","FRF":18,"FRP":90,"FF":539.32,"FFD":-22.03,"FQt":0.86,"FPz":19,"FPzD":-24,"FPr":28.39,"MRF":31,"MRP":171,"CRF":34,"CRP":196}
,{"DP":"ROGER & GALLET EAU DE COLOGNE VAPORIZADOR 100 ML","DD":"ROGER & GALLET","FRF":19,"FRP":145,"FF":503.1,"FFD":-47.15,"FQt":0.8,"FPz":13,"FPzD":-48,"FPr":38.7,"MRF":511,"MRP":1205,"CRF":754,"CRP":1217}
,{"DP":"PILEXIL FORTE ANTICAIDA AMPOLLAS 5 ML 15 AMPOLLAS","DD":"LACER","FRF":20,"FRP":171,"FF":502.5,"FFD":25.05,"FQt":0.8,"FPz":10,"FPzD":11.11,"FPr":50.25,"MRF":176,"MRP":644,"CRF":157,"CRP":580}
,{"DP":"CEPILLO DENTAL ADULTO MEDIO","DD":"DENTAID","FRF":21,"FRP":5,"FF":481.93,"FFD":-22.88,"FQt":0.77,"FPz":118,"FPzD":-25.32,"FPr":4.08,"MRF":24,"MRP":5,"CRF":41,"CRP":10}
,{"DP":"PHYTOJOBA","DD":"LIERAC","FRF":22,"FRP":26,"FF":481.52,"FFD":999,"FQt":0.77,"FPz":44,"FPzD":999,"FPr":10.94,"MRF":205,"MRP":269,"CRF":244,"CRP":388}
,{"DP":"FLUOCARIL BI-FLUORE 250 DUPLO 125 ML 2 U","DD":"PROCTER & GAMBLE ESPAÑA","FRF":23,"FRP":15,"FF":479.41,"FFD":12.4,"FQt":0.76,"FPz":57,"FPzD":9.62,"FPr":8.41,"MRF":4,"MRP":6,"CRF":8,"CRP":8}
,{"DP":"LACER COLUTORIO CLORHEXIDINA 500 ML","DD":"LACER","FRF":24,"FRP":16,"FF":462.45,"FFD":-16.73,"FQt":0.74,"FPz":56,"FPzD":-20,"FPr":8.26,"MRF":11,"MRP":13,"CRF":10,"CRP":12}
,{"DP":"TAMPONES","DD":"","FRF":25,"FRP":6,"FF":435.5,"FFD":-10.81,"FQt":0.69,"FPz":93,"FPzD":-18.42,"FPr":4.68,"MRF":43,"MRP":12,"CRF":141,"CRP":58}]
,"datiDettRefM":[
{"DP":"COREGA ULTRA CREMA EXTRA FUERTE 75 ML","DD":"GLAXO SMITHKLINE","FRF":134,"FRP":173,"MRF":1,"MRP":7,"MF":653.31,"MFD":-5.57,"MQt":1.06,"MPz":56,"MPzD":-6.81,"MPr":11.63}
,{"DP":"COLONIAS","DD":"","FRF":12,"FRP":35,"MRF":2,"MRP":2,"MF":625.88,"MFD":-8.28,"MQt":1.01,"MPz":84,"MPzD":-11.8,"MPr":7.49}
,{"DP":"COREGA CREMA EXTRA FUERTE SIN SABOR 70 G","DD":"GLAXO SMITHKLINE","FRF":414,"FRP":439,"MRF":3,"MRP":11,"MF":553.49,"MFD":-7.09,"MQt":0.9,"MPz":48,"MPzD":-9.14,"MPr":11.47}
,{"DP":"FLUOCARIL BI-FLUORE 250 DUPLO 125 ML 2 U","DD":"PROCTER & GAMBLE ESPAÑA","FRF":23,"FRP":15,"MRF":4,"MRP":6,"MF":474.15,"MFD":1.61,"MQt":0.77,"MPz":61,"MPzD":1.98,"MPr":7.82}
,{"DP":"GINGILACER COLUTORIO 500 ML","DD":"LACER","FRF":29,"FRP":38,"MRF":5,"MRP":9,"MF":467.69,"MFD":0.1,"MQt":0.76,"MPz":52,"MPzD":-1.99,"MPr":9.07}
,{"DP":"FUNSOL POLVO 60 G","DD":"BAYER HISPANIA S.L.","FRF":386,"FRP":333,"MRF":6,"MRP":8,"MF":452.48,"MFD":11.58,"MQt":0.73,"MPz":54,"MPzD":7.65,"MPr":8.37}
,{"DP":"CEPILLO DENTAL ADULTO ","DD":"DENTAID","FRF":3,"FRP":1,"MRF":7,"MRP":1,"MF":445.22,"MFD":4.46,"MQt":0.72,"MPz":100,"MPzD":2.55,"MPr":4.46}
,{"DP":"APIVITA CAPILAR","DD":"APIVITA","FRF":727,"FRP":730,"MRF":8,"MRP":18,"MF":436.52,"MFD":-6.06,"MQt":0.71,"MPz":37,"MPzD":-2.07,"MPr":11.84}
,{"DP":"KUKIDENT COMPLETE NEUTRO 70 G","DD":"PROCTER & GAMBLE ESPAÑA","FRF":40,"FRP":65,"MRF":9,"MRP":15,"MF":416.32,"MFD":-7.52,"MQt":0.67,"MPz":40,"MPzD":-11.4,"MPr":10.32}
,{"DP":"ALOCLAIR GEL PLUS 8 ML","DD":"ITALFARMACO","FRF":58,"FRP":93,"MRF":10,"MRP":23,"MF":350.17,"MFD":2.03,"MQt":0.57,"MPz":30,"MPzD":0.8,"MPr":11.64}
,{"DP":"LACER COLUTORIO CLORHEXIDINA 500 ML","DD":"LACER","FRF":24,"FRP":16,"MRF":11,"MRP":13,"MF":344.68,"MFD":2.95,"MQt":0.56,"MPz":43,"MPzD":0.39,"MPr":7.97}
,{"DP":"ALOCLAIR SPRAY PLUS 15 ML","DD":"ITALFARMACO","FRF":60,"FRP":109,"MRF":12,"MRP":38,"MF":334.22,"MFD":-3.64,"MQt":0.54,"MPz":26,"MPzD":-6.75,"MPr":12.62}
,{"DP":"COREGA SELLADO MAXIMO 70 G","DD":"GLAXO SMITHKLINE","FRF":898,"FRP":900,"MRF":13,"MRP":39,"MF":307.86,"MFD":117.84,"MQt":0.5,"MPz":25,"MPzD":115.12,"MPr":12.25}
,{"DP":"PERIO AID TRATAMIENTO COLUTORIO SIN ALCOHOL 500 ML","DD":"DENTAID","FRF":139,"FRP":139,"MRF":14,"MRP":19,"MF":306.14,"MFD":-0.78,"MQt":0.5,"MPz":33,"MPzD":-6.72,"MPr":9.21}
,{"DP":"VITIS ENCIAS COLUTORIO BUCAL 1 L","DD":"DENTAID","FRF":17,"FRP":45,"MRF":15,"MRP":46,"MF":303.2,"MFD":5.62,"MQt":0.49,"MPz":23,"MPzD":4.49,"MPr":13.28}
,{"DP":"CEPILLO DIENTES VARIOS","DD":"","FRF":80,"FRP":302,"MRF":16,"MRP":43,"MF":299.62,"MFD":-2.86,"MQt":0.48,"MPz":24,"MPzD":-9.42,"MPr":12.44}
,{"DP":"ORALDINE ANTISEPTICO PACK 400 ML +200 ML","DD":"JOHNSON & JOHNSON","FRF":63,"FRP":47,"MRF":17,"MRP":14,"MF":295.39,"MFD":9.25,"MQt":0.48,"MPz":43,"MPzD":11.92,"MPr":6.95}
,{"DP":"KUKIDENT PRO DOBLE ACCION NEUTRO 60 G","DD":"VICKS","FRF":64,"FRP":94,"MRF":18,"MRP":30,"MF":291.43,"MFD":-5.6,"MQt":0.47,"MPz":28,"MPzD":-8.45,"MPr":10.36}
,{"DP":"ORALDINE ANTISEPTICO 400 ML","DD":"JOHNSON & JOHNSON","FRF":442,"FRP":385,"MRF":19,"MRP":10,"MF":289,"MFD":-8.75,"MQt":0.47,"MPz":49,"MPzD":-4.43,"MPr":5.85}
,{"DP":"MELAGYN GEL 200 ML","DD":"GYNEA LABORATORIOS","FRF":72,"FRP":73,"MRF":20,"MRP":26,"MF":275.19,"MFD":5.96,"MQt":0.45,"MPz":29,"MPzD":3.23,"MPr":9.4}
,{"DP":"PHYTOLOGIST","DD":"LIERAC","FRF":52,"FRP":233,"MRF":21,"MRP":262,"MF":266.2,"MFD":-38.65,"MQt":0.43,"MPz":6,"MPzD":-26.68,"MPr":47.44}
,{"DP":"LACER PACK VARIOS","DD":"LACER","FRF":5,"FRP":14,"MRF":22,"MRP":32,"MF":262.11,"MFD":-19.18,"MQt":0.42,"MPz":27,"MPzD":-22.71,"MPr":9.77}
,{"DP":"AINARA GEL HIDRATANTE VAGINAL 30 G","DD":"ITALFARMACO","FRF":172,"FRP":216,"MRF":23,"MRP":52,"MF":255.04,"MFD":11.75,"MQt":0.41,"MPz":20,"MPzD":9.27,"MPr":12.7}
,{"DP":"CEPILLO DENTAL ADULTO MEDIO","DD":"DENTAID","FRF":21,"FRP":5,"MRF":24,"MRP":5,"MF":250.65,"MFD":-3.22,"MQt":0.41,"MPz":68,"MPzD":-3.95,"MPr":3.68}
,{"DP":"DR SCHOLL ANTIHONGOS TRATAMIENTO UÑAS 3.8 ML + 5 LIMAS","DD":"RECKITT BENCKISER HEALTHCARE  S A","FRF":90,"FRP":234,"MRF":25,"MRP":132,"MF":248.83,"MFD":-10.62,"MQt":0.4,"MPz":11,"MPzD":-11.02,"MPr":23.09}]
,"datiDettRefC":[
{"DP":"COLONIAS","DD":"","FRF":12,"FRP":35,"CRF":1,"CRP":1,"CF":490.12,"CFD":-4.89,"CQt":1.54,"CPz":63,"CPzD":-5.33,"CPr":7.8}
,{"DP":"COREGA ULTRA CREMA EXTRA FUERTE 75 ML","DD":"GLAXO SMITHKLINE","FRF":134,"FRP":173,"CRF":2,"CRP":3,"CF":443.26,"CFD":-4.92,"CQt":1.39,"CPz":37,"CPzD":-7.58,"CPr":11.82}
,{"DP":"COREGA CREMA EXTRA FUERTE SIN SABOR 70 G","DD":"GLAXO SMITHKLINE","FRF":414,"FRP":439,"CRF":3,"CRP":7,"CF":350.54,"CFD":-9.09,"CQt":1.1,"CPz":30,"CPzD":-11.76,"CPr":11.62}
,{"DP":"CEPILLO DIENTES VARIOS","DD":"","FRF":80,"FRP":302,"CRF":4,"CRP":13,"CF":289.64,"CFD":7.43,"CQt":0.91,"CPz":21,"CPzD":11.16,"CPr":13.66}
,{"DP":"FUNSOL POLVO 60 G","DD":"BAYER HISPANIA S.L.","FRF":386,"FRP":333,"CRF":5,"CRP":5,"CF":284.48,"CFD":19.19,"CQt":0.89,"CPz":34,"CPzD":16.73,"CPr":8.47}
,{"DP":"KUKIDENT COMPLETE NEUTRO 70 G","DD":"PROCTER & GAMBLE ESPAÑA","FRF":40,"FRP":65,"CRF":6,"CRP":11,"CF":270.15,"CFD":-4.28,"CQt":0.85,"CPz":25,"CPzD":-8.46,"CPr":10.64}
,{"DP":"GINGILACER COLUTORIO 500 ML","DD":"LACER","FRF":29,"FRP":38,"CRF":7,"CRP":9,"CF":266.89,"CFD":-2.94,"CQt":0.84,"CPz":29,"CPzD":-6.34,"CPr":9.12}
,{"DP":"FLUOCARIL BI-FLUORE 250 DUPLO 125 ML 2 U","DD":"PROCTER & GAMBLE ESPAÑA","FRF":23,"FRP":15,"CRF":8,"CRP":8,"CF":239.97,"CFD":-3.89,"CQt":0.75,"CPz":30,"CPzD":-2.14,"CPr":8.02}
,{"DP":"APIVITA CAPILAR","DD":"APIVITA","FRF":727,"FRP":730,"CRF":9,"CRP":23,"CF":205.1,"CFD":-8.85,"CQt":0.64,"CPz":17,"CPzD":-11.12,"CPr":11.86}
,{"DP":"LACER COLUTORIO CLORHEXIDINA 500 ML","DD":"LACER","FRF":24,"FRP":16,"CRF":10,"CRP":12,"CF":198.98,"CFD":1.43,"CQt":0.62,"CPz":25,"CPzD":1.1,"CPr":8.05}
,{"DP":"COREGA SELLADO MAXIMO 70 G","DD":"GLAXO SMITHKLINE","FRF":898,"FRP":900,"CRF":11,"CRP":27,"CF":193.85,"CFD":103.87,"CQt":0.61,"CPz":16,"CPzD":107.55,"CPr":12.35}
,{"DP":"ALOCLAIR SPRAY PLUS 15 ML","DD":"ITALFARMACO","FRF":60,"FRP":109,"CRF":12,"CRP":40,"CF":168.84,"CFD":-10.34,"CQt":0.53,"CPz":13,"CPzD":-11.51,"CPr":12.97}
,{"DP":"PERIO AID TRATAMIENTO COLUTORIO SIN ALCOHOL 500 ML","DD":"DENTAID","FRF":139,"FRP":139,"CRF":13,"CRP":19,"CF":168.18,"CFD":2.59,"CQt":0.53,"CPz":18,"CPzD":-4.53,"CPr":9.12}
,{"DP":"CEPILLO DENTAL ADULTO ","DD":"DENTAID","FRF":3,"FRP":1,"CRF":14,"CRP":4,"CF":164,"CFD":-0.48,"CQt":0.51,"CPz":37,"CPzD":-2.54,"CPr":4.43}
,{"DP":"ALOCLAIR GEL PLUS 8 ML","DD":"ITALFARMACO","FRF":58,"FRP":93,"CRF":15,"CRP":36,"CF":163.41,"CFD":5.28,"CQt":0.51,"CPz":14,"CPzD":5.62,"CPr":11.7}
,{"DP":"COREGA ULTRA CREMA EXTRA FUERTE 40 ML","DD":"GLAXO SMITHKLINE","FRF":294,"FRP":287,"CRF":16,"CRP":14,"CF":163.08,"CFD":-11.92,"CQt":0.51,"CPz":21,"CPzD":-9.98,"CPr":7.94}
,{"DP":"KUKIDENT PRO DOBLE ACCION NEUTRO 60 G","DD":"VICKS","FRF":64,"FRP":94,"CRF":17,"CRP":30,"CF":162.64,"CFD":-10.2,"CQt":0.51,"CPz":15,"CPzD":-12.7,"CPr":10.84}
,{"DP":"COREGA TOTAL CREMA FIJADORA 75 ML","DD":"GLAXO SMITHKLINE","FRF":900,"FRP":902,"CRF":18,"CRP":37,"CF":161.58,"CFD":-2.07,"CQt":0.51,"CPz":14,"CPzD":-0.13,"CPr":11.65}
,{"DP":"ORALDINE ANTISEPTICO PACK 400 ML +200 ML","DD":"JOHNSON & JOHNSON","FRF":63,"FRP":47,"CRF":19,"CRP":15,"CF":161.25,"CFD":0.1,"CQt":0.51,"CPz":21,"CPzD":-2.04,"CPr":7.52}
,{"DP":"ALGASIV 30 U INFERIOR","DD":"COMBE EUROPA","FRF":311,"FRP":319,"CRF":20,"CRP":38,"CF":155.18,"CFD":4.7,"CQt":0.49,"CPz":14,"CPzD":2.12,"CPr":10.98}
,{"DP":"LACER PACK VARIOS","DD":"LACER","FRF":5,"FRP":14,"CRF":21,"CRP":31,"CF":150.73,"CFD":4.07,"CQt":0.47,"CPz":15,"CPzD":1.85,"CPr":10.17}
,{"DP":"MITOSYL POMADA PROTECTORA 65 G","DD":"SANOFI AVENTIS S.A.","FRF":183,"FRP":151,"CRF":22,"CRP":20,"CF":150.6,"CFD":-11.45,"CQt":0.47,"CPz":18,"CPzD":-14.06,"CPr":8.51}
,{"DP":"COREGA CREMA EXTRA FUERTE SIN SABOR 40 ML","DD":"GLAXO SMITHKLINE","FRF":330,"FRP":323,"CRF":23,"CRP":21,"CF":145.9,"CFD":-6.64,"CQt":0.46,"CPz":18,"CPzD":-8.5,"CPr":8}
,{"DP":"MELAGYN GEL 200 ML","DD":"GYNEA LABORATORIOS","FRF":72,"FRP":73,"CRF":24,"CRP":32,"CF":142.87,"CFD":4.53,"CQt":0.45,"CPz":15,"CPzD":3.12,"CPr":9.62}
,{"DP":"AINARA GEL HIDRATANTE VAGINAL 30 G","DD":"ITALFARMACO","FRF":172,"FRP":216,"CRF":25,"CRP":59,"CF":140.55,"CFD":10.78,"CQt":0.44,"CPz":11,"CPzD":10.2,"CPr":12.99}]}