{"datiDettRefF":[
{"DP":"VICHY DESODORANTES VARIOS","DD":"VICHY","FRF":1,"FRP":5,"FF":634.81,"FFD":-30.33,"FQt":7.46,"FPz":36,"FPzD":-35.71,"FPr":17.63,"MRF":181,"MRP":217,"CRF":196,"CRP":205}
,{"DP":"COLONIAS","DD":"","FRF":2,"FRP":3,"FF":616.58,"FFD":-58.35,"FQt":7.25,"FPz":39,"FPzD":-54.12,"FPr":15.81,"MRF":1,"MRP":1,"CRF":1,"CRP":1}
,{"DP":"LIPIKAR GEL LAVANT 750 ML","DD":"LA ROCHE POSAY","FRF":3,"FRP":4,"FF":565.5,"FFD":1.92,"FQt":6.65,"FPz":39,"FPzD":2.63,"FPr":14.5,"MRF":16,"MRP":41,"CRF":120,"CRP":173}
,{"DP":"ROGER & GALLET EAU DE COLOGNE VAPORIZADOR 100 ML","DD":"ROGER & GALLET","FRF":4,"FRP":20,"FF":503.1,"FFD":-47.15,"FQt":5.91,"FPz":13,"FPzD":-48,"FPr":38.7,"MRF":55,"MRP":193,"CRF":103,"CRP":192}
,{"DP":"GERMISDIN HIGIENE CORPORAL PIEL SECA 1 L","DD":"ISDIN","FRF":5,"FRP":9,"FF":371.1,"FFD":41.37,"FQt":4.36,"FPz":24,"FPzD":33.33,"FPr":15.46,"MRF":12,"MRP":25,"CRF":11,"CRP":25}
,{"DP":"LISUBEL ESPONJA ENJABONADA DESECHABLE 24 ESPONJAS","DD":"DISTROSUR","FRF":6,"FRP":1,"FF":352.97,"FFD":-15.52,"FQt":4.15,"FPz":181,"FPzD":-16.59,"FPr":1.95,"MRF":118,"MRP":35,"CRF":144,"CRP":79}
,{"DP":"LIPIKAR ACEITE LAVANTE 750 ML","DD":"LA ROCHE POSAY","FRF":7,"FRP":16,"FF":269.25,"FFD":17.65,"FQt":3.16,"FPz":15,"FPzD":15.38,"FPr":17.95,"MRF":29,"MRP":75,"CRF":136,"CRP":188}
,{"DP":"VICHY TTO ANTITRANSPIRANTE EFICACIA 48 H ROLL-ON 50 ML","DD":"VICHY","FRF":8,"FRP":6,"FF":263.73,"FFD":19.75,"FQt":3.1,"FPz":31,"FPzD":10.71,"FPr":8.51,"MRF":2,"MRP":2,"CRF":6,"CRP":11}
,{"DP":"LIPIKAR SYNDET ANTI-IRRITACIONES GEL- CREMA 400 ML","DD":"LA ROCHE POSAY","FRF":9,"FRP":14,"FF":250.5,"FFD":14.51,"FQt":2.94,"FPz":16,"FPzD":14.29,"FPr":15.66,"MRF":26,"MRP":55,"CRF":106,"CRP":165}
,{"DP":"DESODORANTE FRESCOR EXTREMO VAPORIZADOR 100 ML","DD":"VICHY","FRF":10,"FRP":7,"FF":242.81,"FFD":4.8,"FQt":2.85,"FPz":28,"FPzD":12,"FPr":8.67,"MRF":80,"MRP":110,"CRF":124,"CRP":157}
,{"DP":"VICHY HOMME DESODORANTE REGULACION INTENSA 50 ML","DD":"VICHY","FRF":11,"FRP":8,"FF":213.3,"FFD":69.27,"FQt":2.51,"FPz":26,"FPzD":62.5,"FPr":8.2,"MRF":18,"MRP":27,"CRF":36,"CRP":43}
,{"DP":"STRESS RESIST TTO INTENS ANTITRANSPIRANTE 72 H ROLL-ON 50 ML","DD":"VICHY","FRF":12,"FRP":11,"FF":211,"FFD":17.81,"FQt":2.48,"FPz":20,"FPzD":11.11,"FPr":10.55,"MRF":32,"MRP":57,"CRF":55,"CRP":92}
,{"DP":"GERMISDIN HIGIENE CORPORAL 1 L","DD":"ISDIN","FRF":13,"FRP":19,"FF":193.91,"FFD":-24.61,"FQt":2.28,"FPz":14,"FPzD":-30,"FPr":13.85,"MRF":7,"MRP":11,"CRF":7,"CRP":20}
,{"DP":"DESODORANTE BOLA PIEL SENSIBLE 50 ML","DD":"VICHY","FRF":14,"FRP":10,"FF":182.15,"FFD":52.75,"FQt":2.14,"FPz":21,"FPzD":40,"FPr":8.67,"MRF":14,"MRP":21,"CRF":38,"CRP":63}
,{"DP":"TRATAMIENTO ANTITRASPIRANTE 48 HORAS ROLL-ON 50 ML","DD":"VICHY","FRF":15,"FRP":15,"FF":168.25,"FFD":-33.79,"FQt":1.98,"FPz":16,"FPzD":-40.74,"FPr":10.52,"MRF":20,"MRP":42,"CRF":28,"CRP":58}
,{"DP":"DESODORANTE 24 H SIN SALES DE ALUMINIO ROLL ON 50 ML","DD":"VICHY","FRF":16,"FRP":12,"FF":164.65,"FFD":-0.67,"FQt":1.93,"FPz":19,"FPzD":-9.52,"FPr":8.67,"MRF":24,"MRP":32,"CRF":91,"CRP":129}
,{"DP":"EUCERIN PIEL SENSIBLE PH-5 GEL DE BAÑO 1 L","DD":"BDF BEIERSDORF","FRF":17,"FRP":28,"FF":162.9,"FFD":2.97,"FQt":1.91,"FPz":8,"FPzD":0,"FPr":20.36,"MRF":15,"MRP":54,"CRF":13,"CRP":55}
,{"DP":"ROGER & GALLET EAU FRAICHE PARFUMEE 100 ML","DD":"ROGER & GALLET","FRF":18,"FRP":42,"FF":154.8,"FFD":33.33,"FQt":1.82,"FPz":4,"FPzD":33.33,"FPr":38.7,"MRF":188,"MRP":229,"CRF":209,"CRP":218}
,{"DP":"A-DERMA GEL DE DUCHA SOBREGRASO 500 ML","DD":"PIERRE FABRE IBERICA","FRF":19,"FRP":29,"FF":151.95,"FFD":-32.9,"FQt":1.79,"FPz":8,"FPzD":-33.33,"FPr":18.99,"MRF":142,"MRP":199,"CRF":138,"CRP":177}
,{"DP":"VICHY HOMME DESODORANTE SPRAY ULTRA FRESCO 100 ML","DD":"VICHY","FRF":20,"FRP":17,"FF":148.07,"FFD":19.89,"FQt":1.74,"FPz":15,"FPzD":15.38,"FPr":9.87,"MRF":120,"MRP":158,"CRF":127,"CRP":164}
,{"DP":"SEBAMED EMULSION 1 L","DD":"LAB LETI","FRF":21,"FRP":33,"FF":139.18,"FFD":-12.99,"FQt":1.64,"FPz":7,"FPzD":-12.5,"FPr":19.88,"MRF":8,"MRP":20,"CRF":10,"CRP":35}
,{"DP":"VICHY DESODORANTE BOLA MINERAL 50 ML","DD":"VICHY","FRF":22,"FRP":18,"FF":124.15,"FFD":41.97,"FQt":1.46,"FPz":15,"FPzD":36.36,"FPr":8.28,"MRF":73,"MRP":88,"CRF":141,"CRP":158}
,{"DP":"PERSPIREX ORIGINAL ANTITRANSPIRANTE ROLL-ON 25 ML","DD":"ROVI","FRF":23,"FRP":22,"FF":112.7,"FFD":40.96,"FQt":1.32,"FPz":9,"FPzD":50,"FPr":12.52,"MRF":4,"MRP":9,"CRF":4,"CRP":12}
,{"DP":"SEBAMED DESODORANTE VAPORIZADOR 75 ML FRESH","DD":"LAB LETI","FRF":24,"FRP":23,"FF":111.15,"FFD":12.96,"FQt":1.31,"FPz":9,"FPzD":12.5,"FPr":12.35,"MRF":172,"MRP":208,"CRF":167,"CRP":194}
,{"DP":"OLEOGEL DE DUCHA 1 L","DD":"BDF BEIERSDORF","FRF":25,"FRP":43,"FF":105.4,"FFD":-43.59,"FQt":1.24,"FPz":4,"FPzD":-42.86,"FPr":26.35,"MRF":10,"MRP":40,"CRF":22,"CRP":87}]
,"datiDettRefM":[
{"DP":"COLONIAS","DD":"","FRF":2,"FRP":3,"MRF":1,"MRP":1,"MF":625.88,"MFD":-8.28,"MQt":9.36,"MPz":84,"MPzD":-11.8,"MPr":7.49}
,{"DP":"VICHY TTO ANTITRANSPIRANTE EFICACIA 48 H ROLL-ON 50 ML","DD":"VICHY","FRF":8,"FRP":6,"MRF":2,"MRP":2,"MF":224.74,"MFD":3.23,"MQt":3.36,"MPz":27,"MPzD":-0.74,"MPr":8.27}
,{"DP":"ATODERM GEL DOUCHE 1 L","DD":"BIODERMA-NAOS SKIN CARE","FRF":72,"FRP":75,"MRF":3,"MRP":4,"MF":209.79,"MFD":11.93,"MQt":3.14,"MPz":19,"MPzD":13.31,"MPr":11.05}
,{"DP":"PERSPIREX ORIGINAL ANTITRANSPIRANTE ROLL-ON 25 ML","DD":"ROVI","FRF":23,"FRP":22,"MRF":4,"MRP":9,"MF":195.43,"MFD":-2.06,"MQt":2.92,"MPz":14,"MPzD":-3.65,"MPr":13.74}
,{"DP":"IAP PHARMA POUR HOMME Nº -61 150 ML","DD":"IAP PHARMA PARFUMS","FRF":196,"FRP":196,"MRF":5,"MRP":6,"MF":150.71,"MFD":6.79,"MQt":2.25,"MPz":15,"MPzD":5.35,"MPr":9.97}
,{"DP":"ATODERM HUILE DOUCHE 1 L","DD":"BIODERMA-NAOS SKIN CARE","FRF":123,"FRP":123,"MRF":6,"MRP":14,"MF":150.41,"MFD":36.52,"MQt":2.25,"MPz":10,"MPzD":43.75,"MPr":15.67}
,{"DP":"GERMISDIN HIGIENE CORPORAL 1 L","DD":"ISDIN","FRF":13,"FRP":19,"MRF":7,"MRP":11,"MF":149.69,"MFD":3.14,"MQt":2.24,"MPz":12,"MPzD":-2.12,"MPr":12.07}
,{"DP":"SEBAMED EMULSION 1 L","DD":"LAB LETI","FRF":21,"FRP":33,"MRF":8,"MRP":20,"MF":127.43,"MFD":-9.19,"MQt":1.91,"MPz":8,"MPzD":-7.21,"MPr":16.54}
,{"DP":"LETI AT-4 GEL DE BAÑO DERMOGRASO 750 ML","DD":"LAB LETI","FRF":65,"FRP":73,"MRF":9,"MRP":24,"MF":115.95,"MFD":-17.17,"MQt":1.73,"MPz":7,"MPzD":-12.26,"MPr":17.04}
,{"DP":"OLEOGEL DE DUCHA 1 L","DD":"BDF BEIERSDORF","FRF":25,"FRP":43,"MRF":10,"MRP":40,"MF":99.33,"MFD":-21.66,"MQt":1.49,"MPz":5,"MPzD":-13.39,"MPr":21.7}
,{"DP":"DESODORANTES VARIOS","DD":"","FRF":32,"FRP":39,"MRF":11,"MRP":10,"MF":99.3,"MFD":-4.25,"MQt":1.49,"MPz":14,"MPzD":-3.29,"MPr":7.23}
,{"DP":"GERMISDIN HIGIENE CORPORAL PIEL SECA 1 L","DD":"ISDIN","FRF":5,"FRP":9,"MRF":12,"MRP":25,"MF":96.21,"MFD":15.67,"MQt":1.44,"MPz":7,"MPzD":8.82,"MPr":12.97}
,{"DP":"IAP PHARMA POUR FEMME Nº -30 150 ML","DD":"IAP PHARMA PARFUMS","FRF":82,"FRP":84,"MRF":13,"MRP":26,"MF":76.3,"MFD":-11.84,"MQt":1.14,"MPz":7,"MPzD":-4.22,"MPr":11.16}
,{"DP":"DESODORANTE BOLA PIEL SENSIBLE 50 ML","DD":"VICHY","FRF":14,"FRP":10,"MRF":14,"MRP":21,"MF":68.68,"MFD":1.06,"MQt":1.03,"MPz":8,"MPzD":-2.89,"MPr":8.45}
,{"DP":"EUCERIN PIEL SENSIBLE PH-5 GEL DE BAÑO 1 L","DD":"BDF BEIERSDORF","FRF":17,"FRP":28,"MRF":15,"MRP":54,"MF":66.77,"MFD":-24.64,"MQt":1,"MPz":4,"MPzD":-19.91,"MPr":17.25}
,{"DP":"LIPIKAR GEL LAVANT 750 ML","DD":"LA ROCHE POSAY","FRF":3,"FRP":4,"MRF":16,"MRP":41,"MF":66.55,"MFD":-9.11,"MQt":1,"MPz":5,"MPzD":-14.51,"MPr":12.68}
,{"DP":"IAP PHARMA POUR HOMME Nº -59 150 ML","DD":"IAP PHARMA PARFUMS","FRF":194,"FRP":194,"MRF":17,"MRP":31,"MF":59.8,"MFD":11.34,"MQt":0.89,"MPz":6,"MPzD":10.23,"MPr":9.87}
,{"DP":"VICHY HOMME DESODORANTE REGULACION INTENSA 50 ML","DD":"VICHY","FRF":11,"FRP":8,"MRF":18,"MRP":27,"MF":59.53,"MFD":19.66,"MQt":0.89,"MPz":7,"MPzD":16.88,"MPr":8.4}
,{"DP":"COSMETICA HIGIENE CORPORAL VARIOS","DD":"","FRF":135,"FRP":135,"MRF":19,"MRP":13,"MF":55.71,"MFD":-18.82,"MQt":0.83,"MPz":11,"MPzD":-8.5,"MPr":5.12}
,{"DP":"TRATAMIENTO ANTITRASPIRANTE 48 HORAS ROLL-ON 50 ML","DD":"VICHY","FRF":15,"FRP":15,"MRF":20,"MRP":42,"MF":54.04,"MFD":1.64,"MQt":0.81,"MPz":5,"MPzD":-6.75,"MPr":10.26}
,{"DP":"SEBAMED EMULSION SIN JABON CON ACEITE DE OLIVA 1 L","DD":"LAB LETI","FRF":238,"FRP":238,"MRF":21,"MRP":74,"MF":53.41,"MFD":-12.52,"MQt":0.8,"MPz":3,"MPzD":-17.29,"MPr":17.07}
,{"DP":"IAP PHARMA POUR FEMME Nº -19 150 ML","DD":"IAP PHARMA PARFUMS","FRF":43,"FRP":44,"MRF":22,"MRP":43,"MF":52.98,"MFD":1.96,"MQt":0.79,"MPz":5,"MPzD":-5.13,"MPr":9.83}
,{"DP":"IAP PHARMA POUR HOMME Nº -51 150 ML","DD":"IAP PHARMA PARFUMS","FRF":186,"FRP":186,"MRF":23,"MRP":44,"MF":51.97,"MFD":11.64,"MQt":0.78,"MPz":5,"MPzD":5.96,"MPr":9.83}
,{"DP":"DESODORANTE 24 H SIN SALES DE ALUMINIO ROLL ON 50 ML","DD":"VICHY","FRF":16,"FRP":12,"MRF":24,"MRP":32,"MF":50.87,"MFD":3.77,"MQt":0.76,"MPz":6,"MPzD":0.36,"MPr":8.45}
,{"DP":"IAP PHARMA POUR FEMME Nº -17 150 ML","DD":"IAP PHARMA PARFUMS","FRF":174,"FRP":174,"MRF":25,"MRP":45,"MF":50.23,"MFD":-7.81,"MQt":0.75,"MPz":5,"MPzD":-9.93,"MPr":9.82}]
,"datiDettRefC":[
{"DP":"COLONIAS","DD":"","FRF":2,"FRP":3,"CRF":1,"CRP":1,"CF":490.12,"CFD":-4.89,"CQt":13.91,"CPz":63,"CPzD":-5.33,"CPr":7.8}
,{"DP":"ATODERM HUILE DOUCHE 1 L","DD":"BIODERMA-NAOS SKIN CARE","FRF":123,"FRP":123,"CRF":2,"CRP":14,"CF":97.85,"CFD":65.03,"CQt":2.78,"CPz":6,"CPzD":65,"CPr":16.02}
,{"DP":"ATODERM GEL DOUCHE 1 L","DD":"BIODERMA-NAOS SKIN CARE","FRF":72,"FRP":75,"CRF":3,"CRP":9,"CF":96.75,"CFD":24.35,"CQt":2.75,"CPz":9,"CPzD":25.63,"CPr":11.04}
,{"DP":"PERSPIREX ORIGINAL ANTITRANSPIRANTE ROLL-ON 25 ML","DD":"ROVI","FRF":23,"FRP":22,"CRF":4,"CRP":12,"CF":96.21,"CFD":0.12,"CQt":2.73,"CPz":7,"CPzD":0.79,"CPr":13.71}
,{"DP":"IAP PHARMA POUR HOMME Nº -61 150 ML","DD":"IAP PHARMA PARFUMS","FRF":196,"FRP":196,"CRF":5,"CRP":10,"CF":87.28,"CFD":31.86,"CQt":2.48,"CPz":9,"CPzD":33.42,"CPr":9.98}
,{"DP":"VICHY TTO ANTITRANSPIRANTE EFICACIA 48 H ROLL-ON 50 ML","DD":"VICHY","FRF":8,"FRP":6,"CRF":6,"CRP":11,"CF":79.35,"CFD":20.73,"CQt":2.25,"CPz":9,"CPzD":17.02,"CPr":8.87}
,{"DP":"GERMISDIN HIGIENE CORPORAL 1 L","DD":"ISDIN","FRF":13,"FRP":19,"CRF":7,"CRP":20,"CF":56.49,"CFD":-4.32,"CQt":1.6,"CPz":5,"CPzD":3.38,"CPr":12.43}
,{"DP":"INTERAPOTHEK ESPONJA ENJABONADA DESECHABLE 24 ESPONJA","DD":"INTERAPOTHEK","FRF":202,"FRP":202,"CRF":8,"CRP":2,"CF":56.25,"CFD":1.52,"CQt":1.6,"CPz":32,"CPzD":1.73,"CPr":1.78}
,{"DP":"DESODORANTES VARIOS","DD":"","FRF":32,"FRP":39,"CRF":9,"CRP":15,"CF":54.91,"CFD":5.11,"CQt":1.56,"CPz":6,"CPzD":-13.84,"CPr":8.58}
,{"DP":"SEBAMED EMULSION 1 L","DD":"LAB LETI","FRF":21,"FRP":33,"CRF":10,"CRP":35,"CF":54.26,"CFD":-27.09,"CQt":1.54,"CPz":3,"CPzD":-32.38,"CPr":16.77}
,{"DP":"GERMISDIN HIGIENE CORPORAL PIEL SECA 1 L","DD":"ISDIN","FRF":5,"FRP":9,"CRF":11,"CRP":25,"CF":46.74,"CFD":9.99,"CQt":1.33,"CPz":4,"CPzD":20.88,"CPr":13.05}
,{"DP":"IAP PHARMA POUR FEMME Nº -30 150 ML","DD":"IAP PHARMA PARFUMS","FRF":82,"FRP":84,"CRF":12,"CRP":26,"CF":42.26,"CFD":4.76,"CQt":1.2,"CPz":4,"CPzD":-1.79,"CPr":9.85}
,{"DP":"EUCERIN PIEL SENSIBLE PH-5 GEL DE BAÑO 1 L","DD":"BDF BEIERSDORF","FRF":17,"FRP":28,"CRF":13,"CRP":55,"CF":36.98,"CFD":-24.05,"CQt":1.05,"CPz":2,"CPzD":-25.17,"CPr":18}
,{"DP":"ACOFARDERM GEL DERMATOLOGICO 0% 750 ML","DD":"ACOFARMA DISTRIBUCIÓN S A","FRF":108,"FRP":108,"CRF":14,"CRP":4,"CF":34.21,"CFD":30.29,"CQt":0.97,"CPz":17,"CPzD":24.5,"CPr":1.97}
,{"DP":"LETI AT-4 GEL DE BAÑO DERMOGRASO 750 ML","DD":"LAB LETI","FRF":65,"FRP":73,"CRF":15,"CRP":56,"CF":33.83,"CFD":-43.81,"CQt":0.96,"CPz":2,"CPzD":-39.23,"CPr":18.99}
,{"DP":"IAP PHARMA POUR FEMME Nº -17 150 ML","DD":"IAP PHARMA PARFUMS","FRF":174,"FRP":174,"CRF":16,"CRP":36,"CF":31.26,"CFD":2.91,"CQt":0.89,"CPz":3,"CPzD":-2.94,"CPr":9.82}
,{"DP":"IAP PHARMA POUR HOMME Nº -59 150 ML","DD":"IAP PHARMA PARFUMS","FRF":194,"FRP":194,"CRF":17,"CRP":37,"CF":30.83,"CFD":1.36,"CQt":0.88,"CPz":3,"CPzD":-3.51,"CPr":9.92}
,{"DP":"OZOAQUA JABON LIQUIDO MANOS Y CUERPO OZONO 250 ML","DD":"IUVENOR LAB","FRF":232,"FRP":232,"CRF":18,"CRP":38,"CF":29.93,"CFD":59.5,"CQt":0.85,"CPz":3,"CPzD":60.19,"CPr":10.42}
,{"DP":"BETRES GEL DE BAÑO","DD":"","FRF":129,"FRP":129,"CRF":19,"CRP":5,"CF":29.71,"CFD":161.5,"CQt":0.84,"CPz":13,"CPzD":248.78,"CPr":2.32}
,{"DP":"IAP PHARMA POUR HOMME Nº -51 150 ML","DD":"IAP PHARMA PARFUMS","FRF":186,"FRP":186,"CRF":20,"CRP":39,"CF":28.72,"CFD":6.9,"CQt":0.82,"CPz":3,"CPzD":10.74,"CPr":9.87}
,{"DP":"INTERAPOTHEK GEL DE BAÑO NATURAL CERO 1 L","DD":"INTERAPOTHEK","FRF":215,"FRP":215,"CRF":21,"CRP":7,"CF":28.61,"CFD":4.26,"CQt":0.81,"CPz":10,"CPzD":-0.54,"CPr":2.74}
,{"DP":"OLEOGEL DE DUCHA 1 L","DD":"BDF BEIERSDORF","FRF":25,"FRP":43,"CRF":22,"CRP":87,"CF":28.08,"CFD":-34.02,"CQt":0.8,"CPz":1,"CPzD":-47.62,"CPr":22.38}
,{"DP":"IAP PHARMA POUR FEMME Nº -19 150 ML","DD":"IAP PHARMA PARFUMS","FRF":43,"FRP":44,"CRF":23,"CRP":40,"CF":27.06,"CFD":-2.64,"CQt":0.77,"CPz":3,"CPzD":6.45,"CPr":9.92}
,{"DP":"PHARMA KIDS EAU DE TOILETTE 100 ML","DD":"IAP PHARMA PARFUMS","FRF":234,"FRP":234,"CRF":24,"CRP":27,"CF":26.18,"CFD":9.02,"CQt":0.74,"CPz":4,"CPzD":15.18,"CPr":6.86}
,{"DP":"IAP PHARMA POUR HOMME Nº -55 150 ML","DD":"IAP PHARMA PARFUMS","FRF":190,"FRP":190,"CRF":25,"CRP":41,"CF":25.41,"CFD":14.53,"CQt":0.72,"CPz":3,"CPzD":29.92,"CPr":9.84}]}