{"datiDettRefF":[
{"DP":"CEPILLO DENTAL ADULTO ","DD":"DENTAID","FRF":1,"FRP":1,"FF":953.91,"FFD":0.35,"FQt":3.59,"FPz":193,"FPzD":-1.53,"FPr":4.94,"MRF":5,"MRP":1,"CRF":11,"CRP":2}
,{"DP":"LACER PACK VARIOS","DD":"LACER","FRF":2,"FRP":5,"FF":812.83,"FFD":-40.47,"FQt":3.06,"FPz":63,"FPzD":-42.73,"FPr":12.9,"MRF":17,"MRP":23,"CRF":18,"CRP":22}
,{"DP":"GINGILACER COLUTORIO 1000 ML","DD":"LACER","FRF":3,"FRP":17,"FF":716.76,"FFD":1.21,"FQt":2.69,"FPz":41,"FPzD":-2.38,"FPr":17.48,"MRF":29,"MRP":72,"CRF":51,"CRP":91}
,{"DP":"LACER OROS COLUTORIO 500 ML","DD":"LACER","FRF":4,"FRP":4,"FF":687.1,"FFD":7.24,"FQt":2.58,"FPz":64,"FPzD":3.23,"FPr":10.74,"MRF":20,"MRP":32,"CRF":25,"CRP":32}
,{"DP":"STERADENT TRIPLE ACCION PLUS 90 COMP","DD":"RECKITT BENCKISER HEALTHCARE  S A","FRF":5,"FRP":30,"FF":606.5,"FFD":-4.4,"FQt":2.28,"FPz":30,"FPzD":-6.25,"FPr":20.22,"MRF":53,"MRP":129,"CRF":61,"CRP":134}
,{"DP":"LACER COLUTORIO 1000 ML","DD":"LACER","FRF":6,"FRP":20,"FF":569.65,"FFD":63.34,"FQt":2.14,"FPz":39,"FPzD":56,"FPr":14.61,"MRF":60,"MRP":89,"CRF":66,"CRP":93}
,{"DP":"DESENSIN REPAIR PASTA DENTAL 125 ML","DD":"DENTAID","FRF":7,"FRP":8,"FF":564.97,"FFD":97.78,"FQt":2.12,"FPz":53,"FPzD":89.29,"FPr":10.66,"MRF":177,"MRP":209,"CRF":189,"CRP":212}
,{"DP":"VITIS ENCIAS COLUTORIO BUCAL 1 L","DD":"DENTAID","FRF":8,"FRP":24,"FF":559.5,"FFD":40.47,"FQt":2.1,"FPz":34,"FPzD":36,"FPr":16.46,"MRF":12,"MRP":34,"CRF":20,"CRP":52}
,{"DP":"CEPILLO DENTAL ADULTO MEDIO","DD":"DENTAID","FRF":9,"FRP":2,"FF":481.93,"FFD":-22.88,"FQt":1.81,"FPz":118,"FPzD":-25.32,"FPr":4.08,"MRF":18,"MRP":2,"CRF":28,"CRP":6}
,{"DP":"FLUOCARIL BI-FLUORE 250 DUPLO 125 ML 2 U","DD":"PROCTER & GAMBLE ESPAÑA","FRF":10,"FRP":6,"FF":479.41,"FFD":12.4,"FQt":1.8,"FPz":57,"FPzD":9.62,"FPr":8.41,"MRF":3,"MRP":3,"CRF":6,"CRP":4}
,{"DP":"LACER COLUTORIO CLORHEXIDINA 500 ML","DD":"LACER","FRF":11,"FRP":7,"FF":462.45,"FFD":-16.73,"FQt":1.74,"FPz":56,"FPzD":-20,"FPr":8.26,"MRF":8,"MRP":8,"CRF":7,"CRP":8}
,{"DP":"IRRIGADOR BUCAL ELECTRICO VIAJES CON ADAPTADOR","DD":"DENTAID","FRF":12,"FRP":127,"FF":429.8,"FFD":34.82,"FQt":1.62,"FPz":5,"FPzD":66.67,"FPr":85.96,"MRF":118,"MRP":527,"CRF":176,"CRP":518}
,{"DP":"GINGILACER COLUTORIO 500 ML","DD":"LACER","FRF":13,"FRP":21,"FF":379.01,"FFD":-24.62,"FQt":1.42,"FPz":39,"FPzD":-26.42,"FPr":9.72,"MRF":4,"MRP":5,"CRF":5,"CRP":5}
,{"DP":"CEPILLO DENTAL ADULTO MEDIO DUPLO","DD":"DENTAID","FRF":14,"FRP":10,"FF":371.11,"FFD":-22,"FQt":1.4,"FPz":48,"FPzD":-25,"FPr":7.73,"MRF":51,"MRP":38,"CRF":53,"CRP":40}
,{"DP":"GINGILACER PASTA DENTIFRICA 150 ML","DD":"LACER","FRF":15,"FRP":11,"FF":370.51,"FFD":-18.09,"FQt":1.39,"FPz":47,"FPzD":-21.67,"FPr":7.88,"MRF":26,"MRP":19,"CRF":39,"CRP":36}
,{"DP":"CEPILLO DENTAL INTERPROXIMAL MICRO 14 U","DD":"DENTAID","FRF":16,"FRP":32,"FF":355.35,"FFD":24.31,"FQt":1.34,"FPz":29,"FPzD":11.54,"FPr":12.25,"MRF":155,"MRP":206,"CRF":167,"CRP":204}
,{"DP":"CEPILLO DENTAL ELECTRICO RECARGABLE RECAMBIO 3 U","DD":"PROCTER & GAMBLE ESPAÑA","FRF":17,"FRP":58,"FF":340.7,"FFD":-18.33,"FQt":1.28,"FPz":17,"FPzD":-26.09,"FPr":20.04,"MRF":94,"MRP":165,"CRF":135,"CRP":197}
,{"DP":"KUKIDENT COMPLETE NEUTRO 70 G","DD":"PROCTER & GAMBLE ESPAÑA","FRF":18,"FRP":36,"FF":303.97,"FFD":74.26,"FQt":1.14,"FPz":25,"FPzD":56.25,"FPr":12.16,"MRF":6,"MRP":10,"CRF":4,"CRP":7}
,{"DP":"CEPILLO DENTAL ELECTRICO RECAMBIO 3 CABEZALES","DD":"PROCTER & GAMBLE ESPAÑA","FRF":19,"FRP":67,"FF":299.25,"FFD":-53.61,"FQt":1.12,"FPz":15,"FPzD":-55.88,"FPr":19.95,"MRF":43,"MRP":100,"CRF":70,"CRP":135}
,{"DP":"I WHITE 2 INSTANT MOLDE DENTAL PRECARGADO 10 MOLDES","DD":"VEMEDIA PH.","FRF":20,"FRP":102,"FF":296.6,"FFD":5.03,"FQt":1.11,"FPz":8,"FPzD":0,"FPr":37.08,"MRF":114,"MRP":307,"CRF":180,"CRP":450}
,{"DP":"PAROGENCYL CONTROL ENCIAS COLUTORIO 500 ML 2U","DD":"PROCTER & GAMBLE ESPAÑA","FRF":21,"FRP":37,"FF":291.97,"FFD":41.56,"FQt":1.1,"FPz":25,"FPzD":38.89,"FPr":11.68,"MRF":82,"MRP":116,"CRF":78,"CRP":114}
,{"DP":"CEPILLO DENTAL INTERPROXIMAL NANO 6 U","DD":"DENTAID","FRF":22,"FRP":12,"FF":277.4,"FFD":-3.57,"FQt":1.04,"FPz":47,"FPzD":-12.96,"FPr":5.9,"MRF":58,"MRP":30,"CRF":65,"CRP":44}
,{"DP":"VITIS BLANQUEADORA PASTA DENTIFRICA 150 ML","DD":"DENTAID","FRF":23,"FRP":38,"FF":276.9,"FFD":164.47,"FQt":1.04,"FPz":25,"FPzD":108.33,"FPr":11.08,"MRF":175,"MRP":179,"CRF":221,"CRP":227}
,{"DP":"LACERBLANC PLUS BLANQUEADORA USO DIARIO D-MENTA 125 ML","DD":"LACER","FRF":24,"FRP":27,"FF":267.75,"FFD":29.54,"FQt":1.01,"FPz":31,"FPzD":19.23,"FPr":8.64,"MRF":95,"MRP":85,"CRF":105,"CRP":100}
,{"DP":"VITIS ENJUAGUE BUCAL 1 L","DD":"DENTAID","FRF":25,"FRP":51,"FF":260.15,"FFD":21.74,"FQt":0.98,"FPz":19,"FPzD":5.56,"FPr":13.69,"MRF":68,"MRP":91,"CRF":60,"CRP":80}]
,"datiDettRefM":[
{"DP":"COREGA ULTRA CREMA EXTRA FUERTE 75 ML","DD":"GLAXO SMITHKLINE","FRF":62,"FRP":87,"MRF":1,"MRP":4,"MF":653.31,"MFD":-5.57,"MQt":2.28,"MPz":56,"MPzD":-6.81,"MPr":11.63}
,{"DP":"COREGA CREMA EXTRA FUERTE SIN SABOR 70 G","DD":"GLAXO SMITHKLINE","FRF":168,"FRP":181,"MRF":2,"MRP":7,"MF":553.49,"MFD":-7.09,"MQt":1.93,"MPz":48,"MPzD":-9.14,"MPr":11.47}
,{"DP":"FLUOCARIL BI-FLUORE 250 DUPLO 125 ML 2 U","DD":"PROCTER & GAMBLE ESPAÑA","FRF":10,"FRP":6,"MRF":3,"MRP":3,"MF":474.15,"MFD":1.61,"MQt":1.65,"MPz":61,"MPzD":1.98,"MPr":7.82}
,{"DP":"GINGILACER COLUTORIO 500 ML","DD":"LACER","FRF":13,"FRP":21,"MRF":4,"MRP":5,"MF":467.69,"MFD":0.1,"MQt":1.63,"MPz":52,"MPzD":-1.99,"MPr":9.07}
,{"DP":"CEPILLO DENTAL ADULTO ","DD":"DENTAID","FRF":1,"FRP":1,"MRF":5,"MRP":1,"MF":445.22,"MFD":4.46,"MQt":1.55,"MPz":100,"MPzD":2.55,"MPr":4.46}
,{"DP":"KUKIDENT COMPLETE NEUTRO 70 G","DD":"PROCTER & GAMBLE ESPAÑA","FRF":18,"FRP":36,"MRF":6,"MRP":10,"MF":416.32,"MFD":-7.52,"MQt":1.45,"MPz":40,"MPzD":-11.4,"MPr":10.32}
,{"DP":"ALOCLAIR GEL PLUS 8 ML","DD":"ITALFARMACO","FRF":28,"FRP":52,"MRF":7,"MRP":16,"MF":350.17,"MFD":2.03,"MQt":1.22,"MPz":30,"MPzD":0.8,"MPr":11.64}
,{"DP":"LACER COLUTORIO CLORHEXIDINA 500 ML","DD":"LACER","FRF":11,"FRP":7,"MRF":8,"MRP":8,"MF":344.68,"MFD":2.95,"MQt":1.2,"MPz":43,"MPzD":0.39,"MPr":7.97}
,{"DP":"ALOCLAIR SPRAY PLUS 15 ML","DD":"ITALFARMACO","FRF":29,"FRP":59,"MRF":9,"MRP":27,"MF":334.22,"MFD":-3.64,"MQt":1.17,"MPz":26,"MPzD":-6.75,"MPr":12.62}
,{"DP":"COREGA SELLADO MAXIMO 70 G","DD":"GLAXO SMITHKLINE","FRF":361,"FRP":361,"MRF":10,"MRP":28,"MF":307.86,"MFD":117.84,"MQt":1.07,"MPz":25,"MPzD":115.12,"MPr":12.25}
,{"DP":"PERIO AID TRATAMIENTO COLUTORIO SIN ALCOHOL 500 ML","DD":"DENTAID","FRF":66,"FRP":73,"MRF":11,"MRP":13,"MF":306.14,"MFD":-0.78,"MQt":1.07,"MPz":33,"MPzD":-6.72,"MPr":9.21}
,{"DP":"VITIS ENCIAS COLUTORIO BUCAL 1 L","DD":"DENTAID","FRF":8,"FRP":24,"MRF":12,"MRP":34,"MF":303.2,"MFD":5.62,"MQt":1.06,"MPz":23,"MPzD":4.49,"MPr":13.28}
,{"DP":"CEPILLO DIENTES VARIOS","DD":"","FRF":36,"FRP":142,"MRF":13,"MRP":31,"MF":299.62,"MFD":-2.86,"MQt":1.04,"MPz":24,"MPzD":-9.42,"MPr":12.44}
,{"DP":"ORALDINE ANTISEPTICO PACK 400 ML +200 ML","DD":"JOHNSON & JOHNSON","FRF":30,"FRP":26,"MRF":14,"MRP":9,"MF":295.39,"MFD":9.25,"MQt":1.03,"MPz":43,"MPzD":11.92,"MPr":6.95}
,{"DP":"KUKIDENT PRO DOBLE ACCION NEUTRO 60 G","DD":"VICKS","FRF":31,"FRP":53,"MRF":15,"MRP":21,"MF":291.43,"MFD":-5.6,"MQt":1.02,"MPz":28,"MPzD":-8.45,"MPr":10.36}
,{"DP":"ORALDINE ANTISEPTICO 400 ML","DD":"JOHNSON & JOHNSON","FRF":175,"FRP":164,"MRF":16,"MRP":6,"MF":289,"MFD":-8.75,"MQt":1.01,"MPz":49,"MPzD":-4.43,"MPr":5.85}
,{"DP":"LACER PACK VARIOS","DD":"LACER","FRF":2,"FRP":5,"MRF":17,"MRP":23,"MF":262.11,"MFD":-19.18,"MQt":0.91,"MPz":27,"MPzD":-22.71,"MPr":9.77}
,{"DP":"CEPILLO DENTAL ADULTO MEDIO","DD":"DENTAID","FRF":9,"FRP":2,"MRF":18,"MRP":2,"MF":250.65,"MFD":-3.22,"MQt":0.87,"MPz":68,"MPzD":-3.95,"MPr":3.68}
,{"DP":"LACER PASTA CON FLUOR 125 ML","DD":"LACER","FRF":90,"FRP":78,"MRF":19,"MRP":11,"MF":237.1,"MFD":-2.76,"MQt":0.83,"MPz":38,"MPzD":-1.53,"MPr":6.32}
,{"DP":"LACER OROS COLUTORIO 500 ML","DD":"LACER","FRF":4,"FRP":4,"MRF":20,"MRP":32,"MF":233.61,"MFD":-0.39,"MQt":0.81,"MPz":24,"MPzD":-1.92,"MPr":9.78}
,{"DP":"COREGA ULTRA CREMA EXTRA FUERTE 40 ML","DD":"GLAXO SMITHKLINE","FRF":123,"FRP":130,"MRF":21,"MRP":22,"MF":228.38,"MFD":-11.67,"MQt":0.8,"MPz":28,"MPzD":-13.92,"MPr":8.02}
,{"DP":"COREGA TOTAL CREMA FIJADORA 75 ML","DD":"GLAXO SMITHKLINE","FRF":363,"FRP":363,"MRF":22,"MRP":42,"MF":222.21,"MFD":-9.05,"MQt":0.77,"MPz":19,"MPzD":-12.37,"MPr":11.51}
,{"DP":"COREGA CREMA EXTRA FUERTE SIN SABOR 40 ML","DD":"GLAXO SMITHKLINE","FRF":139,"FRP":148,"MRF":23,"MRP":24,"MF":214.1,"MFD":-10.3,"MQt":0.75,"MPz":27,"MPzD":-11.11,"MPr":7.92}
,{"DP":"ALGASIV 30 U INFERIOR","DD":"COMBE EUROPA","FRF":129,"FRP":145,"MRF":24,"MRP":43,"MF":208.98,"MFD":-4.6,"MQt":0.73,"MPz":19,"MPzD":-5.74,"MPr":10.92}
,{"DP":"LACER COLUTORIO 500 ML","DD":"LACER","FRF":54,"FRP":54,"MRF":25,"MRP":25,"MF":207.9,"MFD":0.02,"MQt":0.72,"MPz":27,"MPzD":-2.69,"MPr":7.78}]
,"datiDettRefC":[
{"DP":"COREGA ULTRA CREMA EXTRA FUERTE 75 ML","DD":"GLAXO SMITHKLINE","FRF":62,"FRP":87,"CRF":1,"CRP":1,"CF":443.26,"CFD":-4.92,"CQt":2.87,"CPz":37,"CPzD":-7.58,"CPr":11.82}
,{"DP":"COREGA CREMA EXTRA FUERTE SIN SABOR 70 G","DD":"GLAXO SMITHKLINE","FRF":168,"FRP":181,"CRF":2,"CRP":3,"CF":350.54,"CFD":-9.09,"CQt":2.27,"CPz":30,"CPzD":-11.76,"CPr":11.62}
,{"DP":"CEPILLO DIENTES VARIOS","DD":"","FRF":36,"FRP":142,"CRF":3,"CRP":9,"CF":289.64,"CFD":7.43,"CQt":1.88,"CPz":21,"CPzD":11.16,"CPr":13.66}
,{"DP":"KUKIDENT COMPLETE NEUTRO 70 G","DD":"PROCTER & GAMBLE ESPAÑA","FRF":18,"FRP":36,"CRF":4,"CRP":7,"CF":270.15,"CFD":-4.28,"CQt":1.75,"CPz":25,"CPzD":-8.46,"CPr":10.64}
,{"DP":"GINGILACER COLUTORIO 500 ML","DD":"LACER","FRF":13,"FRP":21,"CRF":5,"CRP":5,"CF":266.89,"CFD":-2.94,"CQt":1.73,"CPz":29,"CPzD":-6.34,"CPr":9.12}
,{"DP":"FLUOCARIL BI-FLUORE 250 DUPLO 125 ML 2 U","DD":"PROCTER & GAMBLE ESPAÑA","FRF":10,"FRP":6,"CRF":6,"CRP":4,"CF":239.97,"CFD":-3.89,"CQt":1.56,"CPz":30,"CPzD":-2.14,"CPr":8.02}
,{"DP":"LACER COLUTORIO CLORHEXIDINA 500 ML","DD":"LACER","FRF":11,"FRP":7,"CRF":7,"CRP":8,"CF":198.98,"CFD":1.43,"CQt":1.29,"CPz":25,"CPzD":1.1,"CPr":8.05}
,{"DP":"COREGA SELLADO MAXIMO 70 G","DD":"GLAXO SMITHKLINE","FRF":361,"FRP":361,"CRF":8,"CRP":18,"CF":193.85,"CFD":103.87,"CQt":1.26,"CPz":16,"CPzD":107.55,"CPr":12.35}
,{"DP":"ALOCLAIR SPRAY PLUS 15 ML","DD":"ITALFARMACO","FRF":29,"FRP":59,"CRF":9,"CRP":29,"CF":168.84,"CFD":-10.34,"CQt":1.09,"CPz":13,"CPzD":-11.51,"CPr":12.97}
,{"DP":"PERIO AID TRATAMIENTO COLUTORIO SIN ALCOHOL 500 ML","DD":"DENTAID","FRF":66,"FRP":73,"CRF":10,"CRP":13,"CF":168.18,"CFD":2.59,"CQt":1.09,"CPz":18,"CPzD":-4.53,"CPr":9.12}
,{"DP":"CEPILLO DENTAL ADULTO ","DD":"DENTAID","FRF":1,"FRP":1,"CRF":11,"CRP":2,"CF":164,"CFD":-0.48,"CQt":1.06,"CPz":37,"CPzD":-2.54,"CPr":4.43}
,{"DP":"ALOCLAIR GEL PLUS 8 ML","DD":"ITALFARMACO","FRF":28,"FRP":52,"CRF":12,"CRP":25,"CF":163.41,"CFD":5.28,"CQt":1.06,"CPz":14,"CPzD":5.62,"CPr":11.7}
,{"DP":"COREGA ULTRA CREMA EXTRA FUERTE 40 ML","DD":"GLAXO SMITHKLINE","FRF":123,"FRP":130,"CRF":13,"CRP":10,"CF":163.08,"CFD":-11.92,"CQt":1.06,"CPz":21,"CPzD":-9.98,"CPr":7.94}
,{"DP":"KUKIDENT PRO DOBLE ACCION NEUTRO 60 G","DD":"VICKS","FRF":31,"FRP":53,"CRF":14,"CRP":21,"CF":162.64,"CFD":-10.2,"CQt":1.05,"CPz":15,"CPzD":-12.7,"CPr":10.84}
,{"DP":"COREGA TOTAL CREMA FIJADORA 75 ML","DD":"GLAXO SMITHKLINE","FRF":363,"FRP":363,"CRF":15,"CRP":26,"CF":161.58,"CFD":-2.07,"CQt":1.05,"CPz":14,"CPzD":-0.13,"CPr":11.65}
,{"DP":"ORALDINE ANTISEPTICO PACK 400 ML +200 ML","DD":"JOHNSON & JOHNSON","FRF":30,"FRP":26,"CRF":16,"CRP":11,"CF":161.25,"CFD":0.1,"CQt":1.05,"CPz":21,"CPzD":-2.04,"CPr":7.52}
,{"DP":"ALGASIV 30 U INFERIOR","DD":"COMBE EUROPA","FRF":129,"FRP":145,"CRF":17,"CRP":27,"CF":155.18,"CFD":4.7,"CQt":1.01,"CPz":14,"CPzD":2.12,"CPr":10.98}
,{"DP":"LACER PACK VARIOS","DD":"LACER","FRF":2,"FRP":5,"CRF":18,"CRP":22,"CF":150.73,"CFD":4.07,"CQt":0.98,"CPz":15,"CPzD":1.85,"CPr":10.17}
,{"DP":"COREGA CREMA EXTRA FUERTE SIN SABOR 40 ML","DD":"GLAXO SMITHKLINE","FRF":139,"FRP":148,"CRF":19,"CRP":14,"CF":145.9,"CFD":-6.64,"CQt":0.95,"CPz":18,"CPzD":-8.5,"CPr":8}
,{"DP":"VITIS ENCIAS COLUTORIO BUCAL 1 L","DD":"DENTAID","FRF":8,"FRP":24,"CRF":20,"CRP":52,"CF":130.4,"CFD":2.37,"CQt":0.85,"CPz":9,"CPzD":-3.13,"CPr":14.04}
,{"DP":"LACER PASTA CON FLUOR 125 ML","DD":"LACER","FRF":90,"FRP":78,"CRF":21,"CRP":12,"CF":128.14,"CFD":-8.95,"CQt":0.83,"CPz":19,"CPzD":-5.69,"CPr":6.82}
,{"DP":"ORALDINE ANTISEPTICO 400 ML","DD":"JOHNSON & JOHNSON","FRF":175,"FRP":164,"CRF":22,"CRP":19,"CF":119.03,"CFD":-22.46,"CQt":0.77,"CPz":16,"CPzD":-25.23,"CPr":7.36}
,{"DP":"LACER COLUTORIO 500 ML","DD":"LACER","FRF":54,"FRP":54,"CRF":23,"CRP":23,"CF":116.96,"CFD":2.18,"CQt":0.76,"CPz":15,"CPzD":-0.84,"CPr":7.92}
,{"DP":"LACER GEL BIOADHESIVO CLORHEXIDINA 50 ML","DD":"LACER","FRF":32,"FRP":25,"CRF":24,"CRP":16,"CF":116.24,"CFD":10.21,"CQt":0.75,"CPz":17,"CPzD":9.1,"CPr":6.83}
,{"DP":"LACER OROS COLUTORIO 500 ML","DD":"LACER","FRF":4,"FRP":4,"CRF":25,"CRP":32,"CF":114.05,"CFD":-5.3,"CQt":0.74,"CPz":12,"CPzD":-5.58,"CPr":9.74}]}