{"datiDettRefF":[
{"DP":"APO-GO PFS 5 MGML 5 JERINGAS PRECARGADAS 10 ML","DD":"ITALFARMACO","FRF":1,"FRP":1,"FF":7284,"FFD":33.33,"FQt":17.79,"FPz":48,"FPzD":33.33,"FPr":151.75,"MRF":40,"MRP":30,"CRF":34,"CRP":26}
,{"DP":"BOCOUTURE 50 U 6 VIALES","DD":"MERZ PHARMA","FRF":2,"FRP":8,"FF":3652.74,"FFD":40,"FQt":8.92,"FPz":7,"FPzD":40,"FPr":521.82,"MRF":51,"MRP":79,"CRF":66,"CRP":81}
,{"DP":"PROLIA 60 MG 1 JERINGA PRECARGADA 1 ML","DD":"AMGEN","FRF":3,"FRP":2,"FF":3609.44,"FFD":23.08,"FQt":8.81,"FPz":16,"FPzD":23.08,"FPr":225.59,"MRF":1,"MRP":1,"CRF":1,"CRP":2}
,{"DP":"DECAPEPTYL TRIMESTRAL 11.25 MG 1 VIAL POLVO + 1 AMPOLLA DISOLV 2 ML","DD":"IPSEN PHARMA","FRF":4,"FRP":4,"FF":2469.28,"FFD":null,"FQt":6.03,"FPz":8,"FPzD":null,"FPr":308.66,"MRF":25,"MRP":37,"CRF":29,"CRP":32}
,{"DP":"FASLODEX 250 MG 1 JERINGA PRECARGADA 5 ML","DD":"ASTRAZENECA FARMACEUTICA SPAIN","FRF":5,"FRP":5,"FF":2380.4,"FFD":-73.5,"FQt":5.81,"FPz":8,"FPzD":-71.43,"FPr":297.55,"MRF":5,"MRP":10,"CRF":7,"CRP":9}
,{"DP":"DECAPEPTYL SEMESTRAL 22.5 MG 1 VIAL POLVO + 1 AMPOLLA DISOLVENTE 2 ML","DD":"IPSEN PHARMA","FRF":6,"FRP":16,"FF":2257.52,"FFD":-33.33,"FQt":5.51,"FPz":4,"FPzD":-33.33,"FPr":564.38,"MRF":6,"MRP":18,"CRF":6,"CRP":21}
,{"DP":"ADVAGRAF 5 MG 30 CAPSULAS LIBERACION PROLONGADA","DD":"ASTELLAS PHARMA","FRF":7,"FRP":6,"FF":1644.3,"FFD":null,"FQt":4.01,"FPz":8,"FPzD":null,"FPr":205.54,"MRF":9,"MRP":7,"CRF":12,"CRP":11}
,{"DP":"APO-GO PEN 10 MGML 5 PLUMAS 3 ML","DD":"ITALFARMACO","FRF":8,"FRP":7,"FF":1181.28,"FFD":null,"FQt":2.88,"FPz":8,"FPzD":null,"FPr":147.66,"MRF":81,"MRP":78,"CRF":49,"CRP":43}
,{"DP":"RAPAMUNE 2 MG 30 COMPRIMIDOS RECUBIERTOS","DD":"PFIZER","FRF":9,"FRP":17,"FF":1148.6,"FFD":null,"FQt":2.8,"FPz":4,"FPzD":null,"FPr":287.15,"MRF":80,"MRP":82,"CRF":59,"CRP":71}
,{"DP":"ZOLADEX TRIMESTRAL 10.8 MG IMPLANTE SUBCUTANEO JERINGA PRECARGADA","DD":"ASTRAZENECA FARMACEUTICA SPAIN","FRF":10,"FRP":18,"FF":1142.79,"FFD":43.52,"FQt":2.79,"FPz":3,"FPzD":0,"FPr":380.93,"MRF":39,"MRP":57,"CRF":32,"CRP":45}
,{"DP":"ZEBINIX 800 MG 30 COMPRIMIDOS","DD":"LABORATORIOS BIAL","FRF":11,"FRP":9,"FF":1073.97,"FFD":-42.73,"FQt":2.62,"FPz":6,"FPzD":-40,"FPr":179,"MRF":2,"MRP":2,"CRF":3,"CRP":1}
,{"DP":"SALOFALK 3 G 60 SOBRES LIBERACION PROLONGADA","DD":"DR FALK PHARMA ESPAÑA","FRF":12,"FRP":10,"FF":900.06,"FFD":20,"FQt":2.2,"FPz":6,"FPzD":20,"FPr":150.01,"MRF":29,"MRP":21,"CRF":24,"CRP":17}
,{"DP":"CLEXANE 120 MG (12000 UI) 30 JERINGAS PRECARGADAS 0.8 ML","DD":"SANOFI AVENTIS S.A.","FRF":13,"FRP":19,"FF":867.39,"FFD":50,"FQt":2.12,"FPz":3,"FPzD":50,"FPr":289.13,"MRF":48,"MRP":58,"CRF":48,"CRP":63}
,{"DP":"EBIXA 20 MG 56 COMPRIMIDOS RECUBIERTOS","DD":"LUNDBECK ESPAÑA","FRF":14,"FRP":11,"FF":865.2,"FFD":-40,"FQt":2.11,"FPz":6,"FPzD":-40,"FPr":144.2,"MRF":38,"MRP":22,"CRF":40,"CRP":39}
,{"DP":"GARDASIL 9 1 JERINGA PRECARGADA 0.5 ML","DD":"MSD","FRF":15,"FRP":12,"FF":862.75,"FFD":-28.57,"FQt":2.11,"FPz":5,"FPzD":-28.57,"FPr":172.55,"MRF":7,"MRP":6,"CRF":14,"CRP":12}
,{"DP":"ADVAGRAF 1 MG 60 CAPSULAS LIBERACION PROLONGADA","DD":"ASTELLAS PHARMA","FRF":16,"FRP":3,"FF":854.94,"FFD":-3.46,"FQt":2.09,"FPz":9,"FPzD":12.5,"FPr":94.99,"MRF":17,"MRP":5,"CRF":18,"CRP":5}
,{"DP":"RAPAMUNE 1 MG 100 COMPRIMIDOS RECUBIERTOS","DD":"PFIZER","FRF":17,"FRP":23,"FF":853.8,"FFD":null,"FQt":2.08,"FPz":2,"FPzD":null,"FPr":426.9,"MRF":53,"MRP":77,"CRF":63,"CRP":77}
,{"DP":"PROGRAF 5 MG 30 CAPSULAS","DD":"ASTELLAS PHARMA","FRF":18,"FRP":13,"FF":837.75,"FFD":400,"FQt":2.05,"FPz":5,"FPzD":400,"FPr":167.55,"MRF":69,"MRP":66,"CRF":80,"CRP":80}
,{"DP":"NEUPRO 8 MG24 H 28 PARCHES TRANSDERMICOS 18 MG","DD":"UCB PHARMA  S A","FRF":19,"FRP":14,"FF":799.3,"FFD":400,"FQt":1.95,"FPz":5,"FPzD":400,"FPr":159.86,"MRF":20,"MRP":14,"CRF":17,"CRP":13}
,{"DP":"SYCREST 10 MG 60 COMPRIMIDOS SUBLINGUALES","DD":"LUNDBECK ESPAÑA","FRF":20,"FRP":15,"FF":781.6,"FFD":-28.57,"FQt":1.91,"FPz":5,"FPzD":-28.57,"FPr":156.32,"MRF":43,"MRP":32,"CRF":28,"CRP":24}
,{"DP":"AMELUZ 78 MGG GEL TOPICO 1 TUBO 2 G","DD":"BIOFRONTERA PHARMA GMBH","FRF":21,"FRP":20,"FF":611.25,"FFD":null,"FQt":1.49,"FPz":3,"FPzD":null,"FPr":203.75,"MRF":58,"MRP":60,"CRF":70,"CRP":66}
,{"DP":"ELIGARD SEMESTRAL 45 MG JERINGA POLVO + JERINGA DISOLVENTE","DD":"ASTELLAS PHARMA","FRF":22,"FRP":31,"FF":549.14,"FFD":-50,"FQt":1.34,"FPz":1,"FPzD":-50,"FPr":549.14,"MRF":10,"MRP":23,"CRF":11,"CRP":27}
,{"DP":"ABSTRAL 100 MCG 30 COMPRIMIDOS SUBLINGUALES","DD":"PROSTRAKAN FARMACEUTICA  S L","FRF":23,"FRP":24,"FF":462.4,"FFD":null,"FQt":1.13,"FPz":2,"FPzD":null,"FPr":231.2,"MRF":15,"MRP":15,"CRF":8,"CRP":7}
,{"DP":"HIBOR 10000 UI 30 JERINGAS PRECARGADAS 0.4 ML","DD":"ROVI","FRF":24,"FRP":32,"FF":440.28,"FFD":null,"FQt":1.08,"FPz":1,"FPzD":null,"FPr":440.28,"MRF":21,"MRP":36,"CRF":21,"CRP":28}
,{"DP":"CLEXANE 80 MG (8000 UI) 30 JERINGAS PRECARGADAS 0.8 ML","DD":"SANOFI AVENTIS S.A.","FRF":25,"FRP":25,"FF":379.97,"FFD":-12.64,"FQt":0.93,"FPz":2,"FPzD":0,"FPr":189.99,"MRF":22,"MRP":20,"CRF":35,"CRP":35}]
,"datiDettRefM":[
{"DP":"PROLIA 60 MG 1 JERINGA PRECARGADA 1 ML","DD":"AMGEN","FRF":3,"FRP":2,"MRF":1,"MRP":1,"MF":6880.85,"MFD":3.56,"MQt":8.84,"MPz":30,"MPzD":1.97,"MPr":226.34}
,{"DP":"ZEBINIX 800 MG 30 COMPRIMIDOS","DD":"LABORATORIOS BIAL","FRF":11,"FRP":9,"MRF":2,"MRP":2,"MF":5251.78,"MFD":14.29,"MQt":6.75,"MPz":29,"MPzD":18.69,"MPr":180.76}
,{"DP":"FORSTEO 20 MCG80 MCL 1 PLUMA PRECARGADA 2.4 ML","DD":"ELANCO","FRF":54,"FRP":54,"MRF":3,"MRP":4,"MF":4870.88,"MFD":2.16,"MQt":6.26,"MPz":12,"MPzD":2.12,"MPr":405.72}
,{"DP":"ABILIFY MAINTEMA 400 MG 1 VIAL POLVO + 1 VIAL DISOLVENTE 2 ML","DD":"OTSUKA PHARMACEUTICAL","FRF":41,"FRP":41,"MRF":4,"MRP":9,"MF":2248.57,"MFD":13.23,"MQt":2.89,"MPz":7,"MPzD":11.16,"MPr":315.62}
,{"DP":"FASLODEX 250 MG 1 JERINGA PRECARGADA 5 ML","DD":"ASTRAZENECA FARMACEUTICA SPAIN","FRF":5,"FRP":5,"MRF":5,"MRP":10,"MF":2124.67,"MFD":-4.81,"MQt":2.73,"MPz":7,"MPzD":4.69,"MPr":297.55}
,{"DP":"DECAPEPTYL SEMESTRAL 22.5 MG 1 VIAL POLVO + 1 AMPOLLA DISOLVENTE 2 ML","DD":"IPSEN PHARMA","FRF":6,"FRP":16,"MRF":6,"MRP":18,"MF":2022.03,"MFD":5.73,"MQt":2.6,"MPz":4,"MPzD":18.02,"MPr":565.07}
,{"DP":"GARDASIL 9 1 JERINGA PRECARGADA 0.5 ML","DD":"MSD","FRF":15,"FRP":12,"MRF":7,"MRP":6,"MF":1859.65,"MFD":72.98,"MQt":2.39,"MPz":11,"MPzD":73.34,"MPr":169.89}
,{"DP":"AZILECT 1 MG 30 COMPRIMIDOS","DD":"LUNDBECK ESPAÑA","FRF":31,"FRP":21,"MRF":8,"MRP":3,"MF":1769.92,"MFD":-8.61,"MQt":2.28,"MPz":19,"MPzD":-10.31,"MPr":91.64}
,{"DP":"ADVAGRAF 5 MG 30 CAPSULAS LIBERACION PROLONGADA","DD":"ASTELLAS PHARMA","FRF":7,"FRP":6,"MRF":9,"MRP":7,"MF":1656.5,"MFD":-11.49,"MQt":2.13,"MPz":8,"MPzD":-0.74,"MPr":206.92}
,{"DP":"ELIGARD SEMESTRAL 45 MG JERINGA POLVO + JERINGA DISOLVENTE","DD":"ASTELLAS PHARMA","FRF":22,"FRP":31,"MRF":10,"MRP":23,"MF":1545.93,"MFD":-0.97,"MQt":1.99,"MPz":3,"MPzD":5.71,"MPr":548.94}
,{"DP":"PECFENT 100 MCGPULS 4 NEBULIZADORES NASALES 8 DOSIS","DD":"ARCHIMEDES PHARMA IBERICA","FRF":74,"FRP":74,"MRF":11,"MRP":11,"MF":1536.39,"MFD":11.21,"MQt":1.97,"MPz":7,"MPzD":13.2,"MPr":222.23}
,{"DP":"CLEXANE 60 MG (6000 UI) 30 JERINGAS PRECARGADAS 0.6 ML","DD":"SANOFI AVENTIS S.A.","FRF":33,"FRP":34,"MRF":12,"MRP":12,"MF":1371.46,"MFD":-9.93,"MQt":1.76,"MPz":7,"MPzD":-13.84,"MPr":187.11}
,{"DP":"RISPERDAL CONSTA 50 MG 1 VIAL + 1 JERINGA DISOLVENTE","DD":"JANSSEN-CILAG","FRF":80,"FRP":80,"MRF":13,"MRP":13,"MF":1292.61,"MFD":-7.91,"MQt":1.66,"MPz":6,"MPzD":-12.8,"MPr":202.31}
,{"DP":"EXJADE 360 MG 30 COMPRIMIDOS RECUBIERTOS","DD":"NOVARTIS","FRF":52,"FRP":52,"MRF":14,"MRP":35,"MF":1274.44,"MFD":49.06,"MQt":1.64,"MPz":2,"MPzD":74.53,"MPr":746.11}
,{"DP":"ABSTRAL 100 MCG 30 COMPRIMIDOS SUBLINGUALES","DD":"PROSTRAKAN FARMACEUTICA  S L","FRF":23,"FRP":24,"MRF":15,"MRP":15,"MF":1215.26,"MFD":8.69,"MQt":1.56,"MPz":5,"MPzD":3.35,"MPr":225.5}
,{"DP":"ABILIFY MAINTEMA 300 MG 1 VIAL POLVO + 1 VIAL DISOLVENTE 2 ML","DD":"OTSUKA PHARMACEUTICAL","FRF":40,"FRP":40,"MRF":16,"MRP":19,"MF":1154.2,"MFD":19.16,"MQt":1.48,"MPz":4,"MPzD":30.28,"MPr":315.87}
,{"DP":"ADVAGRAF 1 MG 60 CAPSULAS LIBERACION PROLONGADA","DD":"ASTELLAS PHARMA","FRF":16,"FRP":3,"MRF":17,"MRP":5,"MF":1134.86,"MFD":-13.63,"MQt":1.46,"MPz":12,"MPzD":1.56,"MPr":95.69}
,{"DP":"ADVAGRAF 3 MG 30 CAPSULAS LIBERACION PROLONGADA","DD":"ASTELLAS PHARMA","FRF":28,"FRP":28,"MRF":18,"MRP":8,"MF":1086.03,"MFD":-13.4,"MQt":1.4,"MPz":8,"MPzD":1.09,"MPr":142.49}
,{"DP":"HIBOR 7500 UI 30 JERINGAS PRECARGADAS 0.3 ML","DD":"ROVI","FRF":61,"FRP":61,"MRF":19,"MRP":24,"MF":1083.5,"MFD":18.81,"MQt":1.39,"MPz":3,"MPzD":19.1,"MPr":359.23}
,{"DP":"NEUPRO 8 MG24 H 28 PARCHES TRANSDERMICOS 18 MG","DD":"UCB PHARMA  S A","FRF":19,"FRP":14,"MRF":20,"MRP":14,"MF":1014.46,"MFD":-2,"MQt":1.3,"MPz":6,"MPzD":-7.27,"MPr":160.13}
,{"DP":"HIBOR 10000 UI 30 JERINGAS PRECARGADAS 0.4 ML","DD":"ROVI","FRF":24,"FRP":32,"MRF":21,"MRP":36,"MF":920.93,"MFD":22.07,"MQt":1.18,"MPz":2,"MPzD":17.09,"MPr":440.24}
,{"DP":"CLEXANE 80 MG (8000 UI) 30 JERINGAS PRECARGADAS 0.8 ML","DD":"SANOFI AVENTIS S.A.","FRF":25,"FRP":25,"MRF":22,"MRP":20,"MF":826.6,"MFD":-3.65,"MQt":1.06,"MPz":4,"MPzD":1.37,"MPr":210.34}
,{"DP":"VISTABEL 50 U 2 VIALES","DD":"ALLERGAN S A","FRF":83,"FRP":83,"MRF":23,"MRP":25,"MF":823.81,"MFD":22.26,"MQt":1.06,"MPz":3,"MPzD":9.04,"MPr":244.24}
,{"DP":"ACTIQ 400 MCG 30 COMPRIMIDOS PARA CHUPAR","DD":"FERRER FARMA","FRF":44,"FRP":44,"MRF":24,"MRP":26,"MF":801.66,"MFD":-2.9,"MQt":1.03,"MPz":3,"MPzD":-13.69,"MPr":234.29}
,{"DP":"DECAPEPTYL TRIMESTRAL 11.25 MG 1 VIAL POLVO + 1 AMPOLLA DISOLV 2 ML","DD":"IPSEN PHARMA","FRF":4,"FRP":4,"MRF":25,"MRP":37,"MF":762.44,"MFD":13.7,"MQt":0.98,"MPz":2,"MPzD":-7.96,"MPr":308.65}]
,"datiDettRefC":[
{"DP":"PROLIA 60 MG 1 JERINGA PRECARGADA 1 ML","DD":"AMGEN","FRF":3,"FRP":2,"CRF":1,"CRP":2,"CF":4728.9,"CFD":-1.29,"CQt":8.2,"CPz":21,"CPzD":-0.94,"CPr":226.36}
,{"DP":"FORSTEO 20 MCG80 MCL 1 PLUMA PRECARGADA 2.4 ML","DD":"ELANCO","FRF":54,"FRP":54,"CRF":2,"CRP":4,"CF":4179.08,"CFD":-0.53,"CQt":7.25,"CPz":10,"CPzD":-3.34,"CPr":406.81}
,{"DP":"ZEBINIX 800 MG 30 COMPRIMIDOS","DD":"LABORATORIOS BIAL","FRF":11,"FRP":9,"CRF":3,"CRP":1,"CF":4142.77,"CFD":21.02,"CQt":7.19,"CPz":23,"CPzD":26.25,"CPr":180.84}
,{"DP":"EXJADE 360 MG 30 COMPRIMIDOS RECUBIERTOS","DD":"NOVARTIS","FRF":52,"FRP":52,"CRF":4,"CRP":20,"CF":2116.24,"CFD":20,"CQt":3.67,"CPz":3,"CPzD":26.92,"CPr":746.11}
,{"DP":"VISTABEL 50 U 2 VIALES","DD":"ALLERGAN S A","FRF":83,"FRP":83,"CRF":5,"CRP":6,"CF":1857.8,"CFD":75.23,"CQt":3.22,"CPz":8,"CPzD":84.87,"CPr":243.86}
,{"DP":"DECAPEPTYL SEMESTRAL 22.5 MG 1 VIAL POLVO + 1 AMPOLLA DISOLVENTE 2 ML","DD":"IPSEN PHARMA","FRF":6,"FRP":16,"CRF":6,"CRP":21,"CF":1734.19,"CFD":11.92,"CQt":3.01,"CPz":3,"CPzD":9.27,"CPr":564.38}
,{"DP":"FASLODEX 250 MG 1 JERINGA PRECARGADA 5 ML","DD":"ASTRAZENECA FARMACEUTICA SPAIN","FRF":5,"FRP":5,"CRF":7,"CRP":9,"CF":1704.15,"CFD":-13.72,"CQt":2.96,"CPz":6,"CPzD":1.85,"CPr":297.55}
,{"DP":"ABSTRAL 100 MCG 30 COMPRIMIDOS SUBLINGUALES","DD":"PROSTRAKAN FARMACEUTICA  S L","FRF":23,"FRP":24,"CRF":8,"CRP":7,"CF":1602.7,"CFD":36.17,"CQt":2.78,"CPz":7,"CPzD":37.5,"CPr":225.44}
,{"DP":"ACTIQ 400 MCG 30 COMPRIMIDOS PARA CHUPAR","DD":"FERRER FARMA","FRF":44,"FRP":44,"CRF":9,"CRP":10,"CF":1325.76,"CFD":3.09,"CQt":2.3,"CPz":6,"CPzD":10.74,"CPr":234.46}
,{"DP":"ABILIFY MAINTEMA 400 MG 1 VIAL POLVO + 1 VIAL DISOLVENTE 2 ML","DD":"OTSUKA PHARMACEUTICAL","FRF":41,"FRP":41,"CRF":10,"CRP":15,"CF":1296.38,"CFD":28.41,"CQt":2.25,"CPz":4,"CPzD":25,"CPr":315.49}
,{"DP":"ELIGARD SEMESTRAL 45 MG JERINGA POLVO + JERINGA DISOLVENTE","DD":"ASTELLAS PHARMA","FRF":22,"FRP":31,"CRF":11,"CRP":27,"CF":1278,"CFD":11.3,"CQt":2.22,"CPz":2,"CPzD":-4.35,"CPr":549.14}
,{"DP":"ADVAGRAF 5 MG 30 CAPSULAS LIBERACION PROLONGADA","DD":"ASTELLAS PHARMA","FRF":7,"FRP":6,"CRF":12,"CRP":11,"CF":1179.64,"CFD":-33,"CQt":2.05,"CPz":6,"CPzD":-20.86,"CPr":206.62}
,{"DP":"PECFENT 100 MCGPULS 4 NEBULIZADORES NASALES 8 DOSIS","DD":"ARCHIMEDES PHARMA IBERICA","FRF":74,"FRP":74,"CRF":13,"CRP":14,"CF":1044.8,"CFD":19.34,"CQt":1.81,"CPz":5,"CPzD":29.72,"CPr":227.13}
,{"DP":"GARDASIL 9 1 JERINGA PRECARGADA 0.5 ML","DD":"MSD","FRF":15,"FRP":12,"CRF":14,"CRP":12,"CF":1015.28,"CFD":122.4,"CQt":1.76,"CPz":6,"CPzD":124.49,"CPr":171.29}
,{"DP":"AZILECT 1 MG 30 COMPRIMIDOS","DD":"LUNDBECK ESPAÑA","FRF":31,"FRP":21,"CRF":15,"CRP":3,"CF":1002.86,"CFD":-2.11,"CQt":1.74,"CPz":11,"CPzD":-1.94,"CPr":91.32}
,{"DP":"ADVAGRAF 3 MG 30 CAPSULAS LIBERACION PROLONGADA","DD":"ASTELLAS PHARMA","FRF":28,"FRP":28,"CRF":16,"CRP":8,"CF":982.41,"CFD":-22.37,"CQt":1.7,"CPz":7,"CPzD":-12.3,"CPr":142.57}
,{"DP":"NEUPRO 8 MG24 H 28 PARCHES TRANSDERMICOS 18 MG","DD":"UCB PHARMA  S A","FRF":19,"FRP":14,"CRF":17,"CRP":13,"CF":950.44,"CFD":2.19,"CQt":1.65,"CPz":6,"CPzD":3.13,"CPr":159.86}
,{"DP":"ADVAGRAF 1 MG 60 CAPSULAS LIBERACION PROLONGADA","DD":"ASTELLAS PHARMA","FRF":16,"FRP":3,"CRF":18,"CRP":5,"CF":909.22,"CFD":-18.61,"CQt":1.58,"CPz":10,"CPzD":-0.72,"CPr":95.62}
,{"DP":"HIBOR 7500 UI 30 JERINGAS PRECARGADAS 0.3 ML","DD":"ROVI","FRF":61,"FRP":61,"CRF":19,"CRP":22,"CF":908.05,"CFD":24.11,"CQt":1.58,"CPz":3,"CPzD":47.32,"CPr":359.3}
,{"DP":"CLEXANE 60 MG (6000 UI) 30 JERINGAS PRECARGADAS 0.6 ML","DD":"SANOFI AVENTIS S.A.","FRF":33,"FRP":34,"CRF":20,"CRP":16,"CF":776.89,"CFD":-12.93,"CQt":1.35,"CPz":4,"CPzD":-15.38,"CPr":186.59}
,{"DP":"HIBOR 10000 UI 30 JERINGAS PRECARGADAS 0.4 ML","DD":"ROVI","FRF":24,"FRP":32,"CRF":21,"CRP":28,"CF":752.48,"CFD":40.3,"CQt":1.31,"CPz":2,"CPzD":66.67,"CPr":440.28}
,{"DP":"AVARIC 133 MCG 30 COMP SUBLINGUALES (PVCAL-PET)","DD":"ANGELINI FARMACÉUTICA S A","FRF":46,"FRP":46,"CRF":22,"CRP":23,"CF":591.08,"CFD":44.34,"CQt":1.03,"CPz":3,"CPzD":55.66,"CPr":212.48}
,{"DP":"ABILIFY MAINTEMA 300 MG 1 VIAL POLVO + 1 VIAL DISOLVENTE 2 ML","DD":"OTSUKA PHARMACEUTICAL","FRF":40,"FRP":40,"CRF":23,"CRP":29,"CF":590.83,"CFD":43.06,"CQt":1.03,"CPz":2,"CPzD":52.78,"CPr":315.49}
,{"DP":"SALOFALK 3 G 60 SOBRES LIBERACION PROLONGADA","DD":"DR FALK PHARMA ESPAÑA","FRF":12,"FRP":10,"CRF":24,"CRP":17,"CF":589.13,"CFD":34.16,"CQt":1.02,"CPz":4,"CPzD":36.65,"CPr":151.41}
,{"DP":"SYCREST 5 MG 60 COMPRIMIDOS SUBLINGUALES","DD":"LUNDBECK ESPAÑA","FRF":81,"FRP":81,"CRF":25,"CRP":18,"CF":582.65,"CFD":72.27,"CQt":1.01,"CPz":4,"CPzD":88.03,"CPr":156.32}]}