{"datiDettRefF":[
{"DP":"TENSIOMETRO DIGITAL CON ADAPTADOR DE CORRIENTE DE BRAZO","DD":"ROCHE DIAGNOSTICS","FRF":1,"FRP":13,"FF":527.56,"FFD":76,"FQt":19.7,"FPz":9,"FPzD":80,"FPr":58.62,"MRF":14,"MRP":68,"CRF":13,"CRP":76}
,{"DP":"ALMOHADILLAS ELECTRICAS","DD":"","FRF":2,"FRP":14,"FF":337.5,"FFD":-9.16,"FQt":12.6,"FPz":8,"FPzD":-11.11,"FPr":42.19,"MRF":21,"MRP":69,"CRF":29,"CRP":83}
,{"DP":"TERMOMETRO DIGITAL 1 U","DD":"DISTROSUR","FRF":3,"FRP":3,"FF":326.65,"FFD":-23.85,"FQt":12.2,"FPz":47,"FPzD":-24.19,"FPr":6.95,"MRF":79,"MRP":108,"CRF":76,"CRP":91}
,{"DP":"AGUJA DE INSULINA 32 G (0,235 MM  X 6 MM) 100 U","DD":"NOVO NORDISK PHARMA","FRF":4,"FRP":17,"FF":138.5,"FFD":null,"FQt":5.17,"FPz":5,"FPzD":null,"FPr":27.7,"MRF":44,"MRP":94,"CRF":67,"CRP":104}
,{"DP":"CAMARA DE INHALACION INFANTIL 1 U","DD":"SANDOZ FARMACEUTICA S.A.","FRF":5,"FRP":22,"FF":136.82,"FFD":-4.79,"FQt":5.11,"FPz":3,"FPzD":0,"FPr":45.61,"MRF":36,"MRP":111,"CRF":64,"CRP":106}
,{"DP":"FEBREDOL TERMOMETRO CLINICO SIN MERCURIO VIDRIO","DD":"DISTROSUR","FRF":6,"FRP":7,"FF":132.05,"FFD":-36.56,"FQt":4.93,"FPz":19,"FPzD":-36.67,"FPr":6.95,"MRF":91,"MRP":113,"CRF":96,"CRP":107}
,{"DP":"PRANARON DIFUSOR HUMIDIF","DD":"PRANAROM","FRF":7,"FRP":23,"FF":119.85,"FFD":-62.5,"FQt":4.47,"FPz":3,"FPzD":-62.5,"FPr":39.95,"MRF":1,"MRP":33,"CRF":3,"CRP":33}
,{"DP":"TERMOMETRO DIGITAL","DD":"ROCHE DIAGNOSTICS","FRF":8,"FRP":11,"FF":89.55,"FFD":-39.39,"FQt":3.34,"FPz":11,"FPzD":-26.67,"FPr":8.14,"MRF":43,"MRP":53,"CRF":41,"CRP":56}
,{"DP":"AGUJA PARA PLUMAS ESTERIL 31 G (0.25 MM X 5 MM) 100 UCAJA","DD":"BECTON & DICKINSON","FRF":9,"FRP":20,"FF":83.3,"FFD":223.5,"FQt":3.11,"FPz":4,"FPzD":300,"FPr":20.82,"MRF":6,"MRP":13,"CRF":4,"CRP":8}
,{"DP":"TERMOMETRO DE OIDO POR INFRARROJOS 1 U","DD":"ROCHE DIAGNOSTICS","FRF":10,"FRP":28,"FF":79.9,"FFD":100,"FQt":2.98,"FPz":2,"FPzD":100,"FPr":39.95,"MRF":87,"MRP":120,"CRF":85,"CRP":111}
,{"DP":"MANGUITO TENSIOMETRO DIGITAL 23-43 CM","DD":"ROCHE DIAGNOSTICS","FRF":11,"FRP":32,"FF":75.5,"FFD":null,"FQt":2.82,"FPz":1,"FPzD":null,"FPr":75.5,"MRF":121,"MRP":124,"CRF":124,"CRP":124}
,{"DP":"THERMORELAX DOLOR LUMBAGO RECAMBIO 6 DISPOSITIVOS AUTOCALENTANTES","DD":"DIVA INTERNACIONAL S.R.L.","FRF":12,"FRP":24,"FF":70.5,"FFD":null,"FQt":2.63,"FPz":3,"FPzD":null,"FPr":23.5,"MRF":118,"MRP":123,"CRF":101,"CRP":112}
,{"DP":"JERINGA DE TRES CUERPOS CON AGUJA 2.5 ML CENTRAL A:0,8 X40G 21 1","DD":"NOVICO MCA","FRF":13,"FRP":2,"FF":63.37,"FFD":-60.49,"FQt":2.37,"FPz":86,"FPzD":-70.03,"FPr":0.74,"MRF":62,"MRP":9,"CRF":56,"CRP":13}
,{"DP":"BASCULA VEROVAL ","DD":"HARTMANN","FRF":14,"FRP":18,"FF":48.75,"FFD":null,"FQt":1.82,"FPz":5,"FPzD":null,"FPr":9.75,"MRF":98,"MRP":121,"CRF":89,"CRP":114}
,{"DP":"CAMARA DE INHALACION NEONATO 1 U","DD":"SANDOZ FARMACEUTICA S.A.","FRF":15,"FRP":33,"FF":47.5,"FFD":null,"FQt":1.77,"FPz":1,"FPzD":null,"FPr":47.5,"MRF":78,"MRP":118,"CRF":75,"CRP":110}
,{"DP":"MASCARILLA INHALACION INFANTIL","DD":"KEYLAB MEDICAL","FRF":16,"FRP":25,"FF":46.42,"FFD":-66.69,"FQt":1.73,"FPz":3,"FPzD":-66.67,"FPr":15.47,"MRF":3,"MRP":21,"CRF":8,"CRP":24}
,{"DP":"AGUJA INSULINA PARA BOLIGRAFO G31 0,25 X 6 MM","DD":"NOVICO MCA","FRF":17,"FRP":29,"FF":43.9,"FFD":null,"FQt":1.64,"FPz":2,"FPzD":null,"FPr":21.95,"MRF":108,"MRP":122,"CRF":123,"CRP":123}
,{"DP":"JERINGA DE TRES CUERPOS SA 5 ML LUER CENTRAL","DD":"NOVICO MCA","FRF":18,"FRP":1,"FF":41.84,"FFD":86.54,"FQt":1.56,"FPz":88,"FPzD":33.33,"FPr":0.48,"MRF":68,"MRP":8,"CRF":61,"CRP":11}
,{"DP":"JERINGA DE TRES CUERPOS CON AGUJA 10 ML CENTRAL A:0,8 X 40 G 21 12","DD":"NOVICO MCA","FRF":19,"FRP":5,"FF":35.86,"FFD":-17.47,"FQt":1.34,"FPz":34,"FPzD":-33.33,"FPr":1.05,"MRF":57,"MRP":14,"CRF":52,"CRP":14}
,{"DP":"TERMOMETROS","DD":"","FRF":20,"FRP":19,"FF":32.74,"FFD":null,"FQt":1.22,"FPz":5,"FPzD":null,"FPr":6.55,"MRF":17,"MRP":31,"CRF":17,"CRP":35}
,{"DP":"JERINGAS Y AGUJAS","DD":"","FRF":21,"FRP":30,"FF":24.25,"FFD":-3.42,"FQt":0.91,"FPz":2,"FPzD":-33.33,"FPr":12.12,"MRF":16,"MRP":1,"CRF":14,"CRP":1}
,{"DP":"ASSY PEINE ANTIPIOJOS ","DD":"COLL FARMA","FRF":22,"FRP":34,"FF":19.95,"FFD":-85.82,"FQt":0.74,"FPz":1,"FPzD":-85.71,"FPr":19.95,"MRF":66,"MRP":109,"CRF":106,"CRP":116}
,{"DP":"JERINGA DE INSULINA ESCALA 2 EN 2 1ML (29G) 0,33 X 12,7MM 10 U","DD":"BECTON & DICKINSON","FRF":23,"FRP":15,"FF":18.91,"FFD":-54.92,"FQt":0.71,"FPz":8,"FPzD":-50,"FPr":2.36,"MRF":31,"MRP":15,"CRF":32,"CRP":18}
,{"DP":"JERINGA DE TRES CUERPOS SA 50 ML LUER CATETER","DD":"NOVICO MCA","FRF":24,"FRP":16,"FF":17.9,"FFD":115.66,"FQt":0.67,"FPz":6,"FPzD":50,"FPr":2.98,"MRF":35,"MRP":19,"CRF":26,"CRP":17}
,{"DP":"MASCARILLA INHALACION NEONATO","DD":"KEYLAB MEDICAL","FRF":25,"FRP":35,"FF":16.25,"FFD":0,"FQt":0.61,"FPz":1,"FPzD":0,"FPr":16.25,"MRF":13,"MRP":34,"CRF":11,"CRP":34}]
,"datiDettRefM":[
{"DP":"PRANARON DIFUSOR HUMIDIF","DD":"PRANAROM","FRF":7,"FRP":23,"MRF":1,"MRP":33,"MF":243.32,"MFD":-20.89,"MQt":4.55,"MPz":6,"MPzD":-10.99,"MPr":42.79}
,{"DP":"TENSIOMETRO DE BRAZO ","DD":"HARTMANN","FRF":93,"FRP":93,"MRF":2,"MRP":49,"MF":177.26,"MFD":17.89,"MQt":3.31,"MPz":3,"MPzD":11,"MPr":54.66}
,{"DP":"MASCARILLA INHALACION INFANTIL","DD":"KEYLAB MEDICAL","FRF":16,"FRP":25,"MRF":3,"MRP":21,"MF":177.1,"MFD":-3.98,"MQt":3.31,"MPz":11,"MPzD":-4.15,"MPr":16.26}
,{"DP":"AGUJA PARA PLUMAS ESTERIL 31 G (0.25 MM X 8 MM) 100 UCAJA","DD":"BECTON & DICKINSON","FRF":49,"FRP":49,"MRF":4,"MRP":12,"MF":174.86,"MFD":0.77,"MQt":3.27,"MPz":24,"MPzD":8.37,"MPr":7.37}
,{"DP":"OMRON M3 COMFORT TENSIOMETRO DIGITAL","DD":"PEROXFARMA","FRF":87,"FRP":87,"MRF":5,"MRP":62,"MF":163.04,"MFD":91.5,"MQt":3.05,"MPz":2,"MPzD":69.72,"MPr":71.99}
,{"DP":"AGUJA PARA PLUMAS ESTERIL 31 G (0.25 MM X 5 MM) 100 UCAJA","DD":"BECTON & DICKINSON","FRF":9,"FRP":20,"MRF":6,"MRP":13,"MF":159.48,"MFD":12.38,"MQt":2.98,"MPz":23,"MPzD":27.01,"MPr":7.02}
,{"DP":"TENSIOMETROS VARIOS","DD":"","FRF":95,"FRP":95,"MRF":7,"MRP":63,"MF":148.41,"MFD":-15.18,"MQt":2.77,"MPz":2,"MPzD":-29.12,"MPr":60.61}
,{"DP":"MONITOR DE PRESION ARTERIAL DE BRAZO ","DD":"PEROXFARMA","FRF":85,"FRP":85,"MRF":8,"MRP":64,"MF":117.85,"MFD":-33.33,"MQt":2.2,"MPz":2,"MPzD":-23.71,"MPr":65.47}
,{"DP":"TENSIOMETRO DIGITAL DE BRAZO","DD":"ROCHE DIAGNOSTICS","FRF":94,"FRP":94,"MRF":9,"MRP":65,"MF":109.44,"MFD":-19.34,"MQt":2.05,"MPz":2,"MPzD":-17.96,"MPr":57.19}
,{"DP":"TERMOMETRO DIGITAL PUNTA FLEXIBLE","DD":"HARTMANN","FRF":119,"FRP":119,"MRF":10,"MRP":22,"MF":107.94,"MFD":15.21,"MQt":2.02,"MPz":11,"MPzD":9.59,"MPr":9.55}
,{"DP":"MONITOR DE PRESION ARTERIAL ","DD":"PEROXFARMA","FRF":84,"FRP":84,"MRF":11,"MRP":66,"MF":102.15,"MFD":23.11,"MQt":1.91,"MPz":2,"MPzD":52.89,"MPr":63.2}
,{"DP":"NEBULIZADORES VARIOS","DD":"","FRF":86,"FRP":86,"MRF":12,"MRP":67,"MF":97.86,"MFD":42.45,"MQt":1.83,"MPz":2,"MPzD":24.58,"MPr":43.11}
,{"DP":"MASCARILLA INHALACION NEONATO","DD":"KEYLAB MEDICAL","FRF":25,"FRP":35,"MRF":13,"MRP":34,"MF":97,"MFD":-5.54,"MQt":1.81,"MPz":6,"MPzD":-7.11,"MPr":16.05}
,{"DP":"TENSIOMETRO DIGITAL CON ADAPTADOR DE CORRIENTE DE BRAZO","DD":"ROCHE DIAGNOSTICS","FRF":1,"FRP":13,"MRF":14,"MRP":68,"MF":95.99,"MFD":-4.31,"MQt":1.79,"MPz":2,"MPzD":14.91,"MPr":56.73}
,{"DP":"TENSIOMETRO AUTOMATICO DE BRAZO TALLA MEDIANA 1 U","DD":"HARTMANN","FRF":92,"FRP":92,"MRF":15,"MRP":89,"MF":86.8,"MFD":518.36,"MQt":1.62,"MPz":1,"MPzD":400,"MPr":68.62}
,{"DP":"JERINGAS Y AGUJAS","DD":"","FRF":21,"FRP":30,"MRF":16,"MRP":1,"MF":83.58,"MFD":9.86,"MQt":1.56,"MPz":145,"MPzD":1.69,"MPr":0.58}
,{"DP":"TERMOMETROS","DD":"","FRF":20,"FRP":19,"MRF":17,"MRP":31,"MF":83.12,"MFD":-32.34,"MQt":1.55,"MPz":7,"MPzD":-26.08,"MPr":11.12}
,{"DP":"TERMOMETRO DIGITAL CARCASA NO COLOREADA","DD":"HARTMANN","FRF":114,"FRP":114,"MRF":18,"MRP":25,"MF":80.36,"MFD":32.97,"MQt":1.5,"MPz":10,"MPzD":29.19,"MPr":8.1}
,{"DP":"TERMOMETRO DIGITAL ","DD":"HARTMANN","FRF":111,"FRP":111,"MRF":19,"MRP":27,"MF":74.83,"MFD":-3.24,"MQt":1.4,"MPz":9,"MPzD":0.06,"MPr":8.66}
,{"DP":"INTIMINA DISPOSITIVO EJERC SUELO PELVICO 1 UNIDAD","DD":"EUROLAB FARMA","FRF":54,"FRP":54,"MRF":20,"MRP":90,"MF":65.01,"MFD":284.67,"MQt":1.22,"MPz":1,"MPzD":362.5,"MPr":64.66}
,{"DP":"ALMOHADILLAS ELECTRICAS","DD":"","FRF":2,"FRP":14,"MRF":21,"MRP":69,"MF":62.26,"MFD":-18.43,"MQt":1.16,"MPz":2,"MPzD":-19.21,"MPr":30.63}
,{"DP":"AGUJA PARA PLUMAS ESTERIL 32 G (0.23 MM X 4 MM) 100 UCAJA","DD":"BECTON & DICKINSON","FRF":50,"FRP":50,"MRF":22,"MRP":32,"MF":52.15,"MFD":25.85,"MQt":0.97,"MPz":7,"MPzD":55.46,"MPr":7.7}
,{"DP":"HUMIDIFICADORES VARIOS","DD":"","FRF":53,"FRP":53,"MRF":23,"MRP":91,"MF":51.86,"MFD":-20.62,"MQt":0.97,"MPz":1,"MPzD":-39.34,"MPr":41}
,{"DP":"GOIBI-RETIRA PREMIUM 1 U","DD":"CINFA","FRF":52,"FRP":52,"MRF":24,"MRP":43,"MF":51.35,"MFD":72.12,"MQt":0.96,"MPz":4,"MPzD":73.3,"MPr":13.5}
,{"DP":"JERINGA CA ACOFAR 5 ML  A:40 X 0.8","DD":"ACOFARMA DISTRIBUCIÓN S A","FRF":27,"FRP":4,"MRF":25,"MRP":2,"MF":48.12,"MFD":-3.01,"MQt":0.9,"MPz":105,"MPzD":0.1,"MPr":0.46}]
,"datiDettRefC":[
{"DP":"AGUJA PARA PLUMAS ESTERIL 31 G (0.25 MM X 8 MM) 100 UCAJA","DD":"BECTON & DICKINSON","FRF":49,"FRP":49,"CRF":1,"CRP":7,"CF":183.34,"CFD":3.2,"CQt":6.16,"CPz":23,"CPzD":23.29,"CPr":7.96}
,{"DP":"TENSIOMETRO DE BRAZO ","DD":"HARTMANN","FRF":93,"FRP":93,"CRF":2,"CRP":32,"CF":156.47,"CFD":22.68,"CQt":5.25,"CPz":3,"CPzD":21.32,"CPr":54.12}
,{"DP":"PRANARON DIFUSOR HUMIDIF","DD":"PRANAROM","FRF":7,"FRP":23,"CRF":3,"CRP":33,"CF":138.01,"CFD":-22.22,"CQt":4.63,"CPz":3,"CPzD":-29.18,"CPr":40.81}
,{"DP":"AGUJA PARA PLUMAS ESTERIL 31 G (0.25 MM X 5 MM) 100 UCAJA","DD":"BECTON & DICKINSON","FRF":9,"FRP":20,"CRF":4,"CRP":8,"CF":132.13,"CFD":6.85,"CQt":4.44,"CPz":22,"CPzD":20.28,"CPr":6.08}
,{"DP":"TENSIOMETRO AUTOMATICO DE BRAZO TALLA MEDIANA 1 U","DD":"HARTMANN","FRF":92,"FRP":92,"CRF":5,"CRP":54,"CF":108.48,"CFD":706.36,"CQt":3.64,"CPz":1,"CPzD":400,"CPr":72.76}
,{"DP":"TENSIOMETROS VARIOS","DD":"","FRF":95,"FRP":95,"CRF":6,"CRP":42,"CF":101.6,"CFD":5.7,"CQt":3.41,"CPz":2,"CPzD":27.91,"CPr":60.09}
,{"DP":"TENSIOMETRO DIGITAL DE BRAZO","DD":"ROCHE DIAGNOSTICS","FRF":94,"FRP":94,"CRF":7,"CRP":43,"CF":94.4,"CFD":-27.3,"CQt":3.17,"CPz":2,"CPzD":-14.73,"CPr":55.23}
,{"DP":"MASCARILLA INHALACION INFANTIL","DD":"KEYLAB MEDICAL","FRF":16,"FRP":25,"CRF":8,"CRP":24,"CF":86.07,"CFD":-2.5,"CQt":2.89,"CPz":5,"CPzD":-10.13,"CPr":16.16}
,{"DP":"TERMOMETRO DIGITAL PUNTA FLEXIBLE","DD":"HARTMANN","FRF":119,"FRP":119,"CRF":9,"CRP":16,"CF":81.42,"CFD":39.2,"CQt":2.73,"CPz":9,"CPzD":37.12,"CPr":9.1}
,{"DP":"OMRON M3 COMFORT TENSIOMETRO DIGITAL","DD":"PEROXFARMA","FRF":87,"FRP":87,"CRF":10,"CRP":82,"CF":52.71,"CFD":218.92,"CQt":1.77,"CPz":0.709,"CPzD":224.96,"CPr":74.33}
,{"DP":"MASCARILLA INHALACION NEONATO","DD":"KEYLAB MEDICAL","FRF":25,"FRP":35,"CRF":11,"CRP":34,"CF":51,"CFD":-3.25,"CQt":1.71,"CPz":3,"CPzD":-9.34,"CPr":16.03}
,{"DP":"MONITOR DE PRESION ARTERIAL DE BRAZO ","DD":"PEROXFARMA","FRF":85,"FRP":85,"CRF":12,"CRP":77,"CF":50.48,"CFD":-20.62,"CQt":1.7,"CPz":0.764,"CPzD":-15.96,"CPr":66.11}
,{"DP":"TENSIOMETRO DIGITAL CON ADAPTADOR DE CORRIENTE DE BRAZO","DD":"ROCHE DIAGNOSTICS","FRF":1,"FRP":13,"CRF":13,"CRP":76,"CF":46.47,"CFD":-40.13,"CQt":1.56,"CPz":0.782,"CPzD":-41.08,"CPr":59.44}
,{"DP":"JERINGAS Y AGUJAS","DD":"","FRF":21,"FRP":30,"CRF":14,"CRP":1,"CF":45.53,"CFD":17.2,"CQt":1.53,"CPz":88,"CPzD":12.32,"CPr":0.52}
,{"DP":"TERMOMETRO DIGITAL ","DD":"HARTMANN","FRF":111,"FRP":111,"CRF":15,"CRP":25,"CF":44.26,"CFD":89.97,"CQt":1.49,"CPz":5,"CPzD":78.57,"CPr":8.6}
,{"DP":"AGUJA PARA PLUMAS ESTERIL 32 G (0.23 MM X 4 MM) 100 UCAJA","DD":"BECTON & DICKINSON","FRF":50,"FRP":50,"CRF":16,"CRP":19,"CF":43.43,"CFD":17.91,"CQt":1.46,"CPz":7,"CPzD":40.51,"CPr":5.87}
,{"DP":"TERMOMETROS","DD":"","FRF":20,"FRP":19,"CRF":17,"CRP":35,"CF":42.07,"CFD":-28.66,"CQt":1.41,"CPz":3,"CPzD":-34.26,"CPr":12.31}
,{"DP":"GOIBI-RETIRA PREMIUM 1 U","DD":"CINFA","FRF":52,"FRP":52,"CRF":18,"CRP":36,"CF":38.94,"CFD":38.12,"CQt":1.31,"CPz":3,"CPzD":28.91,"CPr":12.98}
,{"DP":"MASCARILLA INHALACION ADULTO","DD":"KEYLAB MEDICAL","FRF":82,"FRP":82,"CRF":19,"CRP":44,"CF":36.92,"CFD":5.5,"CQt":1.24,"CPz":2,"CPzD":4.76,"CPr":18.63}
,{"DP":"ALMOHADILLA ELECTRICA ","DD":"ACOFARMA DISTRIBUCIÓN S A","FRF":51,"FRP":51,"CRF":20,"CRP":55,"CF":31.33,"CFD":16.7,"CQt":1.05,"CPz":1,"CPzD":-1.79,"CPr":28.25}
,{"DP":"NEBULIZADORES VARIOS","DD":"","FRF":86,"FRP":86,"CRF":21,"CRP":71,"CF":31.27,"CFD":35.74,"CQt":1.05,"CPz":0.891,"CPzD":22.51,"CPr":35.1}
,{"DP":"MONITOR DE PRESION ARTERIAL ","DD":"PEROXFARMA","FRF":84,"FRP":84,"CRF":22,"CRP":95,"CF":28.33,"CFD":-12.59,"CQt":0.95,"CPz":0.436,"CPzD":-22.65,"CPr":64.92}
,{"DP":"JERINGA CA ACOFAR 5 ML  A:40 X 0.8","DD":"ACOFARMA DISTRIBUCIÓN S A","FRF":27,"FRP":4,"CRF":23,"CRP":2,"CF":27.96,"CFD":-22.26,"CQt":0.94,"CPz":58,"CPzD":-24.37,"CPr":0.48}
,{"DP":"TERMOMETRO DIGITAL CARCASA NO COLOREADA","DD":"HARTMANN","FRF":114,"FRP":114,"CRF":24,"CRP":37,"CF":26.62,"CFD":-12.43,"CQt":0.89,"CPz":3,"CPzD":-23.61,"CPr":7.91}
,{"DP":"TERMOMETRO INFRARROJO OIDO Y FRENTE ","DD":"HARTMANN","FRF":120,"FRP":120,"CRF":25,"CRP":87,"CF":24.53,"CFD":76.1,"CQt":0.82,"CPz":0.655,"CPzD":111.91,"CPr":37.48}]}