{"datiDettRefF":[
{"DP":"PROTECTOR DE CAMA 60 X 90 35 U","DD":"SCA HYGIENE PRODUCTS, S.L.","FRF":1,"FRP":1,"FF":401.65,"FFD":-35.72,"FQt":40.19,"FPz":27,"FPzD":-32.5,"FPr":14.88,"MRF":9,"MRP":5,"CRF":5,"CRP":2}
,{"DP":"PROTECTOR DE CAMA 80 X 180 20 U","DD":"SCA HYGIENE PRODUCTS, S.L.","FRF":2,"FRP":3,"FF":157.5,"FFD":-74.78,"FQt":15.76,"FPz":7,"FPzD":-75,"FPr":22.5,"MRF":18,"MRP":23,"CRF":16,"CRP":14}
,{"DP":"LINDOR AUSONIA SALVACAMAS 60 X 75 20 SALVACAMAS","DD":"PROCTER & GAMBLE ESPAÑA","FRF":3,"FRP":2,"FF":102.7,"FFD":-18.69,"FQt":10.28,"FPz":14,"FPzD":7.69,"FPr":7.34,"MRF":30,"MRP":27,"CRF":35,"CRP":35}
,{"DP":"CUBRE ESCAYOLA BRAZO CORTO","DD":"JOSÉ MESTRE","FRF":4,"FRP":4,"FF":43.8,"FFD":33.33,"FQt":4.38,"FPz":4,"FPzD":33.33,"FPr":10.95,"MRF":29,"MRP":30,"CRF":25,"CRP":26}
,{"DP":"ALMOHADAS","DD":"","FRF":5,"FRP":11,"FF":37.9,"FFD":559.13,"FQt":3.79,"FPz":1,"FPzD":0,"FPr":37.9,"MRF":19,"MRP":33,"CRF":21,"CRP":32}
,{"DP":"COJINES","DD":"","FRF":6,"FRP":12,"FF":37.5,"FFD":-64.81,"FQt":3.75,"FPz":1,"FPzD":-66.67,"FPr":37.5,"MRF":4,"MRP":6,"CRF":4,"CRP":6}
,{"DP":"LINDOR AUSONIA SALVACAMAS 60-90 X 1,80 20 SALVACAMAS","DD":"PROCTER & GAMBLE ESPAÑA","FRF":7,"FRP":5,"FF":35.85,"FFD":52.55,"FQt":3.59,"FPz":3,"FPzD":50,"FPr":11.95,"MRF":17,"MRP":19,"CRF":20,"CRP":20}
,{"DP":"BASTONES Y MULETAS","DD":"","FRF":8,"FRP":7,"FF":33.9,"FFD":-14.07,"FQt":3.39,"FPz":2,"FPzD":-33.33,"FPr":16.95,"MRF":2,"MRP":1,"CRF":2,"CRP":1}
,{"DP":"BASTON INGLES ALUMINIO","DD":"CORYSAN","FRF":9,"FRP":6,"FF":28.5,"FFD":-80,"FQt":2.85,"FPz":3,"FPzD":-80,"FPr":9.5,"MRF":24,"MRP":22,"CRF":17,"CRP":15}
,{"DP":"CUBRE ESCAYOLA PIERNA CORTA","DD":"JOSÉ MESTRE","FRF":10,"FRP":8,"FF":26.46,"FFD":-6.83,"FQt":2.65,"FPz":2,"FPzD":0,"FPr":13.23,"MRF":28,"MRP":31,"CRF":26,"CRP":28}
,{"DP":"LINDOR AUSONIA SALVACAMAS 60 X 90 CM 15 U + 3 U PROMOCION ESPECIAL","DD":"HARTMANN","FRF":11,"FRP":9,"FF":19.9,"FFD":null,"FQt":1.99,"FPz":2,"FPzD":null,"FPr":9.95,"MRF":33,"MRP":35,"CRF":30,"CRP":29}
,{"DP":"ANTIFAZ RELAJACION ","DD":"QUIES","FRF":12,"FRP":13,"FF":15.95,"FFD":-66.67,"FQt":1.6,"FPz":1,"FPzD":-66.67,"FPr":15.95,"MRF":36,"MRP":36,"CRF":36,"CRP":36}
,{"DP":"CUBRE ESCAYOLA PIERNA LARGA","DD":"JOSÉ MESTRE","FRF":13,"FRP":14,"FF":14.6,"FFD":0,"FQt":1.46,"FPz":1,"FPzD":0,"FPr":14.6,"MRF":27,"MRP":32,"CRF":33,"CRP":34}
,{"DP":"CUBRE ESCAYOLA BRAZO LARGO","DD":"JOSÉ MESTRE","FRF":14,"FRP":15,"FF":13.75,"FFD":null,"FQt":1.38,"FPz":1,"FPzD":null,"FPr":13.75,"MRF":32,"MRP":34,"CRF":29,"CRP":31}
,{"DP":"LINDOR AUSONIA SALVACAMAS 60 X 90 20 SALVACAMAS","DD":"PROCTER & GAMBLE ESPAÑA","FRF":15,"FRP":16,"FF":11.95,"FFD":-96.24,"FQt":1.2,"FPz":1,"FPzD":-96.77,"FPr":11.95,"MRF":20,"MRP":20,"CRF":23,"CRP":22}
,{"DP":"PROTECTOR DE CAMA 60 X 60 20 U","DD":"INDAS","FRF":16,"FRP":17,"FF":10.95,"FFD":null,"FQt":1.1,"FPz":1,"FPzD":null,"FPr":10.95,"MRF":23,"MRP":24,"CRF":27,"CRP":27}
,{"DP":"ORINAL CABALLERO","DD":"CORYSAN","FRF":17,"FRP":10,"FF":6.4,"FFD":0,"FQt":0.64,"FPz":2,"FPzD":0,"FPr":3.2,"MRF":31,"MRP":14,"CRF":22,"CRP":11}
,{"DP":"ACOFAR ORINAL BOTELLA MASCULINA ","DD":"ACOFARMA DISTRIBUCIÓN S A","FRF":18,"FRP":18,"FF":0,"FFD":-100,"FQt":0,"FPz":0,"FPzD":-100,"FPr":null,"MRF":34,"MRP":28,"CRF":32,"CRP":19}
,{"DP":"ANDADORES","DD":"","FRF":19,"FRP":19,"FF":0,"FFD":null,"FQt":0,"FPz":0,"FPzD":null,"FPr":null,"MRF":3,"MRP":8,"CRF":3,"CRP":13}
,{"DP":"ASIENTO BAÑO","DD":"","FRF":20,"FRP":20,"FF":0,"FFD":null,"FQt":0,"FPz":0,"FPzD":null,"FPr":null,"MRF":6,"MRP":15,"CRF":7,"CRP":21}
,{"DP":"AYUDAS TECNICAS VARIOS","DD":"","FRF":21,"FRP":21,"FF":0,"FFD":null,"FQt":0,"FPz":0,"FPzD":null,"FPr":null,"MRF":5,"MRP":4,"CRF":13,"CRP":17}
,{"DP":"COLCHONES VARIOS","DD":"","FRF":22,"FRP":22,"FF":0,"FFD":null,"FQt":0,"FPz":0,"FPzD":null,"FPr":null,"MRF":7,"MRP":16,"CRF":8,"CRP":24}
,{"DP":"CUÑA ANATOMICO","DD":"CORYSAN","FRF":23,"FRP":23,"FF":0,"FFD":-100,"FQt":0,"FPz":0,"FPzD":-100,"FPr":null,"MRF":21,"MRP":21,"CRF":19,"CRP":16}
,{"DP":"ELEVADORES","DD":"","FRF":24,"FRP":24,"FF":0,"FFD":null,"FQt":0,"FPz":0,"FPzD":null,"FPr":null,"MRF":10,"MRP":17,"CRF":14,"CRP":18}
,{"DP":"EMPAPADOR DE CAMA 60 X 90 20 U","DD":"INTERAPOTHEK","FRF":25,"FRP":25,"FF":0,"FFD":null,"FQt":0,"FPz":0,"FPzD":null,"FPr":null,"MRF":26,"MRP":26,"CRF":15,"CRP":8}]
,"datiDettRefM":[
{"DP":"SILLAS DE RUEDAS","DD":"","FRF":36,"FRP":36,"MRF":1,"MRP":3,"MF":913.64,"MFD":-10.9,"MQt":25.3,"MPz":6,"MPzD":13.73,"MPr":147.1}
,{"DP":"BASTONES Y MULETAS","DD":"","FRF":8,"FRP":7,"MRF":2,"MRP":1,"MF":420.46,"MFD":10.9,"MQt":11.64,"MPz":43,"MPzD":17.96,"MPr":9.81}
,{"DP":"ANDADORES","DD":"","FRF":19,"FRP":19,"MRF":3,"MRP":8,"MF":360.01,"MFD":7.29,"MQt":9.97,"MPz":4,"MPzD":-13.15,"MPr":81.12}
,{"DP":"COJINES","DD":"","FRF":6,"FRP":12,"MRF":4,"MRP":6,"MF":229.06,"MFD":17.23,"MQt":6.34,"MPz":5,"MPzD":16.5,"MPr":46.57}
,{"DP":"AYUDAS TECNICAS VARIOS","DD":"","FRF":21,"FRP":21,"MRF":5,"MRP":4,"MF":194.14,"MFD":-30.07,"MQt":5.38,"MPz":6,"MPzD":11.67,"MPr":35.25}
,{"DP":"ASIENTO BAÑO","DD":"","FRF":20,"FRP":20,"MRF":6,"MRP":15,"MF":160.58,"MFD":-38.16,"MQt":4.45,"MPz":2,"MPzD":-13.75,"MPr":93.71}
,{"DP":"COLCHONES VARIOS","DD":"","FRF":22,"FRP":22,"MRF":7,"MRP":16,"MF":136.62,"MFD":14.77,"MQt":3.78,"MPz":2,"MPzD":59.48,"MPr":83.97}
,{"DP":"PROTECTOR DE CAMA 60 X 90 20 U","DD":"INDAS","FRF":31,"FRP":31,"MRF":8,"MRP":2,"MF":104.07,"MFD":-6.79,"MQt":2.88,"MPz":7,"MPzD":-11.24,"MPr":14.16}
,{"DP":"PROTECTOR DE CAMA 60 X 90 35 U","DD":"SCA HYGIENE PRODUCTS, S.L.","FRF":1,"FRP":1,"MRF":9,"MRP":5,"MF":85.97,"MFD":-5.03,"MQt":2.38,"MPz":6,"MPzD":-3.56,"MPr":14.67}
,{"DP":"ELEVADORES","DD":"","FRF":24,"FRP":24,"MRF":10,"MRP":17,"MF":69.22,"MFD":-16.85,"MQt":1.92,"MPz":2,"MPzD":-19.39,"MPr":31.54}
,{"DP":"PROTECTOR DE CAMA 80 X 180 20 U","DD":"INDAS","FRF":32,"FRP":32,"MRF":11,"MRP":9,"MF":63.51,"MFD":7.42,"MQt":1.76,"MPz":4,"MPzD":-1.99,"MPr":15.18}
,{"DP":"PROTECTOR DE CAMA ABSORBENTE INCONTINENCIA ORINA 60 X 90 25 U","DD":"INDAS","FRF":33,"FRP":33,"MRF":12,"MRP":7,"MF":57.12,"MFD":6.86,"MQt":1.58,"MPz":5,"MPzD":-3.34,"MPr":10.69}
,{"DP":"PROTECTOR DE CAMA 60 X 40 25 U","DD":"INDAS","FRF":28,"FRP":28,"MRF":13,"MRP":11,"MF":33.63,"MFD":-12.05,"MQt":0.93,"MPz":3,"MPzD":-20.83,"MPr":10.2}
,{"DP":"PROTECTOR DE CAMA 60 X 90 14 U","DD":"AMD (ACTIVE MEDICAL DISPOSABLE)","FRF":30,"FRP":30,"MRF":14,"MRP":12,"MF":32.85,"MFD":35.9,"MQt":0.91,"MPz":3,"MPzD":26.71,"MPr":10.26}
,{"DP":"PROTECTOR DE CAMA SUPER 60 X 90 CM 30 U","DD":"ONTEX ID","FRF":34,"FRP":34,"MRF":15,"MRP":18,"MF":29.1,"MFD":-4.39,"MQt":0.81,"MPz":2,"MPzD":-21.11,"MPr":12.01}
,{"DP":"SALVACAMAS EMPAPADORES Y PROTECTORES","DD":"","FRF":35,"FRP":35,"MRF":16,"MRP":10,"MF":26.33,"MFD":10.33,"MQt":0.73,"MPz":4,"MPzD":26.5,"MPr":6.48}
,{"DP":"LINDOR AUSONIA SALVACAMAS 60-90 X 1,80 20 SALVACAMAS","DD":"PROCTER & GAMBLE ESPAÑA","FRF":7,"FRP":5,"MRF":17,"MRP":19,"MF":26.24,"MFD":10.11,"MQt":0.73,"MPz":2,"MPzD":-5.13,"MPr":11.96}
,{"DP":"PROTECTOR DE CAMA 80 X 180 20 U","DD":"SCA HYGIENE PRODUCTS, S.L.","FRF":2,"FRP":3,"MRF":18,"MRP":23,"MF":24.63,"MFD":-35.63,"MQt":0.68,"MPz":1,"MPzD":-49.86,"MPr":17.59}
,{"DP":"ALMOHADAS","DD":"","FRF":5,"FRP":11,"MRF":19,"MRP":33,"MF":22.66,"MFD":-16.18,"MQt":0.63,"MPz":0.741,"MPzD":-27.85,"MPr":30.59}
,{"DP":"LINDOR AUSONIA SALVACAMAS 60 X 90 20 SALVACAMAS","DD":"PROCTER & GAMBLE ESPAÑA","FRF":15,"FRP":16,"MRF":20,"MRP":20,"MF":19.98,"MFD":-4.51,"MQt":0.55,"MPz":2,"MPzD":-8.19,"MPr":9.88}
,{"DP":"CUÑA ANATOMICO","DD":"CORYSAN","FRF":23,"FRP":23,"MRF":21,"MRP":21,"MF":17.6,"MFD":-12.23,"MQt":0.49,"MPz":2,"MPzD":-15.72,"MPr":8.52}
,{"DP":"PINZAS VARIAS","DD":"","FRF":27,"FRP":27,"MRF":22,"MRP":13,"MF":17.41,"MFD":-20.51,"MQt":0.48,"MPz":3,"MPzD":-28.48,"MPr":5.67}
,{"DP":"PROTECTOR DE CAMA 60 X 60 20 U","DD":"INDAS","FRF":16,"FRP":17,"MRF":23,"MRP":24,"MF":16.83,"MFD":-11.11,"MQt":0.47,"MPz":1,"MPzD":-41.08,"MPr":11.49}
,{"DP":"BASTON INGLES ALUMINIO","DD":"CORYSAN","FRF":9,"FRP":6,"MRF":24,"MRP":22,"MF":15.3,"MFD":-26.01,"MQt":0.42,"MPz":2,"MPzD":-8.19,"MPr":9.56}
,{"DP":"PROTECTOR DE CAMA 60 X 75 20 U","DD":"INDAS","FRF":29,"FRP":29,"MRF":25,"MRP":25,"MF":12.19,"MFD":-23.29,"MQt":0.34,"MPz":1,"MPzD":-30.45,"MPr":11.17}]
,"datiDettRefC":[
{"DP":"SILLAS DE RUEDAS","DD":"","FRF":36,"FRP":36,"CRF":1,"CRP":12,"CF":221.28,"CFD":-15.77,"CQt":15.98,"CPz":1,"CPzD":-34.52,"CPr":164.46}
,{"DP":"BASTONES Y MULETAS","DD":"","FRF":8,"FRP":7,"CRF":2,"CRP":1,"CF":135.77,"CFD":1.87,"CQt":9.81,"CPz":53,"CPzD":28.87,"CPr":2.58}
,{"DP":"ANDADORES","DD":"","FRF":19,"FRP":19,"CRF":3,"CRP":13,"CF":117.16,"CFD":-3.35,"CQt":8.46,"CPz":1,"CPzD":-45.54,"CPr":78.58}
,{"DP":"COJINES","DD":"","FRF":6,"FRP":12,"CRF":4,"CRP":6,"CF":90.76,"CFD":11.38,"CQt":6.56,"CPz":3,"CPzD":41.03,"CPr":35.91}
,{"DP":"PROTECTOR DE CAMA 60 X 90 35 U","DD":"SCA HYGIENE PRODUCTS, S.L.","FRF":1,"FRP":1,"CRF":5,"CRP":2,"CF":68.89,"CFD":-12.02,"CQt":4.98,"CPz":5,"CPzD":-10.71,"CPr":14.14}
,{"DP":"PROTECTOR DE CAMA 60 X 90 20 U","DD":"INDAS","FRF":31,"FRP":31,"CRF":6,"CRP":3,"CF":67.5,"CFD":-9.2,"CQt":4.88,"CPz":5,"CPzD":-13.25,"CPr":13.16}
,{"DP":"ASIENTO BAÑO","DD":"","FRF":20,"FRP":20,"CRF":7,"CRP":21,"CF":56.15,"CFD":-50.29,"CQt":4.06,"CPz":0.655,"CPzD":-34.5,"CPr":85.78}
,{"DP":"COLCHONES VARIOS","DD":"","FRF":22,"FRP":22,"CRF":8,"CRP":24,"CF":53.65,"CFD":9.18,"CQt":3.88,"CPz":0.582,"CPzD":-5.85,"CPr":92.21}
,{"DP":"PROTECTOR DE CAMA 60 X 90 14 U","DD":"AMD (ACTIVE MEDICAL DISPOSABLE)","FRF":30,"FRP":30,"CRF":9,"CRP":5,"CF":46.68,"CFD":1.81,"CQt":3.37,"CPz":4,"CPzD":-9.47,"CPr":10.61}
,{"DP":"PROTECTOR DE CAMA ABSORBENTE INCONTINENCIA ORINA 60 X 90 25 U","DD":"INDAS","FRF":33,"FRP":33,"CRF":10,"CRP":4,"CF":44.36,"CFD":-15.46,"CQt":3.2,"CPz":5,"CPzD":-4.18,"CPr":9.68}
,{"DP":"PROTECTOR DE CAMA 80 X 180 20 U","DD":"INDAS","FRF":32,"FRP":32,"CRF":11,"CRP":7,"CF":38.15,"CFD":19.71,"CQt":2.76,"CPz":3,"CPzD":35.25,"CPr":15.2}
,{"DP":"SALVACAMAS EMPAPADORES Y PROTECTORES","DD":"","FRF":35,"FRP":35,"CRF":12,"CRP":9,"CF":28.62,"CFD":-2.49,"CQt":2.07,"CPz":2,"CPzD":-5.98,"CPr":11.75}
,{"DP":"AYUDAS TECNICAS VARIOS","DD":"","FRF":21,"FRP":21,"CRF":13,"CRP":17,"CF":25.85,"CFD":-30.49,"CQt":1.87,"CPz":0.909,"CPzD":-10.72,"CPr":28.43}
,{"DP":"ELEVADORES","DD":"","FRF":24,"FRP":24,"CRF":14,"CRP":18,"CF":25.45,"CFD":-17.28,"CQt":1.84,"CPz":0.818,"CPzD":-13.48,"CPr":31.11}
,{"DP":"EMPAPADOR DE CAMA 60 X 90 20 U","DD":"INTERAPOTHEK","FRF":25,"FRP":25,"CRF":15,"CRP":8,"CF":23.77,"CFD":-7.42,"CQt":1.72,"CPz":3,"CPzD":1.85,"CPr":9.14}
,{"DP":"PROTECTOR DE CAMA 80 X 180 20 U","DD":"SCA HYGIENE PRODUCTS, S.L.","FRF":2,"FRP":3,"CRF":16,"CRP":14,"CF":16.67,"CFD":8.07,"CQt":1.2,"CPz":1,"CPzD":1.85,"CPr":16.08}
,{"DP":"BASTON INGLES ALUMINIO","DD":"CORYSAN","FRF":9,"FRP":6,"CRF":17,"CRP":15,"CF":13.62,"CFD":164.4,"CQt":0.98,"CPz":1,"CPzD":77.42,"CPr":9.36}
,{"DP":"PINZAS VARIAS","DD":"","FRF":27,"FRP":27,"CRF":18,"CRP":10,"CF":12.17,"CFD":-17.02,"CQt":0.88,"CPz":2,"CPzD":-29.49,"CPr":5.23}
,{"DP":"CUÑA ANATOMICO","DD":"CORYSAN","FRF":23,"FRP":23,"CRF":19,"CRP":16,"CF":12.05,"CFD":-15.18,"CQt":0.87,"CPz":1,"CPzD":-41.49,"CPr":8.61}
,{"DP":"LINDOR AUSONIA SALVACAMAS 60-90 X 1,80 20 SALVACAMAS","DD":"PROCTER & GAMBLE ESPAÑA","FRF":7,"FRP":5,"CRF":20,"CRP":20,"CF":8.78,"CFD":1.95,"CQt":0.63,"CPz":0.691,"CPzD":2.72,"CPr":12.71}
,{"DP":"ALMOHADAS","DD":"","FRF":5,"FRP":11,"CRF":21,"CRP":32,"CF":8.68,"CFD":8.14,"CQt":0.63,"CPz":0.273,"CPzD":-6.16,"CPr":31.82}
,{"DP":"ORINAL CABALLERO","DD":"CORYSAN","FRF":17,"FRP":10,"CRF":22,"CRP":11,"CF":7.63,"CFD":-14.32,"CQt":0.55,"CPz":2,"CPzD":-27.15,"CPr":3.21}
,{"DP":"LINDOR AUSONIA SALVACAMAS 60 X 90 20 SALVACAMAS","DD":"PROCTER & GAMBLE ESPAÑA","FRF":15,"FRP":16,"CRF":23,"CRP":22,"CF":6.6,"CFD":38.25,"CQt":0.48,"CPz":0.618,"CPzD":35.96,"CPr":10.68}
,{"DP":"PROTECTOR DE CAMA 60 X 40 25 U","DD":"INDAS","FRF":28,"FRP":28,"CRF":24,"CRP":23,"CF":6.33,"CFD":14.33,"CQt":0.46,"CPz":0.618,"CPzD":6.22,"CPr":10.24}
,{"DP":"CUBRE ESCAYOLA BRAZO CORTO","DD":"JOSÉ MESTRE","FRF":4,"FRP":4,"CRF":25,"CRP":26,"CF":5.83,"CFD":22.44,"CQt":0.42,"CPz":0.473,"CPzD":18.25,"CPr":12.32}]}