{"datiDettRefF":[
{"DP":"TOVIPIE PLANO ESCAYOLADO SRA 100-2","DD":"TOVIPIE","FRF":1,"FRP":1,"FF":17.5,"FFD":null,"FQt":53.03,"FPz":1,"FPzD":null,"FPr":17.5,"MRF":2,"MRP":2,"CRF":2,"CRP":2}
,{"DP":"CALZADO","DD":"","FRF":2,"FRP":2,"FF":15.5,"FFD":109.74,"FQt":46.97,"FPz":1,"FPzD":0,"FPr":15.5,"MRF":1,"MRP":1,"CRF":1,"CRP":1}]
,"datiDettRefM":[
{"DP":"CALZADO","DD":"","FRF":2,"FRP":2,"MRF":1,"MRP":1,"MF":585.47,"MFD":-18.37,"MQt":94.45,"MPz":13,"MPzD":-18.39,"MPr":44.17}
,{"DP":"TOVIPIE PLANO ESCAYOLADO SRA 100-2","DD":"TOVIPIE","FRF":1,"FRP":1,"MRF":2,"MRP":2,"MF":6.53,"MFD":21.8,"MQt":1.05,"MPz":0.357,"MPzD":20.08,"MPr":18.31}]
,"datiDettRefC":[
{"DP":"CALZADO","DD":"","FRF":2,"FRP":2,"CRF":1,"CRP":1,"CF":244.87,"CFD":-40.49,"CQt":95.1,"CPz":6,"CPzD":-35.8,"CPr":43.31}
,{"DP":"TOVIPIE PLANO ESCAYOLADO SRA 100-2","DD":"TOVIPIE","FRF":1,"FRP":1,"CRF":2,"CRP":2,"CF":3.25,"CFD":85.35,"CQt":1.26,"CPz":0.164,"CPzD":80.4,"CPr":19.87}]}