{"datiDettRefF":[
{"DP":"DUREX SENSITIVO CONTACTO TOTAL 12 U","DD":"RECKITT BENCKISER HEALTHCARE  S A","FRF":1,"FRP":1,"FF":347.25,"FFD":12.58,"FQt":10.71,"FPz":35,"FPzD":12.9,"FPr":9.92,"MRF":6,"MRP":7,"CRF":8,"CRP":8}
,{"DP":"DUREX REAL FEEL 12 U","DD":"RECKITT BENCKISER HEALTHCARE  S A","FRF":2,"FRP":3,"FF":331.45,"FFD":66.58,"FQt":10.23,"FPz":25,"FPzD":56.25,"FPr":13.26,"MRF":7,"MRP":10,"CRF":6,"CRP":7}
,{"DP":"ACCESORIOS SEXUALIDAD","DD":"","FRF":3,"FRP":6,"FF":323.9,"FFD":-42.09,"FQt":9.99,"FPz":22,"FPzD":-46.34,"FPr":14.72,"MRF":2,"MRP":2,"CRF":2,"CRP":2}
,{"DP":"CUMLAUDE LAB: HIDRATANTE INTERNO MONODOSIS 6 ML 6 U","DD":"DERMOFARM","FRF":4,"FRP":4,"FF":285.58,"FFD":35.86,"FQt":8.81,"FPz":24,"FPzD":26.32,"FPr":11.9,"MRF":12,"MRP":12,"CRF":10,"CRP":14}
,{"DP":"PRESERVATIVOS","DD":"","FRF":5,"FRP":7,"FF":271.2,"FFD":-22.49,"FQt":8.37,"FPz":22,"FPzD":-26.67,"FPr":12.33,"MRF":1,"MRP":1,"CRF":1,"CRP":1}
,{"DP":"DUREX NATURAL XL 12 U","DD":"RECKITT BENCKISER HEALTHCARE  S A","FRF":6,"FRP":2,"FF":259.55,"FFD":15.1,"FQt":8.01,"FPz":29,"FPzD":16,"FPr":8.95,"MRF":9,"MRP":8,"CRF":16,"CRP":13}
,{"DP":"DUREX NATURAL PLUS 12 PRESERVATIVOS 2 CAJAS","DD":"RECKITT BENCKISER HEALTHCARE  S A","FRF":7,"FRP":11,"FF":233.1,"FFD":-10,"FQt":7.19,"FPz":18,"FPzD":-10,"FPr":12.95,"MRF":4,"MRP":6,"CRF":4,"CRP":6}
,{"DP":"DUREX PLAY FRESA  PLEASURE GEL 50 ML","DD":"RECKITT BENCKISER HEALTHCARE  S A","FRF":8,"FRP":10,"FF":226.15,"FFD":0.07,"FQt":6.98,"FPz":19,"FPzD":-5,"FPr":11.9,"MRF":15,"MRP":15,"CRF":13,"CRP":15}
,{"DP":"CUMLAUDE LAB: MUCUS 30 ML","DD":"DERMOFARM","FRF":9,"FRP":8,"FF":215,"FFD":5.04,"FQt":6.63,"FPz":22,"FPzD":-8.33,"FPr":9.77,"MRF":3,"MRP":3,"CRF":3,"CRP":3}
,{"DP":"DUREX SENSITIVO SUAVE 12 U","DD":"RECKITT BENCKISER HEALTHCARE  S A","FRF":10,"FRP":9,"FF":208.95,"FFD":31.25,"FQt":6.45,"FPz":21,"FPzD":31.25,"FPr":9.95,"MRF":8,"MRP":9,"CRF":9,"CRP":9}
,{"DP":"DUREX NATURAL PLUS 12 U","DD":"RECKITT BENCKISER HEALTHCARE  S A","FRF":11,"FRP":5,"FF":207.45,"FFD":0.78,"FQt":6.4,"FPz":23,"FPzD":0,"FPr":9.02,"MRF":5,"MRP":4,"CRF":5,"CRP":5}
,{"DP":"DUREX PLAY BASICO  PLEASURE GEL 50 ML","DD":"RECKITT BENCKISER HEALTHCARE  S A","FRF":12,"FRP":12,"FF":101.2,"FFD":126.15,"FQt":3.12,"FPz":11,"FPzD":120,"FPr":9.2,"MRF":13,"MRP":11,"CRF":11,"CRP":10}
,{"DP":"DUREX SIN LATEX 12 U","DD":"RECKITT BENCKISER HEALTHCARE  S A","FRF":13,"FRP":15,"FF":83.1,"FFD":null,"FQt":2.56,"FPz":6,"FPzD":null,"FPr":13.85,"MRF":23,"MRP":23,"CRF":31,"CRP":32}
,{"DP":"DUREX EXTRA SEGURO 12 U","DD":"RECKITT BENCKISER HEALTHCARE  S A","FRF":14,"FRP":13,"FF":74.65,"FFD":-31.8,"FQt":2.3,"FPz":7,"FPzD":-36.36,"FPr":10.66,"MRF":28,"MRP":28,"CRF":44,"CRP":42}
,{"DP":"DUREX SENSILUBE 40 ML","DD":"RECKITT BENCKISER HEALTHCARE  S A","FRF":15,"FRP":14,"FF":66.25,"FFD":2.32,"FQt":2.04,"FPz":7,"FPzD":0,"FPr":9.46,"MRF":22,"MRP":20,"CRF":19,"CRP":17}
,{"DP":"PRESERVATIVO FEMENINO DE NITRILO 3 U","DD":"PERFELENA","FRF":16,"FRP":16,"FF":6.5,"FFD":-50,"FQt":0.2,"FPz":1,"FPzD":-50,"FPr":6.5,"MRF":51,"MRP":51,"CRF":51,"CRP":51}
,{"DP":"CONTROL ADAPTA FINO 12 U","DD":"ARTSANA","FRF":17,"FRP":17,"FF":0,"FFD":null,"FQt":0,"FPz":0,"FPzD":null,"FPr":null,"MRF":46,"MRP":49,"CRF":39,"CRP":37}
,{"DP":"CONTROL ADAPTA NATURE 12 U","DD":"ARTSANA","FRF":18,"FRP":18,"FF":0,"FFD":null,"FQt":0,"FPz":0,"FPzD":null,"FPr":null,"MRF":20,"MRP":13,"CRF":15,"CRP":12}
,{"DP":"CONTROL ADAPTA NATURE 24 U","DD":"ARTSANA","FRF":19,"FRP":19,"FF":0,"FFD":null,"FQt":0,"FPz":0,"FPzD":null,"FPr":null,"MRF":34,"MRP":34,"CRF":25,"CRP":27}
,{"DP":"CONTROL ADAPTA NATURE 6 U","DD":"ARTSANA","FRF":20,"FRP":20,"FF":0,"FFD":null,"FQt":0,"FPz":0,"FPzD":null,"FPr":null,"MRF":37,"MRP":26,"CRF":30,"CRP":20}
,{"DP":"CONTROL ADAPTA RETARD 12 U","DD":"ARTSANA","FRF":21,"FRP":21,"FF":0,"FFD":null,"FQt":0,"FPz":0,"FPzD":null,"FPr":null,"MRF":45,"MRP":48,"CRF":42,"CRP":41}
,{"DP":"CONTROL ADAPTA XL 12 U","DD":"ARTSANA","FRF":22,"FRP":22,"FF":0,"FFD":null,"FQt":0,"FPz":0,"FPzD":null,"FPr":null,"MRF":32,"MRP":31,"CRF":34,"CRP":29}
,{"DP":"CONTROL FINISSIMO 12 U","DD":"ARTSANA","FRF":23,"FRP":23,"FF":0,"FFD":null,"FQt":0,"FPz":0,"FPzD":null,"FPr":null,"MRF":27,"MRP":25,"CRF":27,"CRP":26}
,{"DP":"CONTROL FINISSIMO 12 U 2 ENVASES","DD":"ARTSANA","FRF":24,"FRP":24,"FF":0,"FFD":null,"FQt":0,"FPz":0,"FPzD":null,"FPr":null,"MRF":25,"MRP":27,"CRF":22,"CRP":23}
,{"DP":"CONTROL FINISSIMO XL 12 U","DD":"ARTSANA","FRF":25,"FRP":25,"FF":0,"FFD":null,"FQt":0,"FPz":0,"FPzD":null,"FPr":null,"MRF":38,"MRP":36,"CRF":40,"CRP":40}]
,"datiDettRefM":[
{"DP":"PRESERVATIVOS","DD":"","FRF":5,"FRP":7,"MRF":1,"MRP":1,"MF":521.52,"MFD":2.99,"MQt":13.55,"MPz":46,"MPzD":-6.12,"MPr":11.28}
,{"DP":"ACCESORIOS SEXUALIDAD","DD":"","FRF":3,"FRP":6,"MRF":2,"MRP":2,"MF":363.31,"MFD":-14.23,"MQt":9.44,"MPz":29,"MPzD":-16.71,"MPr":12.34}
,{"DP":"CUMLAUDE LAB: MUCUS 30 ML","DD":"DERMOFARM","FRF":9,"FRP":8,"MRF":3,"MRP":3,"MF":266.14,"MFD":2.95,"MQt":6.92,"MPz":29,"MPzD":5.07,"MPr":9.19}
,{"DP":"DUREX NATURAL PLUS 12 PRESERVATIVOS 2 CAJAS","DD":"RECKITT BENCKISER HEALTHCARE  S A","FRF":7,"FRP":11,"MRF":4,"MRP":6,"MF":185.54,"MFD":5.39,"MQt":4.82,"MPz":16,"MPzD":3.17,"MPr":11.76}
,{"DP":"DUREX NATURAL PLUS 12 U","DD":"RECKITT BENCKISER HEALTHCARE  S A","FRF":11,"FRP":5,"MRF":5,"MRP":4,"MF":181.29,"MFD":-15.61,"MQt":4.71,"MPz":22,"MPzD":-17.93,"MPr":8.16}
,{"DP":"DUREX SENSITIVO CONTACTO TOTAL 12 U","DD":"RECKITT BENCKISER HEALTHCARE  S A","FRF":1,"FRP":1,"MRF":6,"MRP":7,"MF":144.89,"MFD":3.19,"MQt":3.77,"MPz":15,"MPzD":1.57,"MPr":9.75}
,{"DP":"DUREX REAL FEEL 12 U","DD":"RECKITT BENCKISER HEALTHCARE  S A","FRF":2,"FRP":3,"MRF":7,"MRP":10,"MF":125.19,"MFD":-11.57,"MQt":3.25,"MPz":11,"MPzD":-13.92,"MPr":11.65}
,{"DP":"DUREX SENSITIVO SUAVE 12 U","DD":"RECKITT BENCKISER HEALTHCARE  S A","FRF":10,"FRP":9,"MRF":8,"MRP":9,"MF":117.64,"MFD":-11.1,"MQt":3.06,"MPz":12,"MPzD":-15.01,"MPr":9.82}
,{"DP":"DUREX NATURAL XL 12 U","DD":"RECKITT BENCKISER HEALTHCARE  S A","FRF":6,"FRP":2,"MRF":9,"MRP":8,"MF":108.6,"MFD":1.61,"MQt":2.82,"MPz":13,"MPzD":1.05,"MPr":8.46}
,{"DP":"DUREX SENSITIVO CONTACTO TOTAL 12 PRESERVATIVOS 2 CAJAS","DD":"RECKITT BENCKISER HEALTHCARE  S A","FRF":45,"FRP":45,"MRF":10,"MRP":14,"MF":102.41,"MFD":-7.17,"MQt":2.66,"MPz":7,"MPzD":-10.44,"MPr":14.61}
,{"DP":"DUREX NATURAL PLUS 6 U","DD":"RECKITT BENCKISER HEALTHCARE  S A","FRF":35,"FRP":35,"MRF":11,"MRP":5,"MF":99.98,"MFD":0.93,"MQt":2.6,"MPz":21,"MPzD":0.31,"MPr":4.87}
,{"DP":"CUMLAUDE LAB: HIDRATANTE INTERNO MONODOSIS 6 ML 6 U","DD":"DERMOFARM","FRF":4,"FRP":4,"MRF":12,"MRP":12,"MF":99.02,"MFD":-7.58,"MQt":2.57,"MPz":8,"MPzD":-11.75,"MPr":11.88}
,{"DP":"DUREX PLAY BASICO  PLEASURE GEL 50 ML","DD":"RECKITT BENCKISER HEALTHCARE  S A","FRF":12,"FRP":12,"MRF":13,"MRP":11,"MF":80.03,"MFD":-0.41,"MQt":2.08,"MPz":9,"MPzD":1.83,"MPr":9.17}
,{"DP":"DUREX MUTUAL CLIMAX 12 U","DD":"RECKITT BENCKISER HEALTHCARE  S A","FRF":32,"FRP":32,"MRF":14,"MRP":17,"MF":69.59,"MFD":-18.33,"MQt":1.81,"MPz":6,"MPzD":-21.67,"MPr":11.45}
,{"DP":"DUREX PLAY FRESA  PLEASURE GEL 50 ML","DD":"RECKITT BENCKISER HEALTHCARE  S A","FRF":8,"FRP":10,"MRF":15,"MRP":15,"MF":69.09,"MFD":-12.35,"MQt":1.8,"MPz":7,"MPzD":-10.63,"MPr":10.28}
,{"DP":"DUREX LOVERS CONNECT GEL ESTIMULANTE 60 ML 2 U","DD":"RECKITT BENCKISER HEALTHCARE  S A","FRF":31,"FRP":31,"MRF":16,"MRP":21,"MF":63.92,"MFD":-36.48,"MQt":1.66,"MPz":4,"MPzD":-33.87,"MPr":17.11}
,{"DP":"DUREX NATURAL PLUS 24 U","DD":"RECKITT BENCKISER HEALTHCARE  S A","FRF":34,"FRP":34,"MRF":17,"MRP":22,"MF":60.7,"MFD":-13.86,"MQt":1.58,"MPz":4,"MPzD":-22.76,"MPr":14.47}
,{"DP":"CONTROL NATURE PACK MEGAPRECIO 24 PRESERVATIVOS","DD":"ARTSANA","FRF":26,"FRP":26,"MRF":18,"MRP":18,"MF":60.26,"MFD":-13.58,"MQt":1.57,"MPz":6,"MPzD":-14.48,"MPr":9.91}
,{"DP":"DUREX NATURAL PLUS + DUREX SENSITIVO CONFORT PACK 12 + 3 PRESERV","DD":"RECKITT BENCKISER HEALTHCARE  S A","FRF":33,"FRP":33,"MRF":19,"MRP":16,"MF":56.06,"MFD":-6.58,"MQt":1.46,"MPz":7,"MPzD":-6.16,"MPr":8.36}
,{"DP":"CONTROL ADAPTA NATURE 12 U","DD":"ARTSANA","FRF":18,"FRP":18,"MRF":20,"MRP":13,"MF":56.03,"MFD":-26.99,"MQt":1.46,"MPz":8,"MPzD":-27.95,"MPr":7.21}
,{"DP":"DUREX PLAY CALOR  PLEASURE GEL 50 ML","DD":"RECKITT BENCKISER HEALTHCARE  S A","FRF":37,"FRP":37,"MRF":21,"MRP":19,"MF":55.47,"MFD":-0.87,"MQt":1.44,"MPz":5,"MPzD":-10.71,"MPr":10.27}
,{"DP":"DUREX SENSILUBE 40 ML","DD":"RECKITT BENCKISER HEALTHCARE  S A","FRF":15,"FRP":14,"MRF":22,"MRP":20,"MF":47.93,"MFD":-14.95,"MQt":1.25,"MPz":5,"MPzD":-17.11,"MPr":9.3}
,{"DP":"DUREX SIN LATEX 12 U","DD":"RECKITT BENCKISER HEALTHCARE  S A","FRF":13,"FRP":15,"MRF":23,"MRP":23,"MF":43.7,"MFD":-8,"MQt":1.14,"MPz":4,"MPzD":-4.15,"MPr":12}
,{"DP":"DUREX PLAY CHERRY  PLEASURE GEL 50 ML","DD":"RECKITT BENCKISER HEALTHCARE  S A","FRF":38,"FRP":38,"MRF":24,"MRP":24,"MF":43.42,"MFD":6.91,"MQt":1.13,"MPz":4,"MPzD":-3.65,"MPr":10.21}
,{"DP":"CONTROL FINISSIMO 12 U 2 ENVASES","DD":"ARTSANA","FRF":24,"FRP":24,"MRF":25,"MRP":27,"MF":40.58,"MFD":6.5,"MQt":1.05,"MPz":3,"MPzD":-6.25,"MPr":11.88}]
,"datiDettRefC":[
{"DP":"PRESERVATIVOS","DD":"","FRF":5,"FRP":7,"CRF":1,"CRP":1,"CF":194.92,"CFD":-13.96,"CQt":13.05,"CPz":19,"CPzD":-17.91,"CPr":10.53}
,{"DP":"ACCESORIOS SEXUALIDAD","DD":"","FRF":3,"FRP":6,"CRF":2,"CRP":2,"CF":154.64,"CFD":-10.42,"CQt":10.35,"CPz":13,"CPzD":-12.27,"CPr":11.91}
,{"DP":"CUMLAUDE LAB: MUCUS 30 ML","DD":"DERMOFARM","FRF":9,"FRP":8,"CRF":3,"CRP":3,"CF":106.3,"CFD":2.21,"CQt":7.12,"CPz":11,"CPzD":2.02,"CPr":9.43}
,{"DP":"DUREX NATURAL PLUS 12 PRESERVATIVOS 2 CAJAS","DD":"RECKITT BENCKISER HEALTHCARE  S A","FRF":7,"FRP":11,"CRF":4,"CRP":6,"CF":69.08,"CFD":3.3,"CQt":4.62,"CPz":6,"CPzD":1.54,"CPr":11.76}
,{"DP":"DUREX NATURAL PLUS 12 U","DD":"RECKITT BENCKISER HEALTHCARE  S A","FRF":11,"FRP":5,"CRF":5,"CRP":5,"CF":67.54,"CFD":-27.21,"CQt":4.52,"CPz":8,"CPzD":-35.67,"CPr":7.95}
,{"DP":"DUREX REAL FEEL 12 U","DD":"RECKITT BENCKISER HEALTHCARE  S A","FRF":2,"FRP":3,"CRF":6,"CRP":7,"CF":52.38,"CFD":-12,"CQt":3.51,"CPz":5,"CPzD":-11.58,"CPr":11.12}
,{"DP":"DUREX NATURAL PLUS 6 U","DD":"RECKITT BENCKISER HEALTHCARE  S A","FRF":35,"FRP":35,"CRF":7,"CRP":4,"CF":51.91,"CFD":27.99,"CQt":3.47,"CPz":11,"CPzD":25.78,"CPr":4.81}
,{"DP":"DUREX SENSITIVO CONTACTO TOTAL 12 U","DD":"RECKITT BENCKISER HEALTHCARE  S A","FRF":1,"FRP":1,"CRF":8,"CRP":8,"CF":45.42,"CFD":-2.49,"CQt":3.04,"CPz":4,"CPzD":-16.03,"CPr":10.24}
,{"DP":"DUREX SENSITIVO SUAVE 12 U","DD":"RECKITT BENCKISER HEALTHCARE  S A","FRF":10,"FRP":9,"CRF":9,"CRP":9,"CF":35.34,"CFD":-31.3,"CQt":2.37,"CPz":4,"CPzD":-29.49,"CPr":9.35}
,{"DP":"CUMLAUDE LAB: HIDRATANTE INTERNO MONODOSIS 6 ML 6 U","DD":"DERMOFARM","FRF":4,"FRP":4,"CRF":10,"CRP":14,"CF":33.44,"CFD":-20.82,"CQt":2.24,"CPz":3,"CPzD":-11.29,"CPr":12.34}
,{"DP":"DUREX PLAY BASICO  PLEASURE GEL 50 ML","DD":"RECKITT BENCKISER HEALTHCARE  S A","FRF":12,"FRP":12,"CRF":11,"CRP":10,"CF":33.33,"CFD":-14.59,"CQt":2.23,"CPz":4,"CPzD":-8.71,"CPr":9.16}
,{"DP":"DUREX SENSITIVO CONTACTO TOTAL 12 PRESERVATIVOS 2 CAJAS","DD":"RECKITT BENCKISER HEALTHCARE  S A","FRF":45,"FRP":45,"CRF":12,"CRP":21,"CF":32.9,"CFD":63.22,"CQt":2.2,"CPz":2,"CPzD":42.86,"CPr":14.48}
,{"DP":"DUREX PLAY FRESA  PLEASURE GEL 50 ML","DD":"RECKITT BENCKISER HEALTHCARE  S A","FRF":8,"FRP":10,"CRF":13,"CRP":15,"CF":32.58,"CFD":-18.29,"CQt":2.18,"CPz":3,"CPzD":-25,"CPr":10.18}
,{"DP":"DUREX NATURAL PLUS + DUREX SENSITIVO CONFORT PACK 12 + 3 PRESERV","DD":"RECKITT BENCKISER HEALTHCARE  S A","FRF":33,"FRP":33,"CRF":14,"CRP":11,"CF":32.55,"CFD":111.71,"CQt":2.18,"CPz":4,"CPzD":113.59,"CPr":8.14}
,{"DP":"CONTROL ADAPTA NATURE 12 U","DD":"ARTSANA","FRF":18,"FRP":18,"CRF":15,"CRP":12,"CF":31.81,"CFD":-24.1,"CQt":2.13,"CPz":4,"CPzD":-31.46,"CPr":7.26}
,{"DP":"DUREX NATURAL XL 12 U","DD":"RECKITT BENCKISER HEALTHCARE  S A","FRF":6,"FRP":2,"CRF":16,"CRP":13,"CF":31.7,"CFD":-13.64,"CQt":2.12,"CPz":4,"CPzD":-8.33,"CPr":8.59}
,{"DP":"DUREX PLAY CALOR  PLEASURE GEL 50 ML","DD":"RECKITT BENCKISER HEALTHCARE  S A","FRF":37,"FRP":37,"CRF":17,"CRP":16,"CF":31.25,"CFD":6.6,"CQt":2.09,"CPz":3,"CPzD":1.23,"CPr":10.23}
,{"DP":"DUREX LOVERS CONNECT GEL ESTIMULANTE 60 ML 2 U","DD":"RECKITT BENCKISER HEALTHCARE  S A","FRF":31,"FRP":31,"CRF":18,"CRP":22,"CF":29.77,"CFD":-35.12,"CQt":1.99,"CPz":2,"CPzD":-28.1,"CPr":17.23}
,{"DP":"DUREX SENSILUBE 40 ML","DD":"RECKITT BENCKISER HEALTHCARE  S A","FRF":15,"FRP":14,"CRF":19,"CRP":17,"CF":29.02,"CFD":-0.25,"CQt":1.94,"CPz":3,"CPzD":-5.17,"CPr":9.61}
,{"DP":"DUREX SENSITIVO CONTACTO TOTAL+ DUREX REAL FEEL PROMOCION 12 U + 3 U","DD":"RECKITT BENCKISER HEALTHCARE  S A","FRF":47,"FRP":47,"CRF":20,"CRP":18,"CF":26.72,"CFD":-16.39,"CQt":1.79,"CPz":3,"CPzD":-11.29,"CPr":9.86}
,{"DP":"CONTROL NATURE PACK MEGAPRECIO 24 PRESERVATIVOS","DD":"ARTSANA","FRF":26,"FRP":26,"CRF":21,"CRP":19,"CF":25.93,"CFD":13.77,"CQt":1.74,"CPz":3,"CPzD":30.95,"CPr":9.9}
,{"DP":"CONTROL FINISSIMO 12 U 2 ENVASES","DD":"ARTSANA","FRF":24,"FRP":24,"CRF":22,"CRP":23,"CF":25.63,"CFD":103.43,"CQt":1.72,"CPz":2,"CPzD":89.66,"CPr":11.95}
,{"DP":"DUREX PLAY CHERRY  PLEASURE GEL 50 ML","DD":"RECKITT BENCKISER HEALTHCARE  S A","FRF":38,"FRP":38,"CRF":23,"CRP":24,"CF":20.6,"CFD":-5.55,"CQt":1.38,"CPz":2,"CPzD":-9.84,"CPr":10.39}
,{"DP":"DUREX MUTUAL CLIMAX 12 U","DD":"RECKITT BENCKISER HEALTHCARE  S A","FRF":32,"FRP":32,"CRF":24,"CRP":25,"CF":18.38,"CFD":-49.06,"CQt":1.23,"CPz":2,"CPzD":-39.89,"CPr":10.99}
,{"DP":"CONTROL ADAPTA NATURE 24 U","DD":"ARTSANA","FRF":19,"FRP":19,"CRF":25,"CRP":27,"CF":16.19,"CFD":-24,"CQt":1.08,"CPz":1,"CPzD":-47.12,"CPr":11.27}]}