{"datiDettRefF":[
{"DP":"PAÑALES NIÑOS","DD":"","FRF":1,"FRP":1,"FF":1084.37,"FFD":17.77,"FQt":34.73,"FPz":117,"FPzD":44.44,"FPr":9.27,"MRF":3,"MRP":6,"CRF":8,"CRP":6}
,{"DP":"SUAVINEX CALIENTABIBERON 3 FUNCIONES","DD":"SUAVINEX","FRF":2,"FRP":22,"FF":179.85,"FFD":null,"FQt":5.76,"FPz":3,"FPzD":null,"FPr":59.95,"MRF":179,"MRP":204,"CRF":198,"CRP":204}
,{"DP":"CHUPETES","DD":"","FRF":3,"FRP":2,"FF":165.5,"FFD":-30.58,"FQt":5.3,"FPz":24,"FPzD":-20,"FPr":6.9,"MRF":2,"MRP":1,"CRF":1,"CRP":1}
,{"DP":"SUAVINEX PACK VARIOS","DD":"SUAVINEX","FRF":4,"FRP":4,"FF":153.6,"FFD":null,"FQt":4.92,"FPz":8,"FPzD":null,"FPr":19.2,"MRF":8,"MRP":12,"CRF":6,"CRP":11}
,{"DP":"EXTRACTOR DE LECHE ELECTRICO ","DD":"MEDELA","FRF":5,"FRP":47,"FF":149.95,"FFD":null,"FQt":4.8,"FPz":1,"FPzD":null,"FPr":149.95,"MRF":9,"MRP":194,"CRF":25,"CRP":196}
,{"DP":"NARHINEL CONFORT ASPIRADOR NASAL 1 U +2 RECAMBIOS","DD":"NOVARTIS","FRF":6,"FRP":5,"FF":104.65,"FFD":41.99,"FQt":3.35,"FPz":7,"FPzD":40,"FPr":14.95,"MRF":7,"MRP":15,"CRF":7,"CRP":12}
,{"DP":"BIBERONES","DD":"","FRF":7,"FRP":6,"FF":88.75,"FFD":-18.76,"FQt":2.84,"FPz":7,"FPzD":-36.36,"FPr":12.68,"MRF":1,"MRP":4,"CRF":2,"CRP":2}
,{"DP":"TIJERA BEBE CROMADA P ROMA","DD":"INDUSTRIAS BETER","FRF":8,"FRP":8,"FF":78.95,"FFD":521.65,"FQt":2.53,"FPz":6,"FPzD":500,"FPr":13.16,"MRF":135,"MRP":158,"CRF":76,"CRP":115}
,{"DP":"NARHINEL CONFORT ASPIRADOR RECAMBIO 20 BLANDO DESECHABLE","DD":"NOVARTIS","FRF":9,"FRP":7,"FF":62.65,"FFD":-69.47,"FQt":2.01,"FPz":7,"FPzD":-69.57,"FPr":8.95,"MRF":6,"MRP":8,"CRF":3,"CRP":5}
,{"DP":"ARKORESPIRA DILATADOR NASAL ","DD":"ARKOPHARMA","FRF":10,"FRP":16,"FF":55.8,"FFD":346.4,"FQt":1.79,"FPz":4,"FPzD":300,"FPr":13.95,"MRF":32,"MRP":64,"CRF":28,"CRP":66}
,{"DP":"PUERICULTURA VARIOS","DD":"","FRF":11,"FRP":9,"FF":43.75,"FFD":-38.85,"FQt":1.4,"FPz":6,"FPzD":-33.33,"FPr":7.29,"MRF":15,"MRP":21,"CRF":14,"CRP":18}
,{"DP":"BIBERON 0 BPA SILICONA + 6 M FIRST 150 ML","DD":"SUAVINEX","FRF":12,"FRP":17,"FF":41.26,"FFD":-20.58,"FQt":1.32,"FPz":4,"FPzD":-20,"FPr":10.31,"MRF":78,"MRP":97,"CRF":63,"CRP":71}
,{"DP":"CHUPETE TETINA LATEX ANATOMICA +6 M 2 U","DD":"SUAVINEX","FRF":13,"FRP":13,"FF":41.25,"FFD":66.67,"FQt":1.32,"FPz":5,"FPzD":66.67,"FPr":8.25,"MRF":29,"MRP":27,"CRF":35,"CRP":36}
,{"DP":"PROTEGESENOS 60 U","DD":"SUAVINEX","FRF":14,"FRP":10,"FF":39.75,"FFD":-38.52,"FQt":1.27,"FPz":6,"FPzD":-14.29,"FPr":6.62,"MRF":14,"MRP":13,"CRF":10,"CRP":13}
,{"DP":"PEZONERA CONTACT SILICONA T- S 16 MM 2 U","DD":"MEDELA","FRF":15,"FRP":23,"FF":37.5,"FFD":213.81,"FQt":1.2,"FPz":3,"FPzD":200,"FPr":12.5,"MRF":83,"MRP":100,"CRF":118,"CRP":164}
,{"DP":"VAJILLA INFANTIL NIÑA +6M","DD":"SUAVINEX","FRF":16,"FRP":48,"FF":31.5,"FFD":null,"FQt":1.01,"FPz":1,"FPzD":null,"FPr":31.5,"MRF":123,"MRP":201,"CRF":69,"CRP":178}
,{"DP":"MORDEDOR REFRIGERANTE +4 M ETAPA 2","DD":"SUAVINEX","FRF":17,"FRP":11,"FF":28.5,"FFD":111.11,"FQt":0.91,"FPz":6,"FPzD":100,"FPr":4.75,"MRF":58,"MRP":33,"CRF":57,"CRP":30}
,{"DP":"CEPILLO LIMPIABIBERON DUO","DD":"SUAVINEX","FRF":18,"FRP":18,"FF":27.4,"FFD":-49.82,"FQt":0.88,"FPz":4,"FPzD":-50,"FPr":6.85,"MRF":71,"MRP":61,"CRF":62,"CRP":52}
,{"DP":"CHUPETE TETINA SILICONA 0-6 M","DD":"SUAVINEX","FRF":19,"FRP":14,"FF":26.25,"FFD":66.67,"FQt":0.84,"FPz":5,"FPzD":66.67,"FPr":5.25,"MRF":43,"MRP":23,"CRF":39,"CRP":26}
,{"DP":"SUAVINEX DETERGENTE ESPECIFICO BIBERONES TETINAS 500 ML","DD":"SUAVINEX","FRF":20,"FRP":12,"FF":26,"FFD":null,"FQt":0.83,"FPz":6,"FPzD":null,"FPr":4.33,"MRF":22,"MRP":16,"CRF":29,"CRP":23}
,{"DP":"MORDEDORES","DD":"","FRF":21,"FRP":19,"FF":25.99,"FFD":30.28,"FQt":0.83,"FPz":4,"FPzD":33.33,"FPr":6.5,"MRF":31,"MRP":28,"CRF":22,"CRP":21}
,{"DP":"BIBERON PP ANTICOLICO T SILICONA XS 180 ML","DD":"SUAVINEX","FRF":22,"FRP":24,"FF":25.5,"FFD":null,"FQt":0.82,"FPz":3,"FPzD":null,"FPr":8.5,"MRF":30,"MRP":48,"CRF":23,"CRP":33}
,{"DP":"CHUPETE SILICONA T FISIOLOGICA +18 M 2 U","DD":"SUAVINEX","FRF":23,"FRP":25,"FF":25.05,"FFD":null,"FQt":0.8,"FPz":3,"FPzD":null,"FPr":8.35,"MRF":90,"MRP":105,"CRF":151,"CRP":159}
,{"DP":"CHUPETE TETINA SILICONA ANATOMICA +12 M","DD":"SUAVINEX","FRF":24,"FRP":15,"FF":24.75,"FFD":421.05,"FQt":0.79,"FPz":5,"FPzD":400,"FPr":4.95,"MRF":110,"MRP":82,"CRF":99,"CRP":59}
,{"DP":"CHUPETE SILICONA PACK DOBLE","DD":"MAM BABY","FRF":25,"FRP":35,"FF":23,"FFD":167.44,"FQt":0.74,"FPz":2,"FPzD":100,"FPr":11.5,"MRF":39,"MRP":50,"CRF":81,"CRP":77}]
,"datiDettRefM":[
{"DP":"BIBERONES","DD":"","FRF":7,"FRP":6,"MRF":1,"MRP":4,"MF":327.29,"MFD":-15.83,"MQt":4.18,"MPz":32,"MPzD":-14.48,"MPr":10.27}
,{"DP":"CHUPETES","DD":"","FRF":3,"FRP":2,"MRF":2,"MRP":1,"MF":284.16,"MFD":-18.16,"MQt":3.63,"MPz":46,"MPzD":-16.75,"MPr":6.2}
,{"DP":"PAÑALES NIÑOS","DD":"","FRF":1,"FRP":1,"MRF":3,"MRP":6,"MF":258.16,"MFD":-29.01,"MQt":3.3,"MPz":28,"MPzD":-30.58,"MPr":9.28}
,{"DP":"PAÑAL INFANTIL T- 4 (9 - 15 KG) 36 PAÑALES","DD":"INDAS","FRF":174,"FRP":175,"MRF":4,"MRP":2,"MF":221.46,"MFD":31.37,"MQt":2.83,"MPz":34,"MPzD":27.77,"MPr":6.6}
,{"DP":"PAÑAL INFANTIL T- 5 (13 - 18 KG) 30 PAÑALES","DD":"INDAS","FRF":175,"FRP":176,"MRF":5,"MRP":5,"MF":198.4,"MFD":25.19,"MQt":2.54,"MPz":31,"MPzD":24.48,"MPr":6.45}
,{"DP":"NARHINEL CONFORT ASPIRADOR RECAMBIO 20 BLANDO DESECHABLE","DD":"NOVARTIS","FRF":9,"FRP":7,"MRF":6,"MRP":8,"MF":196.83,"MFD":-15.51,"MQt":2.52,"MPz":23,"MPzD":-17.3,"MPr":8.53}
,{"DP":"NARHINEL CONFORT ASPIRADOR NASAL 1 U +2 RECAMBIOS","DD":"NOVARTIS","FRF":6,"FRP":5,"MRF":7,"MRP":15,"MF":144.38,"MFD":-15.81,"MQt":1.85,"MPz":11,"MPzD":-17.68,"MPr":12.85}
,{"DP":"SUAVINEX PACK VARIOS","DD":"SUAVINEX","FRF":4,"FRP":4,"MRF":8,"MRP":12,"MF":143,"MFD":17.23,"MQt":1.83,"MPz":12,"MPzD":38.75,"MPr":12.26}
,{"DP":"EXTRACTOR DE LECHE ELECTRICO ","DD":"MEDELA","FRF":5,"FRP":47,"MRF":9,"MRP":194,"MF":107.72,"MFD":-23.22,"MQt":1.38,"MPz":0.724,"MPzD":-27.99,"MPr":148.72}
,{"DP":"PAÑAL INFANTIL T- 3 (4 - 10 KG) 36 PAÑALES","DD":"INDAS","FRF":173,"FRP":174,"MRF":10,"MRP":10,"MF":104.13,"MFD":21.59,"MQt":1.33,"MPz":17,"MPzD":24.95,"MPr":6.17}
,{"DP":"SACALECHES ELECTRICO","DD":"SUAVINEX","FRF":181,"FRP":181,"MRF":11,"MRP":150,"MF":96.73,"MFD":-7.53,"MQt":1.24,"MPz":1,"MPzD":-13.55,"MPr":90.38}
,{"DP":"CUBIERTOS INFANTILES","DD":"","FRF":49,"FRP":52,"MRF":12,"MRP":19,"MF":94.03,"MFD":6.42,"MQt":1.2,"MPz":9,"MPzD":-11.29,"MPr":10.44}
,{"DP":"DETERGENTE TETINAS Y BIBERON 500 ML","DD":"ROCHE DIAGNOSTICS","FRF":154,"FRP":155,"MRF":13,"MRP":7,"MF":91.32,"MFD":0.75,"MQt":1.17,"MPz":24,"MPzD":15.32,"MPr":3.83}
,{"DP":"PROTEGESENOS 60 U","DD":"SUAVINEX","FRF":14,"FRP":10,"MRF":14,"MRP":13,"MF":89.8,"MFD":-14.91,"MQt":1.15,"MPz":12,"MPzD":-9.31,"MPr":7.61}
,{"DP":"PUERICULTURA VARIOS","DD":"","FRF":11,"FRP":9,"MRF":15,"MRP":21,"MF":77.28,"MFD":-28.38,"MQt":0.99,"MPz":7,"MPzD":-33.86,"MPr":11.8}
,{"DP":"BIBERON PP ANTICOLICO T SILICONA S 270 ML","DD":"SUAVINEX","FRF":94,"FRP":96,"MRF":16,"MRP":36,"MF":68.93,"MFD":326.41,"MQt":0.88,"MPz":5,"MPzD":312.95,"MPr":13.34}
,{"DP":"BROCHES PINZAS Y CADENAS","DD":"","FRF":53,"FRP":46,"MRF":17,"MRP":11,"MF":68.39,"MFD":-1.82,"MQt":0.87,"MPz":13,"MPzD":5.07,"MPr":5.38}
,{"DP":"PAÑAL INFANTIL T- 6 (17 - 28 KG) 27 PAÑALES","DD":"INDAS","FRF":176,"FRP":177,"MRF":18,"MRP":20,"MF":67.23,"MFD":3.86,"MQt":0.86,"MPz":9,"MPzD":6.94,"MPr":7.57}
,{"DP":"CANASTILLAS","DD":"","FRF":112,"FRP":113,"MRF":19,"MRP":46,"MF":65.57,"MFD":4.84,"MQt":0.84,"MPz":4,"MPzD":-80.09,"MPr":17.84}
,{"DP":"CORRECTOR ESTETICO DE OREJAS OTOSTICK PIEL NORMAL 8 U","DD":"INNOVACIONES DISRAS","FRF":149,"FRP":150,"MRF":20,"MRP":63,"MF":61.6,"MFD":-9.74,"MQt":0.79,"MPz":3,"MPzD":-16.79,"MPr":18.96}
,{"DP":"NUTRAISDIN GEL CHAMPU 1 L","DD":"ISDIN","FRF":170,"FRP":171,"MRF":21,"MRP":47,"MF":61.34,"MFD":-0.94,"MQt":0.78,"MPz":4,"MPzD":-2.89,"MPr":15.27}
,{"DP":"SUAVINEX DETERGENTE ESPECIFICO BIBERONES TETINAS 500 ML","DD":"SUAVINEX","FRF":20,"FRP":12,"MRF":22,"MRP":16,"MF":61.3,"MFD":-0.34,"MQt":0.78,"MPz":11,"MPzD":3.88,"MPr":5.7}
,{"DP":"SARO PRODUCTOS","DD":"","FRF":182,"FRP":182,"MRF":23,"MRP":25,"MF":61,"MFD":-13.31,"MQt":0.78,"MPz":6,"MPzD":-20.09,"MPr":10.12}
,{"DP":"CHUPETE TETINA SILICONA +6 M","DD":"SUAVINEX","FRF":30,"FRP":20,"MRF":24,"MRP":14,"MF":59.16,"MFD":3.68,"MQt":0.76,"MPz":12,"MPzD":1.98,"MPr":4.89}
,{"DP":"ESPONJA BAÑO INFANTIL NATURAL","DD":"SUAVINEX","FRF":47,"FRP":43,"MRF":25,"MRP":17,"MF":57.69,"MFD":-5.87,"MQt":0.74,"MPz":11,"MPzD":-4.82,"MPr":5.28}]
,"datiDettRefC":[
{"DP":"CHUPETES","DD":"","FRF":3,"FRP":2,"CRF":1,"CRP":1,"CF":130.38,"CFD":-13.37,"CQt":4.33,"CPz":17,"CPzD":-11.79,"CPr":7.86}
,{"DP":"BIBERONES","DD":"","FRF":7,"FRP":6,"CRF":2,"CRP":2,"CF":121.98,"CFD":-27.12,"CQt":4.05,"CPz":12,"CPzD":-26.75,"CPr":10.13}
,{"DP":"NARHINEL CONFORT ASPIRADOR RECAMBIO 20 BLANDO DESECHABLE","DD":"NOVARTIS","FRF":9,"FRP":7,"CRF":3,"CRP":5,"CF":79.14,"CFD":-1.76,"CQt":2.63,"CPz":9,"CPzD":-6.95,"CPr":9.03}
,{"DP":"PAÑAL INFANTIL T- 4 (9 - 15 KG) 36 PAÑALES","DD":"INDAS","FRF":174,"FRP":175,"CRF":4,"CRP":3,"CF":68.02,"CFD":-4.06,"CQt":2.26,"CPz":11,"CPzD":2.89,"CPr":6.18}
,{"DP":"PAÑAL INFANTIL T- 5 (13 - 18 KG) 30 PAÑALES","DD":"INDAS","FRF":175,"FRP":176,"CRF":5,"CRP":4,"CF":67.25,"CFD":43.29,"CQt":2.23,"CPz":11,"CPzD":54.73,"CPr":6.14}
,{"DP":"SUAVINEX PACK VARIOS","DD":"SUAVINEX","FRF":4,"FRP":4,"CRF":6,"CRP":11,"CF":61.86,"CFD":52.8,"CQt":2.05,"CPz":5,"CPzD":55.37,"CPr":11.49}
,{"DP":"NARHINEL CONFORT ASPIRADOR NASAL 1 U +2 RECAMBIOS","DD":"NOVARTIS","FRF":6,"FRP":5,"CRF":7,"CRP":12,"CF":60.83,"CFD":-13.93,"CQt":2.02,"CPz":5,"CPzD":-6.78,"CPr":13.12}
,{"DP":"PAÑALES NIÑOS","DD":"","FRF":1,"FRP":1,"CRF":8,"CRP":6,"CF":56.29,"CFD":-35.92,"CQt":1.87,"CPz":7,"CPzD":-28.97,"CPr":8.44}
,{"DP":"PAÑAL INFANTIL T- 3 (4 - 10 KG) 36 PAÑALES","DD":"INDAS","FRF":173,"FRP":174,"CRF":9,"CRP":7,"CF":42.86,"CFD":8.19,"CQt":1.42,"CPz":7,"CPzD":19.94,"CPr":6.14}
,{"DP":"PROTEGESENOS 60 U","DD":"SUAVINEX","FRF":14,"FRP":10,"CRF":10,"CRP":13,"CF":36.91,"CFD":-26.89,"CQt":1.23,"CPz":5,"CPzD":-17.42,"CPr":8.09}
,{"DP":"CHELINO FASHION & LOVE PAÑAL INFANTIL T- 2 (3 - 6 KG) 28 PAÑALES","DD":"INDAS","FRF":117,"FRP":118,"CRF":11,"CRP":10,"CF":32.55,"CFD":14.32,"CQt":1.08,"CPz":6,"CPzD":17.02,"CPr":5.1}
,{"DP":"SARO PRODUCTOS","DD":"","FRF":182,"FRP":182,"CRF":12,"CRP":17,"CF":28.52,"CFD":-38.75,"CQt":0.95,"CPz":3,"CPzD":-24.66,"CPr":9.12}
,{"DP":"BIBERON PP ANTICOLICO T SILICONA S 270 ML","DD":"SUAVINEX","FRF":94,"FRP":96,"CRF":13,"CRP":32,"CF":27.68,"CFD":452.31,"CQt":0.92,"CPz":2,"CPzD":423.81,"CPr":13.24}
,{"DP":"PUERICULTURA VARIOS","DD":"","FRF":11,"FRP":9,"CRF":14,"CRP":18,"CF":27.18,"CFD":-55.95,"CQt":0.9,"CPz":3,"CPzD":-50.89,"CPr":8.49}
,{"DP":"CHUPETE TETINA SILICONA +6 M","DD":"SUAVINEX","FRF":30,"FRP":20,"CRF":15,"CRP":14,"CF":26.11,"CFD":22.08,"CQt":0.87,"CPz":5,"CPzD":11.79,"CPr":4.87}
,{"DP":"CANASTILLAS","DD":"","FRF":112,"FRP":113,"CRF":16,"CRP":62,"CF":25.34,"CFD":-28.21,"CQt":0.84,"CPz":1,"CPzD":-15.38,"CPr":24.03}
,{"DP":"CUBIERTOS INFANTILES","DD":"","FRF":49,"FRP":52,"CRF":17,"CRP":19,"CF":25.04,"CFD":-23.33,"CQt":0.83,"CPz":3,"CPzD":-19.12,"CPr":9.77}
,{"DP":"ESPONJA BAÑO INFANTIL NATURAL","DD":"SUAVINEX","FRF":47,"FRP":43,"CRF":18,"CRP":15,"CF":24.67,"CFD":-0.34,"CQt":0.82,"CPz":5,"CPzD":7.42,"CPr":5.36}
,{"DP":"BROCHES PINZAS Y CADENAS","DD":"","FRF":53,"FRP":46,"CRF":19,"CRP":16,"CF":24.52,"CFD":-27.69,"CQt":0.81,"CPz":5,"CPzD":-4.84,"CPr":5.33}
,{"DP":"PAÑAL INFANTIL T- 6 (17 - 28 KG) 27 PAÑALES","DD":"INDAS","FRF":176,"FRP":177,"CRF":20,"CRP":20,"CF":23.44,"CFD":37.47,"CQt":0.78,"CPz":3,"CPzD":16.2,"CPr":7.08}
,{"DP":"CORRECTOR ESTETICO DE OREJAS OTOSTICK PIEL NORMAL 8 U","DD":"INNOVACIONES DISRAS","FRF":149,"FRP":150,"CRF":21,"CRP":63,"CF":23.33,"CFD":9.01,"CQt":0.78,"CPz":1,"CPzD":-11.29,"CPr":18.87}
,{"DP":"MORDEDORES","DD":"","FRF":21,"FRP":19,"CRF":22,"CRP":21,"CF":22.18,"CFD":-31.57,"CQt":0.74,"CPz":3,"CPzD":-40.86,"CPr":6.67}
,{"DP":"BIBERON PP ANTICOLICO T SILICONA XS 180 ML","DD":"SUAVINEX","FRF":22,"FRP":24,"CRF":23,"CRP":33,"CF":22.01,"CFD":568.76,"CQt":0.73,"CPz":2,"CPzD":587.5,"CPr":11.21}
,{"DP":"NUTRAISDIN GEL CHAMPU 1 L","DD":"ISDIN","FRF":170,"FRP":171,"CRF":24,"CRP":64,"CF":21.23,"CFD":-10.41,"CQt":0.71,"CPz":1,"CPzD":-36.78,"CPr":15.57}
,{"DP":"EXTRACTOR DE LECHE ELECTRICO ","DD":"MEDELA","FRF":5,"FRP":47,"CRF":25,"CRP":196,"CF":20.35,"CFD":-17.52,"CQt":0.68,"CPz":0.127,"CPzD":-22.39,"CPr":159.91}]}