{"datiDettRefF":[
{"DP":"VACUNA ALERGIA","DD":"","FRF":1,"FRP":54,"FF":3425.39,"FFD":-5.55,"FQt":7.21,"FPz":12,"FPzD":-20,"FPr":285.45,"MRF":1,"MRP":31,"CRF":1,"CRP":25}
,{"DP":"HYLO GEL 10 ML","DD":"BRILL PHARMA S L","FRF":2,"FRP":10,"FF":1977.02,"FFD":56.33,"FQt":4.16,"FPz":115,"FPzD":41.98,"FPr":17.19,"MRF":8,"MRP":16,"CRF":8,"CRP":29}
,{"DP":"VITANATUR COLAGENO ANTIOX PLAN","DD":"","FRF":3,"FRP":17,"FF":1743.91,"FFD":-28.48,"FQt":3.67,"FPz":50,"FPzD":-29.58,"FPr":34.88,"MRF":365,"MRP":677,"CRF":721,"CRP":723}
,{"DP":"RICOLA","DD":"DIAFARM","FRF":4,"FRP":3,"FF":1693.77,"FFD":-34.68,"FQt":3.57,"FPz":654,"FPzD":-32.72,"FPr":2.59,"MRF":7,"MRP":3,"CRF":7,"CRP":4}
,{"DP":"HYABAK 0.15% 10 ML","DD":"THEA","FRF":5,"FRP":8,"FF":1505.85,"FFD":4.47,"FQt":3.17,"FPz":121,"FPzD":6.14,"FPr":12.45,"MRF":4,"MRP":7,"CRF":4,"CRP":12}
,{"DP":"HYLO COMOD 10 ML","DD":"BRILL PHARMA S L","FRF":6,"FRP":11,"FF":1399.67,"FFD":46.72,"FQt":2.95,"FPz":93,"FPzD":32.86,"FPr":15.05,"MRF":9,"MRP":23,"CRF":9,"CRP":26}
,{"DP":"HYLO DUAL 10 ML","DD":"BRILL PHARMA S L","FRF":7,"FRP":19,"FF":934.86,"FFD":15.22,"FQt":1.97,"FPz":47,"FPzD":6.82,"FPr":19.89,"MRF":10,"MRP":43,"CRF":11,"CRP":43}
,{"DP":"CUMLAUDE DRENAQUA DUPLO","DD":"","FRF":8,"FRP":36,"FF":877.61,"FFD":223.13,"FQt":1.85,"FPz":26,"FPzD":188.89,"FPr":33.75,"MRF":402,"MRP":684,"CRF":723,"CRP":725}
,{"DP":"SUERO FISIOLOGICO MONODOSIS MONODOSIS 5 ML 30 U","DD":"DISTROSUR","FRF":9,"FRP":7,"FF":850.93,"FFD":6.84,"FQt":1.79,"FPz":164,"FPzD":7.89,"FPr":5.19,"MRF":156,"MRP":130,"CRF":159,"CRP":116}
,{"DP":"THEALOZ DUO 10 ML","DD":"THEA","FRF":10,"FRP":20,"FF":825.57,"FFD":-37.81,"FQt":1.74,"FPz":47,"FPzD":-38.16,"FPr":17.57,"MRF":5,"MRP":12,"CRF":5,"CRP":17}
,{"DP":"RHINOMER LIMPIEZA NASAL F-3 NEBULIZADOR 135 ML","DD":"NOVARTIS","FRF":11,"FRP":14,"FF":722.28,"FFD":-8.41,"FQt":1.52,"FPz":69,"FPzD":-12.66,"FPr":10.47,"MRF":22,"MRP":44,"CRF":37,"CRP":56}
,{"DP":"JUANOLAS: BUCOFÁRINGEOS","DD":"ANGELINI FARMACÉUTICA S A","FRF":12,"FRP":6,"FF":660.06,"FFD":-8.22,"FQt":1.39,"FPz":180,"FPzD":-24.69,"FPr":3.67,"MRF":6,"MRP":4,"CRF":6,"CRP":2}
,{"DP":"PENDIENTES","DD":"","FRF":13,"FRP":18,"FF":609.7,"FFD":-0.46,"FQt":1.28,"FPz":49,"FPzD":0,"FPr":12.44,"MRF":3,"MRP":5,"CRF":3,"CRP":8}
,{"DP":"LIERAC CICA-FILLER SERUM ANTIA","DD":"","FRF":14,"FRP":66,"FF":569.35,"FFD":null,"FQt":1.2,"FPz":10,"FPzD":null,"FPr":56.94,"MRF":401,"MRP":703,"CRF":732,"CRP":734}
,{"DP":"LUBRISTIL SOLUCION OFTALMICA 30 MONODOSIS 0.3 ML","DD":"ANGELINI FARMACÉUTICA S A","FRF":15,"FRP":22,"FF":536.45,"FFD":6.79,"FQt":1.13,"FPz":39,"FPzD":18.18,"FPr":13.76,"MRF":14,"MRP":34,"CRF":15,"CRP":39}
,{"DP":"PRANAROM SPRAY PURIFICANTE","DD":"PRANAROM","FRF":16,"FRP":33,"FF":507.16,"FFD":79.37,"FQt":1.07,"FPz":27,"FPzD":80,"FPr":18.78,"MRF":95,"MRP":193,"CRF":97,"CRP":184}
,{"DP":"SYSTANE ULTRA 10 ML","DD":"ALCON CUSI","FRF":17,"FRP":23,"FF":491.45,"FFD":-26.93,"FQt":1.03,"FPz":39,"FPzD":-18.75,"FPr":12.6,"MRF":12,"MRP":21,"CRF":12,"CRP":30}
,{"DP":"L CITRULINA 50 CAPSULAS","DD":"","FRF":18,"FRP":37,"FF":473.36,"FFD":3.35,"FQt":1,"FPz":21,"FPzD":5,"FPr":22.54,"MRF":495,"MRP":706,"CRF":734,"CRP":736}
,{"DP":"ULLERES","DD":"","FRF":19,"FRP":90,"FF":472.5,"FFD":null,"FQt":0.99,"FPz":7,"FPzD":null,"FPr":67.5,"MRF":496,"MRP":763,"CRF":773,"CRP":775}
,{"DP":"VITA-POS POMADA OFTALMICA 5 G","DD":"BRILL PHARMA S L","FRF":20,"FRP":29,"FF":435.35,"FFD":6.63,"FQt":0.92,"FPz":29,"FPzD":3.57,"FPr":15.01,"MRF":25,"MRP":62,"CRF":22,"CRP":54}
,{"DP":"LACER PASTA DUPLO 125ML","DD":"","FRF":21,"FRP":25,"FF":387.75,"FFD":null,"FQt":0.82,"FPz":33,"FPzD":null,"FPr":11.75,"MRF":514,"MRP":692,"CRF":728,"CRP":730}
,{"DP":"IWHITE PROMO PASTA DENTAL 50% ","DD":"","FRF":22,"FRP":32,"FF":387.53,"FFD":-12.78,"FQt":0.82,"FPz":28,"FPzD":-12.5,"FPr":13.84,"MRF":515,"MRP":696,"CRF":730,"CRP":732}
,{"DP":"TENSIO ARTERIAL","DD":"","FRF":23,"FRP":5,"FF":342,"FFD":-31.74,"FQt":0.72,"FPz":342,"FPzD":-31.74,"FPr":1,"MRF":531,"MRP":407,"CRF":645,"CRP":651}
,{"DP":"RHINOMER LIMPIEZA NASAL F-2 NEBULIZADOR 135 ML","DD":"NOVARTIS","FRF":24,"FRP":26,"FF":338.7,"FFD":-22.37,"FQt":0.71,"FPz":32,"FPzD":-25.58,"FPr":10.58,"MRF":27,"MRP":49,"CRF":44,"CRP":73}
,{"DP":"REFLEX AEROSOL 130 ML","DD":"","FRF":25,"FRP":30,"FF":330.02,"FFD":93.33,"FQt":0.69,"FPz":29,"FPzD":93.33,"FPr":11.38,"MRF":535,"MRP":695,"CRF":729,"CRP":731}]
,"datiDettRefM":[
{"DP":"VACUNA ALERGIA","DD":"","FRF":1,"FRP":54,"MRF":1,"MRP":31,"MF":9092.2,"MFD":9.05,"MQt":13.83,"MPz":30,"MPzD":3.31,"MPr":300.53}
,{"DP":"SERVICIOS VARIOS FARMACIA","DD":"","FRF":991,"FRP":991,"MRF":2,"MRP":2,"MF":2542.95,"MFD":-15.25,"MQt":3.87,"MPz":328,"MPzD":-8.4,"MPr":7.75}
,{"DP":"PENDIENTES","DD":"","FRF":13,"FRP":18,"MRF":3,"MRP":5,"MF":1326.02,"MFD":49.26,"MQt":2.02,"MPz":154,"MPzD":50.83,"MPr":8.64}
,{"DP":"HYABAK 0.15% 10 ML","DD":"THEA","FRF":5,"FRP":8,"MRF":4,"MRP":7,"MF":1223.35,"MFD":5.79,"MQt":1.86,"MPz":101,"MPzD":5.93,"MPr":12.07}
,{"DP":"THEALOZ DUO 10 ML","DD":"THEA","FRF":10,"FRP":20,"MRF":5,"MRP":12,"MF":805.49,"MFD":16.8,"MQt":1.23,"MPz":48,"MPzD":16.14,"MPr":16.67}
,{"DP":"JUANOLAS: BUCOFÁRINGEOS","DD":"ANGELINI FARMACÉUTICA S A","FRF":12,"FRP":6,"MRF":6,"MRP":4,"MF":720.84,"MFD":-3.3,"MQt":1.1,"MPz":256,"MPzD":-6.25,"MPr":2.82}
,{"DP":"RICOLA","DD":"DIAFARM","FRF":4,"FRP":3,"MRF":7,"MRP":3,"MF":706.74,"MFD":-4.93,"MQt":1.07,"MPz":280,"MPzD":0.32,"MPr":2.52}
,{"DP":"HYLO GEL 10 ML","DD":"BRILL PHARMA S L","FRF":2,"FRP":10,"MRF":8,"MRP":16,"MF":682.15,"MFD":31.08,"MQt":1.04,"MPz":44,"MPzD":29.85,"MPr":15.35}
,{"DP":"HYLO COMOD 10 ML","DD":"BRILL PHARMA S L","FRF":6,"FRP":11,"MRF":9,"MRP":23,"MF":512.78,"MFD":18.35,"MQt":0.78,"MPz":37,"MPzD":14.91,"MPr":13.69}
,{"DP":"HYLO DUAL 10 ML","DD":"BRILL PHARMA S L","FRF":7,"FRP":19,"MRF":10,"MRP":43,"MF":464.62,"MFD":24.62,"MQt":0.71,"MPz":24,"MPzD":25.49,"MPr":19.67}
,{"DP":"AQUORAL GOTAS OFTALMICAS LUBRICANTES ESTERIL MONODOSIS 0.5 ML 20 U","DD":"ESTEVE","FRF":29,"FRP":27,"MRF":11,"MRP":18,"MF":425.22,"MFD":7.44,"MQt":0.65,"MPz":42,"MPzD":4.42,"MPr":10.18}
,{"DP":"SYSTANE ULTRA 10 ML","DD":"ALCON CUSI","FRF":17,"FRP":23,"MRF":12,"MRP":21,"MF":419.83,"MFD":-2.33,"MQt":0.64,"MPz":38,"MPzD":-0.58,"MPr":11.09}
,{"DP":"RELEC EXTRA FUERTE 50% SPRAY 75 ML","DD":"OMEGA PHARMA ESPAÑA, S.A.","FRF":30,"FRP":28,"MRF":13,"MRP":22,"MF":410.08,"MFD":-6.31,"MQt":0.62,"MPz":38,"MPzD":-4.3,"MPr":10.83}
,{"DP":"LUBRISTIL SOLUCION OFTALMICA 30 MONODOSIS 0.3 ML","DD":"ANGELINI FARMACÉUTICA S A","FRF":15,"FRP":22,"MRF":14,"MRP":34,"MF":399.7,"MFD":-5.19,"MQt":0.61,"MPz":28,"MPzD":-6.35,"MPr":14.22}
,{"DP":"RHINOMER LIMPIEZA NASAL F-3 NEBULIZADOR 180 ML","DD":"NOVARTIS","FRF":977,"FRP":978,"MRF":15,"MRP":20,"MF":370.69,"MFD":15.49,"MQt":0.56,"MPz":41,"MPzD":15.03,"MPr":9.1}
,{"DP":"FULLMARKS LOCION 100 ML","DD":"RECKITT BENCKISER HEALTHCARE  S A","FRF":35,"FRP":63,"MRF":16,"MRP":54,"MF":368.46,"MFD":-8.26,"MQt":0.56,"MPz":18,"MPzD":-8.19,"MPr":20.64}
,{"DP":"SYSTANE HYDRATACION GOTAS OFTA","DD":"","FRF":1005,"FRP":1005,"MRF":17,"MRP":45,"MF":319.96,"MFD":4.76,"MQt":0.49,"MPz":23,"MPzD":2.26,"MPr":13.89}
,{"DP":"RHINOMER LIMPIEZA NASAL F-2 NEBULIZADOR 180 ML","DD":"NOVARTIS","FRF":976,"FRP":977,"MRF":18,"MRP":25,"MF":318,"MFD":3.22,"MQt":0.48,"MPz":35,"MPzD":1.39,"MPr":9.18}
,{"DP":"AQUORAL FORTE C A HIALURONICO 0.4% 0.5 ML 30 MONODOSIS","DD":"ESTEVE","FRF":36,"FRP":45,"MRF":19,"MRP":55,"MF":295.13,"MFD":-0.79,"MQt":0.45,"MPz":17,"MPzD":-2.69,"MPr":17.29}
,{"DP":"FISIOLOGIC SOLUCION SALINA NASAL Y OFTALMICA 5 ML 30 MONODOSIS","DD":"FERRER INTERNACIONAL","FRF":864,"FRP":866,"MRF":20,"MRP":9,"MF":245.44,"MFD":-25.05,"MQt":0.37,"MPz":59,"MPzD":-20.73,"MPr":4.17}
,{"DP":"OTC ANTIPIOJOS FORMULA TOTAL 125 ML","DD":"FERRER INTERNACIONAL","FRF":135,"FRP":180,"MRF":21,"MRP":69,"MF":243.72,"MFD":16.71,"MQt":0.37,"MPz":13,"MPzD":16.24,"MPr":19.38}
,{"DP":"RHINOMER LIMPIEZA NASAL F-3 NEBULIZADOR 135 ML","DD":"NOVARTIS","FRF":11,"FRP":14,"MRF":22,"MRP":44,"MF":238.9,"MFD":-10.47,"MQt":0.36,"MPz":24,"MPzD":-14.1,"MPr":9.97}
,{"DP":"FULLMARKS SPRAY 150 ML","DD":"RECKITT BENCKISER HEALTHCARE  S A","FRF":34,"FRP":72,"MRF":23,"MRP":94,"MF":208.36,"MFD":1.85,"MQt":0.32,"MPz":9,"MPzD":1.77,"MPr":24.2}
,{"DP":"OPTAVA FUSION ESTERIL 10 ML","DD":"ALLERGAN S A","FRF":45,"FRP":67,"MRF":24,"MRP":73,"MF":208.26,"MFD":-12.49,"MQt":0.32,"MPz":12,"MPzD":-12.01,"MPr":17.46}
,{"DP":"VITA-POS POMADA OFTALMICA 5 G","DD":"BRILL PHARMA S L","FRF":20,"FRP":29,"MRF":25,"MRP":62,"MF":207.48,"MFD":4.9,"MQt":0.32,"MPz":14,"MPzD":6.02,"MPr":14.99}]
,"datiDettRefC":[
{"DP":"VACUNA ALERGIA","DD":"","FRF":1,"FRP":54,"CRF":1,"CRP":25,"CF":6003.45,"CFD":8.43,"CQt":18.73,"CPz":19,"CPzD":3.47,"CPr":312.68}
,{"DP":"SERVICIOS VARIOS FARMACIA","DD":"","FRF":991,"FRP":991,"CRF":2,"CRP":3,"CF":653.62,"CFD":-7.64,"CQt":2.04,"CPz":143,"CPzD":-2.05,"CPr":4.56}
,{"DP":"PENDIENTES","DD":"","FRF":13,"FRP":18,"CRF":3,"CRP":8,"CF":530.4,"CFD":37.73,"CQt":1.65,"CPz":60,"CPzD":37.56,"CPr":8.84}
,{"DP":"HYABAK 0.15% 10 ML","DD":"THEA","FRF":5,"FRP":8,"CRF":4,"CRP":12,"CF":487.5,"CFD":0.49,"CQt":1.52,"CPz":38,"CPzD":-0.1,"CPr":12.85}
,{"DP":"THEALOZ DUO 10 ML","DD":"THEA","FRF":10,"FRP":20,"CRF":5,"CRP":17,"CF":465.84,"CFD":8.01,"CQt":1.45,"CPz":27,"CPzD":5.92,"CPr":17.01}
,{"DP":"JUANOLAS: BUCOFÁRINGEOS","DD":"ANGELINI FARMACÉUTICA S A","FRF":12,"FRP":6,"CRF":6,"CRP":2,"CF":374.49,"CFD":-6.73,"CQt":1.17,"CPz":148,"CPzD":-8.08,"CPr":2.53}
,{"DP":"RICOLA","DD":"DIAFARM","FRF":4,"FRP":3,"CRF":7,"CRP":4,"CF":338.37,"CFD":6.07,"CQt":1.06,"CPz":131,"CPzD":14.15,"CPr":2.59}
,{"DP":"HYLO GEL 10 ML","DD":"BRILL PHARMA S L","FRF":2,"FRP":10,"CRF":8,"CRP":29,"CF":280.07,"CFD":9.99,"CQt":0.87,"CPz":18,"CPzD":9.88,"CPr":15.78}
,{"DP":"HYLO COMOD 10 ML","DD":"BRILL PHARMA S L","FRF":6,"FRP":11,"CRF":9,"CRP":26,"CF":256.22,"CFD":33.86,"CQt":0.8,"CPz":19,"CPzD":33.29,"CPr":13.8}
,{"DP":"SYSTANE HYDRATACION GOTAS OFTA","DD":"","FRF":1005,"FRP":1005,"CRF":10,"CRP":33,"CF":235.92,"CFD":11.34,"CQt":0.74,"CPz":17,"CPzD":8.85,"CPr":13.83}
,{"DP":"HYLO DUAL 10 ML","DD":"BRILL PHARMA S L","FRF":7,"FRP":19,"CRF":11,"CRP":43,"CF":215.84,"CFD":2.41,"CQt":0.67,"CPz":11,"CPzD":4.67,"CPr":20.33}
,{"DP":"SYSTANE ULTRA 10 ML","DD":"ALCON CUSI","FRF":17,"FRP":23,"CRF":12,"CRP":30,"CF":212,"CFD":-6,"CQt":0.66,"CPz":18,"CPzD":-6.52,"CPr":11.65}
,{"DP":"AQUORAL GOTAS OFTALMICAS LUBRICANTES ESTERIL MONODOSIS 0.5 ML 20 U","DD":"ESTEVE","FRF":29,"FRP":27,"CRF":13,"CRP":27,"CF":206.14,"CFD":-5.48,"CQt":0.64,"CPz":19,"CPzD":-10.38,"CPr":10.76}
,{"DP":"RELEC EXTRA FUERTE 50% SPRAY 75 ML","DD":"OMEGA PHARMA ESPAÑA, S.A.","FRF":30,"FRP":28,"CRF":14,"CRP":34,"CF":185.19,"CFD":-4.17,"CQt":0.58,"CPz":17,"CPzD":-3.91,"CPr":10.82}
,{"DP":"LUBRISTIL SOLUCION OFTALMICA 30 MONODOSIS 0.3 ML","DD":"ANGELINI FARMACÉUTICA S A","FRF":15,"FRP":22,"CRF":15,"CRP":39,"CF":181.47,"CFD":-2.18,"CQt":0.57,"CPz":13,"CPzD":-0.97,"CPr":14.02}
,{"DP":"AQUORAL FORTE C A HIALURONICO 0.4% 0.5 ML 30 MONODOSIS","DD":"ESTEVE","FRF":36,"FRP":45,"CRF":16,"CRP":44,"CF":180.32,"CFD":4.01,"CQt":0.56,"CPz":10,"CPzD":4.36,"CPr":18.16}
,{"DP":"AMBIENTADOR BETRES ON ","DD":"","FRF":806,"FRP":808,"CRF":17,"CRP":13,"CF":171.89,"CFD":7.32,"CQt":0.54,"CPz":34,"CPzD":-2.91,"CPr":5.06}
,{"DP":"RHINOMER LIMPIEZA NASAL F-3 NEBULIZADOR 180 ML","DD":"NOVARTIS","FRF":977,"FRP":978,"CRF":18,"CRP":31,"CF":168.33,"CFD":12.54,"CQt":0.53,"CPz":18,"CPzD":9.03,"CPr":9.3}
,{"DP":"RHINOMER LIMPIEZA NASAL F-2 NEBULIZADOR 180 ML","DD":"NOVARTIS","FRF":976,"FRP":977,"CRF":19,"CRP":35,"CF":161.82,"CFD":14.91,"CQt":0.5,"CPz":17,"CPzD":10.26,"CPr":9.28}
,{"DP":"OPTIBEN OJOS SECOS GOTAS 10 ML","DD":"CINFA","FRF":343,"FRP":160,"CRF":20,"CRP":21,"CF":130.58,"CFD":21.07,"CQt":0.41,"CPz":22,"CPzD":19.33,"CPr":5.98}
,{"DP":"GOIBI ANTIPIOJOS ELIMINA CHAMPU + LOCION USO HUM ","DD":"CINFA","FRF":868,"FRP":870,"CRF":21,"CRP":47,"CF":128.22,"CFD":3.93,"CQt":0.4,"CPz":9,"CPzD":5.77,"CPr":14.97}
,{"DP":"VITA-POS POMADA OFTALMICA 5 G","DD":"BRILL PHARMA S L","FRF":20,"FRP":29,"CRF":22,"CRP":54,"CF":125.52,"CFD":2.48,"CQt":0.39,"CPz":8,"CPzD":0.69,"CPr":15.11}
,{"DP":"FULLMARKS LOCION 100 ML","DD":"RECKITT BENCKISER HEALTHCARE  S A","FRF":35,"FRP":63,"CRF":23,"CRP":69,"CF":122.84,"CFD":-20.55,"CQt":0.38,"CPz":6,"CPzD":-19.71,"CPr":20.6}
,{"DP":"PERMETRINA 25% 100ML","DD":"","FRF":729,"FRP":732,"CRF":24,"CRP":61,"CF":122.69,"CFD":-32.76,"CQt":0.38,"CPz":7,"CPzD":-29.62,"CPr":18.34}
,{"DP":"SYSTANE COMPLETE 10 ML","DD":"ALCON CUSI","FRF":245,"FRP":247,"CRF":25,"CRP":62,"CF":116.19,"CFD":null,"CQt":0.36,"CPz":7,"CPzD":null,"CPr":16.06}]}