{"datiDettRefF":[
{"DP":"LIERAC FACIAL","DD":"LIERAC","FRF":1,"FRP":13,"FF":13334.13,"FFD":22.8,"FQt":3.15,"FPz":246,"FPzD":9.33,"FPr":54.2,"MRF":10,"MRP":167,"CRF":86,"CRP":508}
,{"DP":"CAUDALIE FACIAL","DD":"CAUDALIE","FRF":2,"FRP":29,"FF":4346.05,"FFD":-27.7,"FQt":1.03,"FPz":130,"FPzD":-27.78,"FPr":33.43,"MRF":2,"MRP":21,"CRF":2,"CRP":42}
,{"DP":"VACUNA ALERGIA","DD":"","FRF":3,"FRP":646,"FF":3425.39,"FFD":-5.55,"FQt":0.81,"FPz":12,"FPzD":-20,"FPr":285.45,"MRF":1,"MRP":239,"CRF":1,"CRP":204}
,{"DP":"INFLUVIS JARABE 120 G","DD":"PLANTA MEDICA Srl","FRF":4,"FRP":12,"FF":3245.98,"FFD":-35.6,"FQt":0.77,"FPz":255,"FPzD":-36.57,"FPr":12.73,"MRF":226,"MRP":257,"CRF":84,"CRP":93}
,{"DP":"LACTIBIANE ATB 14 CAPS","DD":"PILEJE SLU","FRF":5,"FRP":15,"FF":3144.68,"FFD":-32.06,"FQt":0.74,"FPz":227,"FPzD":-32.64,"FPr":13.85,"MRF":354,"MRP":441,"CRF":692,"CRP":823}
,{"DP":"LIERAC SOLARES","DD":"LIERAC","FRF":6,"FRP":47,"FF":2416.33,"FFD":104.69,"FQt":0.57,"FPz":104,"FPzD":108,"FPr":23.23,"MRF":198,"MRP":507,"CRF":850,"CRP":1197}
,{"DP":"ESPIDIDOL 400 MG 12 COMPRIMIDOS RECUBIERTOS","DD":"ZAMBON","FRF":7,"FRP":6,"FF":2038.3,"FFD":-2.7,"FQt":0.48,"FPz":384,"FPzD":-2.78,"FPr":5.31,"MRF":21,"MRP":8,"CRF":69,"CRP":19}
,{"DP":"HYLO GEL 10 ML","DD":"BRILL PHARMA S L","FRF":8,"FRP":39,"FF":1977.02,"FFD":56.33,"FQt":0.47,"FPz":115,"FPzD":41.98,"FPr":17.19,"MRF":68,"MRP":141,"CRF":138,"CRP":225}
,{"DP":"NEOBIANACID ACIDEZ Y REFLUJO 45 COMP MASTICABLES","DD":"ABOCA SpA SOCIETA' AGRICOLA","FRF":9,"FRP":25,"FF":1832,"FFD":-1.91,"FQt":0.43,"FPz":136,"FPzD":-4.23,"FPr":13.47,"MRF":32,"MRP":54,"CRF":32,"CRP":51}
,{"DP":"BIMANAN SUSTITUTIVOS","DD":"NUTRITION & SANTE","FRF":10,"FRP":11,"FF":1810.71,"FFD":-26.21,"FQt":0.43,"FPz":280,"FPzD":-19.54,"FPr":6.47,"MRF":47,"MRP":18,"CRF":87,"CRP":16}
,{"DP":"LEPHANET TOALLITAS ESTERILES 30 TOALLITAS","DD":"THEA","FRF":11,"FRP":40,"FF":1782.45,"FFD":-4.45,"FQt":0.42,"FPz":115,"FPzD":-1.71,"FPr":15.5,"MRF":103,"MRP":180,"CRF":227,"CRP":369}
,{"DP":"SUPOSITORIOS GLICERINA VILARDELL ADULTOS 18 SUPOSITORIOS","DD":"VILARDELL","FRF":12,"FRP":9,"FF":1756.75,"FFD":-1.1,"FQt":0.42,"FPz":326,"FPzD":-2.1,"FPr":5.39,"MRF":86,"MRP":36,"CRF":163,"CRP":58}
,{"DP":"VITANATUR COLAGENO ANTIOX PLAN","DD":"","FRF":13,"FRP":129,"FF":1743.91,"FFD":-28.48,"FQt":0.41,"FPz":50,"FPzD":-29.58,"FPr":34.88,"MRF":5377,"MRP":7067,"CRF":7412,"CRP":7414}
,{"DP":"RICOLA","DD":"DIAFARM","FRF":14,"FRP":4,"FF":1693.77,"FFD":-34.68,"FQt":0.4,"FPz":654,"FPzD":-32.72,"FPr":2.59,"MRF":65,"MRP":6,"CRF":105,"CRP":7}
,{"DP":"SIKEN SUSTITUTIVOS","DD":"DIAFARM","FRF":15,"FRP":3,"FF":1685.9,"FFD":-43.16,"FQt":0.4,"FPz":716,"FPzD":-39.98,"FPr":2.35,"MRF":236,"MRP":31,"CRF":783,"CRP":113}
,{"DP":"NICOTINELL MINT 2 MG 96 COMPRIMIDOS PARA CHUPAR","DD":"NOVARTIS","FRF":16,"FRP":176,"FF":1671.53,"FFD":187.28,"FQt":0.4,"FPz":40,"FPzD":185.71,"FPr":41.79,"MRF":2869,"MRP":6447,"CRF":3840,"CRP":6112}
,{"DP":"IMMUNOMIX PLUS 50 CAPSULAS","DD":"ABOCA SpA SOCIETA' AGRICOLA","FRF":17,"FRP":58,"FF":1655.63,"FFD":0.6,"FQt":0.39,"FPz":89,"FPzD":-4.3,"FPr":18.6,"MRF":169,"MRP":330,"CRF":119,"CRP":240}
,{"DP":"PHYTOPHANERE CAPS","DD":"LIERAC","FRF":18,"FRP":205,"FF":1655.22,"FFD":-19.01,"FQt":0.39,"FPz":35,"FPzD":-16.67,"FPr":47.29,"MRF":64,"MRP":583,"CRF":139,"CRP":788}
,{"DP":"CN BASE 120 CAPS","DD":"LCN 1955","FRF":19,"FRP":223,"FF":1640.27,"FFD":-23.24,"FQt":0.39,"FPz":33,"FPzD":-21.43,"FPr":49.71,"MRF":959,"MRP":3431,"CRF":3625,"CRP":6308}
,{"DP":"INMUNORESPIR 90 CAPS","DD":"LCN 1955","FRF":20,"FRP":74,"FF":1635.9,"FFD":28.71,"FQt":0.39,"FPz":82,"FPzD":28.12,"FPr":19.95,"MRF":2574,"MRP":3704,"CRF":4702,"CRP":5940}
,{"DP":"FLUIMUCIL FORTE 600 MG 20 COMPRIMIDOS EFERVESCENTES","DD":"ZAMBON","FRF":21,"FRP":14,"FF":1632.27,"FFD":19.19,"FQt":0.39,"FPz":237,"FPzD":13.94,"FPr":6.89,"MRF":6,"MRP":2,"CRF":7,"CRP":2}
,{"DP":"REDOXON DOBLE ACCION COMP EFERVESCENTES 30 COMP NARANJA","DD":"BAYER HISPANIA S.L.","FRF":22,"FRP":41,"FF":1612.48,"FFD":20.01,"FQt":0.38,"FPz":115,"FPzD":25,"FPr":14.02,"MRF":282,"MRP":392,"CRF":424,"CRP":601}
,{"DP":"GRINTUSS JARABE CON POLIRESIN ADULTOS 180 ML","DD":"ABOCA SpA SOCIETA' AGRICOLA","FRF":23,"FRP":28,"FF":1568.04,"FFD":19.97,"FQt":0.37,"FPz":134,"FPzD":5.51,"FPr":11.7,"MRF":9,"MRP":14,"CRF":9,"CRP":10}
,{"DP":"BRONCOLSAN JARABE 200 G","DD":"PLANTA MEDICA Srl","FRF":24,"FRP":24,"FF":1543.18,"FFD":-16.3,"FQt":0.37,"FPz":142,"FPzD":-20.22,"FPr":10.87,"MRF":49,"MRP":58,"CRF":37,"CRP":38}
,{"DP":"LACTIBIANE REFERENCE PILEJE 2.5 G 30 CAPS","DD":"PILEJE SLU","FRF":25,"FRP":123,"FF":1526.05,"FFD":-36.1,"FQt":0.36,"FPz":51,"FPzD":-36.25,"FPr":29.92,"MRF":360,"MRP":1159,"CRF":518,"CRP":1469}]
,"datiDettRefM":[
{"DP":"VACUNA ALERGIA","DD":"","FRF":3,"FRP":646,"MRF":1,"MRP":239,"MF":9092.2,"MFD":9.05,"MQt":1.67,"MPz":30,"MPzD":3.31,"MPr":300.53}
,{"DP":"CAUDALIE FACIAL","DD":"CAUDALIE","FRF":2,"FRP":29,"MRF":2,"MRP":21,"MF":3428.12,"MFD":-6.79,"MQt":0.63,"MPz":150,"MPzD":-5.34,"MPr":22.82}
,{"DP":"FRENADOL COMPLEX 10 SOBRES","DD":"JOHNSON & JOHNSON","FRF":52,"FRP":46,"MRF":3,"MRP":3,"MF":3355.5,"MFD":1.93,"MQt":0.62,"MPz":341,"MPzD":-7.16,"MPr":9.83}
,{"DP":"VOLTADOL FORTE 20 MGG GEL TOPICO 50 G","DD":"NOVARTIS","FRF":31,"FRP":26,"MRF":4,"MRP":5,"MF":2726.29,"MFD":0.63,"MQt":0.5,"MPz":280,"MPzD":-3.07,"MPr":9.73}
,{"DP":"SERVICIOS VARIOS FARMACIA","DD":"","FRF":7857,"FRP":7857,"MRF":5,"MRP":4,"MF":2542.95,"MFD":-15.25,"MQt":0.47,"MPz":328,"MPzD":-8.4,"MPr":7.75}
,{"DP":"FLUIMUCIL FORTE 600 MG 20 COMPRIMIDOS EFERVESCENTES","DD":"ZAMBON","FRF":21,"FRP":14,"MRF":6,"MRP":2,"MF":2419.97,"MFD":12.44,"MQt":0.44,"MPz":352,"MPzD":7.03,"MPr":6.87}
,{"DP":"GAFAS","DD":"","FRF":33,"FRP":59,"MRF":7,"MRP":12,"MF":2208.02,"MFD":-5.04,"MQt":0.41,"MPz":175,"MPzD":-9.91,"MPr":12.61}
,{"DP":"CUIDADO DE LA TOS - 180 G","DD":"APOTECA NATURA","FRF":50,"FRP":67,"MRF":8,"MRP":16,"MF":2006.1,"MFD":30.91,"MQt":0.37,"MPz":166,"MPzD":29.07,"MPr":12.12}
,{"DP":"GRINTUSS JARABE CON POLIRESIN ADULTOS 180 ML","DD":"ABOCA SpA SOCIETA' AGRICOLA","FRF":23,"FRP":28,"MRF":9,"MRP":14,"MF":1972.8,"MFD":-15.26,"MQt":0.36,"MPz":168,"MPzD":-16.62,"MPr":11.71}
,{"DP":"LIERAC FACIAL","DD":"LIERAC","FRF":1,"FRP":13,"MRF":10,"MRP":167,"MF":1862.79,"MFD":-14.24,"MQt":0.34,"MPz":39,"MPzD":-12.79,"MPr":47.57}
,{"DP":"FLUTOX 3.54 MGML JARABE 200 ML","DD":"ZAMBON","FRF":228,"FRP":149,"MRF":11,"MRP":10,"MF":1712.64,"MFD":-0.71,"MQt":0.31,"MPz":196,"MPzD":-7.63,"MPr":8.75}
,{"DP":"FLORA INTESTINAL SOBRES BUCODISPERSABLES 1 GRAMO 10 SOBRES","DD":"APOTECA NATURA","FRF":7933,"FRP":7933,"MRF":12,"MRP":29,"MF":1684.16,"MFD":5.43,"MQt":0.31,"MPz":128,"MPzD":4.22,"MPr":13.17}
,{"DP":"GRINTUSS PEDIATRIC POLIRESIN - JARABE 180 G ","DD":"ABOCA SpA SOCIETA' AGRICOLA","FRF":66,"FRP":87,"MRF":13,"MRP":24,"MF":1675.03,"MFD":3.76,"MQt":0.31,"MPz":142,"MPzD":2.24,"MPr":11.81}
,{"DP":"ALMAX FORTE 1.5 G 24 SOBRES SUSPENSION ORAL","DD":"ALMIRALL S.A.","FRF":80,"FRP":69,"MRF":14,"MRP":19,"MF":1493.4,"MFD":3.54,"MQt":0.27,"MPz":158,"MPzD":-4.5,"MPr":9.43}
,{"DP":"TIRAS REACTIVAS GLUCEMIA 50 U","DD":"ROCHE DIAGNOSTICS","FRF":159,"FRP":687,"MRF":15,"MRP":104,"MF":1484.42,"MFD":-2.03,"MQt":0.27,"MPz":52,"MPzD":-1.42,"MPr":28.6}
,{"DP":"TIRAS REACTIVAS GLUCEMIA 50 U","DD":"BAYER HISPANIA S.L.","FRF":1026,"FRP":1922,"MRF":16,"MRP":87,"MF":1446.64,"MFD":0.2,"MQt":0.27,"MPz":57,"MPzD":-1.08,"MPr":25.21}
,{"DP":"FRENADOL DESCONGESTIVO 16 CAPSULAS","DD":"JOHNSON & JOHNSON","FRF":145,"FRP":113,"MRF":17,"MRP":22,"MF":1435.29,"MFD":10.47,"MQt":0.26,"MPz":146,"MPzD":0.75,"MPr":9.83}
,{"DP":"ABSORB INC ORINA NOC ANAT T- GDE 80 U","DD":"INDAS","FRF":1061,"FRP":1926,"MRF":18,"MRP":222,"MF":1405.2,"MFD":7.67,"MQt":0.26,"MPz":32,"MPzD":7.42,"MPr":43.89}
,{"DP":"DORMIDINA 25 MG 14 COMPRIMIDOS","DD":"ESTEVE","FRF":27,"FRP":19,"MRF":19,"MRP":15,"MF":1353.78,"MFD":4.31,"MQt":0.25,"MPz":167,"MPzD":2.07,"MPr":8.09}
,{"DP":"PENDIENTES","DD":"","FRF":124,"FRP":132,"MRF":20,"MRP":20,"MF":1326.02,"MFD":49.26,"MQt":0.24,"MPz":154,"MPzD":50.83,"MPr":8.64}
,{"DP":"ESPIDIDOL 400 MG 12 COMPRIMIDOS RECUBIERTOS","DD":"ZAMBON","FRF":7,"FRP":6,"MRF":21,"MRP":8,"MF":1284.1,"MFD":136.9,"MQt":0.24,"MPz":242,"MPzD":136.07,"MPr":5.3}
,{"DP":"PRANAROM ACEITES Y DIFUSION","DD":"PRANAROM","FRF":45,"FRP":49,"MRF":22,"MRP":27,"MF":1263.53,"MFD":-1.36,"MQt":0.23,"MPz":131,"MPzD":-6.31,"MPr":9.65}
,{"DP":"ALMAX 500 MG 48 COMPRIMIDOS MASTICABLES","DD":"ALMIRALL S.A.","FRF":65,"FRP":52,"MRF":23,"MRP":26,"MF":1241.44,"MFD":4.53,"MQt":0.23,"MPz":132,"MPzD":-3.1,"MPr":9.44}
,{"DP":"HYABAK 0.15% 10 ML","DD":"THEA","FRF":26,"FRP":32,"MRF":24,"MRP":40,"MF":1223.35,"MFD":5.79,"MQt":0.22,"MPz":101,"MPzD":5.93,"MPr":12.07}
,{"DP":"REMEDIO HOMEOPATICO SIN MARCA","DD":"","FRF":82,"FRP":27,"MRF":25,"MRP":17,"MF":1192.08,"MFD":-24.08,"MQt":0.22,"MPz":166,"MPzD":-18.01,"MPr":7.17}]
,"datiDettRefC":[
{"DP":"VACUNA ALERGIA","DD":"","FRF":3,"FRP":646,"CRF":1,"CRP":204,"CF":6003.45,"CFD":8.43,"CQt":2.07,"CPz":19,"CPzD":3.47,"CPr":312.68}
,{"DP":"CAUDALIE FACIAL","DD":"CAUDALIE","FRF":2,"FRP":29,"CRF":2,"CRP":42,"CF":1904.48,"CFD":6.55,"CQt":0.66,"CPz":57,"CPzD":8.74,"CPr":33.21}
,{"DP":"FRENADOL COMPLEX 10 SOBRES","DD":"JOHNSON & JOHNSON","FRF":52,"FRP":46,"CRF":3,"CRP":3,"CF":1874.2,"CFD":2.34,"CQt":0.65,"CPz":191,"CPzD":-6.36,"CPr":9.8}
,{"DP":"VOLTADOL FORTE 20 MGG GEL TOPICO 50 G","DD":"NOVARTIS","FRF":31,"FRP":26,"CRF":4,"CRP":4,"CF":1642.01,"CFD":-5.66,"CQt":0.57,"CPz":169,"CPzD":-8.9,"CPr":9.71}
,{"DP":"TIRAS REACTIVAS GLUCEMIA 50 U","DD":"BAYER HISPANIA S.L.","FRF":1026,"FRP":1922,"CRF":5,"CRP":34,"CF":1501.15,"CFD":5.41,"CQt":0.52,"CPz":61,"CPzD":3.87,"CPr":24.57}
,{"DP":"CUIDADO DE LA TOS - 180 G","DD":"APOTECA NATURA","FRF":50,"FRP":67,"CRF":6,"CRP":9,"CF":1495.29,"CFD":20.28,"CQt":0.52,"CPz":123,"CPzD":18.56,"CPr":12.19}
,{"DP":"FLUIMUCIL FORTE 600 MG 20 COMPRIMIDOS EFERVESCENTES","DD":"ZAMBON","FRF":21,"FRP":14,"CRF":7,"CRP":2,"CF":1406.5,"CFD":15.49,"CQt":0.49,"CPz":205,"CPzD":10.29,"CPr":6.85}
,{"DP":"TIRAS REACTIVAS GLUCEMIA 50 U","DD":"ABBOTT LABORATORIES","FRF":1623,"FRP":2466,"CRF":8,"CRP":60,"CF":1315,"CFD":-1.55,"CQt":0.45,"CPz":45,"CPzD":-3.62,"CPr":29.47}
,{"DP":"GRINTUSS JARABE CON POLIRESIN ADULTOS 180 ML","DD":"ABOCA SpA SOCIETA' AGRICOLA","FRF":23,"FRP":28,"CRF":9,"CRP":10,"CF":1308.26,"CFD":-15.88,"CQt":0.45,"CPz":111,"CPzD":-16.85,"CPr":11.76}
,{"DP":"GAFAS","DD":"","FRF":33,"FRP":59,"CRF":10,"CRP":13,"CF":1202.66,"CFD":-0.96,"CQt":0.42,"CPz":101,"CPzD":15.49,"CPr":11.88}
,{"DP":"FLORA INTESTINAL SOBRES BUCODISPERSABLES 1 GRAMO 10 SOBRES","DD":"APOTECA NATURA","FRF":7933,"FRP":7933,"CRF":11,"CRP":18,"CF":1096.38,"CFD":2.32,"CQt":0.38,"CPz":82,"CPzD":0.69,"CPr":13.29}
,{"DP":"ABSORB INC ORINA NOC ANAT T- GDE 80 U","DD":"INDAS","FRF":1061,"FRP":1926,"CRF":12,"CRP":138,"CF":1084.85,"CFD":0.09,"CQt":0.37,"CPz":25,"CPzD":0.81,"CPr":43.9}
,{"DP":"TIRAS REACTIVAS GLUCEMIA 1 VIAL 50 U","DD":"LIFESCAN ESPAÑA","FRF":7244,"FRP":7246,"CRF":13,"CRP":56,"CF":1067.36,"CFD":-3.97,"CQt":0.37,"CPz":46,"CPzD":-0.75,"CPr":23.45}
,{"DP":"TIRAS REACTIVAS GLUCEMIA 50 U","DD":"ROCHE DIAGNOSTICS","FRF":159,"FRP":687,"CRF":14,"CRP":62,"CF":1038.89,"CFD":-9.55,"CQt":0.36,"CPz":43,"CPzD":-7.76,"CPr":23.95}
,{"DP":"GRINTUSS PEDIATRIC POLIRESIN - JARABE 180 G ","DD":"ABOCA SpA SOCIETA' AGRICOLA","FRF":66,"FRP":87,"CRF":15,"CRP":20,"CF":962.04,"CFD":8.56,"CQt":0.33,"CPz":81,"CPzD":6.96,"CPr":11.83}
,{"DP":"FLUTOX 3.54 MGML JARABE 200 ML","DD":"ZAMBON","FRF":228,"FRP":149,"CRF":16,"CRP":12,"CF":892.48,"CFD":0.08,"CQt":0.31,"CPz":102,"CPzD":-6.93,"CPr":8.72}
,{"DP":"ABSORB INC ORINA SUP-NOC ANAT T- GDE 80 U","DD":"INDAS","FRF":7392,"FRP":7394,"CRF":17,"CRP":260,"CF":861.09,"CFD":-9.22,"CQt":0.3,"CPz":16,"CPzD":-11.2,"CPr":52.45}
,{"DP":"NUXE FACIAL","DD":"NUXE","FRF":5345,"FRP":5359,"CRF":18,"CRP":139,"CF":844.04,"CFD":1.5,"CQt":0.29,"CPz":25,"CPzD":-11.8,"CPr":33.37}
,{"DP":"ABSORB INC ORINA DIA ANAT 80 U","DD":"INDAS","FRF":2033,"FRP":2565,"CRF":19,"CRP":130,"CF":818.12,"CFD":1.54,"CQt":0.28,"CPz":26,"CPzD":-0.07,"CPr":31.14}
,{"DP":"ABSORB INC ORINA DIA ANAT 80 U 4 MALLAS","DD":"PROCTER & GAMBLE ESPAÑA","FRF":629,"FRP":1228,"CRF":20,"CRP":131,"CF":805.07,"CFD":-11.34,"CQt":0.28,"CPz":26,"CPzD":-10.68,"CPr":31.36}
,{"DP":"ALMAX FORTE 1.5 G 24 SOBRES SUSPENSION ORAL","DD":"ALMIRALL S.A.","FRF":80,"FRP":69,"CRF":21,"CRP":17,"CF":800.17,"CFD":-1.54,"CQt":0.28,"CPz":85,"CPzD":-8.73,"CPr":9.39}
,{"DP":"ABSORB INC ORINA DIA ANAT T- GDE 80 U","DD":"INDAS","FRF":7349,"FRP":7351,"CRF":22,"CRP":132,"CF":793.03,"CFD":6.6,"CQt":0.27,"CPz":26,"CPzD":8.83,"CPr":31.02}
,{"DP":"ABSORB INC ORINA SUP-NOC ANAT T- GDE 80 U","DD":"PROCTER & GAMBLE ESPAÑA","FRF":616,"FRP":1594,"CRF":23,"CRP":285,"CF":792.93,"CFD":-16.63,"CQt":0.27,"CPz":15,"CPzD":-16.5,"CPr":52.73}
,{"DP":"ADELGACCION LIBRAMED FRASCO 100 G","DD":"ABOCA SpA SOCIETA' AGRICOLA","FRF":121,"FRP":500,"CRF":24,"CRP":165,"CF":778.86,"CFD":-6.83,"CQt":0.27,"CPz":22,"CPzD":-14.73,"CPr":35.64}
,{"DP":"ALMAX 500 MG 48 COMPRIMIDOS MASTICABLES","DD":"ALMIRALL S.A.","FRF":65,"FRP":52,"CRF":25,"CRP":21,"CF":752.76,"CFD":2.19,"CQt":0.26,"CPz":80,"CPzD":-5.23,"CPr":9.39}]}