{"datiDettRefF":[
{"DP":"BLEMIL PLUS 1 OPTIMUM 800 G","DD":"ORDESA","FRF":1,"FRP":3,"FF":379.39,"FFD":null,"FQt":13.99,"FPz":14,"FPzD":null,"FPr":27.1,"MRF":7,"MRP":17,"CRF":19,"CRP":37}
,{"DP":"BLEMIL PLUS 3 EFECTO BIFIDUS 800 G","DD":"ORDESA","FRF":2,"FRP":1,"FF":322.15,"FFD":-22.23,"FQt":11.88,"FPz":17,"FPzD":-26.09,"FPr":18.95,"MRF":31,"MRP":36,"CRF":25,"CRP":40}
,{"DP":"BLEMIL PLUS 2 FORTE 800 G","DD":"ORDESA","FRF":3,"FRP":2,"FF":288.97,"FFD":-40.7,"FQt":10.65,"FPz":15,"FPzD":-44.44,"FPr":19.26,"MRF":13,"MRP":12,"CRF":6,"CRP":8}
,{"DP":"SANUTRI SUPPLETINE (RNBP) 300 G","DD":"LACTALIS NUTRICION IB","FRF":4,"FRP":8,"FF":270,"FFD":50,"FQt":9.95,"FPz":6,"FPzD":50,"FPr":45,"MRF":358,"MRP":372,"CRF":372,"CRP":372}
,{"DP":"PULEVA BEBE PAPILLA 8 CEREALES CON FOS 200 G","DD":"LACTALIS NUTRICION IB","FRF":5,"FRP":11,"FF":216.2,"FFD":-17.86,"FQt":7.97,"FPz":5,"FPzD":-16.67,"FPr":43.24,"MRF":348,"MRP":369,"CRF":369,"CRP":369}
,{"DP":"BLEMIL PLUS 1 FORTE 800 G","DD":"ORDESA","FRF":6,"FRP":6,"FF":160.65,"FFD":-78.92,"FQt":5.92,"FPz":7,"FPzD":-81.08,"FPr":22.95,"MRF":18,"MRP":21,"CRF":8,"CRP":12}
,{"DP":"BLEVIT PLUS 8 CEREALES 1000 G","DD":"ORDESA","FRF":7,"FRP":4,"FF":147.79,"FFD":9.61,"FQt":5.45,"FPz":12,"FPzD":20,"FPr":12.32,"MRF":104,"MRP":197,"CRF":129,"CRP":230}
,{"DP":"ALMIRON 2 800 G 2 U","DD":"NUMIL NUTRICION","FRF":8,"FRP":5,"FF":140,"FFD":100,"FQt":5.16,"FPz":8,"FPzD":100,"FPr":17.5,"MRF":372,"MRP":371,"CRF":371,"CRP":371}
,{"DP":"NAN H.A. 800 G","DD":"NESTLE ESPAÑA","FRF":9,"FRP":12,"FF":131.75,"FFD":null,"FQt":4.86,"FPz":5,"FPzD":null,"FPr":26.35,"MRF":98,"MRP":245,"CRF":80,"CRP":214}
,{"DP":"NAN 2 LECHE LACTANTES DE CONTINUACION 800 G","DD":"NESTLE ESPAÑA","FRF":10,"FRP":7,"FF":123.65,"FFD":-13.86,"FQt":4.56,"FPz":7,"FPzD":-22.22,"FPr":17.66,"MRF":28,"MRP":24,"CRF":29,"CRP":31}
,{"DP":"BLEMIL PLUS 2 OPTIMUM 800 G","DD":"ORDESA","FRF":11,"FRP":17,"FF":94,"FFD":null,"FQt":3.47,"FPz":4,"FPzD":null,"FPr":23.5,"MRF":26,"MRP":46,"CRF":46,"CRP":90}
,{"DP":"BLEMIL PLUS FORTE 1 1200 GRAMO","DD":"","FRF":12,"FRP":20,"FF":92.5,"FFD":null,"FQt":3.41,"FPz":3,"FPzD":null,"FPr":30.83,"MRF":10,"MRP":25,"CRF":13,"CRP":28}
,{"DP":"AL-110 NAN SIN LACTOSA  (AL 110 SIN LACTOSA) 400 G 1 BOTE NEUTRO","DD":"NESTLE ESPAÑA","FRF":13,"FRP":13,"FF":77.5,"FFD":-61.54,"FQt":2.86,"FPz":5,"FPzD":-61.54,"FPr":15.5,"MRF":41,"MRP":52,"CRF":26,"CRP":41}
,{"DP":"NAN 1 EXPERT LECHE LACTANTES 800 G","DD":"NESTLE ESPAÑA","FRF":14,"FRP":21,"FF":62.85,"FFD":-87.98,"FQt":2.32,"FPz":3,"FPzD":-88,"FPr":20.95,"MRF":14,"MRP":13,"CRF":4,"CRP":3}
,{"DP":"BLEMIL PLUS AC 800 G","DD":"ORDESA","FRF":15,"FRP":25,"FF":61,"FFD":-85.16,"FQt":2.25,"FPz":2,"FPzD":-85.71,"FPr":30.5,"MRF":23,"MRP":44,"CRF":20,"CRP":53}
,{"DP":"BLEVIT PLUS 8 CEREALES Y GALLETAS DUPLO 600 G","DD":"ORDESA","FRF":16,"FRP":14,"FF":52.99,"FFD":-64.92,"FQt":1.95,"FPz":5,"FPzD":-66.67,"FPr":10.6,"MRF":68,"MRP":87,"CRF":78,"CRP":100}
,{"DP":"BLEMIL PLUS 2 AE 800 G","DD":"ORDESA","FRF":17,"FRP":26,"FF":51.9,"FFD":null,"FQt":1.91,"FPz":2,"FPzD":null,"FPr":25.95,"MRF":106,"MRP":249,"CRF":102,"CRP":262}
,{"DP":"BLEVIT RIZCREM 300 G","DD":"ORDESA","FRF":18,"FRP":9,"FF":49.88,"FFD":null,"FQt":1.84,"FPz":6,"FPzD":null,"FPr":8.31,"MRF":160,"MRP":263,"CRF":147,"CRP":216}
,{"DP":"NAN 1 EXPERT EXCEL LECHE HIPOALERGENICA LACT 800 G","DD":"NESTLE ESPAÑA","FRF":19,"FRP":27,"FF":43.8,"FFD":100,"FQt":1.61,"FPz":2,"FPzD":100,"FPr":21.9,"MRF":189,"MRP":365,"CRF":284,"CRP":342}
,{"DP":"BLEVIT PLUS 8 CEREALES CON MIEL 600 G","DD":"ORDESA","FRF":20,"FRP":18,"FF":37.4,"FFD":-16.42,"FQt":1.38,"FPz":4,"FPzD":-20,"FPr":9.35,"MRF":84,"MRP":108,"CRF":82,"CRP":102}
,{"DP":"BLEVIT PLUS 5 CEREALES 600 G","DD":"ORDESA","FRF":21,"FRP":19,"FF":36.81,"FFD":-74.65,"FQt":1.36,"FPz":4,"FPzD":-75,"FPr":9.2,"MRF":87,"MRP":109,"CRF":87,"CRP":104}
,{"DP":"BLEVIT PLUS DUPLO 8 CEREALES BIZCOCHO Y NARANJA 600 G","DD":"ORDESA","FRF":22,"FRP":22,"FF":33.9,"FFD":-71.73,"FQt":1.25,"FPz":3,"FPzD":-72.73,"FPr":11.3,"MRF":112,"MRP":159,"CRF":125,"CRP":212}
,{"DP":"NAN TRANSIT AE 800 G","DD":"NESTLE ESPAÑA","FRF":23,"FRP":34,"FF":29.95,"FFD":-50,"FQt":1.1,"FPz":1,"FPzD":-50,"FPr":29.95,"MRF":46,"MRP":126,"CRF":60,"CRP":147}
,{"DP":"BLEMIL PLUS 1 AE 800 G","DD":"ORDESA","FRF":24,"FRP":35,"FF":28.95,"FFD":null,"FQt":1.07,"FPz":1,"FPzD":null,"FPr":28.95,"MRF":66,"MRP":187,"CRF":93,"CRP":251}
,{"DP":"BLEVIT PLUS SUPERFIBRA 8 CEREALES 600 G","DD":"ORDESA","FRF":25,"FRP":23,"FF":26.85,"FFD":0,"FQt":0.99,"FPz":3,"FPzD":0,"FPr":8.95,"MRF":58,"MRP":48,"CRF":73,"CRP":99}]
,"datiDettRefM":[
{"DP":"ALMIRON ADVANCE 1 800 G","DD":"NUMIL NUTRICION","FRF":28,"FRP":38,"MRF":1,"MRP":2,"MF":687.82,"MFD":-6.74,"MQt":3.37,"MPz":40,"MPzD":-6.87,"MPr":17.17}
,{"DP":"NAN 1 OPTIPRO SUPREME 800 G","DD":"NESTLE ESPAÑA","FRF":117,"FRP":117,"MRF":2,"MRP":6,"MF":603.3,"MFD":48.71,"MQt":2.96,"MPz":28,"MPzD":47.58,"MPr":21.51}
,{"DP":"ENFALAC 2 PREMIUM 900 G","DD":"MEAD JOHNSON","FRF":101,"FRP":101,"MRF":3,"MRP":3,"MF":536.8,"MFD":-4.76,"MQt":2.63,"MPz":34,"MPzD":-6.12,"MPr":15.79}
,{"DP":"NUTRIBEN NATAL INNOVA 800 G","DD":"ALTER FARMACIA","FRF":278,"FRP":278,"MRF":4,"MRP":10,"MF":516.15,"MFD":-3.62,"MQt":2.53,"MPz":25,"MPzD":-6.17,"MPr":20.42}
,{"DP":"ENFAMIL PREMIUM CONFORT 800 GR","DD":"","FRF":103,"FRP":103,"MRF":5,"MRP":14,"MF":502.93,"MFD":7.9,"MQt":2.46,"MPz":22,"MPzD":7.81,"MPr":22.69}
,{"DP":"NUTRIBEN CONTINUACION INNOVA 800 G","DD":"ALTER FARMACIA","FRF":221,"FRP":221,"MRF":6,"MRP":4,"MF":472.69,"MFD":7.48,"MQt":2.32,"MPz":29,"MPzD":4.54,"MPr":16.28}
,{"DP":"BLEMIL PLUS 1 OPTIMUM 800 G","DD":"ORDESA","FRF":1,"FRP":3,"MRF":7,"MRP":17,"MF":458.69,"MFD":999,"MQt":2.25,"MPz":20,"MPzD":999,"MPr":23.2}
,{"DP":"BLEMIL PLUS 2 FORTE LATA 1200 G","DD":"ORDESA","FRF":74,"FRP":75,"MRF":8,"MRP":15,"MF":439.95,"MFD":-7.98,"MQt":2.16,"MPz":21,"MPzD":-7.19,"MPr":20.88}
,{"DP":"ALMIRON HIDROLIZADO (ALMIRON PEPTINAUT ALLERGY) 400 G 1 BOTE NEUTRO","DD":"NUMIL NUTRICION","FRF":65,"FRP":66,"MRF":9,"MRP":34,"MF":427.54,"MFD":16.1,"MQt":2.09,"MPz":13,"MPzD":19.24,"MPr":33.36}
,{"DP":"BLEMIL PLUS FORTE 1 1200 GRAMO","DD":"","FRF":12,"FRP":20,"MRF":10,"MRP":25,"MF":414.36,"MFD":-50.18,"MQt":2.03,"MPz":16,"MPzD":-53.81,"MPr":25.19}
,{"DP":"ENFALAC 1 PREMIUM 900 G","DD":"MEAD JOHNSON","FRF":100,"FRP":100,"MRF":11,"MRP":18,"MF":412.6,"MFD":-0.04,"MQt":2.02,"MPz":20,"MPzD":-0.64,"MPr":20.47}
,{"DP":"NAN 2 OPTIPRO SUPREME 800 G","DD":"NESTLE ESPAÑA","FRF":119,"FRP":119,"MRF":12,"MRP":11,"MF":406.3,"MFD":42.65,"MQt":1.99,"MPz":23,"MPzD":45.72,"MPr":17.72}
,{"DP":"BLEMIL PLUS 2 FORTE 800 G","DD":"ORDESA","FRF":3,"FRP":2,"MRF":13,"MRP":12,"MF":398.61,"MFD":-32.87,"MQt":1.95,"MPz":23,"MPzD":-36.37,"MPr":17.19}
,{"DP":"NAN 1 EXPERT LECHE LACTANTES 800 G","DD":"NESTLE ESPAÑA","FRF":14,"FRP":21,"MRF":14,"MRP":13,"MF":396.08,"MFD":-21.96,"MQt":1.94,"MPz":23,"MPzD":-23.88,"MPr":17.34}
,{"DP":"ALMIRON ADVANCE 2 800 G","DD":"NUMIL NUTRICION","FRF":56,"FRP":57,"MRF":15,"MRP":5,"MF":393.14,"MFD":-15.24,"MQt":1.93,"MPz":29,"MPzD":-15.83,"MPr":13.46}
,{"DP":"ALMIRON DIGEST PLUS 1 POLVO 800 G","DD":"NUMIL NUTRICION","FRF":61,"FRP":62,"MRF":16,"MRP":23,"MF":392.6,"MFD":4.85,"MQt":1.92,"MPz":17,"MPzD":7.01,"MPr":23.21}
,{"DP":"ENFALAC 3 PREMIUM 850 G","DD":"MEAD JOHNSON","FRF":102,"FRP":102,"MRF":17,"MRP":8,"MF":372.04,"MFD":-7.11,"MQt":1.82,"MPz":26,"MPzD":-7.25,"MPr":14.51}
,{"DP":"BLEMIL PLUS 1 FORTE 800 G","DD":"ORDESA","FRF":6,"FRP":6,"MRF":18,"MRP":21,"MF":371.95,"MFD":-44.94,"MQt":1.82,"MPz":18,"MPzD":-46.88,"MPr":20.18}
,{"DP":"NUTRIBEN NATAL 800 G","DD":"ALTER FARMACIA","FRF":277,"FRP":277,"MRF":19,"MRP":19,"MF":350.08,"MFD":-34.2,"MQt":1.72,"MPz":20,"MPzD":-35.36,"MPr":17.63}
,{"DP":"ALMIRON ADVANCE 1 1200 G","DD":"NUMIL NUTRICION","FRF":53,"FRP":54,"MRF":20,"MRP":35,"MF":324.5,"MFD":-4.15,"MQt":1.59,"MPz":13,"MPzD":-5.91,"MPr":25.1}
,{"DP":"NUTRIBEN CONTINUACION 800 G","DD":"ALTER FARMACIA","FRF":220,"FRP":220,"MRF":21,"MRP":20,"MF":278.26,"MFD":-29.2,"MQt":1.36,"MPz":20,"MPzD":-32.68,"MPr":14.05}
,{"DP":"ALMIRON ADVANCE 2 800 G 2 U (BIPACK) 1600 G","DD":"NUMIL NUTRICION","FRF":57,"FRP":58,"MRF":22,"MRP":41,"MF":272.39,"MFD":7.27,"MQt":1.33,"MPz":12,"MPzD":5.16,"MPr":22.45}
,{"DP":"BLEMIL PLUS AC 800 G","DD":"ORDESA","FRF":15,"FRP":25,"MRF":23,"MRP":44,"MF":271.77,"MFD":8.84,"MQt":1.33,"MPz":11,"MPzD":7.96,"MPr":24.47}
,{"DP":"NAN OPTIPRO 2 DUPLO 2 X 800 G","DD":"NESTLE ESPAÑA","FRF":126,"FRP":126,"MRF":24,"MRP":45,"MF":236.39,"MFD":67.56,"MQt":1.16,"MPz":11,"MPzD":67.08,"MPr":21.09}
,{"DP":"NOVALAC PREMIUM 1 LECHE PARA LACTANTES 800 G","DD":"FERRER INTERNACIONAL","FRF":197,"FRP":197,"MRF":25,"MRP":31,"MF":232.32,"MFD":-21.77,"MQt":1.14,"MPz":14,"MPzD":-27.88,"MPr":16.16}]
,"datiDettRefC":[
{"DP":"ALMIRON ADVANCE 1 800 G","DD":"NUMIL NUTRICION","FRF":28,"FRP":38,"CRF":1,"CRP":2,"CF":286.43,"CFD":-9.33,"CQt":4.39,"CPz":16,"CPzD":-10.57,"CPr":18.25}
,{"DP":"NAN 1 OPTIPRO SUPREME 800 G","DD":"NESTLE ESPAÑA","FRF":117,"FRP":117,"CRF":2,"CRP":5,"CF":251.98,"CFD":121.78,"CQt":3.86,"CPz":11,"CPzD":113.03,"CPr":22.43}
,{"DP":"ALMIRON HIDROLIZADO (ALMIRON PEPTINAUT ALLERGY) 400 G 1 BOTE NEUTRO","DD":"NUMIL NUTRICION","FRF":65,"FRP":66,"CRF":3,"CRP":11,"CF":221.44,"CFD":6.9,"CQt":3.39,"CPz":7,"CPzD":14.93,"CPr":33.74}
,{"DP":"NAN 1 EXPERT LECHE LACTANTES 800 G","DD":"NESTLE ESPAÑA","FRF":14,"FRP":21,"CRF":4,"CRP":3,"CF":205.2,"CFD":-5.29,"CQt":3.14,"CPz":12,"CPzD":-5.85,"CPr":17.66}
,{"DP":"ALMIRON ADVANCE 2 800 G","DD":"NUMIL NUTRICION","FRF":56,"FRP":57,"CRF":5,"CRP":4,"CF":171.84,"CFD":-20.47,"CQt":2.63,"CPz":12,"CPzD":-20.77,"CPr":13.76}
,{"DP":"BLEMIL PLUS 2 FORTE 800 G","DD":"ORDESA","FRF":3,"FRP":2,"CRF":6,"CRP":8,"CF":166.21,"CFD":-7.44,"CQt":2.55,"CPz":9,"CPzD":-14.21,"CPr":17.75}
,{"DP":"NUTRIBEN NATAL 800 G","DD":"ALTER FARMACIA","FRF":277,"FRP":277,"CRF":7,"CRP":9,"CF":163.48,"CFD":-16.35,"CQt":2.5,"CPz":9,"CPzD":-15.53,"CPr":18.39}
,{"DP":"BLEMIL PLUS 1 FORTE 800 G","DD":"ORDESA","FRF":6,"FRP":6,"CRF":8,"CRP":12,"CF":146.31,"CFD":-48.91,"CQt":2.24,"CPz":7,"CPzD":-50,"CPr":19.97}
,{"DP":"NUTRIBEN CONTINUACION 800 G","DD":"ALTER FARMACIA","FRF":220,"FRP":220,"CRF":9,"CRP":7,"CF":144.57,"CFD":-16.07,"CQt":2.21,"CPz":10,"CPzD":-17.04,"CPr":14.72}
,{"DP":"ALMIRON DIGEST PLUS 1 POLVO 800 G","DD":"NUMIL NUTRICION","FRF":61,"FRP":62,"CRF":10,"CRP":19,"CF":141.58,"CFD":15.03,"CQt":2.17,"CPz":6,"CPzD":31.47,"CPr":25.53}
,{"DP":"NUTRIBEN NATAL INNOVA 800 G","DD":"ALTER FARMACIA","FRF":278,"FRP":278,"CRF":11,"CRP":13,"CF":141.24,"CFD":-19.9,"CQt":2.16,"CPz":7,"CPzD":-16.85,"CPr":21.58}
,{"DP":"NAN 2 OPTIPRO SUPREME 800 G","DD":"NESTLE ESPAÑA","FRF":119,"FRP":119,"CRF":12,"CRP":14,"CF":133.06,"CFD":119.06,"CQt":2.04,"CPz":7,"CPzD":118.75,"CPr":18.62}
,{"DP":"BLEMIL PLUS FORTE 1 1200 GRAMO","DD":"","FRF":12,"FRP":20,"CRF":13,"CRP":28,"CF":127.24,"CFD":33.74,"CQt":1.95,"CPz":5,"CPzD":41.75,"CPr":27.55}
,{"DP":"PEDIALAC 2 800 G","DD":"HERO","FRF":325,"FRP":325,"CRF":14,"CRP":6,"CF":124.77,"CFD":5.72,"CQt":1.91,"CPz":11,"CPzD":9.21,"CPr":11.55}
,{"DP":"BLEMIL PLUS 2 FORTE LATA 1200 G","DD":"ORDESA","FRF":74,"FRP":75,"CRF":15,"CRP":29,"CF":114.71,"CFD":-13.71,"CQt":1.76,"CPz":5,"CPzD":-13.79,"CPr":23.45}
,{"DP":"NUTRIBEN CONTINUACION INNOVA 800 G","DD":"ALTER FARMACIA","FRF":221,"FRP":221,"CRF":16,"CRP":20,"CF":111.73,"CFD":-14.97,"CQt":1.71,"CPz":6,"CPzD":-23.96,"CPr":17.41}
,{"DP":"ALMIRON ADVANCE 3 800 G","DD":"NUMIL NUTRICION","FRF":59,"FRP":60,"CRF":17,"CRP":10,"CF":99.19,"CFD":-18.1,"CQt":1.52,"CPz":8,"CPzD":-13.89,"CPr":12.9}
,{"DP":"PEDIALAC 1 800 G","DD":"HERO","FRF":323,"FRP":323,"CRF":18,"CRP":21,"CF":95.11,"CFD":-18.42,"CQt":1.46,"CPz":6,"CPzD":-23.08,"CPr":15.07}
,{"DP":"BLEMIL PLUS 1 OPTIMUM 800 G","DD":"ORDESA","FRF":1,"FRP":3,"CRF":19,"CRP":37,"CF":91.28,"CFD":999,"CQt":1.4,"CPz":4,"CPzD":999,"CPr":23.79}
,{"DP":"BLEMIL PLUS AC 800 G","DD":"ORDESA","FRF":15,"FRP":25,"CRF":20,"CRP":53,"CF":87.63,"CFD":38.78,"CQt":1.34,"CPz":3,"CPzD":30.95,"CPr":26.93}
,{"DP":"ENFALAC 2 PREMIUM 900 G","DD":"MEAD JOHNSON","FRF":101,"FRP":101,"CRF":21,"CRP":30,"CF":86.81,"CFD":1.37,"CQt":1.33,"CPz":5,"CPzD":7.42,"CPr":19.25}
,{"DP":"NAN OPTIPRO 2 DUPLO 2 X 800 G","DD":"NESTLE ESPAÑA","FRF":126,"FRP":126,"CRF":22,"CRP":38,"CF":79.33,"CFD":96.31,"CQt":1.21,"CPz":4,"CPzD":122.22,"CPr":21.39}
,{"DP":"ENFALAC 1 PREMIUM 900 G","DD":"MEAD JOHNSON","FRF":100,"FRP":100,"CRF":23,"CRP":39,"CF":77.96,"CFD":25.6,"CQt":1.19,"CPz":4,"CPzD":42.86,"CPr":20.82}
,{"DP":"ALMIRON ADVANCE 1 1200 G","DD":"NUMIL NUTRICION","FRF":53,"FRP":54,"CRF":24,"CRP":54,"CF":72.94,"CFD":-30.16,"CQt":1.12,"CPz":3,"CPzD":-24.31,"CPr":26.22}
,{"DP":"BLEMIL PLUS 3 EFECTO BIFIDUS 800 G","DD":"ORDESA","FRF":2,"FRP":1,"CRF":25,"CRP":40,"CF":64.53,"CFD":-27.61,"CQt":0.99,"CPz":4,"CPzD":-34.13,"CPr":15.64}]}