{"datiDettRefF":[
{"DP":"BIMANAN SUSTITUTIVOS","DD":"NUTRITION & SANTE","FRF":1,"FRP":2,"FF":1810.71,"FFD":-26.21,"FQt":29.38,"FPz":280,"FPzD":-19.54,"FPr":6.47,"MRF":1,"MRP":1,"CRF":1,"CRP":1}
,{"DP":"SIKEN SUSTITUTIVOS","DD":"DIAFARM","FRF":2,"FRP":1,"FF":1685.9,"FFD":-43.16,"FQt":27.36,"FPz":716,"FPzD":-39.98,"FPr":2.35,"MRF":4,"MRP":2,"CRF":17,"CRP":3}
,{"DP":"MERITENE 30 G 15 SOBRES CAFE DESCAFEINADO","DD":"NESTLE ESPAÑA","FRF":3,"FRP":4,"FF":516,"FFD":-24.38,"FQt":8.37,"FPz":21,"FPzD":-22.22,"FPr":24.57,"MRF":11,"MRP":19,"CRF":15,"CRP":15}
,{"DP":"MERITENE 30 G 15 SOBRES CHOCOLATE","DD":"NESTLE ESPAÑA","FRF":4,"FRP":5,"FF":487.78,"FFD":-35.14,"FQt":7.92,"FPz":21,"FPzD":-30,"FPr":23.23,"MRF":5,"MRP":7,"CRF":6,"CRP":9}
,{"DP":"MERITENE 30 G 15 SOBRES FRESA","DD":"NESTLE ESPAÑA","FRF":5,"FRP":7,"FF":324.35,"FFD":-52.01,"FQt":5.26,"FPz":13,"FPzD":-51.85,"FPr":24.95,"MRF":20,"MRP":24,"CRF":18,"CRP":21}
,{"DP":"HIDROXY METIL BUTIRATO NM 3 G 30 SOBRES","DD":"NUTRICION MEDICA S.L","FRF":6,"FRP":11,"FF":257.7,"FFD":-25,"FQt":4.18,"FPz":6,"FPzD":-25,"FPr":42.95,"MRF":102,"MRP":105,"CRF":106,"CRP":106}
,{"DP":"ORTHOMOL VITAL F GRANULADO 30 RACIONES","DD":"COBAS","FRF":7,"FRP":14,"FF":151,"FFD":100,"FQt":2.45,"FPz":2,"FPzD":100,"FPr":75.5,"MRF":87,"MRP":104,"CRF":86,"CRP":98}
,{"DP":"MERITENE NEUTRO AL PLATO 50 G 7 SOBRES NEUTRO","DD":"NESTLE ESPAÑA","FRF":8,"FRP":9,"FF":144.25,"FFD":-15.77,"FQt":2.34,"FPz":10,"FPzD":-16.67,"FPr":14.43,"MRF":30,"MRP":25,"CRF":34,"CRP":32}
,{"DP":"FONTACTIV DIABEST 400 G VAINILLA","DD":"ORDESA","FRF":9,"FRP":10,"FF":138,"FFD":-38.46,"FQt":2.24,"FPz":8,"FPzD":-46.67,"FPr":17.25,"MRF":76,"MRP":92,"CRF":87,"CRP":92}
,{"DP":"SANTASAPINA BONBONS 100 G","DD":"FLOR DE LOTO","FRF":10,"FRP":3,"FF":127.96,"FFD":26.07,"FQt":2.08,"FPz":41,"FPzD":36.67,"FPr":3.12,"MRF":66,"MRP":34,"CRF":88,"CRP":71}
,{"DP":"ACEITE HIPOCALORICO ORDESA 500 ML","DD":"ORDESA","FRF":11,"FRP":8,"FF":118.96,"FFD":31.13,"FQt":1.93,"FPz":13,"FPzD":30,"FPr":9.15,"MRF":35,"MRP":27,"CRF":29,"CRP":22}
,{"DP":"MERITENE 30 G 15 SOBRES VAINILLA","DD":"NESTLE ESPAÑA","FRF":12,"FRP":13,"FF":74.85,"FFD":-73.82,"FQt":1.21,"FPz":3,"FPzD":-75,"FPr":24.95,"MRF":6,"MRP":8,"CRF":5,"CRP":8}
,{"DP":"ESPESANTE CLARO NM 400 G SABOR NARANJA","DD":"NUTRICION MEDICA S.L","FRF":13,"FRP":15,"FF":67.1,"FFD":null,"FQt":1.09,"FPz":2,"FPzD":null,"FPr":33.55,"MRF":96,"MRP":102,"CRF":104,"CRP":104}
,{"DP":"MERITENE DRINK 125 ML 4 BOTELLAS CHOCOLATE","DD":"NESTLE ESPAÑA","FRF":14,"FRP":12,"FF":53.4,"FFD":-50.09,"FQt":0.87,"FPz":6,"FPzD":-50,"FPr":8.9,"MRF":39,"MRP":28,"CRF":48,"CRP":35}
,{"DP":"ENSURE NUTRIVIGOR 850 G LATA VAINILLA","DD":"ABBOTT LABORATORIES","FRF":15,"FRP":18,"FF":39.5,"FFD":null,"FQt":0.64,"FPz":1,"FPzD":null,"FPr":39.5,"MRF":8,"MRP":12,"CRF":19,"CRP":26}
,{"DP":"BARRITAS DIETETICAS VARIAS","DD":"NESTLE ESPAÑA","FRF":16,"FRP":19,"FF":29.5,"FFD":656.41,"FQt":0.48,"FPz":1,"FPzD":-50,"FPr":29.5,"MRF":7,"MRP":4,"CRF":3,"CRP":2}
,{"DP":"ENERZONA PROTEINAS SUERO DE LECHE (WHEY) 90% 216 G","DD":"ROVI","FRF":17,"FRP":20,"FF":29.4,"FFD":null,"FQt":0.48,"FPz":1,"FPzD":null,"FPr":29.4,"MRF":105,"MRP":106,"CRF":97,"CRP":100}
,{"DP":"JELLY FRUITS DEESE PHARMA 75 G","DD":"DISTROSUR","FRF":18,"FRP":6,"FF":26.54,"FFD":-26.28,"FQt":0.43,"FPz":21,"FPzD":-12.5,"FPr":1.26,"MRF":106,"MRP":103,"CRF":105,"CRP":105}
,{"DP":"SOUVENAID FRESA 125 ML  4 BOTELLAS","DD":"NUTRICIA","FRF":19,"FRP":21,"FF":18.9,"FFD":null,"FQt":0.31,"FPz":1,"FPzD":null,"FPr":18.9,"MRF":59,"MRP":71,"CRF":96,"CRP":99}
,{"DP":"SIKEN PROTEIN SUSTITUTIVE BATIDO CHOCOLATE 6 SOBRES","DD":"FAES FARMA","FRF":20,"FRP":22,"FF":16.75,"FFD":null,"FQt":0.27,"FPz":1,"FPzD":null,"FPr":16.75,"MRF":90,"MRP":99,"CRF":85,"CRP":91}
,{"DP":"FLORALBA CREMA DE ALMENDRAS SIN AZUCAR AÑADIDO 380 G","DD":"DIAFARM","FRF":21,"FRP":16,"FF":12.7,"FFD":null,"FQt":0.21,"FPz":2,"FPzD":null,"FPr":6.35,"MRF":104,"MRP":101,"CRF":100,"CRP":97}
,{"DP":"ENSURE NUTRIVIGOR BOTELLA 4 BOTELLA 220 ML CHOCOLATE","DD":"ABBOTT LABORATORIES","FRF":22,"FRP":23,"FF":11.95,"FFD":null,"FQt":0.19,"FPz":1,"FPzD":null,"FPr":11.95,"MRF":34,"MRP":26,"CRF":45,"CRP":34}
,{"DP":"ENSURE NUTRIVIGOR BOTELLA 4 BOTELLA 220 ML VAINILLA","DD":"ABBOTT LABORATORIES","FRF":23,"FRP":24,"FF":10.5,"FFD":null,"FQt":0.17,"FPz":1,"FPzD":null,"FPr":10.5,"MRF":26,"MRP":17,"CRF":22,"CRP":19}
,{"DP":"NOVOSAL 200 G","DD":"URIACH","FRF":24,"FRP":17,"FF":8.4,"FFD":3.07,"FQt":0.14,"FPz":2,"FPzD":0,"FPr":4.2,"MRF":79,"MRP":59,"CRF":71,"CRP":37}
,{"DP":"ABEDULCE AZUCAR DE ABEDUL 500 G","DD":"SUPERJUMPER","FRF":25,"FRP":25,"FF":0,"FFD":-100,"FQt":0,"FPz":0,"FPzD":-100,"FPr":null,"MRF":72,"MRP":76,"CRF":57,"CRP":68}]
,"datiDettRefM":[
{"DP":"BIMANAN SUSTITUTIVOS","DD":"NUTRITION & SANTE","FRF":1,"FRP":2,"MRF":1,"MRP":1,"MF":839.1,"MFD":-14.17,"MQt":9.17,"MPz":163,"MPzD":-20.37,"MPr":5.16}
,{"DP":"NUTRAMIGEN 2 LGG (ANTES NUTRAMIGEN 2) 400 G 1 BOTE NEUTRO","DD":"MEAD JOHNSON","FRF":68,"FRP":68,"MRF":2,"MRP":6,"MF":719.65,"MFD":-20.66,"MQt":7.87,"MPz":24,"MPzD":-23.63,"MPr":30.11}
,{"DP":"PHENYL-FREE 2HP 450 G 1 BOTE NEUTRO","DD":"MEAD JOHNSON","FRF":86,"FRP":86,"MRF":3,"MRP":40,"MF":486.39,"MFD":79.77,"MQt":5.32,"MPz":2,"MPzD":46.25,"MPr":238.05}
,{"DP":"SIKEN SUSTITUTIVOS","DD":"DIAFARM","FRF":2,"FRP":1,"MRF":4,"MRP":2,"MF":339.81,"MFD":-4.85,"MQt":3.72,"MPz":121,"MPzD":-4.62,"MPr":2.8}
,{"DP":"MERITENE 30 G 15 SOBRES CHOCOLATE","DD":"NESTLE ESPAÑA","FRF":4,"FRP":5,"MRF":5,"MRP":7,"MF":320.88,"MFD":-4.96,"MQt":3.51,"MPz":16,"MPzD":-4.42,"MPr":20.38}
,{"DP":"MERITENE 30 G 15 SOBRES VAINILLA","DD":"NESTLE ESPAÑA","FRF":12,"FRP":13,"MRF":6,"MRP":8,"MF":308.75,"MFD":-8.63,"MQt":3.38,"MPz":15,"MPzD":-11.31,"MPr":20.31}
,{"DP":"BARRITAS DIETETICAS VARIAS","DD":"NESTLE ESPAÑA","FRF":16,"FRP":19,"MRF":7,"MRP":4,"MF":303.91,"MFD":0.07,"MQt":3.32,"MPz":35,"MPzD":-17.74,"MPr":8.66}
,{"DP":"ENSURE NUTRIVIGOR 850 G LATA VAINILLA","DD":"ABBOTT LABORATORIES","FRF":15,"FRP":18,"MRF":8,"MRP":12,"MF":255.93,"MFD":55.55,"MQt":2.8,"MPz":11,"MPzD":58.74,"MPr":22.44}
,{"DP":"MERITENE PACK VARIOS","DD":"NESTLE ESPAÑA","FRF":65,"FRP":65,"MRF":9,"MRP":15,"MF":198.38,"MFD":-12.9,"MQt":2.17,"MPz":10,"MPzD":-15.64,"MPr":20.25}
,{"DP":"PEDIASURE POLVO LATA 850 G VAINILLA","DD":"ABBOTT LABORATORIES","FRF":85,"FRP":85,"MRF":10,"MRP":18,"MF":160.95,"MFD":999,"MQt":1.76,"MPz":8,"MPzD":999,"MPr":19.47}
,{"DP":"MERITENE 30 G 15 SOBRES CAFE DESCAFEINADO","DD":"NESTLE ESPAÑA","FRF":3,"FRP":4,"MRF":11,"MRP":19,"MF":160.27,"MFD":-6.38,"MQt":1.75,"MPz":8,"MPzD":-4.95,"MPr":20.27}
,{"DP":"FRESUBIN ORIGINAL FIBRA 500 ML 12 BOTELLA NEUTRO","DD":"FRESENIUS KABI ESPAÑA","FRF":46,"FRP":46,"MRF":12,"MRP":41,"MF":143.93,"MFD":39.54,"MQt":1.57,"MPz":2,"MPzD":72.9,"MPr":85.07}
,{"DP":"NUTRISON MULTIFIBRE 500 ML 12 BOTELLA NEUTRO","DD":"NUTRICIA","FRF":69,"FRP":69,"MRF":13,"MRP":42,"MF":135.5,"MFD":75.1,"MQt":1.48,"MPz":2,"MPzD":126.99,"MPr":87.34}
,{"DP":"PEDIASURE ALIMENT INF","DD":"ABBOTT LABORATORIES","FRF":75,"FRP":75,"MRF":14,"MRP":23,"MF":133.12,"MFD":-19.46,"MQt":1.46,"MPz":5,"MPzD":-3.65,"MPr":28.37}
,{"DP":"PEDIASURE POLVO LATA 850 G FRESA","DD":"ABBOTT LABORATORIES","FRF":84,"FRP":84,"MRF":15,"MRP":20,"MF":118.47,"MFD":999,"MQt":1.3,"MPz":6,"MPzD":999,"MPr":18.33}
,{"DP":"FRESUBIN HP ENERGY 500 ML 12 BOTELLA NEUTRO","DD":"FRESENIUS KABI ESPAÑA","FRF":45,"FRP":45,"MRF":16,"MRP":89,"MF":108.24,"MFD":-3.54,"MQt":1.18,"MPz":0.784,"MPzD":-3.31,"MPr":138.1}
,{"DP":"PEDIASURE POLVO 850 G CHOCOLATE","DD":"ABBOTT LABORATORIES","FRF":79,"FRP":79,"MRF":17,"MRP":32,"MF":105.18,"MFD":-56.13,"MQt":1.15,"MPz":4,"MPzD":-60.89,"MPr":24.08}
,{"DP":"MERITENE DRINK 125 ML 4 BOTELLAS VAINILLA","DD":"NESTLE ESPAÑA","FRF":58,"FRP":58,"MRF":18,"MRP":11,"MF":96.43,"MFD":14.03,"MQt":1.05,"MPz":12,"MPzD":15.99,"MPr":8.12}
,{"DP":"PEDIASURE POLVO LATA 850 G CHOCOLATE","DD":"ABBOTT LABORATORIES","FRF":83,"FRP":83,"MRF":19,"MRP":33,"MF":96.06,"MFD":null,"MQt":1.05,"MPz":4,"MPzD":null,"MPr":22.27}
,{"DP":"MERITENE 30 G 15 SOBRES FRESA","DD":"NESTLE ESPAÑA","FRF":5,"FRP":7,"MRF":20,"MRP":24,"MF":96.03,"MFD":4.32,"MQt":1.05,"MPz":5,"MPzD":6.44,"MPr":19.44}
,{"DP":"ALIMENTOS VARIOS","DD":"","FRF":26,"FRP":26,"MRF":21,"MRP":3,"MF":94.24,"MFD":-24.71,"MQt":1.03,"MPz":45,"MPzD":-0.31,"MPr":2.07}
,{"DP":"MERITENE COMPLET 250 ML 24 SMARTFLEX VAINILLA","DD":"NESTLE ESPAÑA","FRF":57,"FRP":57,"MRF":22,"MRP":90,"MF":88.33,"MFD":-17.65,"MQt":0.97,"MPz":0.73,"MPzD":-17.65,"MPr":121.04}
,{"DP":"KOT MÉTODO","DD":"VEMEDIA PH.","FRF":53,"FRP":53,"MRF":23,"MRP":13,"MF":87.56,"MFD":12.69,"MQt":0.96,"MPz":11,"MPzD":-40.98,"MPr":7.67}
,{"DP":"INFISPOR ALIMENT SPORT","DD":"INFISPORT","FRF":47,"FRP":47,"MRF":24,"MRP":9,"MF":80.52,"MFD":-14.86,"MQt":0.88,"MPz":15,"MPzD":-2.43,"MPr":5.45}
,{"DP":"NUTRISPORT ALIMENT DEPORT","DD":"","FRF":70,"FRP":70,"MRF":25,"MRP":5,"MF":79.35,"MFD":-24.22,"MQt":0.87,"MPz":26,"MPzD":-14.93,"MPr":3.02}]
,"datiDettRefC":[
{"DP":"BIMANAN SUSTITUTIVOS","DD":"NUTRITION & SANTE","FRF":1,"FRP":2,"CRF":1,"CRP":1,"CF":385.24,"CFD":-5.18,"CQt":8.17,"CPz":86,"CPzD":-6.58,"CPr":4.46}
,{"DP":"NUTRAMIGEN 2 LGG (ANTES NUTRAMIGEN 2) 400 G 1 BOTE NEUTRO","DD":"MEAD JOHNSON","FRF":68,"FRP":68,"CRF":2,"CRP":6,"CF":382.32,"CFD":-18.22,"CQt":8.1,"CPz":13,"CPzD":-22.54,"CPr":29.49}
,{"DP":"BARRITAS DIETETICAS VARIAS","DD":"NESTLE ESPAÑA","FRF":16,"FRP":19,"CRF":3,"CRP":2,"CF":376.69,"CFD":24.77,"CQt":7.99,"CPz":56,"CPzD":-2,"CPr":6.68}
,{"DP":"ISOSOURCE PROTEIN FIBRE 500 ML 12 SMARTFLEX VAINILLA","DD":"NESTLE ESPAÑA","FRF":48,"FRP":48,"CRF":4,"CRP":42,"CF":189.28,"CFD":7.02,"CQt":4.01,"CPz":1,"CPzD":-23.61,"CPr":135.2}
,{"DP":"MERITENE 30 G 15 SOBRES VAINILLA","DD":"NESTLE ESPAÑA","FRF":12,"FRP":13,"CRF":5,"CRP":8,"CF":178.66,"CFD":-22.17,"CQt":3.79,"CPz":9,"CPzD":-19.51,"CPr":20.51}
,{"DP":"MERITENE 30 G 15 SOBRES CHOCOLATE","DD":"NESTLE ESPAÑA","FRF":4,"FRP":5,"CRF":6,"CRP":9,"CF":175.37,"CFD":-13.08,"CQt":3.72,"CPz":8,"CPzD":-19.41,"CPr":20.7}
,{"DP":"FRESUBIN HP ENERGY 500 ML 12 BOTELLA NEUTRO","DD":"FRESENIUS KABI ESPAÑA","FRF":45,"FRP":45,"CRF":7,"CRP":43,"CF":160.7,"CFD":-3.49,"CQt":3.41,"CPz":1,"CPzD":-16.67,"CPr":138.1}
,{"DP":"ETIXX ALIMENT SPORT","DD":"","FRF":38,"FRP":38,"CRF":8,"CRP":4,"CF":158.67,"CFD":-2.78,"CQt":3.36,"CPz":24,"CPzD":18.49,"CPr":6.52}
,{"DP":"ELEMENTAL 028 EXTRA LIQUIDO 250 ML 18 BRIK FRUTAS DEL BOSQUE","DD":"NUTRICIA","FRF":33,"FRP":33,"CRF":9,"CRP":44,"CF":141.93,"CFD":18.92,"CQt":3.01,"CPz":1,"CPzD":0,"CPr":120.09}
,{"DP":"MERITENE COMPLET 250 ML 24 SMARTFLEX VAINILLA","DD":"NESTLE ESPAÑA","FRF":57,"FRP":57,"CRF":10,"CRP":45,"CF":137.07,"CFD":24.64,"CQt":2.91,"CPz":1,"CPzD":10,"CPr":121.59}
,{"DP":"MERITENE PACK VARIOS","DD":"NESTLE ESPAÑA","FRF":65,"FRP":65,"CRF":11,"CRP":14,"CF":126.05,"CFD":-2.24,"CQt":2.67,"CPz":5,"CPzD":-11,"CPr":24.76}
,{"DP":"ISOSOURCE STANDARD 250 ML 24 SMARTFLEX VAINILLA","DD":"NESTLE ESPAÑA","FRF":49,"FRP":49,"CRF":12,"CRP":46,"CF":112.87,"CFD":302.85,"CQt":2.39,"CPz":1,"CPzD":175,"CPr":83.89}
,{"DP":"NUTRISON MULTIFIBRE 500 ML 12 BOTELLA NEUTRO","DD":"NUTRICIA","FRF":69,"FRP":69,"CRF":13,"CRP":47,"CF":106.75,"CFD":863.65,"CQt":2.26,"CPz":1,"CPzD":685.71,"CPr":87.63}
,{"DP":"FRESUBIN ORIGINAL FIBRA 500 ML 12 BOTELLA NEUTRO","DD":"FRESENIUS KABI ESPAÑA","FRF":46,"FRP":46,"CRF":14,"CRP":48,"CF":105.18,"CFD":0,"CQt":2.23,"CPz":1,"CPzD":-19.12,"CPr":85.07}
,{"DP":"MERITENE 30 G 15 SOBRES CAFE DESCAFEINADO","DD":"NESTLE ESPAÑA","FRF":3,"FRP":4,"CRF":15,"CRP":15,"CF":92.34,"CFD":-7.19,"CQt":1.96,"CPz":5,"CPzD":3.38,"CPr":20.23}
,{"DP":"MERITENE DRINK 125 ML 4 BOTELLAS VAINILLA","DD":"NESTLE ESPAÑA","FRF":58,"FRP":58,"CRF":16,"CRP":7,"CF":89.72,"CFD":8.99,"CQt":1.9,"CPz":11,"CPzD":13.08,"CPr":7.9}
,{"DP":"SIKEN SUSTITUTIVOS","DD":"DIAFARM","FRF":2,"FRP":1,"CRF":17,"CRP":3,"CF":66.25,"CFD":-13.01,"CQt":1.4,"CPz":30,"CPzD":13.09,"CPr":2.21}
,{"DP":"MERITENE 30 G 15 SOBRES FRESA","DD":"NESTLE ESPAÑA","FRF":5,"FRP":7,"CRF":18,"CRP":21,"CF":55.6,"CFD":-14.2,"CQt":1.18,"CPz":3,"CPzD":-4.62,"CPr":19.36}
,{"DP":"ENSURE NUTRIVIGOR 850 G LATA VAINILLA","DD":"ABBOTT LABORATORIES","FRF":15,"FRP":18,"CRF":19,"CRP":26,"CF":48.07,"CFD":60.81,"CQt":1.02,"CPz":2,"CPzD":83.33,"CPr":27.54}
,{"DP":"MERITENE CEREAL 8 CEREALES CON MIEL 300 G 2 BOLSAS","DD":"NESTLE ESPAÑA","FRF":54,"FRP":54,"CRF":20,"CRP":16,"CF":40.77,"CFD":-32.3,"CQt":0.86,"CPz":5,"CPzD":-33.25,"CPr":8.34}
,{"DP":"KOT MÉTODO","DD":"VEMEDIA PH.","FRF":53,"FRP":53,"CRF":21,"CRP":27,"CF":36.1,"CFD":-3.41,"CQt":0.77,"CPz":2,"CPzD":4.76,"CPr":23.09}
,{"DP":"ENSURE NUTRIVIGOR BOTELLA 4 BOTELLA 220 ML VAINILLA","DD":"ABBOTT LABORATORIES","FRF":23,"FRP":24,"CRF":22,"CRP":19,"CF":34.66,"CFD":-9.95,"CQt":0.73,"CPz":4,"CPzD":-10.57,"CPr":8.63}
,{"DP":"KABI CONTROL POLVO 300 G SABOR CHOCOLATE","DD":"FRESENIUS KABI ESPAÑA","FRF":51,"FRP":51,"CRF":23,"CRP":28,"CF":34.16,"CFD":204.18,"CQt":0.72,"CPz":2,"CPzD":223.53,"CPr":18.98}
,{"DP":"NUTRISPORT ALIMENT DEPORT","DD":"","FRF":70,"FRP":70,"CRF":24,"CRP":5,"CF":31.44,"CFD":-6.42,"CQt":0.67,"CPz":17,"CPzD":-25.73,"CPr":1.82}
,{"DP":"PEDIASURE POLVO 850 G CHOCOLATE","DD":"ABBOTT LABORATORIES","FRF":79,"FRP":79,"CRF":25,"CRP":49,"CF":31.28,"CFD":-42.26,"CQt":0.66,"CPz":1,"CPzD":-50,"CPr":27.75}]}