{"datiDettRefF":[
{"DP":"INFLUVIS JARABE 120 G","DD":"PLANTA MEDICA Srl","FRF":1,"FRP":4,"FF":3245.98,"FFD":-35.6,"FQt":1.82,"FPz":255,"FPzD":-36.57,"FPr":12.73,"MRF":109,"MRP":133,"CRF":43,"CRP":56}
,{"DP":"LACTIBIANE ATB 14 CAPS","DD":"PILEJE SLU","FRF":2,"FRP":6,"FF":3144.68,"FFD":-32.06,"FQt":1.76,"FPz":227,"FPzD":-32.64,"FPr":13.85,"MRF":167,"MRP":202,"CRF":306,"CRP":336}
,{"DP":"ESPIDIDOL 400 MG 12 COMPRIMIDOS RECUBIERTOS","DD":"ZAMBON","FRF":3,"FRP":1,"FF":2038.3,"FFD":-2.7,"FQt":1.14,"FPz":384,"FPzD":-2.78,"FPr":5.31,"MRF":12,"MRP":4,"CRF":33,"CRP":12}
,{"DP":"NEOBIANACID ACIDEZ Y REFLUJO 45 COMP MASTICABLES","DD":"ABOCA SpA SOCIETA' AGRICOLA","FRF":4,"FRP":10,"FF":1832,"FFD":-1.91,"FQt":1.02,"FPz":136,"FPzD":-4.23,"FPr":13.47,"MRF":20,"MRP":36,"CRF":17,"CRP":32}
,{"DP":"SUPOSITORIOS GLICERINA VILARDELL ADULTOS 18 SUPOSITORIOS","DD":"VILARDELL","FRF":5,"FRP":2,"FF":1756.75,"FFD":-1.1,"FQt":0.98,"FPz":326,"FPzD":-2.1,"FPr":5.39,"MRF":47,"MRP":25,"CRF":86,"CRP":38}
,{"DP":"NICOTINELL MINT 2 MG 96 COMPRIMIDOS PARA CHUPAR","DD":"NOVARTIS","FRF":6,"FRP":87,"FF":1671.53,"FFD":187.28,"FQt":0.93,"FPz":40,"FPzD":185.71,"FPr":41.79,"MRF":1018,"MRP":1736,"CRF":1284,"CRP":1688}
,{"DP":"IMMUNOMIX PLUS 50 CAPSULAS","DD":"ABOCA SpA SOCIETA' AGRICOLA","FRF":7,"FRP":30,"FF":1655.63,"FFD":0.6,"FQt":0.93,"FPz":89,"FPzD":-4.3,"FPr":18.6,"MRF":86,"MRP":156,"CRF":60,"CRP":122}
,{"DP":"PHYTOPHANERE CAPS","DD":"LIERAC","FRF":8,"FRP":97,"FF":1655.22,"FFD":-19.01,"FQt":0.93,"FPz":35,"FPzD":-16.67,"FPr":47.29,"MRF":32,"MRP":249,"CRF":71,"CRP":324}
,{"DP":"CN BASE 120 CAPS","DD":"LCN 1955","FRF":9,"FRP":106,"FF":1640.27,"FFD":-23.24,"FQt":0.92,"FPz":33,"FPzD":-21.43,"FPr":49.71,"MRF":391,"MRP":1023,"CRF":1230,"CRP":1729}
,{"DP":"INMUNORESPIR 90 CAPS","DD":"LCN 1955","FRF":10,"FRP":36,"FF":1635.9,"FFD":28.71,"FQt":0.92,"FPz":82,"FPzD":28.12,"FPr":19.95,"MRF":933,"MRP":1116,"CRF":1506,"CRP":1651}
,{"DP":"FLUIMUCIL FORTE 600 MG 20 COMPRIMIDOS EFERVESCENTES","DD":"ZAMBON","FRF":11,"FRP":5,"FF":1632.27,"FFD":19.19,"FQt":0.91,"FPz":237,"FPzD":13.94,"FPr":6.89,"MRF":3,"MRP":1,"CRF":4,"CRP":1}
,{"DP":"REDOXON DOBLE ACCION COMP EFERVESCENTES 30 COMP NARANJA","DD":"BAYER HISPANIA S.L.","FRF":12,"FRP":17,"FF":1612.48,"FFD":20.01,"FQt":0.9,"FPz":115,"FPzD":25,"FPr":14.02,"MRF":134,"MRP":183,"CRF":196,"CRP":267}
,{"DP":"GRINTUSS JARABE CON POLIRESIN ADULTOS 180 ML","DD":"ABOCA SpA SOCIETA' AGRICOLA","FRF":13,"FRP":13,"FF":1568.04,"FFD":19.97,"FQt":0.88,"FPz":134,"FPzD":5.51,"FPr":11.7,"MRF":5,"MRP":9,"CRF":5,"CRP":6}
,{"DP":"BRONCOLSAN JARABE 200 G","DD":"PLANTA MEDICA Srl","FRF":14,"FRP":9,"FF":1543.18,"FFD":-16.3,"FQt":0.86,"FPz":142,"FPzD":-20.22,"FPr":10.87,"MRF":25,"MRP":38,"CRF":19,"CRP":25}
,{"DP":"LACTIBIANE REFERENCE PILEJE 2.5 G 30 CAPS","DD":"PILEJE SLU","FRF":15,"FRP":62,"FF":1526.05,"FFD":-36.1,"FQt":0.85,"FPz":51,"FPzD":-36.25,"FPr":29.92,"MRF":172,"MRP":417,"CRF":238,"CRP":538}
,{"DP":"DORMIDINA 25 MG 14 COMPRIMIDOS","DD":"ESTEVE","FRF":16,"FRP":7,"FF":1415.75,"FFD":11.23,"FQt":0.79,"FPz":175,"FPzD":9.38,"FPr":8.09,"MRF":11,"MRP":10,"CRF":20,"CRP":15}
,{"DP":"SAUCO VIT C AN JARABE 120 G","DD":"APOTECA NATURA","FRF":17,"FRP":15,"FF":1392.96,"FFD":null,"FQt":0.78,"FPz":119,"FPzD":null,"FPr":11.71,"MRF":266,"MRP":256,"CRF":157,"CRP":166}
,{"DP":"VOLTADOL FORTE 20 MGG GEL TOPICO 50 G","DD":"NOVARTIS","FRF":18,"FRP":11,"FF":1327.26,"FFD":8.65,"FQt":0.74,"FPz":136,"FPzD":4.62,"FPr":9.76,"MRF":2,"MRP":3,"CRF":2,"CRP":3}
,{"DP":"FORMAG 90 COMP","DD":"PILEJE SLU","FRF":19,"FRP":59,"FF":1309.86,"FFD":-35.53,"FQt":0.73,"FPz":53,"FPzD":-32.05,"FPr":24.71,"MRF":447,"MRP":823,"CRF":682,"CRP":951}
,{"DP":"LACTIBIANE TOLERANCE PILEJE 2.5 G 30 CAPS","DD":"PILEJE SLU","FRF":20,"FRP":77,"FF":1286.85,"FFD":-18.55,"FQt":0.72,"FPz":43,"FPzD":-18.87,"FPr":29.93,"MRF":208,"MRP":459,"CRF":218,"CRP":437}
,{"DP":"RECONNECT 30 COMP","DD":"VITAE N NUTRITION","FRF":21,"FRP":83,"FF":1264.85,"FFD":-41.43,"FQt":0.71,"FPz":41,"FPzD":-41.43,"FPr":30.85,"MRF":410,"MRP":819,"CRF":735,"CRP":1256}
,{"DP":"OLEOCAPS 1 30 CAPS","DD":"PRANAROM","FRF":22,"FRP":14,"FF":1224.95,"FFD":-33.6,"FQt":0.69,"FPz":125,"FPzD":-32.8,"FPr":9.8,"MRF":175,"MRP":159,"CRF":179,"CRP":178}
,{"DP":"IBEROGAST GOTAS ORALES SOLUCION 50 ML","DD":"BAYER HISPANIA S.L.","FRF":23,"FRP":48,"FF":1216.95,"FFD":-23.75,"FQt":0.68,"FPz":61,"FPzD":-23.75,"FPr":19.95,"MRF":137,"MRP":251,"CRF":203,"CRP":329}
,{"DP":"CUIDADO E HIGIENE DE LA NARIZ","DD":"APOTECA NATURA","FRF":24,"FRP":28,"FF":1181.19,"FFD":-9.52,"FQt":0.66,"FPz":93,"FPzD":-10.58,"FPr":12.7,"MRF":21,"MRP":35,"CRF":15,"CRP":29}
,{"DP":"MELATONIN RETARD TAB 1.90 MG 60 TABLETAS","DD":"TREPAT-DIET","FRF":25,"FRP":41,"FF":1168.57,"FFD":27.94,"FQt":0.65,"FPz":78,"FPzD":27.87,"FPr":14.98,"MRF":464,"MRP":531,"CRF":598,"CRP":743}]
,"datiDettRefM":[
{"DP":"FRENADOL COMPLEX 10 SOBRES","DD":"JOHNSON & JOHNSON","FRF":32,"FRP":21,"MRF":1,"MRP":2,"MF":3355.5,"MFD":1.93,"MQt":1.71,"MPz":341,"MPzD":-7.16,"MPr":9.83}
,{"DP":"VOLTADOL FORTE 20 MGG GEL TOPICO 50 G","DD":"NOVARTIS","FRF":18,"FRP":11,"MRF":2,"MRP":3,"MF":2726.29,"MFD":0.63,"MQt":1.39,"MPz":280,"MPzD":-3.07,"MPr":9.73}
,{"DP":"FLUIMUCIL FORTE 600 MG 20 COMPRIMIDOS EFERVESCENTES","DD":"ZAMBON","FRF":11,"FRP":5,"MRF":3,"MRP":1,"MF":2419.97,"MFD":12.44,"MQt":1.24,"MPz":352,"MPzD":7.03,"MPr":6.87}
,{"DP":"CUIDADO DE LA TOS - 180 G","DD":"APOTECA NATURA","FRF":31,"FRP":32,"MRF":4,"MRP":11,"MF":2006.1,"MFD":30.91,"MQt":1.02,"MPz":166,"MPzD":29.07,"MPr":12.12}
,{"DP":"GRINTUSS JARABE CON POLIRESIN ADULTOS 180 ML","DD":"ABOCA SpA SOCIETA' AGRICOLA","FRF":13,"FRP":13,"MRF":5,"MRP":9,"MF":1972.8,"MFD":-15.26,"MQt":1.01,"MPz":168,"MPzD":-16.62,"MPr":11.71}
,{"DP":"FLUTOX 3.54 MGML JARABE 200 ML","DD":"ZAMBON","FRF":128,"FRP":74,"MRF":6,"MRP":6,"MF":1712.64,"MFD":-0.71,"MQt":0.87,"MPz":196,"MPzD":-7.63,"MPr":8.75}
,{"DP":"FLORA INTESTINAL SOBRES BUCODISPERSABLES 1 GRAMO 10 SOBRES","DD":"APOTECA NATURA","FRF":1997,"FRP":1997,"MRF":7,"MRP":20,"MF":1684.16,"MFD":5.43,"MQt":0.86,"MPz":128,"MPzD":4.22,"MPr":13.17}
,{"DP":"GRINTUSS PEDIATRIC POLIRESIN - JARABE 180 G ","DD":"ABOCA SpA SOCIETA' AGRICOLA","FRF":42,"FRP":45,"MRF":8,"MRP":15,"MF":1675.03,"MFD":3.76,"MQt":0.86,"MPz":142,"MPzD":2.24,"MPr":11.81}
,{"DP":"ALMAX FORTE 1.5 G 24 SOBRES SUSPENSION ORAL","DD":"ALMIRALL S.A.","FRF":49,"FRP":33,"MRF":9,"MRP":13,"MF":1493.4,"MFD":3.54,"MQt":0.76,"MPz":158,"MPzD":-4.5,"MPr":9.43}
,{"DP":"FRENADOL DESCONGESTIVO 16 CAPSULAS","DD":"JOHNSON & JOHNSON","FRF":89,"FRP":56,"MRF":10,"MRP":14,"MF":1435.29,"MFD":10.47,"MQt":0.73,"MPz":146,"MPzD":0.75,"MPr":9.83}
,{"DP":"DORMIDINA 25 MG 14 COMPRIMIDOS","DD":"ESTEVE","FRF":16,"FRP":7,"MRF":11,"MRP":10,"MF":1353.78,"MFD":4.31,"MQt":0.69,"MPz":167,"MPzD":2.07,"MPr":8.09}
,{"DP":"ESPIDIDOL 400 MG 12 COMPRIMIDOS RECUBIERTOS","DD":"ZAMBON","FRF":3,"FRP":1,"MRF":12,"MRP":4,"MF":1284.1,"MFD":136.9,"MQt":0.66,"MPz":242,"MPzD":136.07,"MPr":5.3}
,{"DP":"PRANAROM ACEITES Y DIFUSION","DD":"PRANAROM","FRF":28,"FRP":23,"MRF":13,"MRP":18,"MF":1263.53,"MFD":-1.36,"MQt":0.65,"MPz":131,"MPzD":-6.31,"MPr":9.65}
,{"DP":"ALMAX 500 MG 48 COMPRIMIDOS MASTICABLES","DD":"ALMIRALL S.A.","FRF":41,"FRP":26,"MRF":14,"MRP":17,"MF":1241.44,"MFD":4.53,"MQt":0.63,"MPz":132,"MPzD":-3.1,"MPr":9.44}
,{"DP":"REMEDIO HOMEOPATICO SIN MARCA","DD":"","FRF":51,"FRP":12,"MRF":15,"MRP":12,"MF":1192.08,"MFD":-24.08,"MQt":0.61,"MPz":166,"MPzD":-18.01,"MPr":7.17}
,{"DP":"RESPIBIEN 0.5 MGML NEBULIZADOR NASAL 15 ML","DD":"CINFA","FRF":219,"FRP":88,"MRF":16,"MRP":5,"MF":1171.87,"MFD":7.83,"MQt":0.6,"MPz":211,"MPzD":3.96,"MPr":5.56}
,{"DP":"CRISTALMINA 10 MGML SOLUCION TOPICA PULVERIZADOR 25 ML","DD":"SALVAT","FRF":36,"FRP":8,"MRF":17,"MRP":7,"MF":1151.03,"MFD":14.42,"MQt":0.59,"MPz":194,"MPzD":14.36,"MPr":5.94}
,{"DP":"LIZIPAINA 20 COMPRIMIDOS PARA CHUPAR","DD":"BOEHRINGER INGELHEIM, S.A.","FRF":67,"FRP":37,"MRF":18,"MRP":16,"MF":1096.93,"MFD":-4.65,"MQt":0.56,"MPz":138,"MPzD":-8.66,"MPr":7.94}
,{"DP":"THROMBOCID FORTE 5 MGG POMADA 1 TUBO 60 G","DD":"LACER","FRF":80,"FRP":44,"MRF":19,"MRP":19,"MF":1066.74,"MFD":9.25,"MQt":0.54,"MPz":131,"MPzD":8.26,"MPr":8.16}
,{"DP":"NEOBIANACID ACIDEZ Y REFLUJO 45 COMP MASTICABLES","DD":"ABOCA SpA SOCIETA' AGRICOLA","FRF":4,"FRP":10,"MRF":20,"MRP":36,"MF":1022.46,"MFD":16.33,"MQt":0.52,"MPz":78,"MPzD":12.87,"MPr":13.03}
,{"DP":"CUIDADO E HIGIENE DE LA NARIZ","DD":"APOTECA NATURA","FRF":24,"FRP":28,"MRF":21,"MRP":35,"MF":980.28,"MFD":17.45,"MQt":0.5,"MPz":79,"MPzD":16.92,"MPr":12.37}
,{"DP":"VENORUTON 1 G 30 SOBRES POLVO","DD":"NOVARTIS","FRF":102,"FRP":154,"MRF":22,"MRP":71,"MF":913.69,"MFD":-8.27,"MQt":0.47,"MPz":46,"MPzD":-8.23,"MPr":19.88}
,{"DP":"DULCOLAXO BISACODILO 5 MG 30 COMPRIMIDOS GASTRORRESISTENTES","DD":"BOEHRINGER INGELHEIM, S.A.","FRF":55,"FRP":27,"MRF":23,"MRP":21,"MF":904.72,"MFD":1.43,"MQt":0.46,"MPz":120,"MPzD":-4.67,"MPr":7.57}
,{"DP":"ADELGACCION LIBRAMED FRASCO 100 G","DD":"ABOCA SpA SOCIETA' AGRICOLA","FRF":77,"FRP":218,"MRF":24,"MRP":154,"MF":845.48,"MFD":-13.09,"MQt":0.43,"MPz":24,"MPzD":-17.91,"MPr":35.87}
,{"DP":"BRONCOLSAN JARABE 200 G","DD":"PLANTA MEDICA Srl","FRF":14,"FRP":9,"MRF":25,"MRP":38,"MF":795.74,"MFD":2.67,"MQt":0.41,"MPz":74,"MPzD":0.34,"MPr":10.72}]
,"datiDettRefC":[
{"DP":"FRENADOL COMPLEX 10 SOBRES","DD":"JOHNSON & JOHNSON","FRF":32,"FRP":21,"CRF":1,"CRP":2,"CF":1874.2,"CFD":2.34,"CQt":1.76,"CPz":191,"CPzD":-6.36,"CPr":9.8}
,{"DP":"VOLTADOL FORTE 20 MGG GEL TOPICO 50 G","DD":"NOVARTIS","FRF":18,"FRP":11,"CRF":2,"CRP":3,"CF":1642.01,"CFD":-5.66,"CQt":1.54,"CPz":169,"CPzD":-8.9,"CPr":9.71}
,{"DP":"CUIDADO DE LA TOS - 180 G","DD":"APOTECA NATURA","FRF":31,"FRP":32,"CRF":3,"CRP":5,"CF":1495.29,"CFD":20.28,"CQt":1.4,"CPz":123,"CPzD":18.56,"CPr":12.19}
,{"DP":"FLUIMUCIL FORTE 600 MG 20 COMPRIMIDOS EFERVESCENTES","DD":"ZAMBON","FRF":11,"FRP":5,"CRF":4,"CRP":1,"CF":1406.5,"CFD":15.49,"CQt":1.32,"CPz":205,"CPzD":10.29,"CPr":6.85}
,{"DP":"GRINTUSS JARABE CON POLIRESIN ADULTOS 180 ML","DD":"ABOCA SpA SOCIETA' AGRICOLA","FRF":13,"FRP":13,"CRF":5,"CRP":6,"CF":1308.26,"CFD":-15.88,"CQt":1.23,"CPz":111,"CPzD":-16.85,"CPr":11.76}
,{"DP":"FLORA INTESTINAL SOBRES BUCODISPERSABLES 1 GRAMO 10 SOBRES","DD":"APOTECA NATURA","FRF":1997,"FRP":1997,"CRF":6,"CRP":11,"CF":1096.38,"CFD":2.32,"CQt":1.03,"CPz":82,"CPzD":0.69,"CPr":13.29}
,{"DP":"GRINTUSS PEDIATRIC POLIRESIN - JARABE 180 G ","DD":"ABOCA SpA SOCIETA' AGRICOLA","FRF":42,"FRP":45,"CRF":7,"CRP":13,"CF":962.04,"CFD":8.56,"CQt":0.9,"CPz":81,"CPzD":6.96,"CPr":11.83}
,{"DP":"FLUTOX 3.54 MGML JARABE 200 ML","DD":"ZAMBON","FRF":128,"FRP":74,"CRF":8,"CRP":8,"CF":892.48,"CFD":0.08,"CQt":0.84,"CPz":102,"CPzD":-6.93,"CPr":8.72}
,{"DP":"ALMAX FORTE 1.5 G 24 SOBRES SUSPENSION ORAL","DD":"ALMIRALL S.A.","FRF":49,"FRP":33,"CRF":9,"CRP":10,"CF":800.17,"CFD":-1.54,"CQt":0.75,"CPz":85,"CPzD":-8.73,"CPr":9.39}
,{"DP":"ADELGACCION LIBRAMED FRASCO 100 G","DD":"ABOCA SpA SOCIETA' AGRICOLA","FRF":77,"FRP":218,"CRF":10,"CRP":88,"CF":778.86,"CFD":-6.83,"CQt":0.73,"CPz":22,"CPzD":-14.73,"CPr":35.64}
,{"DP":"ALMAX 500 MG 48 COMPRIMIDOS MASTICABLES","DD":"ALMIRALL S.A.","FRF":41,"FRP":26,"CRF":11,"CRP":14,"CF":752.76,"CFD":2.19,"CQt":0.71,"CPz":80,"CPzD":-5.23,"CPr":9.39}
,{"DP":"THROMBOCID FORTE 5 MGG POMADA 1 TUBO 60 G","DD":"LACER","FRF":80,"FRP":44,"CRF":12,"CRP":9,"CF":728.22,"CFD":14.31,"CQt":0.68,"CPz":89,"CPzD":12.97,"CPr":8.16}
,{"DP":"FRENADOL DESCONGESTIVO 16 CAPSULAS","DD":"JOHNSON & JOHNSON","FRF":89,"FRP":56,"CRF":13,"CRP":17,"CF":720.53,"CFD":7.73,"CQt":0.68,"CPz":74,"CPzD":-0.56,"CPr":9.78}
,{"DP":"RESPIBIEN 0.5 MGML NEBULIZADOR NASAL 15 ML","DD":"CINFA","FRF":219,"FRP":88,"CRF":14,"CRP":4,"CF":714.1,"CFD":3.12,"CQt":0.67,"CPz":129,"CPzD":-0.13,"CPr":5.55}
,{"DP":"CUIDADO E HIGIENE DE LA NARIZ","DD":"APOTECA NATURA","FRF":24,"FRP":28,"CRF":15,"CRP":29,"CF":685.17,"CFD":17.43,"CQt":0.64,"CPz":55,"CPzD":16.3,"CPr":12.47}
,{"DP":"VENORUTON 1 G 30 SOBRES POLVO","DD":"NOVARTIS","FRF":102,"FRP":154,"CRF":16,"CRP":53,"CF":676.69,"CFD":-10.78,"CQt":0.63,"CPz":34,"CPzD":-10.65,"CPr":19.86}
,{"DP":"NEOBIANACID ACIDEZ Y REFLUJO 45 COMP MASTICABLES","DD":"ABOCA SpA SOCIETA' AGRICOLA","FRF":4,"FRP":10,"CRF":17,"CRP":32,"CF":662.89,"CFD":17.3,"CQt":0.62,"CPz":51,"CPzD":16.25,"CPr":13.11}
,{"DP":"CRISTALMINA 10 MGML SOLUCION TOPICA PULVERIZADOR 25 ML","DD":"SALVAT","FRF":36,"FRP":8,"CRF":18,"CRP":7,"CF":654.33,"CFD":11.33,"CQt":0.61,"CPz":110,"CPzD":10.99,"CPr":5.94}
,{"DP":"BRONCOLSAN JARABE 200 G","DD":"PLANTA MEDICA Srl","FRF":14,"FRP":9,"CRF":19,"CRP":25,"CF":637.39,"CFD":4.21,"CQt":0.6,"CPz":59,"CPzD":1.98,"CPr":10.78}
,{"DP":"DORMIDINA 25 MG 14 COMPRIMIDOS","DD":"ESTEVE","FRF":16,"FRP":7,"CRF":20,"CRP":15,"CF":633.85,"CFD":0.26,"CQt":0.59,"CPz":78,"CPzD":-2.05,"CPr":8.08}
,{"DP":"PRANAROM ACEITES Y DIFUSION","DD":"PRANAROM","FRF":28,"FRP":23,"CRF":21,"CRP":20,"CF":630.82,"CFD":-1.87,"CQt":0.59,"CPz":67,"CPzD":-9.15,"CPr":9.42}
,{"DP":"LIZIPAINA 20 COMPRIMIDOS PARA CHUPAR","DD":"BOEHRINGER INGELHEIM, S.A.","FRF":67,"FRP":37,"CRF":22,"CRP":18,"CF":571.57,"CFD":-9.07,"CQt":0.54,"CPz":72,"CPzD":-12.68,"CPr":7.93}
,{"DP":"ADELGACCIÓN LYNFASE FLUIDO","DD":"ABOCA SpA SOCIETA' AGRICOLA","FRF":66,"FRP":146,"CRF":23,"CRP":92,"CF":520.7,"CFD":22.33,"CQt":0.49,"CPz":21,"CPzD":18.95,"CPr":24.75}
,{"DP":"REMEDIO HOMEOPATICO SIN MARCA","DD":"","FRF":51,"FRP":12,"CRF":24,"CRP":16,"CF":500.02,"CFD":-34.97,"CQt":0.47,"CPz":78,"CPzD":-21.43,"CPr":6.39}
,{"DP":"FORTASEC 2 MG 20 CAPSULAS","DD":"ESTEVE","FRF":92,"FRP":52,"CRF":25,"CRP":30,"CF":494.92,"CFD":-33.84,"CQt":0.46,"CPz":55,"CPzD":-35.56,"CPr":8.95}]}