{ "TIT":"cod.ES2770","GF": [{"dati":[{"name":"F","value":20.41}],"opzioni":{"min":0,"max":25}}]
                       ,"GM": [{"dati":[{"name":"M","value":15.72}],"opzioni":{"min":0,"max":25}}]
                       ,"GC": [{"dati":[{"name":"C","value":19.17}],"opzioni":{"min":0,"max":25}}],"ISF2V":[{"min": 0, "max": 90}],"ISP2V":[{"min": 0, "max":90 }]   ,"ISP2":[{"name": "lb.l0006","series": [{ "name":"lb.l0052","value":11 },{ "name":"lb.l0053","value":22 },{ "name":"lb.l0054","value":20 },{ "name":"lb.l0055","value":22 },{ "name":"lb.l0056","value":27 },{ "name":"lb.l0057","value":31 },{ "name":"lb.l0058","value":44 },{ "name":"lb.l0059","value":33 },{ "name":"lb.l0060","value":20 },{ "name":"lb.l0061","value":22 },{ "name":"lb.l0062","value":10 },{ "name":"lb.l0063","value":14 }]},{"name": "lb.l0007","series": [{ "name":"lb.l0052","value":35.4756756756757 },{ "name":"lb.l0053","value":33.6702702702703 },{ "name":"lb.l0054","value":38.1891891891892 },{ "name":"lb.l0055","value":40.8756756756757 },{ "name":"lb.l0056","value":53.5297297297297 },{ "name":"lb.l0057","value":64.1243243243243 },{ "name":"lb.l0058","value":83.8594594594595 },{ "name":"lb.l0059","value":67.6972972972973 },{ "name":"lb.l0060","value":47.3621621621622 },{ "name":"lb.l0061","value":40.7351351351351 },{ "name":"lb.l0062","value":33.3351351351351 },{ "name":"lb.l0063","value":32.0432432432432 }]},{"name": "lb.l0008","series": [{ "name":"lb.l0052","value":27.6 },{ "name":"lb.l0053","value":24.7090909090909 },{ "name":"lb.l0054","value":28.0363636363636 },{ "name":"lb.l0055","value":30.1090909090909 },{ "name":"lb.l0056","value":39.4181818181818 },{ "name":"lb.l0057","value":45 },{ "name":"lb.l0058","value":60.6545454545455 },{ "name":"lb.l0059","value":44.6909090909091 },{ "name":"lb.l0060","value":34.3090909090909 },{ "name":"lb.l0061","value":30.1454545454545 },{ "name":"lb.l0062","value":25.8909090909091 },{ "name":"lb.l0063","value":23.1454545454545 }]}] ,"ISP1":[ {"name": "lb.l0040","series": [{"name":"2019","value":11},{"name":"2018","value":16}]},{"name": "lb.l0041","series": [{"name":"2019","value":33},{"name":"2018","value":28}]},{"name": "lb.l0042","series": [{"name":"2019","value":53},{"name":"2018","value":47}]},{"name": "lb.l0043","series": [{"name":"2019","value":75},{"name":"2018","value":70}]},{"name": "lb.l0044","series": [{"name":"2019","value":102},{"name":"2018","value":102}]},{"name": "lb.l0045","series": [{"name":"2019","value":133},{"name":"2018","value":148}]},{"name": "lb.l0046","series": [{"name":"2019","value":177},{"name":"2018","value":202}]},{"name": "lb.l0047","series": [{"name":"2019","value":210},{"name":"2018","value":228}]},{"name": "lb.l0048","series": [{"name":"2019","value":230},{"name":"2018","value":246}]},{"name": "lb.l0049","series": [{"name":"2019","value":252},{"name":"2018","value":269}]},{"name": "lb.l0050","series": [{"name":"2019","value":262},{"name":"2018","value":278}]},{"name": "lb.l0051","series": [{"name":"2019","value":276},{"name":"2018","value":289}]}],"dati":[{"IPD":"MAT","PD":"MAT","TF":[{"name":"cod.me20","value":80},{"name":"cod.subes1","value":119},{"name":"cod.subes2","value":77}],"TM":[{"name":"cod.me20","value":192.26},{"name":"cod.subes1","value":275.88},{"name":"cod.subes2","value":102.76}],"TC":[{"name":"cod.me20","value":152.84},{"name":"cod.subes1","value":188.67},{"name":"cod.subes2","value":72.2}],"DTE":[{"H": "lb.l0018","FFt":3676.11,"FFtD":-12.42,"FPz":276,"FPzD":-4.5,"FQt": 100,"FPr": 13.32,"MFt":7089.43,"MFtD":0.55,"MPz":570.9,"MPzD":-1.93,"MQt": 100,"MPr": 12.42,"CFt":5249.15,"CFtD":-0.55,"CPz":413.71,"CPzD":-3.09,"CQt": 100,"CPr": 12.69},{"H": "cod.me20","FFt":1134.19,"FFtD":-17.5,"FPz":80,"FPzD":-8.05,"FQt": 28.99,"FPr": 14.18,"MFt":2864.27,"MFtD":5.41,"MPz":192.26,"MPzD":-5.42,"MQt": 33.68,"MPr": 14.9,"CFt":2252.35,"CFtD":0.66,"CPz":152.84,"CPzD":-9.58,"CQt": 36.94,"CPr": 14.74},{"H": "cod.me60","FFt":2541.92,"FFtD":-9.94,"FPz":196,"FPzD":-2.97,"FQt": 71.01,"FPr": 12.97,"MFt":4225.17,"MFtD":-2.5,"MPz":378.64,"MPzD":-0.06,"MQt": 66.32,"MPr": 11.16,"CFt":2996.81,"CFtD":-1.44,"CPz":260.87,"CPzD":1.16,"CQt": 63.06,"CPr": 11.49},{"H": "cod.subes1","FFt":1222.61,"FFtD":6.09,"FPz":119,"FPzD":11.21,"FQt": 43.12,"FPr": 10.27,"MFt":2630.48,"MFtD":1.73,"MPz":275.88,"MPzD":3.94,"MQt": 48.32,"MPr": 9.53,"CFt":1837.26,"CFtD":1.8,"CPz":188.67,"CPzD":5.35,"CQt": 45.61,"CPr": 9.74},{"H": "cod.subes2","FFt":1319.31,"FFtD":-21,"FPz":77,"FPzD":-18.95,"FQt": 27.9,"FPr": 17.13,"MFt":1594.69,"MFtD":-8.75,"MPz":102.76,"MPzD":-9.42,"MQt": 18,"MPr": 15.52,"CFt":1159.55,"CFtD":-6.17,"CPz":72.2,"CPzD":-8.35,"CQt": 17.45,"CPr": 16.06}]},{"IPD":"PROG","PD":"YTD","TF":[{"name":"cod.me20","value":80},{"name":"cod.subes1","value":119},{"name":"cod.subes2","value":77}],"TM":[{"name":"cod.me20","value":192.26},{"name":"cod.subes1","value":275.88},{"name":"cod.subes2","value":102.76}],"TC":[{"name":"cod.me20","value":152.84},{"name":"cod.subes1","value":188.67},{"name":"cod.subes2","value":72.2}],"DTE":[{"H": "lb.l0018","FFt":3676.11,"FFtD":-12.42,"FPz":276,"FPzD":-4.5,"FQt": 100,"FPr": 13.32,"MFt":7089.43,"MFtD":0.55,"MPz":570.9,"MPzD":-1.93,"MQt": 100,"MPr": 12.42,"CFt":5249.15,"CFtD":-0.55,"CPz":413.71,"CPzD":-3.09,"CQt": 100,"CPr": 12.69},{"H": "cod.me20","FFt":1134.19,"FFtD":-17.5,"FPz":80,"FPzD":-8.05,"FQt": 28.99,"FPr": 14.18,"MFt":2864.27,"MFtD":5.41,"MPz":192.26,"MPzD":-5.42,"MQt": 33.68,"MPr": 14.9,"CFt":2252.35,"CFtD":0.66,"CPz":152.84,"CPzD":-9.58,"CQt": 36.94,"CPr": 14.74},{"H": "cod.me60","FFt":2541.92,"FFtD":-9.94,"FPz":196,"FPzD":-2.97,"FQt": 71.01,"FPr": 12.97,"MFt":4225.17,"MFtD":-2.5,"MPz":378.64,"MPzD":-0.06,"MQt": 66.32,"MPr": 11.16,"CFt":2996.81,"CFtD":-1.44,"CPz":260.87,"CPzD":1.16,"CQt": 63.06,"CPr": 11.49},{"H": "cod.subes1","FFt":1222.61,"FFtD":6.09,"FPz":119,"FPzD":11.21,"FQt": 43.12,"FPr": 10.27,"MFt":2630.48,"MFtD":1.73,"MPz":275.88,"MPzD":3.94,"MQt": 48.32,"MPr": 9.53,"CFt":1837.26,"CFtD":1.8,"CPz":188.67,"CPzD":5.35,"CQt": 45.61,"CPr": 9.74},{"H": "cod.subes2","FFt":1319.31,"FFtD":-21,"FPz":77,"FPzD":-18.95,"FQt": 27.9,"FPr": 17.13,"MFt":1594.69,"MFtD":-8.75,"MPz":102.76,"MPzD":-9.42,"MQt": 18,"MPr": 15.52,"CFt":1159.55,"CFtD":-6.17,"CPz":72.2,"CPzD":-8.35,"CQt": 17.45,"CPr": 16.06}]},{"IPD":"BIM","PD":"BIM","TF":[{"name":"cod.me20","value":7},{"name":"cod.subes1","value":10},{"name":"cod.subes2","value":7}],"TM":[{"name":"cod.me20","value":25.34},{"name":"cod.subes1","value":31.4},{"name":"cod.subes2","value":8.64}],"TC":[{"name":"cod.me20","value":20.45},{"name":"cod.subes1","value":22.42},{"name":"cod.subes2","value":6.16}],"DTE":[{"H": "lb.l0018","FFt":347.01,"FFtD":49.57,"FPz":24,"FPzD":20,"FQt": 100,"FPr": 14.46,"MFt":807.87,"MFtD":-0.24,"MPz":65.38,"MPzD":-4.12,"MQt": 100,"MPr": 12.36,"CFt":627.51,"CFtD":2.42,"CPz":49.04,"CPzD":-1.78,"CQt": 100,"CPr": 12.8},{"H": "cod.me20","FFt":115.84,"FFtD":4.73,"FPz":7,"FPzD":-12.5,"FQt": 29.17,"FPr": 16.55,"MFt":385.55,"MFtD":3.38,"MPz":25.34,"MPzD":-6.46,"MQt": 38.76,"MPr": 15.21,"CFt":312.25,"CFtD":6.34,"CPz":20.45,"CPzD":-5.62,"CQt": 41.71,"CPr": 15.27},{"H": "cod.me60","FFt":231.17,"FFtD":90.44,"FPz":17,"FPzD":41.67,"FQt": 70.83,"FPr": 13.6,"MFt":422.32,"MFtD":-3.33,"MPz":40.04,"MPzD":-2.58,"MQt": 61.24,"MPr": 10.55,"CFt":315.26,"CFtD":-1.19,"CPz":28.58,"CPzD":1.16,"CQt": 58.29,"CPr": 11.03},{"H": "cod.subes1","FFt":103.99,"FFtD":13.91,"FPz":10,"FPzD":0,"FQt": 41.67,"FPr": 10.4,"MFt":285.88,"MFtD":-2.66,"MPz":31.4,"MPzD":-2.19,"MQt": 48.03,"MPr": 9.1,"CFt":212.13,"CFtD":2.9,"CPz":22.42,"CPzD":4.14,"CQt": 45.72,"CPr": 9.46},{"H": "cod.subes2","FFt":127.18,"FFtD":322.52,"FPz":7,"FPzD":250,"FQt": 29.17,"FPr": 18.17,"MFt":136.44,"MFtD":-4.69,"MPz":8.64,"MPzD":-3.97,"MQt": 13.21,"MPr": 15.8,"CFt":103.13,"CFtD":-8.66,"CPz":6.16,"CPzD":-8.38,"CQt": 12.57,"CPr": 16.73}]},{"IPD":"UM","PD":"12/12/2019","TF":[{"name":"cod.me20","value":3},{"name":"cod.subes1","value":6},{"name":"cod.subes2","value":5}],"TM":[{"name":"cod.me20","value":12.24},{"name":"cod.subes1","value":15.66},{"name":"cod.subes2","value":4.15}],"TC":[{"name":"cod.me20","value":9.73},{"name":"cod.subes1","value":10.51},{"name":"cod.subes2","value":2.91}],"DTE":[{"H": "lb.l0018","FFt":205.94,"FFtD":67.25,"FPz":14,"FPzD":27.27,"FQt": 100,"FPr": 14.71,"MFt":394.49,"MFtD":-0.07,"MPz":32.04,"MPzD":-3.72,"MQt": 100,"MPr": 12.31,"CFt":299.53,"CFtD":1.03,"CPz":23.15,"CPzD":-4.72,"CQt": 100,"CPr": 12.94},{"H": "cod.me20","FFt":47.94,"FFtD":-14.61,"FPz":3,"FPzD":-25,"FQt": 21.43,"FPr": 15.98,"MFt":185.6,"MFtD":2.07,"MPz":12.24,"MPzD":-6.87,"MQt": 38.19,"MPr": 15.17,"CFt":150.39,"CFtD":5.57,"CPz":9.73,"CPzD":-8.55,"CQt": 42.03,"CPr": 15.46},{"H": "cod.me60","FFt":158,"FFtD":135.86,"FPz":11,"FPzD":57.14,"FQt": 78.57,"FPr": 14.36,"MFt":208.89,"MFtD":-1.9,"MPz":19.81,"MPzD":-1.66,"MQt": 61.81,"MPr": 10.55,"CFt":149.14,"CFtD":-3.18,"CPz":13.42,"CPzD":-1.73,"CQt": 57.97,"CPr": 11.11},{"H": "cod.subes1","FFt":59.41,"FFtD":-11.32,"FPz":6,"FPzD":-14.29,"FQt": 42.86,"FPr": 9.9,"MFt":142.96,"MFtD":-1.81,"MPz":15.66,"MPzD":-1.53,"MQt": 48.87,"MPr": 9.13,"CFt":99.96,"CFtD":-3.74,"CPz":10.51,"CPzD":-1.2,"CQt": 45.4,"CPr": 9.51},{"H": "cod.subes2","FFt":98.59,"FFtD":null,"FPz":5,"FPzD":null,"FQt": 35.71,"FPr": 19.72,"MFt":65.92,"MFtD":-2.09,"MPz":4.15,"MPzD":-2.17,"MQt": 12.94,"MPr": 15.9,"CFt":49.18,"CFtD":-2.03,"CPz":2.91,"CPzD":-3.61,"CQt": 12.57,"CPr": 16.91}]}]}