{ "TIT":"cod.ES3410","GF": [{"dati":[{"name":"F","value":1.14}],"opzioni":{"min":0,"max":5}}]
                       ,"GM": [{"dati":[{"name":"M","value":0.75}],"opzioni":{"min":0,"max":5}}]
                       ,"GC": [{"dati":[{"name":"C","value":1.28}],"opzioni":{"min":0,"max":5}}],"ISF2V":[{"min": 170, "max": 800}],"ISP2V":[{"min": 170, "max":800 }]   ,"ISP2":[{"name": "lb.l0006","series": [{ "name":"lb.l0052","value":334 },{ "name":"lb.l0053","value":307 },{ "name":"lb.l0054","value":305 },{ "name":"lb.l0055","value":306 },{ "name":"lb.l0056","value":304 },{ "name":"lb.l0057","value":255 },{ "name":"lb.l0058","value":334 },{ "name":"lb.l0059","value":256 },{ "name":"lb.l0060","value":275 },{ "name":"lb.l0061","value":318 },{ "name":"lb.l0062","value":312 },{ "name":"lb.l0063","value":295 }]},{"name": "lb.l0007","series": [{ "name":"lb.l0052","value":797.881081081081 },{ "name":"lb.l0053","value":702.718918918919 },{ "name":"lb.l0054","value":751.167567567568 },{ "name":"lb.l0055","value":723.162162162162 },{ "name":"lb.l0056","value":716.610810810811 },{ "name":"lb.l0057","value":671.232432432432 },{ "name":"lb.l0058","value":736.464864864865 },{ "name":"lb.l0059","value":696.32972972973 },{ "name":"lb.l0060","value":693.702702702703 },{ "name":"lb.l0061","value":768.816216216216 },{ "name":"lb.l0062","value":704.762162162162 },{ "name":"lb.l0063","value":735.886486486487 }]},{"name": "lb.l0008","series": [{ "name":"lb.l0052","value":475.090909090909 },{ "name":"lb.l0053","value":428.581818181818 },{ "name":"lb.l0054","value":451.018181818182 },{ "name":"lb.l0055","value":418.709090909091 },{ "name":"lb.l0056","value":431.327272727273 },{ "name":"lb.l0057","value":401.636363636364 },{ "name":"lb.l0058","value":433.836363636364 },{ "name":"lb.l0059","value":379.836363636364 },{ "name":"lb.l0060","value":414.581818181818 },{ "name":"lb.l0061","value":467.763636363636 },{ "name":"lb.l0062","value":418.872727272727 },{ "name":"lb.l0063","value":416.872727272727 }]}] ,"ISP1":[ {"name": "lb.l0040","series": [{"name":"2019","value":334},{"name":"2018","value":359}]},{"name": "lb.l0041","series": [{"name":"2019","value":641},{"name":"2018","value":686}]},{"name": "lb.l0042","series": [{"name":"2019","value":946},{"name":"2018","value":1032}]},{"name": "lb.l0043","series": [{"name":"2019","value":1252},{"name":"2018","value":1325}]},{"name": "lb.l0044","series": [{"name":"2019","value":1556},{"name":"2018","value":1643}]},{"name": "lb.l0045","series": [{"name":"2019","value":1811},{"name":"2018","value":1925}]},{"name": "lb.l0046","series": [{"name":"2019","value":2145},{"name":"2018","value":2249}]},{"name": "lb.l0047","series": [{"name":"2019","value":2401},{"name":"2018","value":2500}]},{"name": "lb.l0048","series": [{"name":"2019","value":2676},{"name":"2018","value":2788}]},{"name": "lb.l0049","series": [{"name":"2019","value":2994},{"name":"2018","value":3134}]},{"name": "lb.l0050","series": [{"name":"2019","value":3306},{"name":"2018","value":3471}]},{"name": "lb.l0051","series": [{"name":"2019","value":3601},{"name":"2018","value":3761}]}],"dati":[{"IPD":"MAT","PD":"MAT","TF":[{"name":"cod.me20","value":2632},{"name":"cod.subes1","value":704},{"name":"cod.subes2","value":265}],"TM":[{"name":"cod.me20","value":6867.69},{"name":"cod.subes1","value":1326.06},{"name":"cod.subes2","value":504.99}],"TC":[{"name":"cod.me20","value":4186.96},{"name":"cod.subes1","value":696.31},{"name":"cod.subes2","value":254.85}],"DTE":[{"H": "lb.l0018","FFt":21634.18,"FFtD":-9.48,"FPz":3601,"FPzD":-4.25,"FQt": 100,"FPr": 6.01,"MFt":49451.01,"MFtD":0.31,"MPz":8698.74,"MPzD":-0.27,"MQt": 100,"MPr": 5.68,"CFt":29450.64,"CFtD":-2.8,"CPz":5138.13,"CPzD":-1.98,"CQt": 100,"CPr": 5.73},{"H": "cod.me20","FFt":11716.32,"FFtD":-4.52,"FPz":2632,"FPzD":-1.24,"FQt": 73.09,"FPr": 4.45,"MFt":30552.04,"MFtD":-4,"MPz":6867.69,"MPzD":-3.12,"MQt": 78.95,"MPr": 4.45,"CFt":19485.95,"CFtD":-5.75,"CPz":4186.96,"CPzD":-3.48,"CQt": 81.49,"CPr": 4.65},{"H": "cod.me60","FFt":9917.86,"FFtD":-14.72,"FPz":969,"FPzD":-11.59,"FQt": 26.91,"FPr": 10.24,"MFt":18898.97,"MFtD":8.16,"MPz":1831.05,"MPzD":12.1,"MQt": 21.05,"MPr": 10.32,"CFt":9964.69,"CFtD":3.56,"CPz":951.16,"CPzD":5.23,"CQt": 18.51,"CPr": 10.48},{"H": "cod.subes1","FFt":4935.46,"FFtD":3.38,"FPz":704,"FPzD":-1.4,"FQt": 19.55,"FPr": 7.01,"MFt":10401.3,"MFtD":15.89,"MPz":1326.06,"MPzD":18.89,"MQt": 15.24,"MPr": 7.84,"CFt":5677.09,"CFtD":7.99,"CPz":696.31,"CPzD":9.17,"CQt": 13.55,"CPr": 8.15},{"H": "cod.subes2","FFt":4982.4,"FFtD":-27.32,"FPz":265,"FPzD":-30.63,"FQt": 7.36,"FPr": 18.8,"MFt":8497.66,"MFtD":0,"MPz":504.99,"MPzD":-2.54,"MQt": 5.81,"MPr": 16.83,"CFt":4287.6,"CFtD":-1.79,"CPz":254.85,"CPzD":-4.21,"CQt": 4.96,"CPr": 16.82}]},{"IPD":"PROG","PD":"YTD","TF":[{"name":"cod.me20","value":2632},{"name":"cod.subes1","value":704},{"name":"cod.subes2","value":265}],"TM":[{"name":"cod.me20","value":6867.69},{"name":"cod.subes1","value":1326.06},{"name":"cod.subes2","value":504.99}],"TC":[{"name":"cod.me20","value":4186.96},{"name":"cod.subes1","value":696.31},{"name":"cod.subes2","value":254.85}],"DTE":[{"H": "lb.l0018","FFt":21634.18,"FFtD":-9.48,"FPz":3601,"FPzD":-4.25,"FQt": 100,"FPr": 6.01,"MFt":49451.01,"MFtD":0.31,"MPz":8698.74,"MPzD":-0.27,"MQt": 100,"MPr": 5.68,"CFt":29450.64,"CFtD":-2.8,"CPz":5138.13,"CPzD":-1.98,"CQt": 100,"CPr": 5.73},{"H": "cod.me20","FFt":11716.32,"FFtD":-4.52,"FPz":2632,"FPzD":-1.24,"FQt": 73.09,"FPr": 4.45,"MFt":30552.04,"MFtD":-4,"MPz":6867.69,"MPzD":-3.12,"MQt": 78.95,"MPr": 4.45,"CFt":19485.95,"CFtD":-5.75,"CPz":4186.96,"CPzD":-3.48,"CQt": 81.49,"CPr": 4.65},{"H": "cod.me60","FFt":9917.86,"FFtD":-14.72,"FPz":969,"FPzD":-11.59,"FQt": 26.91,"FPr": 10.24,"MFt":18898.97,"MFtD":8.16,"MPz":1831.05,"MPzD":12.1,"MQt": 21.05,"MPr": 10.32,"CFt":9964.69,"CFtD":3.56,"CPz":951.16,"CPzD":5.23,"CQt": 18.51,"CPr": 10.48},{"H": "cod.subes1","FFt":4935.46,"FFtD":3.38,"FPz":704,"FPzD":-1.4,"FQt": 19.55,"FPr": 7.01,"MFt":10401.3,"MFtD":15.89,"MPz":1326.06,"MPzD":18.89,"MQt": 15.24,"MPr": 7.84,"CFt":5677.09,"CFtD":7.99,"CPz":696.31,"CPzD":9.17,"CQt": 13.55,"CPr": 8.15},{"H": "cod.subes2","FFt":4982.4,"FFtD":-27.32,"FPz":265,"FPzD":-30.63,"FQt": 7.36,"FPr": 18.8,"MFt":8497.66,"MFtD":0,"MPz":504.99,"MPzD":-2.54,"MQt": 5.81,"MPr": 16.83,"CFt":4287.6,"CFtD":-1.79,"CPz":254.85,"CPzD":-4.21,"CQt": 4.96,"CPr": 16.82}]},{"IPD":"BIM","PD":"BIM","TF":[{"name":"cod.me20","value":440},{"name":"cod.subes1","value":134},{"name":"cod.subes2","value":33}],"TM":[{"name":"cod.me20","value":1094.91},{"name":"cod.subes1","value":269.75},{"name":"cod.subes2","value":75.98}],"TC":[{"name":"cod.me20","value":661.53},{"name":"cod.subes1","value":137.42},{"name":"cod.subes2","value":36.8}],"DTE":[{"H": "lb.l0018","FFt":3467.27,"FFtD":-11.81,"FPz":607,"FPzD":-3.19,"FQt": 100,"FPr": 5.71,"MFt":8144.36,"MFtD":-0.92,"MPz":1440.65,"MPzD":-1.85,"MQt": 100,"MPr": 5.65,"CFt":4731.54,"CFtD":-3.45,"CPz":835.75,"CPzD":-3.01,"CQt": 100,"CPr": 5.66},{"H": "cod.me20","FFt":1915.67,"FFtD":-14.83,"FPz":440,"FPzD":-4.97,"FQt": 72.49,"FPr": 4.35,"MFt":4868.9,"MFtD":-9.02,"MPz":1094.91,"MPzD":-8.91,"MQt": 76,"MPr": 4.45,"CFt":3047.75,"CFtD":-10.16,"CPz":661.53,"CPzD":-8.15,"CQt": 79.15,"CPr": 4.61},{"H": "cod.me60","FFt":1551.6,"FFtD":-7.77,"FPz":167,"FPzD":1.83,"FQt": 27.51,"FPr": 9.29,"MFt":3275.46,"MFtD":14.19,"MPz":345.74,"MPzD":30.07,"MQt": 24,"MPr": 9.47,"CFt":1683.79,"CFtD":11.66,"CPz":174.22,"CPzD":23.19,"CQt": 20.85,"CPr": 9.66},{"H": "cod.subes1","FFt":925.75,"FFtD":34.01,"FPz":134,"FPzD":24.07,"FQt": 22.08,"FPr": 6.91,"MFt":1969.77,"MFtD":35.08,"MPz":269.75,"MPzD":47.8,"MQt": 18.72,"MPr": 7.3,"CFt":1050.69,"CFtD":26.98,"CPz":137.42,"CPzD":36.25,"CQt": 16.44,"CPr": 7.65},{"H": "cod.subes2","FFt":625.85,"FFtD":-36.88,"FPz":33,"FPzD":-41.07,"FQt": 5.44,"FPr": 18.97,"MFt":1305.69,"MFtD":-7.42,"MPz":75.98,"MPzD":-8.77,"MQt": 5.27,"MPr": 17.18,"CFt":633.1,"CFtD":-6.96,"CPz":36.8,"CPzD":-9.28,"CQt": 4.4,"CPr": 17.2}]},{"IPD":"UM","PD":"12/12/2019","TF":[{"name":"cod.me20","value":219},{"name":"cod.subes1","value":63},{"name":"cod.subes2","value":13}],"TM":[{"name":"cod.me20","value":555.97},{"name":"cod.subes1","value":142.99},{"name":"cod.subes2","value":36.93}],"TC":[{"name":"cod.me20","value":328.07},{"name":"cod.subes1","value":71.33},{"name":"cod.subes2","value":17.47}],"DTE":[{"H": "lb.l0018","FFt":1642.22,"FFtD":-7.8,"FPz":295,"FPzD":1.72,"FQt": 100,"FPr": 5.57,"MFt":4115.92,"MFtD":0.06,"MPz":735.89,"MPzD":-1.91,"MQt": 100,"MPr": 5.59,"CFt":2329.93,"CFtD":-2.26,"CPz":416.87,"CPzD":-1.58,"CQt": 100,"CPr": 5.59},{"H": "cod.me20","FFt":996.91,"FFtD":-0.1,"FPz":219,"FPzD":3.3,"FQt": 74.24,"FPr": 4.55,"MFt":2460.13,"MFtD":-9.46,"MPz":555.97,"MPzD":-10.09,"MQt": 75.55,"MPr": 4.42,"CFt":1503.39,"CFtD":-8.99,"CPz":328.07,"CPzD":-7.61,"CQt": 78.7,"CPr": 4.58},{"H": "cod.me60","FFt":645.31,"FFtD":-17.61,"FPz":76,"FPzD":-2.56,"FQt": 25.76,"FPr": 8.49,"MFt":1655.8,"MFtD":18.58,"MPz":179.92,"MPzD":36.44,"MQt": 24.45,"MPr": 9.2,"CFt":826.54,"CFtD":12.91,"CPz":88.8,"CPzD":29.69,"CQt": 21.3,"CPr": 9.31},{"H": "cod.subes1","FFt":435.21,"FFtD":32.11,"FPz":63,"FPzD":18.87,"FQt": 21.36,"FPr": 6.91,"MFt":1030.39,"MFtD":40.82,"MPz":142.99,"MPzD":55.89,"MQt": 19.43,"MPr": 7.21,"CFt":540.4,"CFtD":32.21,"CPz":71.33,"CPzD":45.51,"CQt": 17.11,"CPr": 7.58},{"H": "cod.subes2","FFt":210.1,"FFtD":-53.71,"FPz":13,"FPzD":-48,"FQt": 4.41,"FPr": 16.16,"MFt":625.41,"MFtD":-5.91,"MPz":36.93,"MPzD":-8,"MQt": 5.02,"MPr": 16.94,"CFt":286.14,"CFtD":-11.49,"CPz":17.47,"CPzD":-10.19,"CQt": 4.19,"CPr": 16.38}]}]}