{
"Merceologia":"cod.me210"
,"Tempo":"BIM"

,"datiTabRiass":[
{"F":6804.36,"M":6449.3214,"C":2876.2649,"Tipo":"c","H":"dt.d0011"}
,{"F":  -3.23,"M":  -3.4900,"C":  -4.5400,"Tipo":"i","H":"dt.d0012"}
,{"F": 238.00,"M": 305.4757,"C": 156.9091,"Tipo":"n","H":"dt.d0013"}
,{"F":  -4.03,"M":  -1.8000,"C":   9.1700,"Tipo":"i","H":"dt.d0026"}]
,"datiDettDittaF":[
{"DD":"LIERAC","FRF":1,"FRP":2,"FF":1809.32,"FFD":-27.16,"FQt":26.59,"FPz":32,"FPzD":-31.91,"FPr":56.54,"FRef":1,"MRF":6,"MRP":12,"CRF":15,"CRP":23}
,{"DD":"LA ROCHE POSAY","FRF":2,"FRP":1,"FF":1235.65,"FFD":0.8,"FQt":18.16,"FPz":54,"FPzD":-12.9,"FPr":22.88,"FRef":57,"MRF":5,"MRP":6,"CRF":10,"CRP":11}
,{"DD":"CAUDALIE","FRF":3,"FRP":3,"FF":1057.72,"FFD":45.99,"FQt":15.54,"FPz":32,"FPzD":23.08,"FPr":33.05,"FRef":1,"MRF":3,"MRP":3,"CRF":1,"CRP":2}
,{"DD":"CANTABRIA LABS","FRF":4,"FRP":6,"FF":438.9,"FFD":-14.45,"FQt":6.45,"FPz":13,"FPzD":-7.14,"FPr":33.76,"FRef":17,"MRF":4,"MRP":4,"CRF":4,"CRP":7}
,{"DD":"VICHY","FRF":5,"FRP":4,"FF":419.6,"FFD":21.77,"FQt":6.17,"FPz":19,"FPzD":46.15,"FPr":22.08,"FRef":38,"MRF":12,"MRP":14,"CRF":13,"CRP":18}
,{"DD":"PIERRE FABRE IBERICA","FRF":6,"FRP":5,"FF":331.05,"FFD":66.15,"FQt":4.87,"FPz":17,"FPzD":54.55,"FPr":19.47,"FRef":19,"MRF":1,"MRP":1,"CRF":2,"CRP":1}
,{"DD":"MARTIDERM","FRF":7,"FRP":9,"FF":257.35,"FFD":-13.38,"FQt":3.78,"FPz":7,"FPzD":-12.5,"FPr":36.76,"FRef":11,"MRF":2,"MRP":2,"CRF":3,"CRP":3}
,{"DD":"BIODERMA-NAOS SKIN CARE","FRF":8,"FRP":8,"FF":144.85,"FFD":149.74,"FQt":2.13,"FPz":8,"FPzD":166.67,"FPr":18.11,"FRef":7,"MRF":7,"MRP":5,"CRF":6,"CRP":5}
,{"DD":"VEMEDIA PH.","FRF":9,"FRP":13,"FF":116.9,"FFD":58.19,"FQt":1.72,"FPz":3,"FPzD":50,"FPr":38.97,"FRef":4,"MRF":17,"MRP":20,"CRF":20,"CRP":32}
,{"DD":"HEEL ESPAÑA","FRF":10,"FRP":7,"FF":98.01,"FFD":-42.06,"FQt":1.44,"FPz":10,"FPzD":-41.18,"FPr":9.8,"FRef":1,"MRF":33,"MRP":30,"CRF":33,"CRP":31}]
,"datiDettDittaM":[
{"DD":"LIERAC","FRF":1,"FRP":2,"MRF":6,"MRP":12,"MF":281.61,"MFD":-47.63,"MQt":4.73,"MPz":6,"MPzD":-37.68,"MPr":49.06,"MRef":1}
,{"DD":"LA ROCHE POSAY","FRF":2,"FRP":1,"MRF":5,"MRP":6,"MF":306.16,"MFD":11.01,"MQt":5.14,"MPz":15,"MPzD":3.31,"MPr":19.89,"MRef":27}
,{"DD":"CAUDALIE","FRF":3,"FRP":3,"MRF":3,"MRP":3,"MF":630.24,"MFD":-2,"MQt":10.59,"MPz":27,"MPzD":-6.06,"MPr":23,"MRef":1}
,{"DD":"CANTABRIA LABS","FRF":4,"FRP":6,"MRF":4,"MRP":4,"MF":605.62,"MFD":25.86,"MQt":10.17,"MPz":16,"MPzD":18.49,"MPr":37.03,"MRef":31}
,{"DD":"PIERRE FABRE IBERICA","FRF":6,"FRP":5,"MRF":1,"MRP":1,"MF":685.48,"MFD":6.39,"MQt":11.52,"MPz":37,"MPzD":4.22,"MPr":18.37,"MRef":52}
,{"DD":"MARTIDERM","FRF":7,"FRP":9,"MRF":2,"MRP":2,"MF":642.18,"MFD":21.81,"MQt":10.79,"MPz":27,"MPzD":23.88,"MPr":23.91,"MRef":31}
,{"DD":"BIODERMA-NAOS SKIN CARE","FRF":8,"FRP":8,"MRF":7,"MRP":5,"MF":269.98,"MFD":14.54,"MQt":4.54,"MPz":16,"MPzD":14.86,"MPr":17.07,"MRef":25}
,{"DD":"ISDIN","FRF":15,"FRP":16,"MRF":10,"MRP":7,"MF":178.86,"MFD":-6.64,"MQt":3,"MPz":10,"MPzD":27.94,"MPr":18.43,"MRef":12}
,{"DD":"DERMOFARM","FRF":16,"FRP":23,"MRF":9,"MRP":9,"MF":224.12,"MFD":-7.53,"MQt":3.77,"MPz":8,"MPzD":-9.37,"MPr":26.59,"MRef":9}
,{"DD":"SKINCEUTICALS","FRF":49,"FRP":49,"MRF":8,"MRP":24,"MF":237.83,"MFD":12.64,"MQt":4,"MPz":2,"MPzD":-7.27,"MPr":96.7,"MRef":4}]
,"datiDettDittaC":[
{"DD":"LA ROCHE POSAY","FRF":2,"FRP":1,"CRF":10,"CRP":11,"CF":74.94,"CFD":-1.76,"CQt":2.81,"CPz":4,"CPzD":-3.08,"CPr":19.63,"CRef":7}
,{"DD":"CAUDALIE","FRF":3,"FRP":3,"CRF":1,"CRP":2,"CF":361.88,"CFD":20.58,"CQt":13.59,"CPz":11,"CPzD":23.47,"CPr":33.85,"CRef":1}
,{"DD":"CANTABRIA LABS","FRF":4,"FRP":6,"CRF":4,"CRP":7,"CF":207.61,"CFD":23.1,"CQt":7.8,"CPz":6,"CPzD":24.06,"CPr":35.68,"CRef":10}
,{"DD":"PIERRE FABRE IBERICA","FRF":6,"FRP":5,"CRF":2,"CRP":1,"CF":324.91,"CFD":7.89,"CQt":12.2,"CPz":17,"CPzD":-0.74,"CPr":18.85,"CRef":29}
,{"DD":"MARTIDERM","FRF":7,"FRP":9,"CRF":3,"CRP":3,"CF":229.21,"CFD":-12.3,"CQt":8.61,"CPz":11,"CPzD":-3.51,"CPr":21.55,"CRef":15}
,{"DD":"BIODERMA-NAOS SKIN CARE","FRF":8,"FRP":8,"CRF":6,"CRP":5,"CF":123.33,"CFD":22.41,"CQt":4.63,"CPz":8,"CPzD":25.71,"CPr":15.89,"CRef":16}
,{"DD":"URIAGE","FRF":12,"FRP":10,"CRF":8,"CRP":9,"CF":91.67,"CFD":21.47,"CQt":3.44,"CPz":5,"CPzD":21.15,"CPr":17.94,"CRef":5}
,{"DD":"APIVITA","FRF":36,"FRP":36,"CRF":9,"CRP":10,"CF":76.91,"CFD":-48.65,"CQt":2.89,"CPz":4,"CPzD":-38.2,"CPr":18.47,"CRef":1}
,{"DD":"DARPHIN","FRF":41,"FRP":41,"CRF":7,"CRP":17,"CF":120.16,"CFD":-15.06,"CQt":4.51,"CPz":2,"CPzD":-17.91,"CPr":56.97,"CRef":1}
,{"DD":"NUXE","FRF":46,"FRP":46,"CRF":5,"CRP":8,"CF":133.14,"CFD":-23.65,"CQt":5,"CPz":5,"CPzD":-4.84,"CPr":29.53,"CRef":1}]
}