{
"Merceologia":"cod.me290"
,"Tempo":"BIM"

,"datiTabRiass":[
{"F":762.46,"M":692.0041,"C":333.51782,"Tipo":"c","H":"dt.d0011"}
,{"F": 13.97,"M":  9.7300,"C":  3.65000,"Tipo":"i","H":"dt.d0012"}
,{"F": 78.00,"M": 74.2973,"C": 37.18182,"Tipo":"n","H":"dt.d0013"}
,{"F":  8.33,"M":  3.8800,"C": -4.17000,"Tipo":"i","H":"dt.d0026"}]
,"datiDettDittaF":[
{"DD":"VICHY","FRF":1,"FRP":1,"FF":210.9,"FFD":null,"FQt":29.02,"FPz":24,"FPzD":null,"FPr":8.79,"FRef":4,"MRF":14,"MRP":14,"CRF":14,"CRP":14}
,{"DD":"CAUDALIE","FRF":2,"FRP":2,"FF":200.55,"FFD":24.49,"FQt":27.6,"FPz":22,"FPzD":22.22,"FPr":9.12,"FRef":1,"MRF":6,"MRP":6,"CRF":6,"CRP":6}
,{"DD":"ISDIN","FRF":3,"FRP":4,"FF":79.5,"FFD":-3.46,"FQt":10.94,"FPz":3,"FPzD":-25,"FPr":26.5,"FRef":4,"MRF":2,"MRP":3,"CRF":2,"CRP":3}
,{"DD":"JOHNSON & JOHNSON","FRF":4,"FRP":3,"FF":58.25,"FFD":-43.06,"FQt":8.02,"FPz":6,"FPzD":-33.33,"FPr":9.71,"FRef":8,"MRF":1,"MRP":1,"CRF":1,"CRP":1}
,{"DD":"FERRER INTERNACIONAL","FRF":5,"FRP":5,"FF":25.5,"FFD":null,"FQt":3.51,"FPz":3,"FPzD":null,"FPr":8.5,"FRef":1,"MRF":16,"MRP":17,"CRF":16,"CRP":11}
,{"DD":"HULKA","FRF":6,"FRP":9,"FF":23.5,"FFD":null,"FQt":3.23,"FPz":1,"FPzD":null,"FPr":23.5,"FRef":1,"MRF":15,"MRP":19,"CRF":17,"CRP":19}
,{"DD":"RECKITT BENCKISER HEALTHCARE  S A","FRF":7,"FRP":6,"FF":19.9,"FFD":122.35,"FQt":2.74,"FPz":2,"FPzD":100,"FPr":9.95,"FRef":9,"MRF":4,"MRP":5,"CRF":5,"CRP":5}
,{"DD":"DISTRIX-ACM","FRF":8,"FRP":10,"FF":17.35,"FFD":null,"FQt":2.39,"FPz":1,"FPzD":null,"FPr":17.35,"FRef":1,"MRF":22,"MRP":22,"CRF":22,"CRP":22}
,{"DD":"VECTEM","FRF":9,"FRP":7,"FF":17.1,"FFD":null,"FQt":2.35,"FPz":2,"FPzD":null,"FPr":8.55,"FRef":2,"MRF":8,"MRP":9,"CRF":7,"CRP":7}
,{"DD":"COSMECLINIK","FRF":10,"FRP":11,"FF":15.95,"FFD":-23.87,"FQt":2.19,"FPz":1,"FPzD":0,"FPr":15.95,"FRef":1,"MRF":21,"MRP":21,"CRF":19,"CRP":20}]
,"datiDettDittaM":[
{"DD":"CAUDALIE","FRF":2,"FRP":2,"MRF":6,"MRP":6,"MF":23.14,"MFD":5.98,"MQt":3.47,"MPz":3,"MPzD":12.8,"MPr":8.6,"MRef":1}
,{"DD":"ISDIN","FRF":3,"FRP":4,"MRF":2,"MRP":3,"MF":75.55,"MFD":101.87,"MQt":11.33,"MPz":5,"MPzD":125.06,"MPr":16.29,"MRef":5}
,{"DD":"JOHNSON & JOHNSON","FRF":4,"FRP":3,"MRF":1,"MRP":1,"MF":166.62,"MFD":15.16,"MQt":24.99,"MPz":17,"MPzD":10.58,"MPr":9.56,"MRef":12}
,{"DD":"RECKITT BENCKISER HEALTHCARE  S A","FRF":7,"FRP":6,"MRF":4,"MRP":5,"MF":45.72,"MFD":-33.04,"MQt":6.86,"MPz":3,"MPzD":-23.13,"MPr":16.23,"MRef":7}
,{"DD":"VECTEM","FRF":9,"FRP":7,"MRF":8,"MRP":9,"MF":19.47,"MFD":17.15,"MQt":2.92,"MPz":2,"MPzD":7.56,"MPr":9.07,"MRef":3}
,{"DD":"BDF BEIERSDORF","FRF":12,"FRP":13,"MRF":7,"MRP":7,"MF":20.85,"MFD":10.89,"MQt":3.13,"MPz":3,"MPzD":14.2,"MPr":8.14,"MRef":2}
,{"DD":"BAYER HISPANIA S.L.","FRF":13,"FRP":14,"MRF":3,"MRP":2,"MF":73.14,"MFD":18.63,"MQt":10.97,"MPz":8,"MPzD":9.63,"MPr":8.64,"MRef":2}
,{"DD":"VIÑAS","FRF":14,"FRP":15,"MRF":5,"MRP":4,"MF":37.76,"MFD":-1.24,"MQt":5.66,"MPz":4,"MPzD":-15.53,"MPr":8.47,"MRef":5}
,{"DD":"PIERRE FABRE IBERICA","FRF":21,"FRP":21,"MRF":10,"MRP":10,"MF":15.99,"MFD":-8.88,"MQt":2.4,"MPz":2,"MPzD":12.8,"MPr":10.17,"MRef":2}
,{"DD":"URGO","FRF":22,"FRP":22,"MRF":9,"MRP":12,"MF":16.01,"MFD":49.64,"MQt":2.4,"MPz":1,"MPzD":25,"MPr":13.71,"MRef":1}]
,"datiDettDittaC":[
{"DD":"CAUDALIE","FRF":2,"FRP":2,"CRF":6,"CRP":6,"CF":10.5,"CFD":56.53,"CQt":3.3,"CPz":1,"CPzD":22.22,"CPr":8.5,"CRef":1}
,{"DD":"ISDIN","FRF":3,"FRP":4,"CRF":2,"CRP":3,"CF":40.66,"CFD":84.2,"CQt":12.77,"CPz":3,"CPzD":126.03,"CPr":15.11,"CRef":4}
,{"DD":"JOHNSON & JOHNSON","FRF":4,"FRP":3,"CRF":1,"CRP":1,"CF":57.32,"CFD":1.39,"CQt":18,"CPz":6,"CPzD":0,"CPr":9.88,"CRef":8}
,{"DD":"RECKITT BENCKISER HEALTHCARE  S A","FRF":7,"FRP":6,"CRF":5,"CRP":5,"CF":21.45,"CFD":-29.96,"CQt":6.73,"CPz":1,"CPzD":-42.71,"CPr":17.61,"CRef":4}
,{"DD":"VECTEM","FRF":9,"FRP":7,"CRF":7,"CRP":7,"CF":9.79,"CFD":26.57,"CQt":3.07,"CPz":1,"CPzD":17.02,"CPr":9.29,"CRef":2}
,{"DD":"BDF BEIERSDORF","FRF":12,"FRP":13,"CRF":8,"CRP":8,"CF":9.11,"CFD":-20.24,"CQt":2.86,"CPz":1,"CPzD":-30.38,"CPr":8.5,"CRef":1}
,{"DD":"BAYER HISPANIA S.L.","FRF":13,"FRP":14,"CRF":3,"CRP":2,"CF":37.2,"CFD":-6.62,"CQt":11.68,"CPz":4,"CPzD":-14.4,"CPr":8.6,"CRef":2}
,{"DD":"VIÑAS","FRF":14,"FRP":15,"CRF":4,"CRP":4,"CF":23.08,"CFD":0.56,"CQt":7.25,"CPz":3,"CPzD":1.85,"CPr":8.69,"CRef":3}
,{"DD":"NEUSC","FRF":15,"FRP":16,"CRF":9,"CRP":9,"CF":7.44,"CFD":10.12,"CQt":2.34,"CPz":1,"CPzD":-19.12,"CPr":5.46,"CRef":2}
,{"DD":"NUXE","FRF":19,"FRP":20,"CRF":10,"CRP":10,"CF":7.34,"CFD":-11.31,"CQt":2.3,"CPz":0.873,"CPzD":9.13,"CPr":8.41,"CRef":1}]
}