{
"Merceologia":"cod.me30"
,"Tempo":"BIM"

,"datiTabRiass":[
{"F":7719.85,"M":12834.28038,"C":9493.92364,"Tipo":"c","H":"dt.d0011"}
,{"F": -22.30,"M":    2.30000,"C":   0.69000,"Tipo":"i","H":"dt.d0012"}
,{"F":  33.00,"M":   60.53514,"C":  44.72727,"Tipo":"n","H":"dt.d0013"}
,{"F": -36.54,"M":    7.48000,"C":   7.19000,"Tipo":"i","H":"dt.d0026"}]
,"datiDettDittaF":[
{"DD":"PFIZER","FRF":1,"FRP":1,"FF":2002.4,"FFD":null,"FQt":25.94,"FPz":6,"FPzD":null,"FPr":333.73,"FRef":3,"MRF":16,"MRP":21,"CRF":18,"CRP":20}
,{"DD":"IPSEN PHARMA","FRF":2,"FRP":3,"FF":1181.7,"FFD":4.69,"FQt":15.31,"FPz":3,"FPzD":50,"FPr":393.9,"FRef":2,"MRF":9,"MRP":14,"CRF":7,"CRP":13}
,{"DD":"MERZ PHARMA","FRF":3,"FRP":7,"FF":1043.64,"FFD":100,"FQt":13.52,"FPz":2,"FPzD":100,"FPr":521.82,"FRef":1,"MRF":22,"MRP":22,"CRF":22,"CRP":22}
,{"DD":"ASTELLAS PHARMA","FRF":4,"FRP":2,"FF":564.12,"FFD":45.04,"FQt":7.31,"FPz":4,"FPzD":33.33,"FPr":141.03,"FRef":5,"MRF":2,"MRP":2,"CRF":2,"CRP":2}
,{"DD":"LABORATORIOS BIAL","FRF":5,"FRP":4,"FF":511.41,"FFD":172.72,"FQt":6.62,"FPz":3,"FPzD":200,"FPr":170.47,"FRef":1,"MRF":3,"MRP":3,"CRF":3,"CRP":3}
,{"DD":"MSD","FRF":6,"FRP":5,"FF":493.73,"FFD":-7.95,"FQt":6.4,"FPz":3,"FPzD":0,"FPr":164.58,"FRef":3,"MRF":10,"MRP":7,"CRF":11,"CRP":10}
,{"DD":"LUNDBECK ESPAÑA","FRF":7,"FRP":6,"FF":456.84,"FFD":-50.77,"FQt":5.92,"FPz":3,"FPzD":-57.14,"FPr":152.28,"FRef":3,"MRF":8,"MRP":4,"CRF":8,"CRP":4}
,{"DD":"UCB PHARMA  S A","FRF":8,"FRP":8,"FF":319.72,"FFD":null,"FQt":4.14,"FPz":2,"FPzD":null,"FPr":159.86,"FRef":1,"MRF":18,"MRP":16,"CRF":15,"CRP":12}
,{"DD":"MYLAN PHARMACEUTICALS S L","FRF":9,"FRP":9,"FF":288.4,"FFD":null,"FQt":3.74,"FPz":2,"FPzD":null,"FPr":144.2,"FRef":1,"MRF":23,"MRP":23,"CRF":23,"CRP":23}
,{"DD":"AMGEN","FRF":10,"FRP":10,"FF":225.59,"FFD":0,"FQt":2.92,"FPz":1,"FPzD":0,"FPr":225.59,"FRef":1,"MRF":1,"MRP":1,"CRF":1,"CRP":1}]
,"datiDettDittaM":[
{"DD":"IPSEN PHARMA","FRF":2,"FRP":3,"MRF":9,"MRP":14,"MF":565.69,"MFD":4.12,"MQt":4.41,"MPz":1,"MPzD":-7.5,"MPr":513,"MRef":2}
,{"DD":"ASTELLAS PHARMA","FRF":4,"FRP":2,"MRF":2,"MRP":2,"MF":947.68,"MFD":-8.98,"MQt":7.4,"MPz":5,"MPzD":-4.44,"MPr":173.93,"MRef":5}
,{"DD":"LABORATORIOS BIAL","FRF":5,"FRP":4,"MRF":3,"MRP":3,"MF":869.83,"MFD":8.12,"MQt":6.79,"MPz":5,"MPzD":17.09,"MPr":170.65,"MRef":1}
,{"DD":"MSD","FRF":6,"FRP":5,"MRF":10,"MRP":7,"MF":520.15,"MFD":20.51,"MQt":4.06,"MPz":3,"MPzD":34.06,"MPr":174.96,"MRef":3}
,{"DD":"LUNDBECK ESPAÑA","FRF":7,"FRP":6,"MRF":8,"MRP":4,"MF":565.69,"MFD":8.18,"MQt":4.41,"MPz":5,"MPzD":5.23,"MPr":113.26,"MRef":4}
,{"DD":"AMGEN","FRF":10,"FRP":10,"MRF":1,"MRP":1,"MF":1193.75,"MFD":-3.63,"MQt":9.32,"MPz":5,"MPzD":-8.78,"MPr":226.04,"MRef":1}
,{"DD":"SANOFI AVENTIS S.A.","FRF":12,"FRP":12,"MRF":7,"MRP":6,"MF":591.32,"MFD":-22.68,"MQt":4.61,"MPz":3,"MPzD":-19.57,"MPr":180.82,"MRef":6}
,{"DD":"ELANCO","FRF":18,"FRP":18,"MRF":4,"MRP":8,"MF":705.58,"MFD":-11.78,"MQt":5.51,"MPz":2,"MPzD":1.37,"MPr":406.64,"MRef":1}
,{"DD":"OTSUKA PHARMACEUTICAL","FRF":21,"FRP":21,"MRF":6,"MRP":9,"MF":605.4,"MFD":11.68,"MQt":4.72,"MPz":2,"MPzD":16.35,"MPr":315.49,"MRef":2}
,{"DD":"ROVI","FRF":23,"FRP":23,"MRF":5,"MRP":5,"MF":681.59,"MFD":17.89,"MQt":5.32,"MPz":3,"MPzD":44.53,"MPr":264.9,"MRef":6}]
,"datiDettDittaC":[
{"DD":"IPSEN PHARMA","FRF":2,"FRP":3,"CRF":7,"CRP":13,"CF":450.66,"CFD":28.4,"CQt":4.75,"CPz":0.909,"CPzD":21.94,"CPr":495.73,"CRef":2}
,{"DD":"ASTELLAS PHARMA","FRF":4,"FRP":2,"CRF":2,"CRP":2,"CF":749.73,"CFD":-10.05,"CQt":7.9,"CPz":4,"CPzD":-9.09,"CPr":176.98,"CRef":4}
,{"DD":"LABORATORIOS BIAL","FRF":5,"FRP":4,"CRF":3,"CRP":3,"CF":706.68,"CFD":9.09,"CQt":7.45,"CPz":4,"CPzD":15.79,"CPr":171.22,"CRef":1}
,{"DD":"LUNDBECK ESPAÑA","FRF":7,"FRP":6,"CRF":8,"CRP":4,"CF":438.4,"CFD":25.91,"CQt":4.62,"CPz":4,"CPzD":34.15,"CPr":120.56,"CRef":4}
,{"DD":"AMGEN","FRF":10,"FRP":10,"CRF":1,"CRP":1,"CF":816.23,"CFD":-9.93,"CQt":8.6,"CPz":4,"CPzD":0,"CPr":225.59,"CRef":1}
,{"DD":"SANOFI AVENTIS S.A.","FRF":12,"FRP":12,"CRF":9,"CRP":8,"CF":378.69,"CFD":-20.87,"CQt":3.99,"CPz":2,"CPzD":-14.06,"CPr":178.02,"CRef":5}
,{"DD":"ALLERGAN S A","FRF":15,"FRP":15,"CRF":5,"CRP":6,"CF":495.16,"CFD":59.45,"CQt":5.22,"CPz":2,"CPzD":80.33,"CPr":249.85,"CRef":1}
,{"DD":"ELANCO","FRF":18,"FRP":18,"CRF":4,"CRP":5,"CF":670.7,"CFD":-9.9,"CQt":7.07,"CPz":2,"CPzD":8.91,"CPr":409.87,"CRef":1}
,{"DD":"FERRER FARMA","FRF":19,"FRP":19,"CRF":10,"CRP":9,"CF":323.35,"CFD":-30.45,"CQt":3.41,"CPz":2,"CPzD":-9.84,"CPr":191.23,"CRef":3}
,{"DD":"ROVI","FRF":23,"FRP":23,"CRF":6,"CRP":7,"CF":490.91,"CFD":13.97,"CQt":5.17,"CPz":2,"CPzD":34.15,"CPr":243.24,"CRef":3}]
}