{
"Merceologia":"cod.me90"
,"Tempo":"BIM"

,"datiTabRiass":[
{"F":11018.21,"M":15993.302,"C":8327.293,"Tipo":"c","H":"dt.d0011"}
,{"F":   17.53,"M":    3.980,"C":   2.020,"Tipo":"i","H":"dt.d0012"}
,{"F": 1249.00,"M": 2033.103,"C":1062.327,"Tipo":"n","H":"dt.d0013"}
,{"F":    2.29,"M":    2.620,"C":  -0.250,"Tipo":"i","H":"dt.d0026"}]
,"datiDettDittaF":[
{"DD":"ZAMBON","FRF":1,"FRP":1,"FF":1208.59,"FFD":13.74,"FQt":11.09,"FPz":166,"FPzD":9.21,"FPr":7.28,"FRef":10,"MRF":2,"MRP":1,"CRF":2,"CRP":2}
,{"DD":"JOHNSON & JOHNSON","FRF":2,"FRP":3,"FF":1169,"FFD":30.33,"FQt":10.73,"FPz":105,"FPzD":28.05,"FPr":11.13,"FRef":25,"MRF":1,"MRP":2,"CRF":1,"CRP":1}
,{"DD":"NOVARTIS","FRF":3,"FRP":6,"FF":1006.27,"FFD":110.57,"FQt":9.24,"FPz":61,"FPzD":38.64,"FPr":16.5,"FRef":16,"MRF":8,"MRP":9,"CRF":7,"CRP":7}
,{"DD":"BAYER HISPANIA S.L.","FRF":4,"FRP":2,"FF":985.12,"FFD":-3.12,"FQt":9.04,"FPz":114,"FPzD":-8.06,"FPr":8.64,"FRef":26,"MRF":3,"MRP":4,"CRF":4,"CRP":4}
,{"DD":"NOVAG","FRF":5,"FRP":5,"FF":690.56,"FFD":97.31,"FQt":6.34,"FPz":74,"FPzD":68.18,"FPr":9.33,"FRef":3,"MRF":18,"MRP":20,"CRF":25,"CRP":26}
,{"DD":"ALMIRALL S.A.","FRF":6,"FRP":7,"FF":619.88,"FFD":-14.27,"FQt":5.69,"FPz":59,"FPzD":-23.38,"FPr":10.51,"FRef":12,"MRF":5,"MRP":6,"CRF":5,"CRP":6}
,{"DD":"GLAXO SMITHKLINE","FRF":7,"FRP":14,"FF":539.96,"FFD":765.6,"FQt":4.96,"FPz":37,"FPzD":311.11,"FPr":14.59,"FRef":14,"MRF":10,"MRP":11,"CRF":9,"CRP":11}
,{"DD":"FERRER INTERNACIONAL","FRF":8,"FRP":4,"FF":391.75,"FFD":7.5,"FQt":3.6,"FPz":86,"FPzD":-10.42,"FPr":4.56,"FRef":11,"MRF":9,"MRP":7,"CRF":11,"CRP":9}
,{"DD":"BOEHRINGER INGELHEIM, S.A.","FRF":9,"FRP":9,"FF":381.65,"FFD":-34.82,"FQt":3.5,"FPz":46,"FPzD":-39.47,"FPr":8.3,"FRef":16,"MRF":6,"MRP":5,"CRF":6,"CRP":5}
,{"DD":"RECKITT BENCKISER HEALTHCARE  S A","FRF":10,"FRP":12,"FF":359.33,"FFD":-13.73,"FQt":3.3,"FPz":39,"FPzD":-18.75,"FPr":9.21,"FRef":18,"MRF":7,"MRP":8,"CRF":8,"CRP":8}]
,"datiDettDittaM":[
{"DD":"ZAMBON","FRF":1,"FRP":1,"MRF":2,"MRP":1,"MF":1791.26,"MFD":24.45,"MQt":11.4,"MPz":247,"MPzD":29.95,"MPr":7.26,"MRef":14}
,{"DD":"JOHNSON & JOHNSON","FRF":2,"FRP":3,"MRF":1,"MRP":2,"MF":2357.39,"MFD":3.85,"MQt":15.01,"MPz":232,"MPzD":-1.44,"MPr":10.17,"MRef":45}
,{"DD":"NOVARTIS","FRF":3,"FRP":6,"MRF":8,"MRP":9,"MF":713.9,"MFD":-8.16,"MQt":4.54,"MPz":76,"MPzD":-8.53,"MPr":9.35,"MRef":21}
,{"DD":"BAYER HISPANIA S.L.","FRF":4,"FRP":2,"MRF":3,"MRP":4,"MF":1057.94,"MFD":1.4,"MQt":6.73,"MPz":133,"MPzD":-3.56,"MPr":7.95,"MRef":36}
,{"DD":"ALMIRALL S.A.","FRF":6,"FRP":7,"MRF":5,"MRP":6,"MF":916.59,"MFD":3.76,"MQt":5.83,"MPz":100,"MPzD":-1.62,"MPr":9.21,"MRef":16}
,{"DD":"GLAXO SMITHKLINE","FRF":7,"FRP":14,"MRF":10,"MRP":11,"MF":468.87,"MFD":-2.02,"MQt":2.98,"MPz":54,"MPzD":-3.79,"MPr":8.74,"MRef":20}
,{"DD":"FERRER INTERNACIONAL","FRF":8,"FRP":4,"MRF":9,"MRP":7,"MF":470.12,"MFD":38.54,"MQt":2.99,"MPz":91,"MPzD":35.65,"MPr":5.15,"MRef":12}
,{"DD":"BOEHRINGER INGELHEIM, S.A.","FRF":9,"FRP":9,"MRF":6,"MRP":5,"MF":900.91,"MFD":-14.78,"MQt":5.73,"MPz":109,"MPzD":-17.03,"MPr":8.28,"MRef":24}
,{"DD":"RECKITT BENCKISER HEALTHCARE  S A","FRF":10,"FRP":12,"MRF":7,"MRP":8,"MF":769.77,"MFD":2.2,"MQt":4.9,"MPz":83,"MPzD":-1.39,"MPr":9.22,"MRef":27}
,{"DD":"CINFA","FRF":19,"FRP":17,"MRF":4,"MRP":3,"MF":930.81,"MFD":3.85,"MQt":5.93,"MPz":141,"MPzD":0.15,"MPr":6.61,"MRef":41}]
,"datiDettDittaC":[
{"DD":"ZAMBON","FRF":1,"FRP":1,"CRF":2,"CRP":2,"CF":888.8,"CFD":19.56,"CQt":10.85,"CPz":121,"CPzD":21.93,"CPr":7.35,"CRef":14}
,{"DD":"JOHNSON & JOHNSON","FRF":2,"FRP":3,"CRF":1,"CRP":1,"CF":1195.61,"CFD":10.63,"CQt":14.59,"CPz":121,"CPzD":4.51,"CPr":9.86,"CRef":29}
,{"DD":"NOVARTIS","FRF":3,"FRP":6,"CRF":7,"CRP":7,"CF":426.73,"CFD":-6.5,"CQt":5.21,"CPz":45,"CPzD":-6.11,"CPr":9.47,"CRef":16}
,{"DD":"BAYER HISPANIA S.L.","FRF":4,"FRP":2,"CRF":4,"CRP":4,"CF":488.74,"CFD":-5.12,"CQt":5.96,"CPz":62,"CPzD":-9.36,"CPr":7.92,"CRef":31}
,{"DD":"ALMIRALL S.A.","FRF":6,"FRP":7,"CRF":5,"CRP":6,"CF":480.91,"CFD":-1.37,"CQt":5.87,"CPz":52,"CPzD":-7.86,"CPr":9.19,"CRef":14}
,{"DD":"GLAXO SMITHKLINE","FRF":7,"FRP":14,"CRF":9,"CRP":11,"CF":245.14,"CFD":-3.95,"CQt":2.99,"CPz":28,"CPzD":-7.23,"CPr":8.63,"CRef":16}
,{"DD":"BOEHRINGER INGELHEIM, S.A.","FRF":9,"FRP":9,"CRF":6,"CRP":5,"CF":441.17,"CFD":-17.65,"CQt":5.38,"CPz":53,"CPzD":-19.5,"CPr":8.38,"CRef":21}
,{"DD":"RECKITT BENCKISER HEALTHCARE  S A","FRF":10,"FRP":12,"CRF":8,"CRP":8,"CF":348.43,"CFD":2.75,"CQt":4.25,"CPz":37,"CPzD":-1.5,"CPr":9.41,"CRef":24}
,{"DD":"URIACH","FRF":15,"FRP":13,"CRF":10,"CRP":10,"CF":189.94,"CFD":-2.4,"CQt":2.32,"CPz":32,"CPzD":-5.07,"CPr":5.92,"CRef":20}
,{"DD":"CINFA","FRF":19,"FRP":17,"CRF":3,"CRP":3,"CF":572.28,"CFD":-8.74,"CQt":6.98,"CPz":85,"CPzD":-10.75,"CPr":6.77,"CRef":40}]
}